"route","title","meta_description","h1_count","text_length","broken_internal_links","redirect_covered_links","implemented_redirect_covered_links","broken_images","placeholder_images","canonical","missing_from_sitemap","redirected_active_page","notes"
"/404.html","Page Not Found | LeashFree.ca","The requested LeashFree.ca page was not found.","1","1906","","/search/?q=off-leash+parks; /search/?q=apartment+dog+breeds; /search/?q=dog+cost+calculator; /search/?q=puppy+names","","","0","","no","no",""
"/blog/apartment-puppy-survival-guide-canada/","Apartment Puppy Training Guide Canada: Potty, Noise, Elevators, and Winter | LeashFree.ca","Raise a confident puppy in a Canadian apartment or condo with practical routines for potty trips, elevator manners, noise, socialization, enrichment, and winter walks.","1","13940","","/search/?q=off-leash+parks; /search/?q=apartment+dog+breeds; /search/?q=dog+cost+calculator; /search/?q=puppy+names","","","0","https://leashfree.ca/blog/apartment-puppy-survival-guide-canada/","no","no",""
"/blog/average-vet-costs-in-canada/","Average Vet Costs in Canada (2025) - How Much Does a Vet Visit Cost? | LeashFree.ca","Discover the average cost of vet visits, diagnostics, and surgery in Canada for 2025. See how dog insurance helps protect against rising veterinary expenses.","1","4597","","/search/?q=off-leash+parks; /search/?q=apartment+dog+breeds; /search/?q=dog+cost+calculator; /search/?q=puppy+names","","","0","https://leashfree.ca/blog/average-vet-costs-in-canada/","no","no",""
"/blog/best-dog-breeds-first-time-owners-canada/","Best Dog Breeds for First-Time Owners in Canada: A Practical Fit Guide | LeashFree.ca","Compare dog breeds for first-time owners in Canada by exercise, grooming, trainability, size, climate, and lifestyle fit instead of generic rankings.","1","9553","","/search/?q=off-leash+parks; /search/?q=apartment+dog+breeds; /search/?q=dog+cost+calculator; /search/?q=puppy+names","","","0","https://leashfree.ca/blog/best-dog-breeds-first-time-owners-canada/","no","no",""
"/blog/best-dog-food-sensitive-stomachs-canada/","Best Dog Food for Sensitive Stomachs in Canada: Vet-Led Guide | LeashFree.ca","Compare dog food for sensitive stomachs in Canada using a vet-first checklist for symptoms, complete-and-balanced claims, ingredients, calories, and diet trials.","1","13479","","/search/?q=off-leash+parks; /search/?q=apartment+dog+breeds; /search/?q=dog+cost+calculator; /search/?q=puppy+names","","","0","https://leashfree.ca/blog/best-dog-food-sensitive-stomachs-canada/","no","no",""
"/blog/best-dog-leashes-for-hiking-in-canada/","Best Dog Leashes for Hiking in Canada | Adventure Dog Gear Guide | LeashFree.ca","Discover the best dog leashes for hiking in Canada. From hands-free to rope and reflective leashes, find durable gear for every trail adventure - featuring Rocky Mountain Dog.","1","3818","","/search/?q=off-leash+parks; /search/?q=apartment+dog+breeds; /search/?q=dog+cost+calculator; /search/?q=puppy+names","","","0","https://leashfree.ca/blog/best-dog-leashes-for-hiking-in-canada/","no","no",""
"/blog/best-dog-parks-toronto/","Best Dog Parks in Toronto: Off-Leash Rules and Local Guide | LeashFree.ca","Find the right Toronto dog park for your dog with official off-leash rules, fenced-area guidance, small-dog limits, park-fit tips, and local links.","1","12553","","/search/?q=off-leash+parks; /search/?q=apartment+dog+breeds; /search/?q=dog+cost+calculator; /search/?q=puppy+names","","","0","https://leashfree.ca/blog/best-dog-parks-toronto/","no","no",""
"/blog/best-dogs-for-apartment-living-in-canada/","Best Dogs for Apartment Living in Canada: Calm & Small Breeds | LeashFree.ca","Living in a condo or apartment? Discover the best small, quiet, and low-shedding dog breeds in Canada that thrive in smaller spaces and family life.","1","5601","","/search/?q=off-leash+parks; /search/?q=apartment+dog+breeds; /search/?q=dog+cost+calculator; /search/?q=puppy+names; /breed-groups/toy-dogs; /breed-groups/hybrid-designer-mixes","","","0","https://leashfree.ca/blog/best-dogs-for-apartment-living-in-canada/","no","no",""
"/blog/best-family-dogs-in-canada/","Best Family Dogs in Canada: Top Breeds by Group | LeashFree.ca","Discover the best family-friendly dog breeds in Canada, from loyal retrievers to gentle toy dogs. Explore top picks by breed group and find your perfect match.","1","6263","","/search/?q=off-leash+parks; /search/?q=apartment+dog+breeds; /search/?q=dog+cost+calculator; /search/?q=puppy+names","","","0","https://leashfree.ca/blog/best-family-dogs-in-canada/","no","no",""
"/blog/best-fresh-dog-food-for-labrador-retrievers-in-canada/","Best Fresh Dog Food for Labrador Retrievers in Canada | LeashFree.ca","Looking for the best fresh dog food for your Labrador Retriever? Discover vet-approved Canadian options, tailored nutrition tips, and why Labradors thrive on NutriCanine’s fresh recipes.","1","7134","","/search/?q=off-leash+parks; /search/?q=apartment+dog+breeds; /search/?q=dog+cost+calculator; /search/?q=puppy+names","","","0","https://leashfree.ca/blog/best-fresh-dog-food-for-labrador-retrievers-in-canada/","no","no",""
"/blog/best-greeting-exercises-to-reduce-jumping-barking-or-biting/","Best Greeting Exercises to Stop Dog Jumping, Barking & Biting | LeashFree.ca","Discover the best greeting exercises to teach your dog calm, polite hellos. Learn how to stop jumping, barking, or nipping with positive, easy-to-follow training tips from LeashFree.ca.","1","6637","","/search/?q=off-leash+parks; /search/?q=apartment+dog+breeds; /search/?q=dog+cost+calculator; /search/?q=puppy+names","","","0","https://leashfree.ca/blog/best-greeting-exercises-to-reduce-jumping-barking-or-biting/","no","no",""
"/blog/best-hypoallergenic-dog-breeds-canadian-families/","Best Hypoallergenic Dog Breeds for Canadian Families | LeashFree.ca","Discover the best hypoallergenic dog breeds for Canadian families. From Poodles to Schnauzers, explore low-shedding, allergy-friendly breeds perfect for family life.","1","5651","","/search/?q=off-leash+parks; /search/?q=apartment+dog+breeds; /search/?q=dog+cost+calculator; /search/?q=puppy+names","","","0","https://leashfree.ca/blog/best-hypoallergenic-dog-breeds-canadian-families/","no","no",""
"/blog/best-male-labrador-names/","Best Male Labrador Names | Top Name Ideas for Labrador Retrievers | LeashFree.ca","Looking for the perfect name for your male Labrador? Discover classic, strong, and fun name ideas that fit your Lab’s loyal and playful personality.","1","4600","","/search/?q=off-leash+parks; /search/?q=apartment+dog+breeds; /search/?q=dog+cost+calculator; /search/?q=puppy+names","","","0","https://leashfree.ca/blog/best-male-labrador-names/","no","no",""
"/blog/blog-dog-park-etiquette-canada/","Dog Park Etiquette 101: A Canadian Guide | LeashFree.ca","Learn the do’s and don’ts of dog park etiquette in Canada. From recall training to cleanup rules, discover how to keep off-leash parks safe and fun for everyone.","1","4548","","/search/?q=off-leash+parks; /search/?q=apartment+dog+breeds; /search/?q=dog+cost+calculator; /search/?q=puppy+names","","","0","https://leashfree.ca/blog/blog-dog-park-etiquette-canada/","no","no",""
"/blog/blue-green-algae-dogs-canada/","Blue-Green Algae and Dogs in Canada: Lake Safety Tips for Summer | LeashFree.ca","Blue-green algae can be dangerous for dogs that swim in or drink contaminated lake water. Learn what to watch for, symptoms, and how to keep your dog safe this summer.","1","15704","","/search/?q=off-leash+parks; /search/?q=apartment+dog+breeds; /search/?q=dog+cost+calculator; /search/?q=puppy+names","","","0","https://leashfree.ca/blog/blue-green-algae-dogs-canada/","no","no",""
"/blog/canada-day-fireworks-dog-safety/","Canada Day Fireworks and Dogs: How to Keep Your Dog Calm and Safe | LeashFree.ca","Canada Day fireworks can be stressful for dogs. Learn how to prepare your dog before July 1 with safety tips, calming ideas, ID checks, and what to avoid.","1","14757","","/search/?q=off-leash+parks; /search/?q=apartment+dog+breeds; /search/?q=dog+cost+calculator; /search/?q=puppy+names","","","0","https://leashfree.ca/blog/canada-day-fireworks-dog-safety/","no","no",""
"/blog/crate-training-101-puppy-guide/","Crate Training 101: Positive Puppy Training Guide | LeashFree.ca","Learn how to crate train your puppy the positive way. Step-by-step tips for Canadian families to make crate time safe, comfortable, and stress-free.","1","4891","","/search/?q=off-leash+parks; /search/?q=apartment+dog+breeds; /search/?q=dog+cost+calculator; /search/?q=puppy+names","","","0","https://leashfree.ca/blog/crate-training-101-puppy-guide/","no","no",""
"/blog/dealing-with-separation-anxiety-in-dogs/","Dealing with Dog Separation Anxiety: Proven Strategies | LeashFree.ca","Learn how to spot separation anxiety and use evidence-based training, environment tweaks, and pro tips to help your dog stay calm when you’re away.","1","8930","","/search/?q=off-leash+parks; /search/?q=apartment+dog+breeds; /search/?q=dog+cost+calculator; /search/?q=puppy+names","","","0","https://leashfree.ca/blog/dealing-with-separation-anxiety-in-dogs/","no","no",""
"/blog/diy-halloween-dog-costumes/","DIY Dog Halloween Costumes You Can Make at Home | LeashFree.ca","Make your own dog costume this Halloween! Discover fun, safe, and affordable DIY costume ideas for Canadian pups and their families.","1","5674","","/search/?q=off-leash+parks; /search/?q=apartment+dog+breeds; /search/?q=dog+cost+calculator; /search/?q=puppy+names","","","0","https://leashfree.ca/blog/diy-halloween-dog-costumes/","no","no",""
"/blog/dog-adoption-checklist-canada/","Dog Adoption Checklist Canada: Questions, Fees, and Red Flags | LeashFree.ca","Use this Canada-focused dog adoption checklist to compare shelters and rescues, ask better questions, review fees and records, and plan the first 72 hours.","1","14339","","/search/?q=off-leash+parks; /search/?q=apartment+dog+breeds; /search/?q=dog+cost+calculator; /search/?q=puppy+names","","","0","https://leashfree.ca/blog/dog-adoption-checklist-canada/","no","no",""
"/blog/dog-age-calculator/","Dog Age Calculator: Convert Dog Years to Human Years | LeashFree.ca","Discover your dog’s true age in human years! Try our free, research-based Dog Age Calculator by breed or size. Fun, fast, and accurate for every pup in Canada.","1","6686","","/search/?q=off-leash+parks; /search/?q=apartment+dog+breeds; /search/?q=dog+cost+calculator; /search/?q=puppy+names","","","0","https://leashfree.ca/blog/dog-age-calculator/","no","no",""
"/blog/dog-boarding-vs-daycare-vs-pet-sitter/","Dog Boarding vs Daycare vs Pet Sitter in Canada: Safety Guide | LeashFree.ca","Compare dog boarding, daycare, and pet sitting in Canada by temperament, supervision, routines, vaccination policies, emergency plans, cost, and travel needs.","1","16034","","/search/?q=off-leash+parks; /search/?q=apartment+dog+breeds; /search/?q=dog+cost+calculator; /search/?q=puppy+names","","","0","https://leashfree.ca/blog/dog-boarding-vs-daycare-vs-pet-sitter/","no","no",""
"/blog/dog-food-comparison-tool-canada/","Dog Food Comparison Tool Canada | Compare Brands, Nutrition & Price | LeashFree.ca","Compare dog food brands available in Canada by nutrition, ingredients, calories, and estimated daily cost. Explore the LeashFree.ca Dog Food Comparison Tool.","1","10960","","/search/?q=off-leash+parks; /search/?q=apartment+dog+breeds; /search/?q=dog+cost+calculator; /search/?q=puppy+names","","","0","https://leashfree.ca/blog/dog-food-comparison-tool-canada/","no","no",""
"/blog/dog-food-cost-per-day-canada/","Dog Food Cost Per Day Canada: Compare Kibble, Fresh, Raw, and Wet | LeashFree.ca","Compare dog food cost per day in Canada using calories, feeding amounts, and package size instead of bag price alone.","1","11161","","/search/?q=off-leash+parks; /search/?q=apartment+dog+breeds; /search/?q=dog+cost+calculator; /search/?q=puppy+names","","","0","https://leashfree.ca/blog/dog-food-cost-per-day-canada/","no","no",""
"/blog/dog-insurance-waiting-periods-canada/","Dog Insurance Waiting Periods Explained (Accident vs Illness) | LeashFree.ca","Learn how dog insurance waiting periods work in Canada. Understand accident vs illness coverage, orthopedic conditions, and why enrolling early matters.","1","7975","","/search/?q=off-leash+parks; /search/?q=apartment+dog+breeds; /search/?q=dog+cost+calculator; /search/?q=puppy+names; /dog-insurance-canada","","","0","https://leashfree.ca/blog/dog-insurance-waiting-periods-canada/","no","no",""
"/blog/dog-park-safety-checklist-canada/","Dog Park Safety Checklist for Canada: Heat, Smoke, Ticks, and More | LeashFree.ca","Use this Canadian dog park safety checklist before every visit: heat, wildfire smoke, ticks, water, fights, recall, gear, and when to call a vet.","1","10085","","/search/?q=off-leash+parks; /search/?q=apartment+dog+breeds; /search/?q=dog+cost+calculator; /search/?q=puppy+names","","","0","https://leashfree.ca/blog/dog-park-safety-checklist-canada/","no","no",""
"/blog/emergency-vet-bill-checklist-canada/","Emergency Vet Bill Checklist Canada | LeashFree.ca","Prepare for an emergency vet bill in Canada with a practical checklist for symptoms, clinic calls, estimates, payment, insurance claims, and follow-up care.","1","14728","","/search/?q=off-leash+parks; /search/?q=apartment+dog+breeds; /search/?q=dog+cost+calculator; /search/?q=puppy+names; /dog-insurance-canada/","","","0","https://leashfree.ca/blog/emergency-vet-bill-checklist-canada/","no","no",""
"/blog/emergency-vet-costs-canada/","Emergency Vet Costs in Canada: What Dog Owners Should Know | LeashFree.ca","Emergency vet care in Canada can cost hundreds or thousands of dollars. Learn what affects the bill, warning signs to watch for, and how to prepare before a crisis.","1","11696","","/search/?q=off-leash+parks; /search/?q=apartment+dog+breeds; /search/?q=dog+cost+calculator; /search/?q=puppy+names","","","0","https://leashfree.ca/blog/emergency-vet-costs-canada/","no","no",""
"/blog/foxtails-grass-awns-dogs-canada/","Foxtails and Dogs: Grass Awn Safety Tips for Canadian Dog Owners | LeashFree.ca","Foxtails and grass awns can get stuck in your dog's paws, ears, nose, eyes, or coat after summer walks. Learn the signs, risks, and how to check your dog after tall grass.","1","15000","","/search/?q=off-leash+parks; /search/?q=apartment+dog+breeds; /search/?q=dog+cost+calculator; /search/?q=puppy+names","","","0","https://leashfree.ca/blog/foxtails-grass-awns-dogs-canada/","no","no",""
"/blog/halloween-dog-costume-ideas-2025/","Top 15 Halloween Dog Costume Ideas for 2025 | LeashFree.ca","Discover the best Halloween dog costume ideas for 2025. From classic pumpkins to superhero pups, explore safe, creative, and Canadian-friendly designs.","1","6263","","/search/?q=off-leash+parks; /search/?q=apartment+dog+breeds; /search/?q=dog+cost+calculator; /search/?q=puppy+names","","","0","https://leashfree.ca/blog/halloween-dog-costume-ideas-2025/","no","no",""
"/blog/halloween-dog-safety-tips/","Halloween Safety Tips for Dogs: Keep Your Pup Calm and Safe | LeashFree.ca","Keep your dog safe and stress-free this Halloween. Discover safety tips for costumes, candy, and trick-or-treat chaos tailored for Canadian pups.","1","5243","","/search/?q=off-leash+parks; /search/?q=apartment+dog+breeds; /search/?q=dog+cost+calculator; /search/?q=puppy+names","","","0","https://leashfree.ca/blog/halloween-dog-safety-tips/","no","no",""
"/blog/help-reactive-dog-stay-calm-on-walks/","How to Help a Reactive Dog Stay Calm on Walks | LeashFree.ca","Walking a reactive dog can be stressful. Learn how to manage leash reactivity, reduce anxiety, and rebuild calm, confident walks through positive training.","1","6711","","/search/?q=off-leash+parks; /search/?q=apartment+dog+breeds; /search/?q=dog+cost+calculator; /search/?q=puppy+names","","","0","https://leashfree.ca/blog/help-reactive-dog-stay-calm-on-walks/","no","no",""
"/blog/how-cold-is-too-cold-for-a-dog-walk/","How Cold Is Too Cold for a Dog Walk? | Winter Safety Guide for Canadian Dogs | LeashFree.ca","Learn how cold is too cold for a dog walk with our vet-backed Canadian winter guide. Discover safe temperature limits, breed-specific tips, and cold-weather care advice to protect your pup this season.","1","5763","","/search/?q=off-leash+parks; /search/?q=apartment+dog+breeds; /search/?q=dog+cost+calculator; /search/?q=puppy+names","","","0","https://leashfree.ca/blog/how-cold-is-too-cold-for-a-dog-walk/","no","no",""
"/blog/how-hot-is-too-hot-to-walk-a-dog-canada/","How Hot Is Too Hot to Walk a Dog in Canada? | LeashFree.ca","Learn when it is too hot to walk your dog in Canada, how to check pavement, spot heatstroke signs, protect paws, and plan safer summer walks in extreme heat.","1","11191","","/search/?q=off-leash+parks; /search/?q=apartment+dog+breeds; /search/?q=dog+cost+calculator; /search/?q=puppy+names","","","0","https://leashfree.ca/blog/how-hot-is-too-hot-to-walk-a-dog-canada/","no","no",""
"/blog/how-many-calories-should-my-dog-eat-per-day/","How Many Calories Should My Dog Eat Per Day? | LeashFree.ca","Learn how to estimate your dog's daily calorie needs using RER and MER, then use our dog calorie calculator to turn weight, activity, and life stage into a daily kcal target.","1","8503","","/search/?q=off-leash+parks; /search/?q=apartment+dog+breeds; /search/?q=dog+cost+calculator; /search/?q=puppy+names","","","0","https://leashfree.ca/blog/how-many-calories-should-my-dog-eat-per-day/","no","no",""
"/blog/how-much-exercise-does-my-dog-need/","How Much Exercise Does My Dog Need? Breed Activity Guide | LeashFree.ca","Build a safe exercise routine for your dog using breed activity bands, age and health adjustments, mental enrichment, weather tips, and warning signs.","1","13497","","/search/?q=off-leash+parks; /search/?q=apartment+dog+breeds; /search/?q=dog+cost+calculator; /search/?q=puppy+names","","","0","https://leashfree.ca/blog/how-much-exercise-does-my-dog-need/","no","no",""
"/blog/how-to-choose-dog-trainer-canada/","How To Choose a Dog Trainer in Canada: Credentials, Methods, and Red Flags | LeashFree.ca","Choose a dog trainer in Canada with a practical checklist for credentials, humane methods, behaviour scope, questions to ask, red flags, and finding local help.","1","16199","","/search/?q=off-leash+parks; /search/?q=apartment+dog+breeds; /search/?q=dog+cost+calculator; /search/?q=puppy+names","","","0","https://leashfree.ca/blog/how-to-choose-dog-trainer-canada/","no","no",""
"/blog/how-to-choose-the-right-dog-park-for-your-pup/","How to Choose the Right Dog Park for Your Pup | LeashFree.ca","Learn how to choose the best dog park for your pup. Discover safety tips, size considerations, and Canadian-specific advice for leash-free adventures.","1","4701","","/search/?q=off-leash+parks; /search/?q=apartment+dog+breeds; /search/?q=dog+cost+calculator; /search/?q=puppy+names","","","0","https://leashfree.ca/blog/how-to-choose-the-right-dog-park-for-your-pup/","no","no",""
"/blog/how-to-potty-train-puppy-in-condo-apartment/","How to Potty Train (House Train) Your Puppy in a Condo or Apartment | LeashFree.ca","Learn how to potty train (house train) your puppy in a condo or apartment. Discover proven routines, tools, and Canadian-specific tips for successful urban training.","1","4776","","/search/?q=off-leash+parks; /search/?q=apartment+dog+breeds; /search/?q=dog+cost+calculator; /search/?q=puppy+names","","","0","https://leashfree.ca/blog/how-to-potty-train-puppy-in-condo-apartment/","no","no",""
"/blog/how-to-read-dog-food-label-canada/","How to Read a Dog Food Label in Canada: Ingredients, Calories, and Claims | LeashFree.ca","Learn how to read a dog food label in Canada: ingredients, guaranteed analysis, calories, life stage, feeding directions, claims, and red flags.","1","12991","","/search/?q=off-leash+parks; /search/?q=apartment+dog+breeds; /search/?q=dog+cost+calculator; /search/?q=puppy+names","","","0","https://leashfree.ca/blog/how-to-read-dog-food-label-canada/","no","no",""
"/blog/how-to-socialize-your-puppy/","How to Socialize Your Puppy: Canadian Step-by-Step Guide | LeashFree.ca","Learn how to socialize your puppy with confidence. This Canadian step-by-step guide covers socialization stages, tips, and mistakes to avoid.","1","6828","","/search/?q=off-leash+parks; /search/?q=apartment+dog+breeds; /search/?q=dog+cost+calculator; /search/?q=puppy+names","","","0","https://leashfree.ca/blog/how-to-socialize-your-puppy/","no","no",""
"/blog/","Practical Dog Guides for Canadian Owners | LeashFree.ca Blog","Clear, useful advice for Canadian dog owners on dog care, training, breeds, parks, gear, health costs, seasonal safety, and everyday decisions.","1","19113","","/search/?q=off-leash+parks; /search/?q=apartment+dog+breeds; /search/?q=dog+cost+calculator; /search/?q=puppy+names","","","0","https://leashfree.ca/blog/","no","no",""
"/blog/is-dog-insurance-worth-it-canada/","Is Dog Insurance Worth It in Canada? (Pros, Cons & Real Scenarios) | LeashFree.ca","Wondering if dog insurance is worth it in Canada? Learn about the pros, cons, average vet costs, and real-life examples to decide if it’s right for your pup.","1","7184","","/search/?q=off-leash+parks; /search/?q=apartment+dog+breeds; /search/?q=dog+cost+calculator; /search/?q=puppy+names; /dog-insurance-canada; /dog-insurance-canada; /dog-insurance-canada","","","0","https://leashfree.ca/blog/is-dog-insurance-worth-it-canada/","no","no",""
"/blog/is-it-ever-too-late-to-socialize-a-dog/","Is It Ever Too Late to Socialize a Dog? | LeashFree.ca","Wondering if it’s too late to socialize your adult dog? Learn how to safely introduce new people, pets, and places — even if your dog missed early puppy socialization.","1","6408","","/search/?q=off-leash+parks; /search/?q=apartment+dog+breeds; /search/?q=dog+cost+calculator; /search/?q=puppy+names","","","0","https://leashfree.ca/blog/is-it-ever-too-late-to-socialize-a-dog/","no","no",""
"/blog/keeping-your-dog-active-indoors-during-winter/","How to Keep Your Dog Active Indoors During Winter | LeashFree.ca","Learn how to keep your dog active indoors this winter with fun games, mental enrichment, and training ideas. Stay active and happy with your dog even during Canada’s coldest months.","1","6553","","/search/?q=off-leash+parks; /search/?q=apartment+dog+breeds; /search/?q=dog+cost+calculator; /search/?q=puppy+names","","","0","https://leashfree.ca/blog/keeping-your-dog-active-indoors-during-winter/","no","no",""
"/blog/living-with-a-weimaraner/","What to Know About Living With a Weimaraner | LeashFree.ca","Thinking about owning a Weimaraner? Learn about their exercise needs, personality, training, grooming, health concerns, and whether this active breed fits your lifestyle.","1","12081","","/search/?q=off-leash+parks; /search/?q=apartment+dog+breeds; /search/?q=dog+cost+calculator; /search/?q=puppy+names","","","0","https://leashfree.ca/blog/living-with-a-weimaraner/","no","no",""
"/blog/low-shedding-dog-breeds-for-allergy-sufferers/","Low-Shedding Dog Breeds in Canada: Best Picks for Allergy Sufferers | LeashFree.ca","Allergies? Explore the best low-shedding dog breeds in Canada - temperament, size, grooming, and care tips—plus links to detailed breed guides.","1","6278","","/search/?q=off-leash+parks; /search/?q=apartment+dog+breeds; /search/?q=dog+cost+calculator; /search/?q=puppy+names; /breed-groups/hybrid-designer-mixes","","","0","https://leashfree.ca/blog/low-shedding-dog-breeds-for-allergy-sufferers/","no","no",""
"/blog/most-googled-dog-questions/","15 Most Googled Dog Questions - Answered | LeashFree.ca","Why do dogs bury bones, tilt their heads, or eat grass? Discover the 15 most Googled dog questions - answered with fun, science-backed insights for Canadian dog owners.","1","9609","","/search/?q=off-leash+parks; /search/?q=apartment+dog+breeds; /search/?q=dog+cost+calculator; /search/?q=puppy+names","","","0","https://leashfree.ca/blog/most-googled-dog-questions/","no","no",""
"/blog/pet-insurance-canada-dog-owners-guide/","Pet Insurance in Canada: What Dog Owners Should Compare | LeashFree.ca","Compare pet insurance in Canada by deductible, reimbursement, annual limit, waiting periods, exclusions, dental coverage, direct vet payment, and renewal terms.","1","16230","","/search/?q=off-leash+parks; /search/?q=apartment+dog+breeds; /search/?q=dog+cost+calculator; /search/?q=puppy+names; /dog-insurance-canada/","","","0","https://leashfree.ca/blog/pet-insurance-canada-dog-owners-guide/","no","no",""
"/blog/puppy-first-year-cost-canada/","Puppy First-Year Cost in Canada: Budget, Timeline, and Mistakes To Avoid | LeashFree.ca","Build a realistic puppy budget in Canada with adoption or purchase costs, supplies, food, vet care, training, grooming, insurance, and emergency savings.","1","11194","","/search/?q=off-leash+parks; /search/?q=apartment+dog+breeds; /search/?q=dog+cost+calculator; /search/?q=puppy+names","","","0","https://leashfree.ca/blog/puppy-first-year-cost-canada/","no","no",""
"/blog/puppy-training-independence-games/","Puppy Training 101: Independence Games to Prevent Separation Anxiety | LeashFree.ca","Teach your puppy independence from day one. Learn fun games and routines that build confidence and prevent separation anxiety later in life.","1","6051","","/search/?q=off-leash+parks; /search/?q=apartment+dog+breeds; /search/?q=dog+cost+calculator; /search/?q=puppy+names","","","0","https://leashfree.ca/blog/puppy-training-independence-games/","no","no",""
"/blog/real-cost-of-owning-a-dog-canada/","The Real Cost of Owning a Dog in Canada in 2026 | LeashFree.ca","How much does it really cost to own a dog in Canada? Learn about food, vet care, insurance, grooming, emergency costs, and how to budget before bringing home a dog.","1","16218","","/search/?q=off-leash+parks; /search/?q=apartment+dog+breeds; /search/?q=dog+cost+calculator; /search/?q=puppy+names; /dog-insurance-canada/; /directory/dog-groomers/","","","0","https://leashfree.ca/blog/real-cost-of-owning-a-dog-canada/","no","no",""
"/blog/senior-dog-care-costs-canada/","Senior Dog Care Costs in Canada: Vet, Food, Mobility, and Planning Guide | LeashFree.ca","Plan for senior dog costs in Canada, including food, wellness exams, diagnostics, dental care, medication, mobility, insurance, emergencies, and end-of-life care.","1","15711","","/search/?q=off-leash+parks; /search/?q=apartment+dog+breeds; /search/?q=dog+cost+calculator; /search/?q=puppy+names","","","0","https://leashfree.ca/blog/senior-dog-care-costs-canada/","no","no",""
"/blog/smartest-dog-breeds-in-canada-easy-to-train-and-eager-to-lear/","Smartest Dog Breeds in Canada: Easy to Train & Eager to Learn | LeashFree.ca","Discover the smartest dog breeds in Canada! Learn which breeds are easiest to train, most obedient, and best suited for active, intelligent owners.","1","6674","","/search/?q=off-leash+parks; /search/?q=apartment+dog+breeds; /search/?q=dog+cost+calculator; /search/?q=puppy+names; /breed-groups/herding-dogs; /breed-groups/working-dogs; /breed-groups/sporting-dogs; /breed-groups/hybrid-designer-mixes","","","0","https://leashfree.ca/blog/smartest-dog-breeds-in-canada-easy-to-train-and-eager-to-lear/","no","no",""
"/blog/summer-dog-park-safety-canada/","Summer Dog Park Safety in Canada: Heat, Ticks & Wildfire Smoke Tips | LeashFree.ca","Before heading to the dog park this summer, learn how to protect your dog from heat, hot pavement, ticks, and wildfire smoke across Canada.","1","12735","","/search/?q=off-leash+parks; /search/?q=apartment+dog+breeds; /search/?q=dog+cost+calculator; /search/?q=puppy+names","","","0","https://leashfree.ca/blog/summer-dog-park-safety-canada/","no","no",""
"/blog/the-7-7-7-rule-for-puppies/","The 7-7-7 Rule for Puppies | Early Socialization Guide | LeashFree.ca","Discover the 7-7-7 rule for puppies — a proven socialization method that helps young dogs grow into confident, friendly companions. Learn how to apply it safely at home.","1","6628","","/search/?q=off-leash+parks; /search/?q=apartment+dog+breeds; /search/?q=dog+cost+calculator; /search/?q=puppy+names","","","0","https://leashfree.ca/blog/the-7-7-7-rule-for-puppies/","no","no",""
"/blog/tick-prevention-dogs-canada/","Tick Prevention for Dogs in Canada | Month-by-Month Guide | LeashFree.ca","Learn when ticks are active in Canada, which regions need earlier vigilance, how to check your dog properly, and when to call your vet.","1","8232","","/search/?q=off-leash+parks; /search/?q=apartment+dog+breeds; /search/?q=dog+cost+calculator; /search/?q=puppy+names","","","0","https://leashfree.ca/blog/tick-prevention-dogs-canada/","no","no",""
"/blog/tips-for-living-with-dogs-if-you-have-allergies/","Tips for Living with Dogs if You Have Allergies | LeashFree.ca","Learn practical tips for allergy-sensitive families living with dogs. From grooming to cleaning routines, discover how to reduce allergens and live comfortably","1","5832","","/search/?q=off-leash+parks; /search/?q=apartment+dog+breeds; /search/?q=dog+cost+calculator; /search/?q=puppy+names","","","0","https://leashfree.ca/blog/tips-for-living-with-dogs-if-you-have-allergies/","no","no",""
"/blog/top-10-dog-breeds-for-canadian-families/","Top 10 Dog Breeds for Canadian Families | LeashFree.ca","Discover the best dog breeds for families in Canada. From Labs to Cavaliers, explore top breeds that are friendly, adaptable, and perfect for Canadian homes.","1","8530","","/search/?q=off-leash+parks; /search/?q=apartment+dog+breeds; /search/?q=dog+cost+calculator; /search/?q=puppy+names","","","0","https://leashfree.ca/blog/top-10-dog-breeds-for-canadian-families/","no","no",""
"/blog/top-10-dog-breeds-for-condo-living-canada/","Top 10 Dog Breeds for Condo & Apartment Living in Canada | LeashFree.ca","Discover the best dog breeds for condos and apartments in Canada. Learn which small, adaptable, and low-energy dogs make perfect city companions.","1","7898","","/search/?q=off-leash+parks; /search/?q=apartment+dog+breeds; /search/?q=dog+cost+calculator; /search/?q=puppy+names","","","0","https://leashfree.ca/blog/top-10-dog-breeds-for-condo-living-canada/","no","no",""
"/blog/top-10-off-leash-dog-parks-in-toronto/","Top 10 Off-Leash Dog Parks in Toronto | LeashFree.ca","Discover Toronto’s best leash-free dog parks. From High Park to Cherry Beach, explore safe, fun, and dog-friendly spaces across the city.","1","5674","","/search/?q=off-leash+parks; /search/?q=apartment+dog+breeds; /search/?q=dog+cost+calculator; /search/?q=puppy+names","","","0","https://leashfree.ca/blog/top-10-off-leash-dog-parks-in-toronto/","no","no",""
"/blog/trending-dog-names-2025/","Trending Dog Names 2025: Top Picks & Pop Culture Ideas | LeashFree.ca","See the hottest dog names for 2025 - Luna, Milo, Daisy + pop culture, foodie, and human-style picks. Trainer tips, searchable list, and naming advice.","1","6209","","/search/?q=off-leash+parks; /search/?q=apartment+dog+breeds; /search/?q=dog+cost+calculator; /search/?q=puppy+names","","","0","https://leashfree.ca/blog/trending-dog-names-2025/","no","no",""
"/blog/unlimited-vs-10000-annual-limit/","Unlimited vs $10,000 Annual Limit—Which Should You Choose? (Canada) | LeashFree.ca","Not sure if you need Unlimited pet insurance? See when $10,000 is enough, when Unlimited is smarter, and how to pick the right limit for your dog in Canada.","1","6578","","/search/?q=off-leash+parks; /search/?q=apartment+dog+breeds; /search/?q=dog+cost+calculator; /search/?q=puppy+names; /dog-insurance-waiting-periods-canada; /per-condition-vs-annual-deductible; /average-vet-costs-in-canada","","","0","https://leashfree.ca/blog/unlimited-vs-10000-annual-limit/","no","no",""
"/blog/what-dog-breed-is-right-for-me-dog-breed-match-quiz/","What Dog Breed Is Right for Me? Dog Breed Match Quiz | LeashFree.ca","Not sure what dog breed fits your home, activity level, family, and grooming needs? Use our Dog Breed Match Quiz to find a practical breed shortlist.","1","10699","","/search/?q=off-leash+parks; /search/?q=apartment+dog+breeds; /search/?q=dog+cost+calculator; /search/?q=puppy+names","","","0","https://leashfree.ca/blog/what-dog-breed-is-right-for-me-dog-breed-match-quiz/","no","no",""
"/blog/when-to-go-emergency-vet-dog-canada/","When Should You Go to the Emergency Vet? Dog Symptom Guide Canada | LeashFree.ca","Learn which dog symptoms need an emergency vet now, same-day veterinary care, or a call to your regular clinic, with a Canadian triage checklist and preparation tips.","1","10847","","/search/?q=off-leash+parks; /search/?q=apartment+dog+breeds; /search/?q=dog+cost+calculator; /search/?q=puppy+names","","","0","https://leashfree.ca/blog/when-to-go-emergency-vet-dog-canada/","no","no",""
"/blog/wildfire-smoke-dogs-canada/","Wildfire Smoke and Dogs in Ontario: When to Skip the Walk | LeashFree.ca","Ontario wildfire smoke can make walks and dog parks unsafe. Learn how to use AQHI, protect your dog's breathing, improve indoor air, and spot warning signs.","1","9524","","/search/?q=off-leash+parks; /search/?q=apartment+dog+breeds; /search/?q=dog+cost+calculator; /search/?q=puppy+names","","","0","https://leashfree.ca/blog/wildfire-smoke-dogs-canada/","no","no",""
"/blog/winter-dog-care-tips-canada/","Winter Dog Care Tips: Keeping Your Pup Safe in the Canadian Cold | LeashFree.ca","Discover essential winter dog care tips for Canadian families. From paw protection to winter jackets, keep your pup safe and comfortable in the cold.","1","4679","","/search/?q=off-leash+parks; /search/?q=apartment+dog+breeds; /search/?q=dog+cost+calculator; /search/?q=puppy+names","","","0","https://leashfree.ca/blog/winter-dog-care-tips-canada/","no","no",""
"/blog/winter-paw-care-for-canadian-dogs/","Winter Paw Care for Canadian Dogs | Salt, Ice & Boot Tips | LeashFree.ca","Protect your dog’s paws from salt, ice, and freezing temperatures this winter. Learn expert paw-care tips, best boots for Canadian winters, and natural protection methods.","1","6129","","/search/?q=off-leash+parks; /search/?q=apartment+dog+breeds; /search/?q=dog+cost+calculator; /search/?q=puppy+names","","","0","https://leashfree.ca/blog/winter-paw-care-for-canadian-dogs/","no","no",""
"/directory/alberta-animal-rescue-crew-society-aarcs/","Alberta Animal Rescue Crew Society (AARCS) – Dog Rescue in Calgary | LeashFree.ca","Adopt a dog or support animal rescue efforts at Alberta Animal Rescue Crew Society (AARCS) in Calgary, Alberta, helping animals across the province find safety and care.","1","3585","","/search/?q=off-leash+parks; /search/?q=apartment+dog+breeds; /search/?q=dog+cost+calculator; /search/?q=puppy+names","","","0","https://leashfree.ca/directory/alberta-animal-rescue-crew-society-aarcs/","no","no",""
"/directory/aldershot-animal-hospital-burlington/","Aldershot Animal Hospital – Veterinarian in Burlington, Ontario | LeashFree.ca","Aldershot Animal Hospital provides veterinary care in Burlington’s Aldershot community, including exams, vaccines, diagnostics and surgery.","1","3448","","/search/?q=off-leash+parks; /search/?q=apartment+dog+breeds; /search/?q=dog+cost+calculator; /search/?q=puppy+names; /directory/animal-hospital-of-milton-e6f9b/","","","0","https://leashfree.ca/directory/aldershot-animal-hospital-burlington/","no","no",""
"/directory/alderwood-veterinary-clinic/","Alderwood Veterinary Clinic – Veterinarian in South Etobicoke | LeashFree.ca","Alderwood Veterinary Clinic offers preventive and medical veterinary care for pets in south Etobicoke.","1","3371","","/search/?q=off-leash+parks; /search/?q=apartment+dog+breeds; /search/?q=dog+cost+calculator; /search/?q=puppy+names; /directory/animal-hospital-of-milton-e6f9b/","","","0","https://leashfree.ca/directory/alderwood-veterinary-clinic/","no","no",""
"/directory/animal-hospital-of-milton/","Animal Hospital of Milton – Veterinarian in Milton, Ontario | LeashFree.ca","Animal Hospital of Milton provides comprehensive veterinary care, surgery, and dentistry for dogs and cats in a friendly, community-focused setting.","1","3689","","/search/?q=off-leash+parks; /search/?q=apartment+dog+breeds; /search/?q=dog+cost+calculator; /search/?q=puppy+names; /directory/animal-hospital-of-milton-e6f9b/","","","0","https://leashfree.ca/directory/animal-hospital-of-milton/","no","no",""
"/directory/animal-hospital-of-milton-e6f9b/","Animal Hospital of Milton – Veterinarian in Milton | LeashFree.ca","Animal Hospital of Milton in downtown Milton, Ontario offers comprehensive veterinary services, including wellness care, surgery, dentistry, and diagnostics for dogs and cats.","1","3893","","/search/?q=off-leash+parks; /search/?q=apartment+dog+breeds; /search/?q=dog+cost+calculator; /search/?q=puppy+names","","","0","https://leashfree.ca/directory/animal-hospital-of-milton-e6f9b/","no","no",""
"/directory/animal-hospital-of-oakville/","Animal Hospital of Oakville – Trusted Veterinarian in Oakville, Ontario | LeashFree.ca","The Animal Hospital of Oakville provides comprehensive veterinary care, surgery, and dentistry in a welcoming environment for dogs and cats.","1","3593","","/search/?q=off-leash+parks; /search/?q=apartment+dog+breeds; /search/?q=dog+cost+calculator; /search/?q=puppy+names","","","0","https://leashfree.ca/directory/animal-hospital-of-oakville/","no","no",""
"/directory/animal-shelters-and-rescues/","Animal shelters and rescues in Canada | LeashFree.ca","Find Canadian animal shelters, dog rescues, humane societies, and adoption organizations in the LeashFree.ca directory.","1","6349","","/search/?q=off-leash+parks; /search/?q=apartment+dog+breeds; /search/?q=dog+cost+calculator; /search/?q=puppy+names","","","0","https://leashfree.ca/directory/animal-shelters-and-rescues/","no","no",""
"/directory/applewood-veterinary-hospital-mississauga/","Applewood Veterinary Hospital – Veterinarian in Mississauga | LeashFree.ca","Applewood Veterinary Hospital in Mississauga, Ontario provides wellness care, diagnostics, surgery, and dentistry for dogs and cats in the Applewood area.","1","3852","","/search/?q=off-leash+parks; /search/?q=apartment+dog+breeds; /search/?q=dog+cost+calculator; /search/?q=puppy+names; /directory/animal-hospital-of-milton-e6f9b/","","","0","https://leashfree.ca/directory/applewood-veterinary-hospital-mississauga/","no","no",""
"/directory/aquitaine-animal-hospital-mississauga/","Aquitaine Animal Hospital – Veterinarian in Meadowvale Town Centre | LeashFree.ca","Aquitaine Animal Hospital provides full-service veterinary care for dogs and cats in the Meadowvale Town Centre area of Mississauga.","1","3542","","/search/?q=off-leash+parks; /search/?q=apartment+dog+breeds; /search/?q=dog+cost+calculator; /search/?q=puppy+names; /directory/animal-hospital-of-milton-e6f9b/","","","0","https://leashfree.ca/directory/aquitaine-animal-hospital-mississauga/","no","no",""
"/directory/bc-spca-vancouver-branch/","BC SPCA Vancouver Branch – Adopt a Pet in Vancouver | LeashFree.ca","Adopt a dog or cat from the BC SPCA Vancouver Branch. Providing animal rescue, adoption, and education services across Greater Vancouver.","1","3517","","/search/?q=off-leash+parks; /search/?q=apartment+dog+breeds; /search/?q=dog+cost+calculator; /search/?q=puppy+names","","","0","https://leashfree.ca/directory/bc-spca-vancouver-branch/","no","no",""
"/directory/bristol-veterinary-hospital-mississauga/","Bristol Veterinary Hospital – Veterinarian in Mississauga | LeashFree.ca","Bristol Veterinary Hospital in Mississauga, Ontario offers extended-hours veterinary care, including wellness, diagnostics, surgery, and dentistry for dogs and cats.","1","3912","","/search/?q=off-leash+parks; /search/?q=apartment+dog+breeds; /search/?q=dog+cost+calculator; /search/?q=puppy+names; /directory/animal-hospital-of-milton-e6f9b/","","","0","https://leashfree.ca/directory/bristol-veterinary-hospital-mississauga/","no","no",""
"/directory/burlington-veterinary-emergency-and-referral-hospital/","Burlington Veterinary Emergency & Referral Hospital – Emergency Vet in Burlington, Ontario | LeashFree.ca","Emergency and specialty veterinary hospital in Burlington serving pets and primary care veterinarians across Halton.","1","3423","","/search/?q=off-leash+parks; /search/?q=apartment+dog+breeds; /search/?q=dog+cost+calculator; /search/?q=puppy+names","","","0","https://leashfree.ca/directory/burlington-veterinary-emergency-and-referral-hospital/","no","no",""
"/directory/burloak-animal-hospital/","Burloak Animal Hospital – Veterinarian in Oakville, Ontario | LeashFree.ca","Burloak Animal Hospital in Oakville provides full-service veterinary care, surgery, and emergency services for dogs and cats.","1","3862","","/search/?q=off-leash+parks; /search/?q=apartment+dog+breeds; /search/?q=dog+cost+calculator; /search/?q=puppy+names","","","0","https://leashfree.ca/directory/burloak-animal-hospital/","no","no",""
"/directory/credit-valley-animal-hospital-mississauga/","Credit Valley Animal Hospital – Veterinarian in Mississauga | LeashFree.ca","Credit Valley Animal Hospital in Mississauga, part of VCA Canada, provides wellness care, surgery, dentistry, and diagnostic services for local dogs and cats.","1","3892","","/search/?q=off-leash+parks; /search/?q=apartment+dog+breeds; /search/?q=dog+cost+calculator; /search/?q=puppy+names; /directory/animal-hospital-of-milton-e6f9b/","","","0","https://leashfree.ca/directory/credit-valley-animal-hospital-mississauga/","no","no",""
"/directory/derry-heights-animal-hospital-milton/","Derry Heights Animal Hospital – Veterinarian in Milton | LeashFree.ca","Derry Heights Animal Hospital in Milton, Ontario provides full-service veterinary care, including exams, diagnostics, surgery, and preventive care for dogs and cats.","1","3723","","/search/?q=off-leash+parks; /search/?q=apartment+dog+breeds; /search/?q=dog+cost+calculator; /search/?q=puppy+names; /directory/animal-hospital-of-milton-e6f9b/","","","0","https://leashfree.ca/directory/derry-heights-animal-hospital-milton/","no","no",""
"/directory/dog-tales-rescue-and-sanctuary/","Dog Tales Rescue and Sanctuary – Dog Rescue in King, Ontario | LeashFree.ca","Discover Dog Tales Rescue and Sanctuary in King, Ontario — a peaceful haven offering rehabilitation and adoption for dogs and horses in need.","1","3530","","/search/?q=off-leash+parks; /search/?q=apartment+dog+breeds; /search/?q=dog+cost+calculator; /search/?q=puppy+names","","","0","https://leashfree.ca/directory/dog-tales-rescue-and-sanctuary/","no","no",""
"/directory/east-plains-animal-hospital-burlington/","East Plains Animal Hospital – Veterinarian in Burlington, Ontario | LeashFree.ca","Community veterinary clinic in Aldershot providing preventive care, surgery and pet health guidance.","1","3283","","/search/?q=off-leash+parks; /search/?q=apartment+dog+breeds; /search/?q=dog+cost+calculator; /search/?q=puppy+names","","","0","https://leashfree.ca/directory/east-plains-animal-hospital-burlington/","no","no",""
"/directory/eatonville-animal-hospital/","Eatonville Animal Hospital – Veterinarian in Etobicoke | LeashFree.ca","Eatonville Animal Hospital offers exams, treatment, and surgical services for pets in Etobicoke.","1","3287","","/search/?q=off-leash+parks; /search/?q=apartment+dog+breeds; /search/?q=dog+cost+calculator; /search/?q=puppy+names; /directory/animal-hospital-of-milton-e6f9b/","","","0","https://leashfree.ca/directory/eatonville-animal-hospital/","no","no",""
"/directory/eglinton-hwy-10-veterinary-clinic-mississauga/","Eglinton-Hwy 10 Veterinary Clinic – Veterinarian in Central Mississauga | LeashFree.ca","Eglinton-Hwy 10 Veterinary Clinic provides wellness, medical, and surgical care for dogs and cats in central Mississauga near Eglinton and Hurontario.","1","3617","","/search/?q=off-leash+parks; /search/?q=apartment+dog+breeds; /search/?q=dog+cost+calculator; /search/?q=puppy+names; /directory/animal-hospital-of-milton-e6f9b/","","","0","https://leashfree.ca/directory/eglinton-hwy-10-veterinary-clinic-mississauga/","no","no",""
"/directory/erin-mills-pet-hospital-mississauga/","Erin Mills Pet Hospital – Veterinarian in Erin Mills Mississauga | LeashFree.ca","Erin Mills Pet Hospital provides full-service veterinary care including wellness exams, surgery, and dentistry for dogs and cats in the Erin Mills community of Mississauga.","1","3634","","/search/?q=off-leash+parks; /search/?q=apartment+dog+breeds; /search/?q=dog+cost+calculator; /search/?q=puppy+names; /directory/animal-hospital-of-milton-e6f9b/","","","0","https://leashfree.ca/directory/erin-mills-pet-hospital-mississauga/","no","no",""
"/directory/erindale-animal-hospital-mississauga/","Erindale Animal Hospital – Veterinarian in Mississauga | LeashFree.ca","Erindale Animal Hospital in Mississauga provides wellness exams, diagnostics, surgery, and dental care for dogs and cats in the Creditview and Erindale areas.","1","3830","","/search/?q=off-leash+parks; /search/?q=apartment+dog+breeds; /search/?q=dog+cost+calculator; /search/?q=puppy+names; /directory/animal-hospital-of-milton-e6f9b/","","","0","https://leashfree.ca/directory/erindale-animal-hospital-mississauga/","no","no",""
"/directory/etobicoke-veterinary-hospital/","Etobicoke Veterinary Hospital – Veterinarian in Etobicoke | LeashFree.ca","Etobicoke Veterinary Hospital provides medical, surgical, and preventive veterinary care for pets in Etobicoke.","1","3330","","/search/?q=off-leash+parks; /search/?q=apartment+dog+breeds; /search/?q=dog+cost+calculator; /search/?q=puppy+names; /directory/animal-hospital-of-milton-e6f9b/","","","0","https://leashfree.ca/directory/etobicoke-veterinary-hospital/","no","no",""
"/directory/glen-erin-animal-hospital-mississauga/","Glen Erin Animal Hospital – Veterinarian in Erin Mills Mississauga | LeashFree.ca","Glen Erin Animal Hospital offers AAHA-level veterinary care including wellness, dentistry, and surgery for pets in Erin Mills and central Mississauga.","1","3550","","/search/?q=off-leash+parks; /search/?q=apartment+dog+breeds; /search/?q=dog+cost+calculator; /search/?q=puppy+names; /directory/animal-hospital-of-milton-e6f9b/","","","0","https://leashfree.ca/directory/glen-erin-animal-hospital-mississauga/","no","no",""
"/directory/halton-peel-animal-hospital-milton/","Halton Peel Animal Hospital – Veterinarian in Milton | LeashFree.ca","Halton Peel Animal Hospital in Milton, Ontario offers veterinary care, preventive services, and health guidance for dogs and cats in rural and suburban areas.","1","3827","","/search/?q=off-leash+parks; /search/?q=apartment+dog+breeds; /search/?q=dog+cost+calculator; /search/?q=puppy+names; /directory/animal-hospital-of-milton-e6f9b/","","","0","https://leashfree.ca/directory/halton-peel-animal-hospital-milton/","no","no",""
"/directory/hamilton-burlington-spca/","Hamilton/Burlington SPCA – Dog Adoption & Rescue in Hamilton | LeashFree.ca","Find adoptable dogs and animal care services at the Hamilton/Burlington SPCA, helping pets across Hamilton and Burlington find safe and loving homes.","1","3553","","/search/?q=off-leash+parks; /search/?q=apartment+dog+breeds; /search/?q=dog+cost+calculator; /search/?q=puppy+names","","","0","https://leashfree.ca/directory/hamilton-burlington-spca/","no","no",""
"/directory/hawkins-animal-hospital/","Hawkins Animal Hospital – Veterinarian in Milton, Ontario | LeashFree.ca","Hawkins Animal Hospital offers preventive, surgical, and dental care for dogs and cats in Milton. Trusted local veterinary clinic focused on pet wellness.","1","3684","","/search/?q=off-leash+parks; /search/?q=apartment+dog+breeds; /search/?q=dog+cost+calculator; /search/?q=puppy+names; /directory/animal-hospital-of-milton-e6f9b/","","","0","https://leashfree.ca/directory/hawkins-animal-hospital/","no","no",""
"/directory/hawkins-animal-hospital-milton/","Hawkins Animal Hospital – Veterinarian in Milton | LeashFree.ca","Hawkins Animal Hospital in downtown Milton, Ontario offers full-service veterinary care, including wellness exams, surgery, dentistry, and preventive services for dogs and cats.","1","3892","","/search/?q=off-leash+parks; /search/?q=apartment+dog+breeds; /search/?q=dog+cost+calculator; /search/?q=puppy+names; /directory/animal-hospital-of-milton-e6f9b/","","","0","https://leashfree.ca/directory/hawkins-animal-hospital-milton/","no","no",""
"/directory/heartland-pet-hospital-mississauga/","Heartland Pet Hospital – Veterinarian in Mississauga | LeashFree.ca","Heartland Pet Hospital in Mississauga provides veterinary services for dogs and cats, including wellness care, diagnostics, surgery, dentistry, and behaviour support.","1","3788","","/search/?q=off-leash+parks; /search/?q=apartment+dog+breeds; /search/?q=dog+cost+calculator; /search/?q=puppy+names; /directory/animal-hospital-of-milton-e6f9b/","","","0","https://leashfree.ca/directory/heartland-pet-hospital-mississauga/","no","no",""
"/directory/hollybank-animal-hospital-milton/","Hollybank Animal Hospital – Veterinarian in Milton | LeashFree.ca","Hollybank Animal Hospital in south Milton offers veterinary care, surgery, dentistry, and wellness services for dogs, cats, and small companion animals.","1","3771","","/search/?q=off-leash+parks; /search/?q=apartment+dog+breeds; /search/?q=dog+cost+calculator; /search/?q=puppy+names; /directory/animal-hospital-of-milton-e6f9b/","","","0","https://leashfree.ca/directory/hollybank-animal-hospital-milton/","no","no",""
"/directory/humber-bay-veterinary-hospital/","Humber Bay Veterinary Hospital – Veterinarian in Humber Bay Shores | LeashFree.ca","Humber Bay Veterinary Hospital offers full-service veterinary care for dogs and cats in Humber Bay Shores, Etobicoke.","1","3362","","/search/?q=off-leash+parks; /search/?q=apartment+dog+breeds; /search/?q=dog+cost+calculator; /search/?q=puppy+names; /directory/animal-hospital-of-milton-e6f9b/","","","0","https://leashfree.ca/directory/humber-bay-veterinary-hospital/","no","no",""
"/directory/","Dog Services Directory | LeashFree.ca","Browse Canadian dog services and pet resources, including veterinarians, rescues, shelters, trainers, groomers, pet stores, maps, and local listings.","1","17910","","/search/?q=off-leash+parks; /search/?q=apartment+dog+breeds; /search/?q=dog+cost+calculator; /search/?q=puppy+names; /directory/animal-hospital-of-milton-e6f9b/; /directory/animal-hospital-of-milton-e6f9b/; /directory/hawkins-animal-hospital-milton/; /directory/hawkins-animal-hospital-milton/; /directory/james-snow-animal-hospital-milton/; /directory/james-snow-animal-hospital-milton/","","","0","https://leashfree.ca/directory/","no","no",""
"/directory/it-takes-a-village-dog-rescue/","It Takes a Village Dog Rescue – Dog Adoption & Rescue in St. Catharines | LeashFree.ca","Discover adoptable dogs through It Takes a Village Dog Rescue, a volunteer-run organization helping dogs across Ontario find safe and loving homes.","1","3598","","/search/?q=off-leash+parks; /search/?q=apartment+dog+breeds; /search/?q=dog+cost+calculator; /search/?q=puppy+names","","","0","https://leashfree.ca/directory/it-takes-a-village-dog-rescue/","no","no",""
"/directory/james-snow-animal-hospital/","James Snow Animal Hospital – Veterinarian in Milton, Ontario | LeashFree.ca","James Snow Animal Hospital provides full-service veterinary care seven days a week, including exams, surgery, and dentistry for dogs and cats in Milton.","1","3676","","/search/?q=off-leash+parks; /search/?q=apartment+dog+breeds; /search/?q=dog+cost+calculator; /search/?q=puppy+names; /directory/animal-hospital-of-milton-e6f9b/","","","0","https://leashfree.ca/directory/james-snow-animal-hospital/","no","no",""
"/directory/james-snow-animal-hospital-milton/","James Snow Animal Hospital – Veterinarian in Milton | LeashFree.ca","James Snow Animal Hospital in Milton, Ontario provides full-service veterinary care, including wellness exams, surgery, dentistry, diagnostics, and extended-hours appointments for family pets.","1","3943","","/search/?q=off-leash+parks; /search/?q=apartment+dog+breeds; /search/?q=dog+cost+calculator; /search/?q=puppy+names; /directory/animal-hospital-of-milton-e6f9b/","","","0","https://leashfree.ca/directory/james-snow-animal-hospital-milton/","no","no",""
"/directory/long-branch-animal-clinic/","Long Branch Animal Clinic – Veterinarian in Long Branch Etobicoke | LeashFree.ca","Long Branch Animal Clinic provides veterinary services for pets in the Long Branch area of Etobicoke.","1","3324","","/search/?q=off-leash+parks; /search/?q=apartment+dog+breeds; /search/?q=dog+cost+calculator; /search/?q=puppy+names; /directory/animal-hospital-of-milton-e6f9b/","","","0","https://leashfree.ca/directory/long-branch-animal-clinic/","no","no",""
"/directory/lorne-park-animal-hospital-mississauga/","Lorne Park Animal Hospital – Veterinarian in Lorne Park Mississauga | LeashFree.ca","Lorne Park Animal Hospital provides preventive, medical, and surgical care for pets in the Lorne Park and Clarkson areas of Mississauga.","1","3499","","/search/?q=off-leash+parks; /search/?q=apartment+dog+breeds; /search/?q=dog+cost+calculator; /search/?q=puppy+names; /directory/animal-hospital-of-milton-e6f9b/","","","0","https://leashfree.ca/directory/lorne-park-animal-hospital-mississauga/","no","no",""
"/directory/loved-at-last-dog-rescue/","Loved at Last Dog Rescue – Dog Adoption & Rescue in Vancouver | LeashFree.ca","Find adoptable dogs through Loved at Last Dog Rescue, connecting rescued dogs from around the world with caring homes in British Columbia.","1","3691","","/search/?q=off-leash+parks; /search/?q=apartment+dog+breeds; /search/?q=dog+cost+calculator; /search/?q=puppy+names","","","0","https://leashfree.ca/directory/loved-at-last-dog-rescue/","no","no",""
"/directory/mainview-animal-hospital-milton/","Mainview Animal Hospital – Veterinarian in Milton | LeashFree.ca","Mainview Animal Hospital in Milton, Ontario provides wellness care, diagnostics, surgery, and dental services for dogs and cats in the surrounding neighbourhoods.","1","3741","","/search/?q=off-leash+parks; /search/?q=apartment+dog+breeds; /search/?q=dog+cost+calculator; /search/?q=puppy+names; /directory/animal-hospital-of-milton-e6f9b/","","","0","https://leashfree.ca/directory/mainview-animal-hospital-milton/","no","no",""
"/directory/martin-veterinary-hospital/","Martin Veterinary Hospital – Veterinarian in Etobicoke | LeashFree.ca","Martin Veterinary Hospital offers accredited veterinary services including dentistry, surgery, and diagnostics.","1","3318","","/search/?q=off-leash+parks; /search/?q=apartment+dog+breeds; /search/?q=dog+cost+calculator; /search/?q=puppy+names; /directory/animal-hospital-of-milton-e6f9b/","","","0","https://leashfree.ca/directory/martin-veterinary-hospital/","no","no",""
"/directory/mavis-road-animal-clinic-mississauga/","Mavis Road Animal Clinic – Veterinarian in Central Mississauga | LeashFree.ca","Mavis Road Animal Clinic offers wellness exams, diagnostics, and surgery for dogs and cats near Mavis Road and Wolfedale Road in Mississauga.","1","3490","","/search/?q=off-leash+parks; /search/?q=apartment+dog+breeds; /search/?q=dog+cost+calculator; /search/?q=puppy+names; /directory/animal-hospital-of-milton-e6f9b/","","","0","https://leashfree.ca/directory/mavis-road-animal-clinic-mississauga/","no","no",""
"/directory/mccleary-animal-hospital-mississauga/","McCleary Animal Hospital – Veterinarian in Mississauga | LeashFree.ca","McCleary Animal Hospital in south Mississauga offers veterinary services for dogs and cats, including wellness care, diagnostics, surgery, and dental treatments.","1","3834","","/search/?q=off-leash+parks; /search/?q=apartment+dog+breeds; /search/?q=dog+cost+calculator; /search/?q=puppy+names; /directory/animal-hospital-of-milton-e6f9b/","","","0","https://leashfree.ca/directory/mccleary-animal-hospital-mississauga/","no","no",""
"/directory/meadowvale-animal-clinic-mississauga/","Meadowvale Animal Clinic – Veterinarian in Meadowvale Mississauga | LeashFree.ca","Meadowvale Animal Clinic provides AAHA-accredited veterinary care, including wellness, dentistry, and surgery, for pets in the Meadowvale area of Mississauga.","1","3584","","/search/?q=off-leash+parks; /search/?q=apartment+dog+breeds; /search/?q=dog+cost+calculator; /search/?q=puppy+names; /directory/animal-hospital-of-milton-e6f9b/","","","0","https://leashfree.ca/directory/meadowvale-animal-clinic-mississauga/","no","no",""
"/directory/mississauga-animal-hospital/","Mississauga Animal Hospital – Veterinarian in Mississauga | LeashFree.ca","Mississauga Animal Hospital on Dundas Street East provides full-service veterinary care, including exams, diagnostics, surgery, and dentistry for dogs and cats in Mississauga.","1","3860","","/search/?q=off-leash+parks; /search/?q=apartment+dog+breeds; /search/?q=dog+cost+calculator; /search/?q=puppy+names; /directory/animal-hospital-of-milton-e6f9b/","","","0","https://leashfree.ca/directory/mississauga-animal-hospital/","no","no",""
"/directory/montreal-spca/","Montreal SPCA – Dog Adoption & Rescue in Montréal | LeashFree.ca","Adopt a dog or support animal rescue efforts at the Montreal SPCA, providing compassionate care and advocacy for pets across Quebec.","1","3475","","/search/?q=off-leash+parks; /search/?q=apartment+dog+breeds; /search/?q=dog+cost+calculator; /search/?q=puppy+names","","","0","https://leashfree.ca/directory/montreal-spca/","no","no",""
"/directory/niagara-dog-rescue/","Niagara Dog Rescue – Dog Adoption & Rescue in Niagara Falls | LeashFree.ca","Find adoptable dogs and foster opportunities at Niagara Dog Rescue, helping dogs across Ontario find safe and loving homes.","1","3579","","/search/?q=off-leash+parks; /search/?q=apartment+dog+breeds; /search/?q=dog+cost+calculator; /search/?q=puppy+names","","","0","https://leashfree.ca/directory/niagara-dog-rescue/","no","no",""
"/directory/niagara-spca-and-humane-society/","Niagara SPCA and Humane Society – Dog Adoption & Rescue in Niagara Falls | LeashFree.ca","Adopt a dog or support animal rescue through the Niagara SPCA and Humane Society, serving Niagara Falls and surrounding communities with care and compassion.","1","3638","","/search/?q=off-leash+parks; /search/?q=apartment+dog+breeds; /search/?q=dog+cost+calculator; /search/?q=puppy+names","","","0","https://leashfree.ca/directory/niagara-spca-and-humane-society/","no","no",""
"/directory/oakville-animal-clinic/","Oakville Animal Clinic – Veterinarian in Oakville, Ontario | LeashFree.ca","Visit Oakville Animal Clinic for trusted veterinary care in Kerr Village. Offering wellness exams, diagnostics, and surgery for dogs and cats.","1","3643","","/search/?q=off-leash+parks; /search/?q=apartment+dog+breeds; /search/?q=dog+cost+calculator; /search/?q=puppy+names","","","0","https://leashfree.ca/directory/oakville-animal-clinic/","no","no",""
"/directory/oakville-lakeshore-animal-hospital/","Oakville Lakeshore Animal Hospital – Veterinarian in Oakville, Ontario | LeashFree.ca","Oakville Lakeshore Animal Hospital provides personalized veterinary care, surgery, and dentistry for dogs and cats in Downtown Oakville.","1","3659","","/search/?q=off-leash+parks; /search/?q=apartment+dog+breeds; /search/?q=dog+cost+calculator; /search/?q=puppy+names","","","0","https://leashfree.ca/directory/oakville-lakeshore-animal-hospital/","no","no",""
"/directory/ontario-spca-and-humane-society/","Ontario SPCA and Humane Society – Dog Adoption & Rescue in Stouffville | LeashFree.ca","Discover adoptable dogs and animal care programs at the Ontario SPCA and Humane Society, supporting animal welfare and adoption across Ontario.","1","3662","","/search/?q=off-leash+parks; /search/?q=apartment+dog+breeds; /search/?q=dog+cost+calculator; /search/?q=puppy+names","","","0","https://leashfree.ca/directory/ontario-spca-and-humane-society/","no","no",""
"/directory/redemption-paws/","Redemption Paws – Dog Rescue & Adoption in Toronto | LeashFree.ca","Discover adoptable dogs through Redemption Paws, a Toronto-based foster network helping rescued dogs find safe and loving homes across Ontario.","1","3628","","/search/?q=off-leash+parks; /search/?q=apartment+dog+breeds; /search/?q=dog+cost+calculator; /search/?q=puppy+names","","","0","https://leashfree.ca/directory/redemption-paws/","no","no",""
"/directory/richview-animal-hospital/","Richview Animal Hospital – Veterinarian in Etobicoke | LeashFree.ca","Richview Animal Hospital provides preventive and medical veterinary services for pets in Etobicoke.","1","3299","","/search/?q=off-leash+parks; /search/?q=apartment+dog+breeds; /search/?q=dog+cost+calculator; /search/?q=puppy+names; /directory/animal-hospital-of-milton-e6f9b/","","","0","https://leashfree.ca/directory/richview-animal-hospital/","no","no",""
"/directory/river-grove-animal-hospital-mississauga/","River Grove Animal Hospital – Veterinarian in North Mississauga | LeashFree.ca","River Grove Animal Hospital provides wellness care, diagnostics, surgery, and dentistry for pets in the River Grove and north Mississauga area.","1","3516","","/search/?q=off-leash+parks; /search/?q=apartment+dog+breeds; /search/?q=dog+cost+calculator; /search/?q=puppy+names; /directory/animal-hospital-of-milton-e6f9b/","","","0","https://leashfree.ca/directory/river-grove-animal-hospital-mississauga/","no","no",""
"/directory/robinson-pet-hospital-milton/","Robinson Pet Hospital – Veterinarian in Milton | LeashFree.ca","Robinson Pet Hospital in Milton, Ontario offers full-service veterinary care, including wellness exams, surgery, dentistry, and medical services for dogs and cats.","1","3764","","/search/?q=off-leash+parks; /search/?q=apartment+dog+breeds; /search/?q=dog+cost+calculator; /search/?q=puppy+names; /directory/animal-hospital-of-milton-e6f9b/","","","0","https://leashfree.ca/directory/robinson-pet-hospital-milton/","no","no",""
"/directory/royal-ford-veterinary-hospital/","Royal Ford Veterinary Hospital – Veterinarian in Oakville, Ontario | LeashFree.ca","Royal Ford Veterinary Hospital offers preventive care, surgery, and diagnostics in a modern facility serving Southeast Oakville.","1","3574","","/search/?q=off-leash+parks; /search/?q=apartment+dog+breeds; /search/?q=dog+cost+calculator; /search/?q=puppy+names","","","0","https://leashfree.ca/directory/royal-ford-veterinary-hospital/","no","no",""
"/directory/royal-york-animal-hospital/","Royal York Animal Hospital – Veterinarian in Etobicoke | LeashFree.ca","Royal York Animal Hospital offers accredited veterinary care for cats and dogs in Etobicoke.","1","3307","","/search/?q=off-leash+parks; /search/?q=apartment+dog+breeds; /search/?q=dog+cost+calculator; /search/?q=puppy+names; /directory/animal-hospital-of-milton-e6f9b/","","","0","https://leashfree.ca/directory/royal-york-animal-hospital/","no","no",""
"/directory/second-chance-animal-rescue-society-scars/","Second Chance Animal Rescue Society (SCARS) – Dog Rescue in Edmonton, Alberta | LeashFree.ca","Adopt or foster a dog through Second Chance Animal Rescue Society (SCARS), helping neglected and homeless pets across northern Alberta find safety and care.","1","3685","","/search/?q=off-leash+parks; /search/?q=apartment+dog+breeds; /search/?q=dog+cost+calculator; /search/?q=puppy+names","","","0","https://leashfree.ca/directory/second-chance-animal-rescue-society-scars/","no","no",""
"/directory/senior-animals-in-need-today-society-saints/","SAINTS Rescue – Senior Animal Sanctuary in Mission, BC | LeashFree.ca","Discover SAINTS Rescue in Mission, BC - a compassionate sanctuary providing lifelong care for senior and special needs animals across British Columbia.","1","3664","","/search/?q=off-leash+parks; /search/?q=apartment+dog+breeds; /search/?q=dog+cost+calculator; /search/?q=puppy+names","","","0","https://leashfree.ca/directory/senior-animals-in-need-today-society-saints/","no","no",""
"/directory/south-etobicoke-animal-hospital/","South Etobicoke Animal Hospital – Veterinarian in Etobicoke | LeashFree.ca","South Etobicoke Animal Hospital provides wellness, surgical, and preventive veterinary services for pets in Etobicoke.","1","3383","","/search/?q=off-leash+parks; /search/?q=apartment+dog+breeds; /search/?q=dog+cost+calculator; /search/?q=puppy+names; /directory/animal-hospital-of-milton-e6f9b/","","","0","https://leashfree.ca/directory/south-etobicoke-animal-hospital/","no","no",""
"/directory/southdown-animal-clinic-mississauga/","Southdown Animal Clinic – Veterinarian in Mississauga | LeashFree.ca","Southdown Animal Clinic in Mississauga offers veterinary care for dogs, cats, and pocket pets, including wellness exams, surgery, dentistry, and diagnostics.","1","3811","","/search/?q=off-leash+parks; /search/?q=apartment+dog+breeds; /search/?q=dog+cost+calculator; /search/?q=puppy+names; /directory/animal-hospital-of-milton-e6f9b/","","","0","https://leashfree.ca/directory/southdown-animal-clinic-mississauga/","no","no",""
"/directory/southeast-oakville-vet/","Southeast Oakville Vet – Veterinarian in Oakville, Ontario | LeashFree.ca","Southeast Oakville Vet offers personalized veterinary care, diagnostics, and surgery for dogs and cats in a welcoming, modern clinic.","1","3522","","/search/?q=off-leash+parks; /search/?q=apartment+dog+breeds; /search/?q=dog+cost+calculator; /search/?q=puppy+names","","","0","https://leashfree.ca/directory/southeast-oakville-vet/","no","no",""
"/directory/streetsville-animal-hospital-mississauga/","Streetsville Animal Hospital – Veterinarian in Mississauga | LeashFree.ca","Streetsville Animal Hospital in Mississauga provides preventive care, medical treatment, surgery, and dental services for dogs and cats in the Streetsville area.","1","3884","","/search/?q=off-leash+parks; /search/?q=apartment+dog+breeds; /search/?q=dog+cost+calculator; /search/?q=puppy+names; /directory/animal-hospital-of-milton-e6f9b/","","","0","https://leashfree.ca/directory/streetsville-animal-hospital-mississauga/","no","no",""
"/directory/tansley-woods-veterinary-hospital/","Tansley Woods Veterinary Hospital – Veterinarian in Burlington, Ontario | LeashFree.ca","Tansley Woods Veterinary Hospital offers wellness care, dentistry, diagnostics and surgery for pets in Burlington.","1","3397","","/search/?q=off-leash+parks; /search/?q=apartment+dog+breeds; /search/?q=dog+cost+calculator; /search/?q=puppy+names","","","0","https://leashfree.ca/directory/tansley-woods-veterinary-hospital/","no","no",""
"/directory/toronto-humane-society/","Toronto Humane Society – Dog Adoption & Rescue in Toronto | LeashFree.ca","Explore dogs for adoption at Toronto Humane Society. A dedicated charity offering compassionate care, rescue, and community programs across the GTA.","1","3576","","/search/?q=off-leash+parks; /search/?q=apartment+dog+breeds; /search/?q=dog+cost+calculator; /search/?q=puppy+names","","","0","https://leashfree.ca/directory/toronto-humane-society/","no","no",""
"/directory/toronto-veterinary-clinic-etobicoke/","Toronto Veterinary Clinic – Veterinarian in Etobicoke | LeashFree.ca","Toronto Veterinary Clinic offers full-service veterinary care including exams, surgery, and preventive health services in Etobicoke.","1","3345","","/search/?q=off-leash+parks; /search/?q=apartment+dog+breeds; /search/?q=dog+cost+calculator; /search/?q=puppy+names; /directory/animal-hospital-of-milton-e6f9b/","","","0","https://leashfree.ca/directory/toronto-veterinary-clinic-etobicoke/","no","no",""
"/directory/upper-middle-road-animal-hospital-burlington/","Upper Middle Road Animal Hospital – Veterinarian in Burlington, Ontario | LeashFree.ca","General practice veterinary care in Burlington including wellness exams, vaccines and client support.","1","3313","","/search/?q=off-leash+parks; /search/?q=apartment+dog+breeds; /search/?q=dog+cost+calculator; /search/?q=puppy+names","","","0","https://leashfree.ca/directory/upper-middle-road-animal-hospital-burlington/","no","no",""
"/directory/upper-oakville-pet-hospital/","Upper Oakville Pet Hospital – Veterinarian in Oakville, Ontario | LeashFree.ca","Upper Oakville Pet Hospital provides veterinary care, diagnostics, and surgery for dogs and cats in Oakville. Compassionate, family-focused care.","1","3608","","/search/?q=off-leash+parks; /search/?q=apartment+dog+breeds; /search/?q=dog+cost+calculator; /search/?q=puppy+names","","","0","https://leashfree.ca/directory/upper-oakville-pet-hospital/","no","no",""
"/directory/vca-canada-burlington-animal-hospital/","VCA Burlington Animal Hospital – Veterinarian in Burlington, Ontario | LeashFree.ca","Full‑service veterinary care on Guelph Line in Burlington, including exams, dentistry, diagnostics and surgery.","1","3297","","/search/?q=off-leash+parks; /search/?q=apartment+dog+breeds; /search/?q=dog+cost+calculator; /search/?q=puppy+names","","","0","https://leashfree.ca/directory/vca-canada-burlington-animal-hospital/","no","no",""
"/directory/veterinarians/","Veterinarians in Canada | LeashFree.ca","Find Canadian veterinary clinics, animal hospitals, emergency vets, and pet health services in the LeashFree.ca directory.","1","8696","","/search/?q=off-leash+parks; /search/?q=apartment+dog+breeds; /search/?q=dog+cost+calculator; /search/?q=puppy+names; /directory/animal-hospital-of-milton-e6f9b/; /directory/animal-hospital-of-milton-e6f9b/; /directory/hawkins-animal-hospital-milton/; /directory/hawkins-animal-hospital-milton/; /directory/animal-hospital-of-milton-e6f9b/; /directory/hawkins-animal-hospital-milton/","","","0","https://leashfree.ca/directory/veterinarians/","no","no",""
"/directory/westbridge-veterinary-hospital-mississauga/","Westbridge Veterinary Hospital – Veterinarian in Mississauga | LeashFree.ca","Westbridge Veterinary Hospital in Mississauga provides comprehensive veterinary services, including wellness, surgery, diagnostics, and dentistry for dogs and cats.","1","3897","","/search/?q=off-leash+parks; /search/?q=apartment+dog+breeds; /search/?q=dog+cost+calculator; /search/?q=puppy+names; /directory/animal-hospital-of-milton-e6f9b/","","","0","https://leashfree.ca/directory/westbridge-veterinary-hospital-mississauga/","no","no",""
"/dog-breeds/affenpinscher/","Affenpinscher – Traits, Shedding & Exercise in Canada | LeashFree.ca","Affenpinscher guide for Canadian owners: temperament, exercise needs, grooming and common health issues. Learn how to care for this breed at home.","1","10831","","/search/?q=off-leash+parks; /search/?q=apartment+dog+breeds; /search/?q=dog+cost+calculator; /search/?q=puppy+names","","","0","https://leashfree.ca/dog-breeds/affenpinscher/","no","no",""
"/dog-breeds/afghan-hound/","Afghan Hound – Traits, Shedding & Exercise in Canada | LeashFree.ca","Discover the Afghan Hound, a high-energy companion. Learn about temperament, low-to-moderate shedding habits, exercise and health tips to see if it fits Cana...","1","11805","","/search/?q=off-leash+parks; /search/?q=apartment+dog+breeds; /search/?q=dog+cost+calculator; /search/?q=puppy+names","","","0","https://leashfree.ca/dog-breeds/afghan-hound/","no","no",""
"/dog-breeds/airedale-terrier/","Airedale Terrier – Size, Energy & Grooming in Canada | LeashFree.ca","Meet the Airedale Terrier: smart and active. Explore temperament, moderate-shedding info, training, grooming and health to decide if it suits your lifestyle...","1","11810","","/search/?q=off-leash+parks; /search/?q=apartment+dog+breeds; /search/?q=dog+cost+calculator; /search/?q=puppy+names","","","0","https://leashfree.ca/dog-breeds/airedale-terrier/","no","no",""
"/dog-breeds/akita/","Akita – Traits, Shedding & Exercise in Canada | LeashFree.ca","Is the Akita right for you? We cover temperament, training, low-to-moderate shedding levels, exercise and health—plus practical advice for Canadian owners.","1","12050","","/search/?q=off-leash+parks; /search/?q=apartment+dog+breeds; /search/?q=dog+cost+calculator; /search/?q=puppy+names","","","0","https://leashfree.ca/dog-breeds/akita/","no","no",""
"/dog-breeds/alaskan-klee-kai/","Alaskan Klee Kai – Size, Energy & Grooming in Canada | LeashFree.ca","Is the Alaskan Klee Kai right for you? We cover temperament, training, moderate-shedding levels, exercise and health—plus practical advice for Canadian owners.","1","11430","","/search/?q=off-leash+parks; /search/?q=apartment+dog+breeds; /search/?q=dog+cost+calculator; /search/?q=puppy+names","","","0","https://leashfree.ca/dog-breeds/alaskan-klee-kai/","no","no",""
"/dog-breeds/alaskan-malamute/","Alaskan Malamute – Size, Energy & Grooming in Canada | LeashFree.ca","Meet the Alaskan Malamute: smart and adaptable. Explore temperament, low-to-moderate shedding info, training, grooming and health to decide if it suits your...","1","11500","","/search/?q=off-leash+parks; /search/?q=apartment+dog+breeds; /search/?q=dog+cost+calculator; /search/?q=puppy+names","","","0","https://leashfree.ca/dog-breeds/alaskan-malamute/","no","no",""
"/dog-breeds/american-bulldog/","American Bulldog – Size, Energy & Grooming in Canada | LeashFree.ca","Is the American Bulldog right for you? We cover temperament, training, low-to-moderate shedding levels, exercise and health—plus practical advice for Canadia...","1","10836","","/search/?q=off-leash+parks; /search/?q=apartment+dog+breeds; /search/?q=dog+cost+calculator; /search/?q=puppy+names","","","0","https://leashfree.ca/dog-breeds/american-bulldog/","no","no",""
"/dog-breeds/american-cocker-spaniel/","American Cocker Spaniel – Traits, Shedding & Exercise | LeashFree.ca","Is the American Cocker Spaniel right for you? We cover temperament, training, seasonal shedding levels, exercise and health—plus practical advice for Canadia...","1","10674","","/search/?q=off-leash+parks; /search/?q=apartment+dog+breeds; /search/?q=dog+cost+calculator; /search/?q=puppy+names","","","0","https://leashfree.ca/dog-breeds/american-cocker-spaniel/","no","no",""
"/dog-breeds/american-english-coonhound/","American English Coonhound – Breed Facts & Care | LeashFree.ca","Discover the American English Coonhound, a moderate-energy companion. Learn about temperament, low-to-moderate shedding habits, exercise and health tips to s...","1","10716","","/search/?q=off-leash+parks; /search/?q=apartment+dog+breeds; /search/?q=dog+cost+calculator; /search/?q=puppy+names","","","0","https://leashfree.ca/dog-breeds/american-english-coonhound/","no","no",""
"/dog-breeds/american-eskimo-dog/","American Eskimo Dog – Size, Energy & Grooming in Canada | LeashFree.ca","American Eskimo Dog guide for Canadian owners: temperament, exercise needs, grooming and common health issues. Learn how to care for this breed at home.","1","11137","","/search/?q=off-leash+parks; /search/?q=apartment+dog+breeds; /search/?q=dog+cost+calculator; /search/?q=puppy+names","","","0","https://leashfree.ca/dog-breeds/american-eskimo-dog/","no","no",""
"/dog-breeds/american-foxhound/","American Foxhound – Size, Energy & Grooming in Canada | LeashFree.ca","Meet the American Foxhound: smart and moderate-energy. Explore temperament, low-to-moderate shedding info, training, grooming and health to decide if it suit...","1","10933","","/search/?q=off-leash+parks; /search/?q=apartment+dog+breeds; /search/?q=dog+cost+calculator; /search/?q=puppy+names","","","0","https://leashfree.ca/dog-breeds/american-foxhound/","no","no",""
"/dog-breeds/american-hairless-terrier/","American Hairless Terrier – Traits, Shedding & Exercise | LeashFree.ca","Discover the American Hairless Terrier, a active companion. Learn about temperament, seasonal shedding habits, exercise and health tips to see if it fits Can...","1","11235","","/search/?q=off-leash+parks; /search/?q=apartment+dog+breeds; /search/?q=dog+cost+calculator; /search/?q=puppy+names","","","0","https://leashfree.ca/dog-breeds/american-hairless-terrier/","no","no",""
"/dog-breeds/american-leopard-hound/","American Leopard Hound – Traits, Shedding & Exercise | LeashFree.ca","Thinking about a American Leopard Hound? Get clear answers on temperament, exercise, moderate-shedding and health so Canadian families can choose with confid...","1","11289","","/search/?q=off-leash+parks; /search/?q=apartment+dog+breeds; /search/?q=dog+cost+calculator; /search/?q=puppy+names","","","0","https://leashfree.ca/dog-breeds/american-leopard-hound/","no","no",""
"/dog-breeds/american-staffordshire-terrier/","American Staffordshire Terrier – Breed Facts & Care | LeashFree.ca","Discover the American Staffordshire Terrier, a high-energy companion. Learn about temperament, moderate-shedding habits, exercise and health tips to see if i...","1","11512","","/search/?q=off-leash+parks; /search/?q=apartment+dog+breeds; /search/?q=dog+cost+calculator; /search/?q=puppy+names","","","0","https://leashfree.ca/dog-breeds/american-staffordshire-terrier/","no","no",""
"/dog-breeds/american-water-spaniel/","American Water Spaniel – Traits, Shedding & Exercise | LeashFree.ca","Discover the American Water Spaniel, a high-energy companion. Learn about temperament, seasonal shedding habits, exercise and health tips to see if it fits C...","1","11225","","/search/?q=off-leash+parks; /search/?q=apartment+dog+breeds; /search/?q=dog+cost+calculator; /search/?q=puppy+names","","","0","https://leashfree.ca/dog-breeds/american-water-spaniel/","no","no",""
"/dog-breeds/anatolian-shepherd-dog/","Anatolian Shepherd Dog – Traits, Shedding & Exercise | LeashFree.ca","Anatolian Shepherd Dog guide for Canadian owners: temperament, exercise needs, grooming and common health issues. Learn how to care for this breed at home.","1","11389","","/search/?q=off-leash+parks; /search/?q=apartment+dog+breeds; /search/?q=dog+cost+calculator; /search/?q=puppy+names","","","0","https://leashfree.ca/dog-breeds/anatolian-shepherd-dog/","no","no",""
"/dog-breeds/appenzeller-sennenhund/","Appenzeller Sennenhund – Traits, Shedding & Exercise | LeashFree.ca","Appenzeller Sennenhund guide for Canadian owners: temperament, exercise needs, grooming and common health issues. Learn how to care for this breed at home.","1","11020","","/search/?q=off-leash+parks; /search/?q=apartment+dog+breeds; /search/?q=dog+cost+calculator; /search/?q=puppy+names","","","0","https://leashfree.ca/dog-breeds/appenzeller-sennenhund/","no","no",""
"/dog-breeds/aussiedoodle/","Aussiedoodle – Traits, Shedding & Exercise in Canada | LeashFree.ca","Aussiedoodle guide for Canadian owners: temperament, exercise needs, grooming and common health issues. Learn how to care for this breed at home.","1","8782","","/search/?q=off-leash+parks; /search/?q=apartment+dog+breeds; /search/?q=dog+cost+calculator; /search/?q=puppy+names","","","0","https://leashfree.ca/dog-breeds/aussiedoodle/","no","no",""
"/dog-breeds/aussiedor/","Aussiedor – Traits, Shedding & Exercise in Canada | LeashFree.ca","Is the Aussiedor right for you? We cover temperament, training, moderate-shedding levels, exercise and health—plus practical advice for Canadian owners.","1","9224","","/search/?q=off-leash+parks; /search/?q=apartment+dog+breeds; /search/?q=dog+cost+calculator; /search/?q=puppy+names","","","0","https://leashfree.ca/dog-breeds/aussiedor/","no","no",""
"/dog-breeds/australian-cattle-dog/","Australian Cattle Dog – Traits, Shedding & Exercise | LeashFree.ca","Australian Cattle Dog guide for Canadian owners: temperament, exercise needs, grooming and common health issues. Learn how to care for this breed at home.","1","11048","","/search/?q=off-leash+parks; /search/?q=apartment+dog+breeds; /search/?q=dog+cost+calculator; /search/?q=puppy+names","","","0","https://leashfree.ca/dog-breeds/australian-cattle-dog/","no","no",""
"/dog-breeds/australian-kelpie/","Australian Kelpie – Size, Energy & Grooming in Canada | LeashFree.ca","Australian Kelpie guide for Canadian owners: temperament, exercise needs, grooming and common health issues. Learn how to care for this breed at home.","1","11375","","/search/?q=off-leash+parks; /search/?q=apartment+dog+breeds; /search/?q=dog+cost+calculator; /search/?q=puppy+names","","","0","https://leashfree.ca/dog-breeds/australian-kelpie/","no","no",""
"/dog-breeds/australian-shepherd/","Australian Shepherd – Size, Energy & Grooming in Canada | LeashFree.ca","Australian Shepherd guide for Canadian owners: temperament, exercise needs, grooming and common health issues. Learn how to care for this breed at home.","1","11891","","/search/?q=off-leash+parks; /search/?q=apartment+dog+breeds; /search/?q=dog+cost+calculator; /search/?q=puppy+names","","","0","https://leashfree.ca/dog-breeds/australian-shepherd/","no","no",""
"/dog-breeds/australian-stumpy-tail-cattle-dog/","Australian Stumpy Tail Cattle Dog – Breed Facts & Care | LeashFree.ca","Is the Australian Stumpy Tail Cattle Dog right for you? We cover temperament, training, low-to-moderate shedding levels, exercise and health—plus practical a...","1","9896","","/search/?q=off-leash+parks; /search/?q=apartment+dog+breeds; /search/?q=dog+cost+calculator; /search/?q=puppy+names","","","0","https://leashfree.ca/dog-breeds/australian-stumpy-tail-cattle-dog/","no","no",""
"/dog-breeds/australian-terrier/","Australian Terrier – Size, Energy & Grooming in Canada | LeashFree.ca","Meet the Australian Terrier: smart and moderate-energy. Explore temperament, low-to-moderate shedding info, training, grooming and health to decide if it sui...","1","10728","","/search/?q=off-leash+parks; /search/?q=apartment+dog+breeds; /search/?q=dog+cost+calculator; /search/?q=puppy+names","","","0","https://leashfree.ca/dog-breeds/australian-terrier/","no","no",""
"/dog-breeds/azawakh/","Azawakh – Traits, Shedding & Exercise in Canada | LeashFree.ca","Azawakh guide for Canadian owners: temperament, exercise needs, grooming and common health issues. Learn how to care for this breed at home.","1","11298","","/search/?q=off-leash+parks; /search/?q=apartment+dog+breeds; /search/?q=dog+cost+calculator; /search/?q=puppy+names","","","0","https://leashfree.ca/dog-breeds/azawakh/","no","no",""
"/dog-breeds/barbado-da-terceira/","Barbado da Terceira – Size, Energy & Grooming in Canada | LeashFree.ca","Thinking about a Barbado da Terceira? Get clear answers on temperament, exercise, moderate-shedding and health so Canadian families can choose with confidence.","1","11637","","/search/?q=off-leash+parks; /search/?q=apartment+dog+breeds; /search/?q=dog+cost+calculator; /search/?q=puppy+names","","","0","https://leashfree.ca/dog-breeds/barbado-da-terceira/","no","no",""
"/dog-breeds/barbet/","Barbet – Traits, Shedding & Exercise in Canada | LeashFree.ca","Thinking about a Barbet? Get clear answers on temperament, exercise, moderate-shedding and health so Canadian families can choose with confidence.","1","11557","","/search/?q=off-leash+parks; /search/?q=apartment+dog+breeds; /search/?q=dog+cost+calculator; /search/?q=puppy+names","","","0","https://leashfree.ca/dog-breeds/barbet/","no","no",""
"/dog-breeds/basenji/","Basenji – Traits, Shedding & Exercise in Canada | LeashFree.ca","Is the Basenji right for you? We cover temperament, training, seasonal shedding levels, exercise and health—plus practical advice for Canadian owners.","1","11268","","/search/?q=off-leash+parks; /search/?q=apartment+dog+breeds; /search/?q=dog+cost+calculator; /search/?q=puppy+names","","","0","https://leashfree.ca/dog-breeds/basenji/","no","no",""
"/dog-breeds/basset-fauve-de-bretagne/","Basset Fauve de Bretagne – Traits, Shedding & Exercise | LeashFree.ca","Discover the Basset Fauve de Bretagne, a adaptable companion. Learn about temperament, low-to-moderate shedding habits, exercise and health tips to see if it...","1","11484","","/search/?q=off-leash+parks; /search/?q=apartment+dog+breeds; /search/?q=dog+cost+calculator; /search/?q=puppy+names","","","0","https://leashfree.ca/dog-breeds/basset-fauve-de-bretagne/","no","no",""
"/dog-breeds/basset-hound/","Basset Hound – Traits, Shedding & Exercise in Canada | LeashFree.ca","Is the Basset Hound right for you? We cover temperament, training, moderate-shedding levels, exercise and health—plus practical advice for Canadian owners.","1","10757","","/search/?q=off-leash+parks; /search/?q=apartment+dog+breeds; /search/?q=dog+cost+calculator; /search/?q=puppy+names","","","0","https://leashfree.ca/dog-breeds/basset-hound/","no","no",""
"/dog-breeds/beagle/","Beagle – Traits, Shedding & Exercise in Canada | LeashFree.ca","Meet the Beagle: smart and active. Explore temperament, seasonal shedding info, training, grooming and health to decide if it suits your lifestyle in Canada.","1","11156","","/search/?q=off-leash+parks; /search/?q=apartment+dog+breeds; /search/?q=dog+cost+calculator; /search/?q=puppy+names","","","0","https://leashfree.ca/dog-breeds/beagle/","no","no",""
"/dog-breeds/bearded-collie/","Bearded Collie – Traits, Shedding & Exercise in Canada | LeashFree.ca","Bearded Collie guide for Canadian owners: temperament, exercise needs, grooming and common health issues. Learn how to care for this breed at home.","1","10016","","/search/?q=off-leash+parks; /search/?q=apartment+dog+breeds; /search/?q=dog+cost+calculator; /search/?q=puppy+names","","","0","https://leashfree.ca/dog-breeds/bearded-collie/","no","no",""
"/dog-breeds/beauceron/","Beauceron – Traits, Shedding & Exercise in Canada | LeashFree.ca","Discover the Beauceron, a active companion. Learn about temperament, moderate-shedding habits, exercise and health tips to see if it fits Canadian families.","1","9796","","/search/?q=off-leash+parks; /search/?q=apartment+dog+breeds; /search/?q=dog+cost+calculator; /search/?q=puppy+names","","","0","https://leashfree.ca/dog-breeds/beauceron/","no","no",""
"/dog-breeds/bedlington-terrier/","Bedlington Terrier – Size, Energy & Grooming in Canada | LeashFree.ca","Bedlington Terrier guide for Canadian owners: temperament, exercise needs, grooming and common health issues. Learn how to care for this breed at home.","1","9844","","/search/?q=off-leash+parks; /search/?q=apartment+dog+breeds; /search/?q=dog+cost+calculator; /search/?q=puppy+names","","","0","https://leashfree.ca/dog-breeds/bedlington-terrier/","no","no",""
"/dog-breeds/belgian-laekenois/","Belgian Laekenois – Size, Energy & Grooming in Canada | LeashFree.ca","Is the Belgian Laekenois right for you? We cover temperament, training, seasonal shedding levels, exercise and health—plus practical advice for Canadian owners.","1","9840","","/search/?q=off-leash+parks; /search/?q=apartment+dog+breeds; /search/?q=dog+cost+calculator; /search/?q=puppy+names; /dog-breeds/miniature-american-shepherd-2/","","","0","https://leashfree.ca/dog-breeds/belgian-laekenois/","no","no",""
"/dog-breeds/belgian-malinois/","Belgian Malinois – Size, Energy & Grooming in Canada | LeashFree.ca","Belgian Malinois guide for Canadian owners: temperament, exercise needs, grooming and common health issues. Learn how to care for this breed at home.","1","9634","","/search/?q=off-leash+parks; /search/?q=apartment+dog+breeds; /search/?q=dog+cost+calculator; /search/?q=puppy+names","","","0","https://leashfree.ca/dog-breeds/belgian-malinois/","no","no",""
"/dog-breeds/belgian-sheepdog/","Belgian Sheepdog – Size, Energy & Grooming in Canada | LeashFree.ca","Discover the Belgian Sheepdog, a high-energy companion. Learn about temperament, moderate-shedding habits, exercise and health tips to see if it fits Canadia...","1","9259","","/search/?q=off-leash+parks; /search/?q=apartment+dog+breeds; /search/?q=dog+cost+calculator; /search/?q=puppy+names","","","0","https://leashfree.ca/dog-breeds/belgian-sheepdog/","no","no",""
"/dog-breeds/belgian-tervuren/","Belgian Tervuren – Size, Energy & Grooming in Canada | LeashFree.ca","Belgian Tervuren guide for Canadian owners: temperament, exercise needs, grooming and common health issues. Learn how to care for this breed at home.","1","9110","","/search/?q=off-leash+parks; /search/?q=apartment+dog+breeds; /search/?q=dog+cost+calculator; /search/?q=puppy+names","","","0","https://leashfree.ca/dog-breeds/belgian-tervuren/","no","no",""
"/dog-breeds/bergamasco-sheepdog/","Bergamasco Sheepdog – Size, Energy & Grooming in Canada | LeashFree.ca","Bergamasco Sheepdog guide for Canadian owners: temperament, exercise needs, grooming and common health issues. Learn how to care for this breed at home.","1","9562","","/search/?q=off-leash+parks; /search/?q=apartment+dog+breeds; /search/?q=dog+cost+calculator; /search/?q=puppy+names","","","0","https://leashfree.ca/dog-breeds/bergamasco-sheepdog/","no","no",""
"/dog-breeds/berger-picard/","Berger Picard – Traits, Shedding & Exercise in Canada | LeashFree.ca","Berger Picard guide for Canadian owners: temperament, exercise needs, grooming and common health issues. Learn how to care for this breed at home.","1","9227","","/search/?q=off-leash+parks; /search/?q=apartment+dog+breeds; /search/?q=dog+cost+calculator; /search/?q=puppy+names","","","0","https://leashfree.ca/dog-breeds/berger-picard/","no","no",""
"/dog-breeds/bernedoodle/","Bernedoodle – Traits, Shedding & Exercise in Canada | LeashFree.ca","Is the Bernedoodle right for you? We cover temperament, training, low-to-moderate shedding levels, exercise and health—plus practical advice for Canadian own...","1","8954","","/search/?q=off-leash+parks; /search/?q=apartment+dog+breeds; /search/?q=dog+cost+calculator; /search/?q=puppy+names","","","0","https://leashfree.ca/dog-breeds/bernedoodle/","no","no",""
"/dog-breeds/bernese-mountain-dog/","Bernese Mountain Dog – Traits, Shedding & Exercise | LeashFree.ca","Meet the Bernese Mountain Dog: smart and active. Explore temperament, low-to-moderate shedding info, training, grooming and health to decide if it suits your...","1","10712","","/search/?q=off-leash+parks; /search/?q=apartment+dog+breeds; /search/?q=dog+cost+calculator; /search/?q=puppy+names","","","0","https://leashfree.ca/dog-breeds/bernese-mountain-dog/","no","no",""
"/dog-breeds/bichon-frise/","Bichon Frise – Traits, Shedding & Exercise in Canada | LeashFree.ca","Meet the Bichon Frise: smart and high-energy. Explore temperament, low-to-moderate shedding info, training, grooming and health to decide if it suits your li...","1","9602","","/search/?q=off-leash+parks; /search/?q=apartment+dog+breeds; /search/?q=dog+cost+calculator; /search/?q=puppy+names","","","0","https://leashfree.ca/dog-breeds/bichon-frise/","no","no",""
"/dog-breeds/biewer-terrier/","Biewer Terrier – Traits, Shedding & Exercise in Canada | LeashFree.ca","Thinking about a Biewer Terrier? Get clear answers on temperament, exercise, seasonal shedding and health so Canadian families can choose with confidence.","1","9377","","/search/?q=off-leash+parks; /search/?q=apartment+dog+breeds; /search/?q=dog+cost+calculator; /search/?q=puppy+names","","","0","https://leashfree.ca/dog-breeds/biewer-terrier/","no","no",""
"/dog-breeds/black-and-tan-coonhound/","Black and Tan Coonhound – Traits, Shedding & Exercise | LeashFree.ca","Black and Tan Coonhound guide for Canadian owners: temperament, exercise needs, grooming and common health issues. Learn how to care for this breed at home.","1","9224","","/search/?q=off-leash+parks; /search/?q=apartment+dog+breeds; /search/?q=dog+cost+calculator; /search/?q=puppy+names","","","0","https://leashfree.ca/dog-breeds/black-and-tan-coonhound/","no","no",""
"/dog-breeds/black-russian-terrier/","Black Russian Terrier – Traits, Shedding & Exercise | LeashFree.ca","Thinking about a Black Russian Terrier? Get clear answers on temperament, exercise, low-to-moderate shedding and health so Canadian families can choose with...","1","9625","","/search/?q=off-leash+parks; /search/?q=apartment+dog+breeds; /search/?q=dog+cost+calculator; /search/?q=puppy+names","","","0","https://leashfree.ca/dog-breeds/black-russian-terrier/","no","no",""
"/dog-breeds/bloodhound/","Bloodhound – Traits, Shedding & Exercise in Canada | LeashFree.ca","Is the Bloodhound right for you? We cover temperament, training, low-to-moderate shedding levels, exercise and health—plus practical advice for Canadian owners.","1","10744","","/search/?q=off-leash+parks; /search/?q=apartment+dog+breeds; /search/?q=dog+cost+calculator; /search/?q=puppy+names","","","0","https://leashfree.ca/dog-breeds/bloodhound/","no","no",""
"/dog-breeds/bluetick-coonhound/","Bluetick Coonhound – Size, Energy & Grooming in Canada | LeashFree.ca","Discover the Bluetick Coonhound, a active companion. Learn about temperament, seasonal shedding habits, exercise and health tips to see if it fits Canadian f...","1","9154","","/search/?q=off-leash+parks; /search/?q=apartment+dog+breeds; /search/?q=dog+cost+calculator; /search/?q=puppy+names","","","0","https://leashfree.ca/dog-breeds/bluetick-coonhound/","no","no",""
"/dog-breeds/boerboel/","Boerboel – Traits, Shedding & Exercise in Canada | LeashFree.ca","Is the Boerboel right for you? We cover temperament, training, moderate-shedding levels, exercise and health—plus practical advice for Canadian owners.","1","9184","","/search/?q=off-leash+parks; /search/?q=apartment+dog+breeds; /search/?q=dog+cost+calculator; /search/?q=puppy+names","","","0","https://leashfree.ca/dog-breeds/boerboel/","no","no",""
"/dog-breeds/borador/","Borador – Traits, Shedding & Exercise in Canada | LeashFree.ca","Discover the Borador, a active companion. Learn about temperament, moderate-shedding habits, exercise and health tips to see if it fits Canadian families.","1","9280","","/search/?q=off-leash+parks; /search/?q=apartment+dog+breeds; /search/?q=dog+cost+calculator; /search/?q=puppy+names","","","0","https://leashfree.ca/dog-breeds/borador/","no","no",""
"/dog-breeds/border-collie/","Border Collie – Traits, Shedding & Exercise in Canada | LeashFree.ca","Border Collie guide for Canadian owners: temperament, exercise needs, grooming and common health issues. Learn how to care for this breed at home.","1","11300","","/search/?q=off-leash+parks; /search/?q=apartment+dog+breeds; /search/?q=dog+cost+calculator; /search/?q=puppy+names","","","0","https://leashfree.ca/dog-breeds/border-collie/","no","no",""
"/dog-breeds/border-terrier/","Border Terrier – Traits, Shedding & Exercise in Canada | LeashFree.ca","Meet the Border Terrier: smart and high-energy. Explore temperament, seasonal shedding info, training, grooming and health to decide if it suits your lifesty...","1","9088","","/search/?q=off-leash+parks; /search/?q=apartment+dog+breeds; /search/?q=dog+cost+calculator; /search/?q=puppy+names","","","0","https://leashfree.ca/dog-breeds/border-terrier/","no","no",""
"/dog-breeds/bordoodle/","Bordoodle – Traits, Shedding & Exercise in Canada | LeashFree.ca","Thinking about a Bordoodle? Get clear answers on temperament, exercise, moderate-shedding and health so Canadian families can choose with confidence.","1","8111","","/search/?q=off-leash+parks; /search/?q=apartment+dog+breeds; /search/?q=dog+cost+calculator; /search/?q=puppy+names","","","0","https://leashfree.ca/dog-breeds/bordoodle/","no","no",""
"/dog-breeds/borzoi/","Borzoi – Traits, Shedding & Exercise in Canada | LeashFree.ca","Meet the Borzoi: smart and adaptable. Explore temperament, low-to-moderate shedding info, training, grooming and health to decide if it suits your lifestyle...","1","9168","","/search/?q=off-leash+parks; /search/?q=apartment+dog+breeds; /search/?q=dog+cost+calculator; /search/?q=puppy+names","","","0","https://leashfree.ca/dog-breeds/borzoi/","no","no",""
"/dog-breeds/boston-terrier/","Boston Terrier – Traits, Shedding & Exercise in Canada | LeashFree.ca","Discover the Boston Terrier, a high-energy companion. Learn about temperament, low-to-moderate shedding habits, exercise and health tips to see if it fits Ca...","1","9244","","/search/?q=off-leash+parks; /search/?q=apartment+dog+breeds; /search/?q=dog+cost+calculator; /search/?q=puppy+names","","","0","https://leashfree.ca/dog-breeds/boston-terrier/","no","no",""
"/dog-breeds/bouvier-des-flandres/","Bouvier des Flandres – Traits, Shedding & Exercise | LeashFree.ca","Meet the Bouvier des Flandres: smart and moderate-energy. Explore temperament, seasonal shedding info, training, grooming and health to decide if it suits yo...","1","9292","","/search/?q=off-leash+parks; /search/?q=apartment+dog+breeds; /search/?q=dog+cost+calculator; /search/?q=puppy+names","","","0","https://leashfree.ca/dog-breeds/bouvier-des-flandres/","no","no",""
"/dog-breeds/boxer/","Boxer – Traits, Shedding & Exercise in Canada | LeashFree.ca","Discover the Boxer, a active companion. Learn about temperament, moderate-shedding habits, exercise and health tips to see if it fits Canadian families.","1","10417","","/search/?q=off-leash+parks; /search/?q=apartment+dog+breeds; /search/?q=dog+cost+calculator; /search/?q=puppy+names","","","0","https://leashfree.ca/dog-breeds/boxer/","no","no",""
"/dog-breeds/boykin-spaniel/","Boykin Spaniel – Traits, Shedding & Exercise in Canada | LeashFree.ca","Boykin Spaniel guide for Canadian owners: temperament, exercise needs, grooming and common health issues. Learn how to care for this breed at home.","1","6462","","/search/?q=off-leash+parks; /search/?q=apartment+dog+breeds; /search/?q=dog+cost+calculator; /search/?q=puppy+names","","","0","https://leashfree.ca/dog-breeds/boykin-spaniel/","no","no",""
"/dog-breeds/bracco-italiano/","Bracco Italiano – Traits, Shedding & Exercise in Canada | LeashFree.ca","Is the Bracco Italiano right for you? We cover temperament, training, low-to-moderate shedding levels, exercise and health—plus practical advice for Canadian...","1","12274","","/search/?q=off-leash+parks; /search/?q=apartment+dog+breeds; /search/?q=dog+cost+calculator; /search/?q=puppy+names","","","0","https://leashfree.ca/dog-breeds/bracco-italiano/","no","no",""
"/dog-breeds/braque-du-bourbonnais/","Braque du Bourbonnais – Traits, Shedding & Exercise | LeashFree.ca","Meet the Braque du Bourbonnais: smart and adaptable. Explore temperament, low-to-moderate shedding info, training, grooming and health to decide if it suits...","1","12704","","/search/?q=off-leash+parks; /search/?q=apartment+dog+breeds; /search/?q=dog+cost+calculator; /search/?q=puppy+names","","","0","https://leashfree.ca/dog-breeds/braque-du-bourbonnais/","no","no",""
"/dog-breeds/briard/","Briard – Traits, Shedding & Exercise in Canada | LeashFree.ca","Is the Briard right for you? We cover temperament, training, seasonal shedding levels, exercise and health—plus practical advice for Canadian owners.","1","12610","","/search/?q=off-leash+parks; /search/?q=apartment+dog+breeds; /search/?q=dog+cost+calculator; /search/?q=puppy+names","","","0","https://leashfree.ca/dog-breeds/briard/","no","no",""
"/dog-breeds/brittany/","Brittany – Traits, Shedding & Exercise in Canada | LeashFree.ca","Discover the Brittany, a adaptable companion. Learn about temperament, moderate-shedding habits, exercise and health tips to see if it fits Canadian families.","1","11228","","/search/?q=off-leash+parks; /search/?q=apartment+dog+breeds; /search/?q=dog+cost+calculator; /search/?q=puppy+names","","","0","https://leashfree.ca/dog-breeds/brittany/","no","no",""
"/dog-breeds/broholmer/","Broholmer – Traits, Shedding & Exercise in Canada | LeashFree.ca","Is the Broholmer right for you? We cover temperament, training, low-to-moderate shedding levels, exercise and health—plus practical advice for Canadian owners.","1","12241","","/search/?q=off-leash+parks; /search/?q=apartment+dog+breeds; /search/?q=dog+cost+calculator; /search/?q=puppy+names","","","0","https://leashfree.ca/dog-breeds/broholmer/","no","no",""
"/dog-breeds/brussels-griffon/","Brussels Griffon – Size, Energy & Grooming in Canada | LeashFree.ca","Meet the Brussels Griffon: smart and adaptable. Explore temperament, seasonal shedding info, training, grooming and health to decide if it suits your lifesty...","1","12105","","/search/?q=off-leash+parks; /search/?q=apartment+dog+breeds; /search/?q=dog+cost+calculator; /search/?q=puppy+names","","","0","https://leashfree.ca/dog-breeds/brussels-griffon/","no","no",""
"/dog-breeds/bugg-pugston/","Bugg (Pugston) – Traits, Shedding & Exercise in Canada | LeashFree.ca","Is the Bugg (Pugston) right for you? We cover temperament, training, low-to-moderate shedding levels, exercise and health—plus practical advice for Canadian...","1","8945","","/search/?q=off-leash+parks; /search/?q=apartment+dog+breeds; /search/?q=dog+cost+calculator; /search/?q=puppy+names","","","0","https://leashfree.ca/dog-breeds/bugg-pugston/","no","no",""
"/dog-breeds/bull-terrier/","Bull Terrier – Traits, Shedding & Exercise in Canada | LeashFree.ca","Bull Terrier guide for Canadian owners: temperament, exercise needs, grooming and common health issues. Learn how to care for this breed at home.","1","12492","","/search/?q=off-leash+parks; /search/?q=apartment+dog+breeds; /search/?q=dog+cost+calculator; /search/?q=puppy+names","","","0","https://leashfree.ca/dog-breeds/bull-terrier/","no","no",""
"/dog-breeds/bulldog/","Bulldog – Traits, Shedding & Exercise in Canada | LeashFree.ca","Thinking about a Bulldog? Get clear answers on temperament, exercise, seasonal shedding and health so Canadian families can choose with confidence.","1","12214","","/search/?q=off-leash+parks; /search/?q=apartment+dog+breeds; /search/?q=dog+cost+calculator; /search/?q=puppy+names","","","0","https://leashfree.ca/dog-breeds/bulldog/","no","no",""
"/dog-breeds/bullmastiff/","Bullmastiff – Traits, Shedding & Exercise in Canada | LeashFree.ca","Bullmastiff guide for Canadian owners: temperament, exercise needs, grooming and common health issues. Learn how to care for this breed at home.","1","12488","","/search/?q=off-leash+parks; /search/?q=apartment+dog+breeds; /search/?q=dog+cost+calculator; /search/?q=puppy+names","","","0","https://leashfree.ca/dog-breeds/bullmastiff/","no","no",""
"/dog-breeds/cairn-terrier/","Cairn Terrier – Traits, Shedding & Exercise in Canada | LeashFree.ca","Thinking about a Cairn Terrier? Get clear answers on temperament, exercise, moderate-shedding and health so Canadian families can choose with confidence.","1","12102","","/search/?q=off-leash+parks; /search/?q=apartment+dog+breeds; /search/?q=dog+cost+calculator; /search/?q=puppy+names","","","0","https://leashfree.ca/dog-breeds/cairn-terrier/","no","no",""
"/dog-breeds/canaan-dog/","Canaan Dog – Traits, Shedding & Exercise in Canada | LeashFree.ca","Discover the Canaan Dog, a moderate-energy companion. Learn about temperament, low-to-moderate shedding habits, exercise and health tips to see if it fits Ca...","1","12516","","/search/?q=off-leash+parks; /search/?q=apartment+dog+breeds; /search/?q=dog+cost+calculator; /search/?q=puppy+names","","","0","https://leashfree.ca/dog-breeds/canaan-dog/","no","no",""
"/dog-breeds/cane-corso/","Cane Corso – Traits, Shedding & Exercise in Canada | LeashFree.ca","Thinking about a Cane Corso? Get clear answers on temperament, exercise, moderate-shedding and health so Canadian families can choose with confidence.","1","13329","","/search/?q=off-leash+parks; /search/?q=apartment+dog+breeds; /search/?q=dog+cost+calculator; /search/?q=puppy+names","","","0","https://leashfree.ca/dog-breeds/cane-corso/","no","no",""
"/dog-breeds/cardigan-welsh-corgi/","Cardigan Welsh Corgi – Traits, Shedding & Exercise | LeashFree.ca","Discover the Cardigan Welsh Corgi, a active companion. Learn about temperament, moderate-shedding habits, exercise and health tips to see if it fits Canadian...","1","12563","","/search/?q=off-leash+parks; /search/?q=apartment+dog+breeds; /search/?q=dog+cost+calculator; /search/?q=puppy+names","","","0","https://leashfree.ca/dog-breeds/cardigan-welsh-corgi/","no","no",""
"/dog-breeds/carolina-dog/","Carolina Dog – Traits, Shedding & Exercise in Canada | LeashFree.ca","Discover the Carolina Dog, a active companion. Learn about temperament, moderate-shedding habits, exercise and health tips to see if it fits Canadian families.","1","12581","","/search/?q=off-leash+parks; /search/?q=apartment+dog+breeds; /search/?q=dog+cost+calculator; /search/?q=puppy+names","","","0","https://leashfree.ca/dog-breeds/carolina-dog/","no","no",""
"/dog-breeds/catahoula-leopard-dog/","Catahoula Leopard Dog – Traits, Shedding & Exercise | LeashFree.ca","Thinking about a Catahoula Leopard Dog? Get clear answers on temperament, exercise, low-to-moderate shedding and health so Canadian families can choose with...","1","13189","","/search/?q=off-leash+parks; /search/?q=apartment+dog+breeds; /search/?q=dog+cost+calculator; /search/?q=puppy+names","","","0","https://leashfree.ca/dog-breeds/catahoula-leopard-dog/","no","no",""
"/dog-breeds/caucasian-shepherd-dog/","Caucasian Shepherd Dog – Traits, Shedding & Exercise | LeashFree.ca","Discover the Caucasian Shepherd Dog, a active companion. Learn about temperament, moderate-shedding habits, exercise and health tips to see if it fits Canadi...","1","13269","","/search/?q=off-leash+parks; /search/?q=apartment+dog+breeds; /search/?q=dog+cost+calculator; /search/?q=puppy+names","","","0","https://leashfree.ca/dog-breeds/caucasian-shepherd-dog/","no","no",""
"/dog-breeds/cavalier-king-charles-spaniel/","Cavalier King Charles Spaniel – Breed Facts & Care | LeashFree.ca","Is the Cavalier King Charles Spaniel right for you? We cover temperament, training, seasonal shedding levels, exercise and health—plus practical advice for C...","1","9985","","/search/?q=off-leash+parks; /search/?q=apartment+dog+breeds; /search/?q=dog+cost+calculator; /search/?q=puppy+names","","","0","https://leashfree.ca/dog-breeds/cavalier-king-charles-spaniel/","no","no",""
"/dog-breeds/cavapoo/","Cavapoo – Traits, Shedding & Exercise in Canada | LeashFree.ca","Meet the Cavapoo: smart and high-energy. Explore temperament, seasonal shedding info, training, grooming and health to decide if it suits your lifestyle in C...","1","8040","","/search/?q=off-leash+parks; /search/?q=apartment+dog+breeds; /search/?q=dog+cost+calculator; /search/?q=puppy+names","","","0","https://leashfree.ca/dog-breeds/cavapoo/","no","no",""
"/dog-breeds/central-asian-shepherd-dog/","Central Asian Shepherd Dog – Breed Facts & Care | LeashFree.ca","Central Asian Shepherd Dog guide for Canadian owners: temperament, exercise needs, grooming and common health issues. Learn how to care for this breed at home.","1","13709","","/search/?q=off-leash+parks; /search/?q=apartment+dog+breeds; /search/?q=dog+cost+calculator; /search/?q=puppy+names","","","0","https://leashfree.ca/dog-breeds/central-asian-shepherd-dog/","no","no",""
"/dog-breeds/cesky-terrier/","Cesky Terrier – Traits, Shedding & Exercise in Canada | LeashFree.ca","Thinking about a Cesky Terrier? Get clear answers on temperament, exercise, seasonal shedding and health so Canadian families can choose with confidence.","1","11677","","/search/?q=off-leash+parks; /search/?q=apartment+dog+breeds; /search/?q=dog+cost+calculator; /search/?q=puppy+names","","","0","https://leashfree.ca/dog-breeds/cesky-terrier/","no","no",""
"/dog-breeds/chesapeake-bay-retriever/","Chesapeake Bay Retriever – Traits, Shedding & Exercise | LeashFree.ca","Thinking about a Chesapeake Bay Retriever? Get clear answers on temperament, exercise, low-to-moderate shedding and health so Canadian families can choose wi...","1","13066","","/search/?q=off-leash+parks; /search/?q=apartment+dog+breeds; /search/?q=dog+cost+calculator; /search/?q=puppy+names","","","0","https://leashfree.ca/dog-breeds/chesapeake-bay-retriever/","no","no",""
"/dog-breeds/chihuahua/","Chihuahua – Traits, Shedding & Exercise in Canada | LeashFree.ca","Chihuahua guide for Canadian owners: temperament, exercise needs, grooming and common health issues. Learn how to care for this breed at home.","1","12516","","/search/?q=off-leash+parks; /search/?q=apartment+dog+breeds; /search/?q=dog+cost+calculator; /search/?q=puppy+names","","","0","https://leashfree.ca/dog-breeds/chihuahua/","no","no",""
"/dog-breeds/chinese-crested/","Chinese Crested – Traits, Shedding & Exercise in Canada | LeashFree.ca","Chinese Crested guide for Canadian owners: temperament, exercise needs, grooming and common health issues. Learn how to care for this breed at home.","1","12807","","/search/?q=off-leash+parks; /search/?q=apartment+dog+breeds; /search/?q=dog+cost+calculator; /search/?q=puppy+names","","","0","https://leashfree.ca/dog-breeds/chinese-crested/","no","no",""
"/dog-breeds/chinese-shar-pei/","Chinese Shar-Pei – Size, Energy & Grooming in Canada | LeashFree.ca","Chinese Shar-Pei guide for Canadian owners: temperament, exercise needs, grooming and common health issues. Learn how to care for this breed at home.","1","12805","","/search/?q=off-leash+parks; /search/?q=apartment+dog+breeds; /search/?q=dog+cost+calculator; /search/?q=puppy+names","","","0","https://leashfree.ca/dog-breeds/chinese-shar-pei/","no","no",""
"/dog-breeds/chinook/","Chinook – Traits, Shedding & Exercise in Canada | LeashFree.ca","Thinking about a Chinook? Get clear answers on temperament, exercise, moderate-shedding and health so Canadian families can choose with confidence.","1","12836","","/search/?q=off-leash+parks; /search/?q=apartment+dog+breeds; /search/?q=dog+cost+calculator; /search/?q=puppy+names","","","0","https://leashfree.ca/dog-breeds/chinook/","no","no",""
"/dog-breeds/chiweenie/","Chiweenie – Traits, Shedding & Exercise in Canada | LeashFree.ca","Chiweenie guide for Canadian owners: temperament, exercise needs, grooming and common health issues. Learn how to care for this breed at home.","1","8867","","/search/?q=off-leash+parks; /search/?q=apartment+dog+breeds; /search/?q=dog+cost+calculator; /search/?q=puppy+names","","","0","https://leashfree.ca/dog-breeds/chiweenie/","no","no",""
"/dog-breeds/chow-chow/","Chow Chow – Traits, Shedding & Exercise in Canada | LeashFree.ca","Thinking about a Chow Chow? Get clear answers on temperament, exercise, moderate-shedding and health so Canadian families can choose with confidence.","1","12778","","/search/?q=off-leash+parks; /search/?q=apartment+dog+breeds; /search/?q=dog+cost+calculator; /search/?q=puppy+names","","","0","https://leashfree.ca/dog-breeds/chow-chow/","no","no",""
"/dog-breeds/cirneco-delletna/","Cirneco dell’Etna – Size, Energy & Grooming in Canada | LeashFree.ca","Thinking about a Cirneco dell’Etna? Get clear answers on temperament, exercise, seasonal shedding and health so Canadian families can choose with confidence.","1","12311","","/search/?q=off-leash+parks; /search/?q=apartment+dog+breeds; /search/?q=dog+cost+calculator; /search/?q=puppy+names","","","0","https://leashfree.ca/dog-breeds/cirneco-delletna/","no","no",""
"/dog-breeds/clumber-spaniel/","Clumber Spaniel – Traits, Shedding & Exercise in Canada | LeashFree.ca","Clumber Spaniel guide for Canadian owners: temperament, exercise needs, grooming and common health issues. Learn how to care for this breed at home.","1","11198","","/search/?q=off-leash+parks; /search/?q=apartment+dog+breeds; /search/?q=dog+cost+calculator; /search/?q=puppy+names","","","0","https://leashfree.ca/dog-breeds/clumber-spaniel/","no","no",""
"/dog-breeds/cockapoo/","Cockapoo – Traits, Shedding & Exercise in Canada | LeashFree.ca","Discover the Cockapoo, a adaptable companion. Learn about temperament, seasonal shedding habits, exercise and health tips to see if it fits Canadian families.","1","7957","","/search/?q=off-leash+parks; /search/?q=apartment+dog+breeds; /search/?q=dog+cost+calculator; /search/?q=puppy+names","","","0","https://leashfree.ca/dog-breeds/cockapoo/","no","no",""
"/dog-breeds/cocker-spaniel/","Cocker Spaniel – Traits, Shedding & Exercise in Canada | LeashFree.ca","Discover the Cocker Spaniel, a adaptable companion. Learn about temperament, seasonal shedding habits, exercise and health tips to see if it fits Canadian fa...","1","11051","","/search/?q=off-leash+parks; /search/?q=apartment+dog+breeds; /search/?q=dog+cost+calculator; /search/?q=puppy+names","","","0","https://leashfree.ca/dog-breeds/cocker-spaniel/","no","no",""
"/dog-breeds/collie/","Collie – Traits, Shedding & Exercise in Canada | LeashFree.ca","Collie guide for Canadian owners: temperament, exercise needs, grooming and common health issues. Learn how to care for this breed at home.","1","11006","","/search/?q=off-leash+parks; /search/?q=apartment+dog+breeds; /search/?q=dog+cost+calculator; /search/?q=puppy+names","","","0","https://leashfree.ca/dog-breeds/collie/","no","no",""
"/dog-breeds/coton-de-tulear/","Coton de Tulear – Traits, Shedding & Exercise in Canada | LeashFree.ca","Meet the Coton de Tulear: smart and adaptable. Explore temperament, moderate-shedding info, training, grooming and health to decide if it suits your lifestyl...","1","11166","","/search/?q=off-leash+parks; /search/?q=apartment+dog+breeds; /search/?q=dog+cost+calculator; /search/?q=puppy+names","","","0","https://leashfree.ca/dog-breeds/coton-de-tulear/","no","no",""
"/dog-breeds/croatian-sheepdog/","Croatian Sheepdog – Size, Energy & Grooming in Canada | LeashFree.ca","Discover the Croatian Sheepdog, a active companion. Learn about temperament, low-to-moderate shedding habits, exercise and health tips to see if it fits Cana...","1","10844","","/search/?q=off-leash+parks; /search/?q=apartment+dog+breeds; /search/?q=dog+cost+calculator; /search/?q=puppy+names","","","0","https://leashfree.ca/dog-breeds/croatian-sheepdog/","no","no",""
"/dog-breeds/curly-coated-retriever/","Curly-Coated Retriever – Traits, Shedding & Exercise | LeashFree.ca","Thinking about a Curly-Coated Retriever? Get clear answers on temperament, exercise, seasonal shedding and health so Canadian families can choose with confid...","1","11170","","/search/?q=off-leash+parks; /search/?q=apartment+dog+breeds; /search/?q=dog+cost+calculator; /search/?q=puppy+names","","","0","https://leashfree.ca/dog-breeds/curly-coated-retriever/","no","no",""
"/dog-breeds/czechoslovakian-vlcak/","Czechoslovakian Vlcak – Traits, Shedding & Exercise | LeashFree.ca","Is the Czechoslovakian Vlcak right for you? We cover temperament, training, seasonal shedding levels, exercise and health—plus practical advice for Canadian...","1","10882","","/search/?q=off-leash+parks; /search/?q=apartment+dog+breeds; /search/?q=dog+cost+calculator; /search/?q=puppy+names","","","0","https://leashfree.ca/dog-breeds/czechoslovakian-vlcak/","no","no",""
"/dog-breeds/dachshund/","Dachshund – Traits, Shedding & Exercise in Canada | LeashFree.ca","Discover the Dachshund, a moderate-energy companion. Learn about temperament, seasonal shedding habits, exercise and health tips to see if it fits Canadian f...","1","10850","","/search/?q=off-leash+parks; /search/?q=apartment+dog+breeds; /search/?q=dog+cost+calculator; /search/?q=puppy+names","","","0","https://leashfree.ca/dog-breeds/dachshund/","no","no",""
"/dog-breeds/dalmatian/","Dalmatian – Traits, Shedding & Exercise in Canada | LeashFree.ca","Is the Dalmatian right for you? We cover temperament, training, moderate-shedding levels, exercise and health—plus practical advice for Canadian owners.","1","10747","","/search/?q=off-leash+parks; /search/?q=apartment+dog+breeds; /search/?q=dog+cost+calculator; /search/?q=puppy+names","","","0","https://leashfree.ca/dog-breeds/dalmatian/","no","no",""
"/dog-breeds/dandie-dinmont-terrier/","Dandie Dinmont Terrier – Traits, Shedding & Exercise | LeashFree.ca","Meet the Dandie Dinmont Terrier: smart and moderate-energy. Explore temperament, moderate-shedding info, training, grooming and health to decide if it suits...","1","12697","","/search/?q=off-leash+parks; /search/?q=apartment+dog+breeds; /search/?q=dog+cost+calculator; /search/?q=puppy+names","","","0","https://leashfree.ca/dog-breeds/dandie-dinmont-terrier/","no","no",""
"/dog-breeds/danish-swedish-farmdog/","Danish-Swedish Farmdog – Traits, Shedding & Exercise | LeashFree.ca","Is the Danish-Swedish Farmdog right for you? We cover temperament, training, low-to-moderate shedding levels, exercise and health—plus practical advice for C...","1","11144","","/search/?q=off-leash+parks; /search/?q=apartment+dog+breeds; /search/?q=dog+cost+calculator; /search/?q=puppy+names","","","0","https://leashfree.ca/dog-breeds/danish-swedish-farmdog/","no","no",""
"/dog-breeds/deutscher-wachtelhund/","Deutscher Wachtelhund – Traits, Shedding & Exercise | LeashFree.ca","Is the Deutscher Wachtelhund right for you? We cover temperament, training, low-to-moderate shedding levels, exercise and health—plus practical advice for Ca...","1","11025","","/search/?q=off-leash+parks; /search/?q=apartment+dog+breeds; /search/?q=dog+cost+calculator; /search/?q=puppy+names","","","0","https://leashfree.ca/dog-breeds/deutscher-wachtelhund/","no","no",""
"/dog-breeds/doberman-pinscher/","Doberman Pinscher – Size, Energy & Grooming in Canada | LeashFree.ca","Is the Doberman Pinscher right for you? We cover temperament, training, moderate-shedding levels, exercise and health—plus practical advice for Canadian owners.","1","10612","","/search/?q=off-leash+parks; /search/?q=apartment+dog+breeds; /search/?q=dog+cost+calculator; /search/?q=puppy+names","","","0","https://leashfree.ca/dog-breeds/doberman-pinscher/","no","no",""
"/dog-breeds/dogo-argentino/","Dogo Argentino – Traits, Shedding & Exercise in Canada | LeashFree.ca","Discover the Dogo Argentino, a high-energy companion. Learn about temperament, moderate-shedding habits, exercise and health tips to see if it fits Canadian...","1","11039","","/search/?q=off-leash+parks; /search/?q=apartment+dog+breeds; /search/?q=dog+cost+calculator; /search/?q=puppy+names","","","0","https://leashfree.ca/dog-breeds/dogo-argentino/","no","no",""
"/dog-breeds/dogue-de-bordeaux/","Dogue de Bordeaux – Size, Energy & Grooming in Canada | LeashFree.ca","Is the Dogue de Bordeaux right for you? We cover temperament, training, seasonal shedding levels, exercise and health—plus practical advice for Canadian owners.","1","10989","","/search/?q=off-leash+parks; /search/?q=apartment+dog+breeds; /search/?q=dog+cost+calculator; /search/?q=puppy+names","","","0","https://leashfree.ca/dog-breeds/dogue-de-bordeaux/","no","no",""
"/dog-breeds/drentsche-patrijshond/","Drentsche Patrijshond – Traits, Shedding & Exercise | LeashFree.ca","Drentsche Patrijshond guide for Canadian owners: temperament, exercise needs, grooming and common health issues. Learn how to care for this breed at home.","1","11321","","/search/?q=off-leash+parks; /search/?q=apartment+dog+breeds; /search/?q=dog+cost+calculator; /search/?q=puppy+names","","","0","https://leashfree.ca/dog-breeds/drentsche-patrijshond/","no","no",""
"/dog-breeds/dutch-shepherd/","Dutch Shepherd – Traits, Shedding & Exercise in Canada | LeashFree.ca","Is the Dutch Shepherd right for you? We cover temperament, training, low-to-moderate shedding levels, exercise and health—plus practical advice for Canadian...","1","11528","","/search/?q=off-leash+parks; /search/?q=apartment+dog+breeds; /search/?q=dog+cost+calculator; /search/?q=puppy+names","","","0","https://leashfree.ca/dog-breeds/dutch-shepherd/","no","no",""
"/dog-breeds/english-cocker-spaniel/","English Cocker Spaniel – Traits, Shedding & Exercise | LeashFree.ca","Discover the English Cocker Spaniel, a moderate-energy companion. Learn about temperament, seasonal shedding habits, exercise and health tips to see if it fi...","1","11038","","/search/?q=off-leash+parks; /search/?q=apartment+dog+breeds; /search/?q=dog+cost+calculator; /search/?q=puppy+names","","","0","https://leashfree.ca/dog-breeds/english-cocker-spaniel/","no","no",""
"/dog-breeds/english-foxhound/","English Foxhound – Size, Energy & Grooming in Canada | LeashFree.ca","Thinking about a English Foxhound? Get clear answers on temperament, exercise, moderate-shedding and health so Canadian families can choose with confidence.","1","11079","","/search/?q=off-leash+parks; /search/?q=apartment+dog+breeds; /search/?q=dog+cost+calculator; /search/?q=puppy+names","","","0","https://leashfree.ca/dog-breeds/english-foxhound/","no","no",""
"/dog-breeds/english-setter/","English Setter – Traits, Shedding & Exercise in Canada | LeashFree.ca","Discover the English Setter, a moderate-energy companion. Learn about temperament, low-to-moderate shedding habits, exercise and health tips to see if it fit...","1","11336","","/search/?q=off-leash+parks; /search/?q=apartment+dog+breeds; /search/?q=dog+cost+calculator; /search/?q=puppy+names","","","0","https://leashfree.ca/dog-breeds/english-setter/","no","no",""
"/dog-breeds/english-springer-spaniel/","English Springer Spaniel – Traits, Shedding & Exercise | LeashFree.ca","English Springer Spaniel guide for Canadian owners: temperament, exercise needs, grooming and common health issues. Learn how to care for this breed at home.","1","11296","","/search/?q=off-leash+parks; /search/?q=apartment+dog+breeds; /search/?q=dog+cost+calculator; /search/?q=puppy+names","","","0","https://leashfree.ca/dog-breeds/english-springer-spaniel/","no","no",""
"/dog-breeds/english-toy-spaniel/","English Toy Spaniel – Size, Energy & Grooming in Canada | LeashFree.ca","Meet the English Toy Spaniel: smart and active. Explore temperament, moderate-shedding info, training, grooming and health to decide if it suits your lifesty...","1","11275","","/search/?q=off-leash+parks; /search/?q=apartment+dog+breeds; /search/?q=dog+cost+calculator; /search/?q=puppy+names","","","0","https://leashfree.ca/dog-breeds/english-toy-spaniel/","no","no",""
"/dog-breeds/entlebucher-mountain-dog/","Entlebucher Mountain Dog – Traits, Shedding & Exercise | LeashFree.ca","Thinking about a Entlebucher Mountain Dog? Get clear answers on temperament, exercise, seasonal shedding and health so Canadian families can choose with conf...","1","10973","","/search/?q=off-leash+parks; /search/?q=apartment+dog+breeds; /search/?q=dog+cost+calculator; /search/?q=puppy+names","","","0","https://leashfree.ca/dog-breeds/entlebucher-mountain-dog/","no","no",""
"/dog-breeds/estrela-mountain-dog/","Estrela Mountain Dog – Traits, Shedding & Exercise | LeashFree.ca","Thinking about a Estrela Mountain Dog? Get clear answers on temperament, exercise, seasonal shedding and health so Canadian families can choose with confidence.","1","11001","","/search/?q=off-leash+parks; /search/?q=apartment+dog+breeds; /search/?q=dog+cost+calculator; /search/?q=puppy+names","","","0","https://leashfree.ca/dog-breeds/estrela-mountain-dog/","no","no",""
"/dog-breeds/eurasier/","Eurasier – Traits, Shedding & Exercise in Canada | LeashFree.ca","Meet the Eurasier: smart and moderate-energy. Explore temperament, low-to-moderate shedding info, training, grooming and health to decide if it suits your li...","1","11296","","/search/?q=off-leash+parks; /search/?q=apartment+dog+breeds; /search/?q=dog+cost+calculator; /search/?q=puppy+names","","","0","https://leashfree.ca/dog-breeds/eurasier/","no","no",""
"/dog-breeds/field-spaniel/","Field Spaniel – Traits, Shedding & Exercise in Canada | LeashFree.ca","Meet the Field Spaniel: smart and high-energy. Explore temperament, seasonal shedding info, training, grooming and health to decide if it suits your lifestyl...","1","11597","","/search/?q=off-leash+parks; /search/?q=apartment+dog+breeds; /search/?q=dog+cost+calculator; /search/?q=puppy+names","","","0","https://leashfree.ca/dog-breeds/field-spaniel/","no","no",""
"/dog-breeds/finnish-lapphund/","Finnish Lapphund – Size, Energy & Grooming in Canada | LeashFree.ca","Finnish Lapphund guide for Canadian owners: temperament, exercise needs, grooming and common health issues. Learn how to care for this breed at home.","1","11637","","/search/?q=off-leash+parks; /search/?q=apartment+dog+breeds; /search/?q=dog+cost+calculator; /search/?q=puppy+names","","","0","https://leashfree.ca/dog-breeds/finnish-lapphund/","no","no",""
"/dog-breeds/finnish-spitz/","Finnish Spitz – Traits, Shedding & Exercise in Canada | LeashFree.ca","Finnish Spitz guide for Canadian owners: temperament, exercise needs, grooming and common health issues. Learn how to care for this breed at home.","1","11321","","/search/?q=off-leash+parks; /search/?q=apartment+dog+breeds; /search/?q=dog+cost+calculator; /search/?q=puppy+names","","","0","https://leashfree.ca/dog-breeds/finnish-spitz/","no","no",""
"/dog-breeds/flat-coated-retriever/","Flat-Coated Retriever – Traits, Shedding & Exercise | LeashFree.ca","Flat-Coated Retriever guide for Canadian owners: temperament, exercise needs, grooming and common health issues. Learn how to care for this breed at home.","1","11289","","/search/?q=off-leash+parks; /search/?q=apartment+dog+breeds; /search/?q=dog+cost+calculator; /search/?q=puppy+names","","","0","https://leashfree.ca/dog-breeds/flat-coated-retriever/","no","no",""
"/dog-breeds/french-bulldog/","French Bulldog – Traits, Shedding & Exercise in Canada | LeashFree.ca","Meet the French Bulldog: smart and high-energy. Explore temperament, low-to-moderate shedding info, training, grooming and health to decide if it suits your...","1","11391","","/search/?q=off-leash+parks; /search/?q=apartment+dog+breeds; /search/?q=dog+cost+calculator; /search/?q=puppy+names","","","0","https://leashfree.ca/dog-breeds/french-bulldog/","no","no",""
"/dog-breeds/gerberian-shepsky/","Gerberian Shepsky – Size, Energy & Grooming in Canada | LeashFree.ca","Thinking about a Gerberian Shepsky? Get clear answers on temperament, exercise, moderate-shedding and health so Canadian families can choose with confidence.","1","9449","","/search/?q=off-leash+parks; /search/?q=apartment+dog+breeds; /search/?q=dog+cost+calculator; /search/?q=puppy+names","","","0","https://leashfree.ca/dog-breeds/gerberian-shepsky/","no","no",""
"/dog-breeds/german-longhaired-pointer/","German Longhaired Pointer – Traits, Shedding & Exercise | LeashFree.ca","Discover the German Longhaired Pointer, a adaptable companion. Learn about temperament, moderate-shedding habits, exercise and health tips to see if it fits...","1","6509","","/search/?q=off-leash+parks; /search/?q=apartment+dog+breeds; /search/?q=dog+cost+calculator; /search/?q=puppy+names","","","0","https://leashfree.ca/dog-breeds/german-longhaired-pointer/","no","no",""
"/dog-breeds/german-pinscher/","German Pinscher – Traits, Shedding & Exercise in Canada | LeashFree.ca","Meet the German Pinscher: smart and moderate-energy. Explore temperament, low-to-moderate shedding info, training, grooming and health to decide if it suits...","1","11231","","/search/?q=off-leash+parks; /search/?q=apartment+dog+breeds; /search/?q=dog+cost+calculator; /search/?q=puppy+names","","","0","https://leashfree.ca/dog-breeds/german-pinscher/","no","no",""
"/dog-breeds/german-shepherd/","German Shepherd – Traits, Shedding & Exercise in Canada | LeashFree.ca","Meet the German Shepherd: smart and moderate-energy. Explore temperament, seasonal shedding info, training, grooming and health to decide if it suits your li...","1","11179","","/search/?q=off-leash+parks; /search/?q=apartment+dog+breeds; /search/?q=dog+cost+calculator; /search/?q=puppy+names","","","0","https://leashfree.ca/dog-breeds/german-shepherd/","no","no",""
"/dog-breeds/german-shepherd-dog/","German Shepherd Dog – Size, Energy & Grooming in Canada | LeashFree.ca","Meet the German Shepherd Dog: smart and high-energy. Explore temperament, moderate-shedding info, training, grooming and health to decide if it suits your li...","1","11414","","/search/?q=off-leash+parks; /search/?q=apartment+dog+breeds; /search/?q=dog+cost+calculator; /search/?q=puppy+names","","","0","https://leashfree.ca/dog-breeds/german-shepherd-dog/","no","no",""
"/dog-breeds/german-shorthaired-pointer/","German Shorthaired Pointer – Breed Facts & Care | LeashFree.ca","Thinking about a German Shorthaired Pointer? Get clear answers on temperament, exercise, seasonal shedding and health so Canadian families can choose with co...","1","6505","","/search/?q=off-leash+parks; /search/?q=apartment+dog+breeds; /search/?q=dog+cost+calculator; /search/?q=puppy+names","","","0","https://leashfree.ca/dog-breeds/german-shorthaired-pointer/","no","no",""
"/dog-breeds/german-spitz/","German Spitz – Traits, Shedding & Exercise in Canada | LeashFree.ca","Is the German Spitz right for you? We cover temperament, training, low-to-moderate shedding levels, exercise and health—plus practical advice for Canadian ow...","1","6482","","/search/?q=off-leash+parks; /search/?q=apartment+dog+breeds; /search/?q=dog+cost+calculator; /search/?q=puppy+names","","","0","https://leashfree.ca/dog-breeds/german-spitz/","no","no",""
"/dog-breeds/german-wirehaired-pointer/","German Wirehaired Pointer – Traits, Shedding & Exercise | LeashFree.ca","Is the German Wirehaired Pointer right for you? We cover temperament, training, low-to-moderate shedding levels, exercise and health—plus practical advice fo...","1","6511","","/search/?q=off-leash+parks; /search/?q=apartment+dog+breeds; /search/?q=dog+cost+calculator; /search/?q=puppy+names","","","0","https://leashfree.ca/dog-breeds/german-wirehaired-pointer/","no","no",""
"/dog-breeds/giant-schnauzer/","Giant Schnauzer – Traits, Shedding & Exercise in Canada | LeashFree.ca","Meet the Giant Schnauzer: smart and active. Explore temperament, low-to-moderate shedding info, training, grooming and health to decide if it suits your life...","1","6491","","/search/?q=off-leash+parks; /search/?q=apartment+dog+breeds; /search/?q=dog+cost+calculator; /search/?q=puppy+names","","","0","https://leashfree.ca/dog-breeds/giant-schnauzer/","no","no",""
"/dog-breeds/glen-of-imaal-terrier/","Glen of Imaal Terrier – Traits, Shedding & Exercise | LeashFree.ca","Meet the Glen of Imaal Terrier: smart and active. Explore temperament, seasonal shedding info, training, grooming and health to decide if it suits your lifes...","1","11410","","/search/?q=off-leash+parks; /search/?q=apartment+dog+breeds; /search/?q=dog+cost+calculator; /search/?q=puppy+names","","","0","https://leashfree.ca/dog-breeds/glen-of-imaal-terrier/","no","no",""
"/dog-breeds/goldador/","Goldador – Traits, Shedding & Exercise in Canada | LeashFree.ca","Meet the Goldador: smart and high-energy. Explore temperament, moderate-shedding info, training, grooming and health to decide if it suits your lifestyle in...","1","9515","","/search/?q=off-leash+parks; /search/?q=apartment+dog+breeds; /search/?q=dog+cost+calculator; /search/?q=puppy+names","","","0","https://leashfree.ca/dog-breeds/goldador/","no","no",""
"/dog-breeds/golden-retriever/","Golden Retriever – Size, Energy & Grooming in Canada | LeashFree.ca","Is the Golden Retriever right for you? We cover temperament, training, low-to-moderate shedding levels, exercise and health—plus practical advice for Canadia...","1","13339","","/search/?q=off-leash+parks; /search/?q=apartment+dog+breeds; /search/?q=dog+cost+calculator; /search/?q=puppy+names","","","0","https://leashfree.ca/dog-breeds/golden-retriever/","no","no",""
"/dog-breeds/goldendoodle/","Goldendoodle – Traits, Shedding & Exercise in Canada | LeashFree.ca","Is the Goldendoodle right for you? We cover temperament, training, seasonal shedding levels, exercise and health—plus practical advice for Canadian owners.","1","9144","","/search/?q=off-leash+parks; /search/?q=apartment+dog+breeds; /search/?q=dog+cost+calculator; /search/?q=puppy+names","","","0","https://leashfree.ca/dog-breeds/goldendoodle/","no","no",""
"/dog-breeds/gordon-setter/","Gordon Setter – Traits, Shedding & Exercise in Canada | LeashFree.ca","Thinking about a Gordon Setter? Get clear answers on temperament, exercise, low-to-moderate shedding and health so Canadian families can choose with confidence.","1","6485","","/search/?q=off-leash+parks; /search/?q=apartment+dog+breeds; /search/?q=dog+cost+calculator; /search/?q=puppy+names","","","0","https://leashfree.ca/dog-breeds/gordon-setter/","no","no",""
"/dog-breeds/grand-basset-griffon-vendeen/","Grand Basset Griffon Vendeen – Breed Facts & Care | LeashFree.ca","Is the Grand Basset Griffon Vendeen right for you? We cover temperament, training, seasonal shedding levels, exercise and health—plus practical advice for Ca...","1","6511","","/search/?q=off-leash+parks; /search/?q=apartment+dog+breeds; /search/?q=dog+cost+calculator; /search/?q=puppy+names","","","0","https://leashfree.ca/dog-breeds/grand-basset-griffon-vendeen/","no","no",""
"/dog-breeds/great-bernese/","Great Bernese – Traits, Shedding & Exercise in Canada | LeashFree.ca","Thinking about a Great Bernese? Get clear answers on temperament, exercise, seasonal shedding and health so Canadian families can choose with confidence.","1","9294","","/search/?q=off-leash+parks; /search/?q=apartment+dog+breeds; /search/?q=dog+cost+calculator; /search/?q=puppy+names","","","0","https://leashfree.ca/dog-breeds/great-bernese/","no","no",""
"/dog-breeds/great-dane/","Great Dane – Traits, Shedding & Exercise in Canada | LeashFree.ca","Meet the Great Dane: smart and adaptable. Explore temperament, moderate-shedding info, training, grooming and health to decide if it suits your lifestyle in...","1","10997","","/search/?q=off-leash+parks; /search/?q=apartment+dog+breeds; /search/?q=dog+cost+calculator; /search/?q=puppy+names","","","0","https://leashfree.ca/dog-breeds/great-dane/","no","no",""
"/dog-breeds/great-pyrenees/","Great Pyrenees – Traits, Shedding & Exercise in Canada | LeashFree.ca","Great Pyrenees guide for Canadian owners: temperament, exercise needs, grooming and common health issues. Learn how to care for this breed at home.","1","6462","","/search/?q=off-leash+parks; /search/?q=apartment+dog+breeds; /search/?q=dog+cost+calculator; /search/?q=puppy+names","","","0","https://leashfree.ca/dog-breeds/great-pyrenees/","no","no",""
"/dog-breeds/greater-swiss-mountain-dog/","Greater Swiss Mountain Dog – Breed Facts & Care | LeashFree.ca","Meet the Greater Swiss Mountain Dog: smart and moderate-energy. Explore temperament, moderate-shedding info, training, grooming and health to decide if it su...","1","10005","","/search/?q=off-leash+parks; /search/?q=apartment+dog+breeds; /search/?q=dog+cost+calculator; /search/?q=puppy+names","","","0","https://leashfree.ca/dog-breeds/greater-swiss-mountain-dog/","no","no",""
"/dog-breeds/greyhound/","Greyhound – Traits, Shedding & Exercise in Canada | LeashFree.ca","Discover the Greyhound, a moderate-energy companion. Learn about temperament, seasonal shedding habits, exercise and health tips to see if it fits Canadian f...","1","11386","","/search/?q=off-leash+parks; /search/?q=apartment+dog+breeds; /search/?q=dog+cost+calculator; /search/?q=puppy+names","","","0","https://leashfree.ca/dog-breeds/greyhound/","no","no",""
"/dog-breeds/group/herding-dogs/","Herding Dogs in Canada – Smart, High‑Energy Breeds to Train | LeashFree.ca","Considering a Herding breed? Learn about intelligence, energy, shedding and training needs for Canadian homes and seasons.","1","10283","","/search/?q=off-leash+parks; /search/?q=apartment+dog+breeds; /search/?q=dog+cost+calculator; /search/?q=puppy+names; /dog-breeds/miniature-american-shepherd-2/; /dog-breeds/miniature-american-shepherd-2/","","","0","https://leashfree.ca/dog-breeds/group/herding-dogs/","no","no",""
"/dog-breeds/group/hound-dogs/","Hound Dogs: Temperament, Exercise & Care in Canada | LeashFree.ca","Explore Hound breeds - scent and sight hounds with unique exercise and training needs for Canadian families and adventurers.","1","9753","","/search/?q=off-leash+parks; /search/?q=apartment+dog+breeds; /search/?q=dog+cost+calculator; /search/?q=puppy+names","","","0","https://leashfree.ca/dog-breeds/group/hound-dogs/","no","no",""
"/dog-breeds/group/hybrid-designer-mixes/","Designer & Doodle Mixes in Canada – Temperament, Grooming & Family Fit | LeashFree.ca","See Canada’s popular hybrid and Doodle mixes. Compare temperament, coat care, shedding and trainability for family life.","1","8776","","/search/?q=off-leash+parks; /search/?q=apartment+dog+breeds; /search/?q=dog+cost+calculator; /search/?q=puppy+names","","","0","https://leashfree.ca/dog-breeds/group/hybrid-designer-mixes/","no","no",""
"/dog-breeds/group/","Dog Breed Groups | LeashFree.ca","Browse dog breed groups on LeashFree.ca to compare shared temperament, care needs, and activity levels.","1","14037","","/search/?q=off-leash+parks; /search/?q=apartment+dog+breeds; /search/?q=dog+cost+calculator; /search/?q=puppy+names","","","0","https://leashfree.ca/dog-breeds/group/","no","no",""
"/dog-breeds/group/miscellaneous/","Miscellaneous Dog Breeds in Canada – Rare & Emerging Breeds | LeashFree.ca","Explore rare and developing dog breeds in Canada. Learn about their origins, traits, and why they’re part of the CKC Miscellaneous Class.","1","4268","","/search/?q=off-leash+parks; /search/?q=apartment+dog+breeds; /search/?q=dog+cost+calculator; /search/?q=puppy+names","","","0","https://leashfree.ca/dog-breeds/group/miscellaneous/","no","no",""
"/dog-breeds/group/non-sporting-dogs/","Non‑Sporting Dog Breeds in Canada – Temperament, Size & Care | LeashFree.ca","Explore Non‑Sporting breeds with varied coats and personalities. Compare temperament, grooming and activity needs for Canadian lifestyles.","1","5940","","/search/?q=off-leash+parks; /search/?q=apartment+dog+breeds; /search/?q=dog+cost+calculator; /search/?q=puppy+names","","","0","https://leashfree.ca/dog-breeds/group/non-sporting-dogs/","no","no",""
"/dog-breeds/group/sporting-dogs/","Sporting Dogs: Traits, Care & Top Breeds in Canada | LeashFree.ca","Explore Sporting dog breeds for Canadian families. Compare temperament, exercise, shedding and health to pick the right active companion.","1","10348","","/search/?q=off-leash+parks; /search/?q=apartment+dog+breeds; /search/?q=dog+cost+calculator; /search/?q=puppy+names","","","0","https://leashfree.ca/dog-breeds/group/sporting-dogs/","no","no",""
"/dog-breeds/group/terrier-dogs/","Terrier Dogs: Grooming, Training & Energy Needs in Canada | LeashFree.ca","Compare Terrier breeds by temperament, grooming and exercise. Learn which Terriers fit Canadian homes and active lifestyles.","1","8924","","/search/?q=off-leash+parks; /search/?q=apartment+dog+breeds; /search/?q=dog+cost+calculator; /search/?q=puppy+names","","","0","https://leashfree.ca/dog-breeds/group/terrier-dogs/","no","no",""
"/dog-breeds/group/toy-dogs/","Toy Dog Breeds for Canada: Temperament, Shedding & Care | LeashFree.ca","Discover Toy breeds suited to Canadian condos and city living. Compare temperament, grooming and daily exercise needs.","1","5555","","/search/?q=off-leash+parks; /search/?q=apartment+dog+breeds; /search/?q=dog+cost+calculator; /search/?q=puppy+names","","","0","https://leashfree.ca/dog-breeds/group/toy-dogs/","no","no",""
"/dog-breeds/group/working-dogs/","Working Dogs in Canada – Guardians, Energy & Care | LeashFree.ca","Discover Working dogs built for strength and resilience. Learn about temperament, exercise and cold-weather suitability for Canadian homes.","1","11100","","/search/?q=off-leash+parks; /search/?q=apartment+dog+breeds; /search/?q=dog+cost+calculator; /search/?q=puppy+names","","","0","https://leashfree.ca/dog-breeds/group/working-dogs/","no","no",""
"/dog-breeds/hamiltonstovare/","Hamiltonstovare – Traits, Shedding & Exercise in Canada | LeashFree.ca","Hamiltonstovare guide for Canadian owners: temperament, exercise needs, grooming and common health issues. Learn how to care for this breed at home.","1","9309","","/search/?q=off-leash+parks; /search/?q=apartment+dog+breeds; /search/?q=dog+cost+calculator; /search/?q=puppy+names","","","0","https://leashfree.ca/dog-breeds/hamiltonstovare/","no","no",""
"/dog-breeds/harrier/","Harrier – Traits, Shedding & Exercise in Canada | LeashFree.ca","Is the Harrier right for you? We cover temperament, training, low-to-moderate shedding levels, exercise and health—plus practical advice for Canadian owners.","1","9089","","/search/?q=off-leash+parks; /search/?q=apartment+dog+breeds; /search/?q=dog+cost+calculator; /search/?q=puppy+names","","","0","https://leashfree.ca/dog-breeds/harrier/","no","no",""
"/dog-breeds/havanese/","Havanese – Traits, Shedding & Exercise in Canada | LeashFree.ca","Is the Havanese right for you? We cover temperament, training, moderate-shedding levels, exercise and health—plus practical advice for Canadian owners.","1","10989","","/search/?q=off-leash+parks; /search/?q=apartment+dog+breeds; /search/?q=dog+cost+calculator; /search/?q=puppy+names","","","0","https://leashfree.ca/dog-breeds/havanese/","no","no",""
"/dog-breeds/havapoo-poovanese/","Havapoo (Poovanese) – Size, Energy & Grooming in Canada | LeashFree.ca","Meet the Havapoo (Poovanese): smart and active. Explore temperament, seasonal shedding info, training, grooming and health to decide if it suits your lifesty...","1","9746","","/search/?q=off-leash+parks; /search/?q=apartment+dog+breeds; /search/?q=dog+cost+calculator; /search/?q=puppy+names","","","0","https://leashfree.ca/dog-breeds/havapoo-poovanese/","no","no",""
"/dog-breeds/hokkaido/","Hokkaido – Traits, Shedding & Exercise in Canada | LeashFree.ca","Discover the Hokkaido, a adaptable companion. Learn about temperament, seasonal shedding habits, exercise and health tips to see if it fits Canadian families.","1","9444","","/search/?q=off-leash+parks; /search/?q=apartment+dog+breeds; /search/?q=dog+cost+calculator; /search/?q=puppy+names","","","0","https://leashfree.ca/dog-breeds/hokkaido/","no","no",""
"/dog-breeds/hovawart/","Hovawart – Traits, Shedding & Exercise in Canada | LeashFree.ca","Thinking about a Hovawart? Get clear answers on temperament, exercise, seasonal shedding and health so Canadian families can choose with confidence.","1","11306","","/search/?q=off-leash+parks; /search/?q=apartment+dog+breeds; /search/?q=dog+cost+calculator; /search/?q=puppy+names","","","0","https://leashfree.ca/dog-breeds/hovawart/","no","no",""
"/dog-breeds/husky-collie-mix/","Husky Collie Mix – Size, Energy & Grooming in Canada | LeashFree.ca","Discover the Husky Collie Mix, a adaptable companion. Learn about temperament, seasonal shedding habits, exercise and health tips to see if it fits Canadian...","1","8992","","/search/?q=off-leash+parks; /search/?q=apartment+dog+breeds; /search/?q=dog+cost+calculator; /search/?q=puppy+names","","","0","https://leashfree.ca/dog-breeds/husky-collie-mix/","no","no",""
"/dog-breeds/husky-retriever-mix/","Husky Retriever Mix – Size, Energy & Grooming in Canada | LeashFree.ca","Meet the Husky Retriever Mix: smart and moderate-energy. Explore temperament, seasonal shedding info, training, grooming and health to decide if it suits you...","1","8875","","/search/?q=off-leash+parks; /search/?q=apartment+dog+breeds; /search/?q=dog+cost+calculator; /search/?q=puppy+names","","","0","https://leashfree.ca/dog-breeds/husky-retriever-mix/","no","no",""
"/dog-breeds/ibizan-hound/","Ibizan Hound – Traits, Shedding & Exercise in Canada | LeashFree.ca","Is the Ibizan Hound right for you? We cover temperament, training, seasonal shedding levels, exercise and health—plus practical advice for Canadian owners.","1","9480","","/search/?q=off-leash+parks; /search/?q=apartment+dog+breeds; /search/?q=dog+cost+calculator; /search/?q=puppy+names","","","0","https://leashfree.ca/dog-breeds/ibizan-hound/","no","no",""
"/dog-breeds/icelandic-sheepdog/","Icelandic Sheepdog – Size, Energy & Grooming in Canada | LeashFree.ca","Discover the Icelandic Sheepdog, a adaptable companion. Learn about temperament, seasonal shedding habits, exercise and health tips to see if it fits Canadia...","1","9536","","/search/?q=off-leash+parks; /search/?q=apartment+dog+breeds; /search/?q=dog+cost+calculator; /search/?q=puppy+names","","","0","https://leashfree.ca/dog-breeds/icelandic-sheepdog/","no","no",""
"/dog-breeds/","Dog Breeds | LeashFree.ca","Browse LeashFree.ca dog breed profiles with traits, grooming, exercise, training, and care guidance.","1","65242","","/search/?q=off-leash+parks; /search/?q=apartment+dog+breeds; /search/?q=dog+cost+calculator; /search/?q=puppy+names; /dog-breeds/miniature-american-shepherd-2/; /dog-breeds/miniature-american-shepherd-2/","","","0","https://leashfree.ca/dog-breeds/","no","no",""
"/dog-breeds/irish-doodle/","Irish Doodle – Traits, Shedding & Exercise in Canada | LeashFree.ca","Meet the Irish Doodle: smart and moderate-energy. Explore temperament, moderate-shedding info, training, grooming and health to decide if it suits your lifes...","1","8087","","/search/?q=off-leash+parks; /search/?q=apartment+dog+breeds; /search/?q=dog+cost+calculator; /search/?q=puppy+names","","","0","https://leashfree.ca/dog-breeds/irish-doodle/","no","no",""
"/dog-breeds/irish-red-and-white-setter/","Irish Red and White Setter – Breed Facts & Care | LeashFree.ca","Thinking about a Irish Red and White Setter? Get clear answers on temperament, exercise, low-to-moderate shedding and health so Canadian families can choose...","1","9258","","/search/?q=off-leash+parks; /search/?q=apartment+dog+breeds; /search/?q=dog+cost+calculator; /search/?q=puppy+names","","","0","https://leashfree.ca/dog-breeds/irish-red-and-white-setter/","no","no",""
"/dog-breeds/irish-setter/","Irish Setter – Traits, Shedding & Exercise in Canada | LeashFree.ca","Thinking about a Irish Setter? Get clear answers on temperament, exercise, seasonal shedding and health so Canadian families can choose with confidence.","1","10840","","/search/?q=off-leash+parks; /search/?q=apartment+dog+breeds; /search/?q=dog+cost+calculator; /search/?q=puppy+names","","","0","https://leashfree.ca/dog-breeds/irish-setter/","no","no",""
"/dog-breeds/irish-terrier/","Irish Terrier – Traits, Shedding & Exercise in Canada | LeashFree.ca","Meet the Irish Terrier: smart and active. Explore temperament, low-to-moderate shedding info, training, grooming and health to decide if it suits your lifest...","1","9260","","/search/?q=off-leash+parks; /search/?q=apartment+dog+breeds; /search/?q=dog+cost+calculator; /search/?q=puppy+names","","","0","https://leashfree.ca/dog-breeds/irish-terrier/","no","no",""
"/dog-breeds/irish-water-spaniel/","Irish Water Spaniel – Size, Energy & Grooming in Canada | LeashFree.ca","Discover the Irish Water Spaniel, a adaptable companion. Learn about temperament, low-to-moderate shedding habits, exercise and health tips to see if it fits...","1","9161","","/search/?q=off-leash+parks; /search/?q=apartment+dog+breeds; /search/?q=dog+cost+calculator; /search/?q=puppy+names","","","0","https://leashfree.ca/dog-breeds/irish-water-spaniel/","no","no",""
"/dog-breeds/irish-wolfhound/","Irish Wolfhound – Traits, Shedding & Exercise in Canada | LeashFree.ca","Is the Irish Wolfhound right for you? We cover temperament, training, seasonal shedding levels, exercise and health—plus practical advice for Canadian owners.","1","9614","","/search/?q=off-leash+parks; /search/?q=apartment+dog+breeds; /search/?q=dog+cost+calculator; /search/?q=puppy+names","","","0","https://leashfree.ca/dog-breeds/irish-wolfhound/","no","no",""
"/dog-breeds/italian-greyhound/","Italian Greyhound – Size, Energy & Grooming in Canada | LeashFree.ca","Meet the Italian Greyhound: smart and moderate-energy. Explore temperament, seasonal shedding info, training, grooming and health to decide if it suits your...","1","9304","","/search/?q=off-leash+parks; /search/?q=apartment+dog+breeds; /search/?q=dog+cost+calculator; /search/?q=puppy+names","","","0","https://leashfree.ca/dog-breeds/italian-greyhound/","no","no",""
"/dog-breeds/italian-spinone/","Italian Spinone – Traits, Shedding & Exercise in Canada | LeashFree.ca","Discover the Italian Spinone, a adaptable companion. Learn about temperament, seasonal shedding habits, exercise and health tips to see if it fits Canadian f...","1","9256","","/search/?q=off-leash+parks; /search/?q=apartment+dog+breeds; /search/?q=dog+cost+calculator; /search/?q=puppy+names","","","0","https://leashfree.ca/dog-breeds/italian-spinone/","no","no",""
"/dog-breeds/japanese-chin/","Japanese Chin – Traits, Shedding & Exercise in Canada | LeashFree.ca","Thinking about a Japanese Chin? Get clear answers on temperament, exercise, moderate-shedding and health so Canadian families can choose with confidence.","1","10914","","/search/?q=off-leash+parks; /search/?q=apartment+dog+breeds; /search/?q=dog+cost+calculator; /search/?q=puppy+names","","","0","https://leashfree.ca/dog-breeds/japanese-chin/","no","no",""
"/dog-breeds/japanese-spitz/","Japanese Spitz – Traits, Shedding & Exercise in Canada | LeashFree.ca","Discover the Japanese Spitz, a moderate-energy companion. Learn about temperament, low-to-moderate shedding habits, exercise and health tips to see if it fit...","1","9149","","/search/?q=off-leash+parks; /search/?q=apartment+dog+breeds; /search/?q=dog+cost+calculator; /search/?q=puppy+names","","","0","https://leashfree.ca/dog-breeds/japanese-spitz/","no","no",""
"/dog-breeds/japanese-terrier/","Japanese Terrier – Size, Energy & Grooming in Canada | LeashFree.ca","Is the Japanese Terrier right for you? We cover temperament, training, low-to-moderate shedding levels, exercise and health—plus practical advice for Canadia...","1","8931","","/search/?q=off-leash+parks; /search/?q=apartment+dog+breeds; /search/?q=dog+cost+calculator; /search/?q=puppy+names","","","0","https://leashfree.ca/dog-breeds/japanese-terrier/","no","no",""
"/dog-breeds/jindo/","Jindo – Traits, Shedding & Exercise in Canada | LeashFree.ca","Is the Jindo right for you? We cover temperament, training, low-to-moderate shedding levels, exercise and health—plus practical advice for Canadian owners.","1","9193","","/search/?q=off-leash+parks; /search/?q=apartment+dog+breeds; /search/?q=dog+cost+calculator; /search/?q=puppy+names","","","0","https://leashfree.ca/dog-breeds/jindo/","no","no",""
"/dog-breeds/kai-ken/","Kai Ken – Traits, Shedding & Exercise in Canada | LeashFree.ca","Is the Kai Ken right for you? We cover temperament, training, moderate-shedding levels, exercise and health—plus practical advice for Canadian owners.","1","9137","","/search/?q=off-leash+parks; /search/?q=apartment+dog+breeds; /search/?q=dog+cost+calculator; /search/?q=puppy+names","","","0","https://leashfree.ca/dog-breeds/kai-ken/","no","no",""
"/dog-breeds/karelian-bear-dog/","Karelian Bear Dog – Size, Energy & Grooming in Canada | LeashFree.ca","Is the Karelian Bear Dog right for you? We cover temperament, training, seasonal shedding levels, exercise and health—plus practical advice for Canadian owners.","1","9134","","/search/?q=off-leash+parks; /search/?q=apartment+dog+breeds; /search/?q=dog+cost+calculator; /search/?q=puppy+names","","","0","https://leashfree.ca/dog-breeds/karelian-bear-dog/","no","no",""
"/dog-breeds/keeshond/","Keeshond – Traits, Shedding & Exercise in Canada | LeashFree.ca","Keeshond guide for Canadian owners: temperament, exercise needs, grooming and common health issues. Learn how to care for this breed at home.","1","9058","","/search/?q=off-leash+parks; /search/?q=apartment+dog+breeds; /search/?q=dog+cost+calculator; /search/?q=puppy+names","","","0","https://leashfree.ca/dog-breeds/keeshond/","no","no",""
"/dog-breeds/kerry-blue-terrier/","Kerry Blue Terrier – Size, Energy & Grooming in Canada | LeashFree.ca","Thinking about a Kerry Blue Terrier? Get clear answers on temperament, exercise, seasonal shedding and health so Canadian families can choose with confidence.","1","10848","","/search/?q=off-leash+parks; /search/?q=apartment+dog+breeds; /search/?q=dog+cost+calculator; /search/?q=puppy+names","","","0","https://leashfree.ca/dog-breeds/kerry-blue-terrier/","no","no",""
"/dog-breeds/king-shepherd/","King Shepherd – Traits, Shedding & Exercise in Canada | LeashFree.ca","Is the King Shepherd right for you? We cover temperament, training, moderate-shedding levels, exercise and health—plus practical advice for Canadian owners.","1","9206","","/search/?q=off-leash+parks; /search/?q=apartment+dog+breeds; /search/?q=dog+cost+calculator; /search/?q=puppy+names","","","0","https://leashfree.ca/dog-breeds/king-shepherd/","no","no",""
"/dog-breeds/komondor/","Komondor – Traits, Shedding & Exercise in Canada | LeashFree.ca","Komondor guide for Canadian owners: temperament, exercise needs, grooming and common health issues. Learn how to care for this breed at home.","1","9239","","/search/?q=off-leash+parks; /search/?q=apartment+dog+breeds; /search/?q=dog+cost+calculator; /search/?q=puppy+names","","","0","https://leashfree.ca/dog-breeds/komondor/","no","no",""
"/dog-breeds/kooikerhondje/","Kooikerhondje – Traits, Shedding & Exercise in Canada | LeashFree.ca","Discover the Kooikerhondje, a active companion. Learn about temperament, moderate-shedding habits, exercise and health tips to see if it fits Canadian families.","1","9314","","/search/?q=off-leash+parks; /search/?q=apartment+dog+breeds; /search/?q=dog+cost+calculator; /search/?q=puppy+names","","","0","https://leashfree.ca/dog-breeds/kooikerhondje/","no","no",""
"/dog-breeds/korean-jindo-dog/","Korean Jindo Dog – Size, Energy & Grooming in Canada | LeashFree.ca","Korean Jindo Dog guide for Canadian owners: temperament, exercise needs, grooming and common health issues. Learn how to care for this breed at home.","1","9152","","/search/?q=off-leash+parks; /search/?q=apartment+dog+breeds; /search/?q=dog+cost+calculator; /search/?q=puppy+names","","","0","https://leashfree.ca/dog-breeds/korean-jindo-dog/","no","no",""
"/dog-breeds/kuvasz/","Kuvasz – Traits, Shedding & Exercise in Canada | LeashFree.ca","Meet the Kuvasz: smart and moderate-energy. Explore temperament, low-to-moderate shedding info, training, grooming and health to decide if it suits your life...","1","9200","","/search/?q=off-leash+parks; /search/?q=apartment+dog+breeds; /search/?q=dog+cost+calculator; /search/?q=puppy+names","","","0","https://leashfree.ca/dog-breeds/kuvasz/","no","no",""
"/dog-breeds/l-wchen/","Löwchen – Traits, Shedding & Exercise in Canada | LeashFree.ca","Is the Löwchen right for you? We cover temperament, training, moderate-shedding levels, exercise and health—plus practical advice for Canadian owners.","1","9327","","/search/?q=off-leash+parks; /search/?q=apartment+dog+breeds; /search/?q=dog+cost+calculator; /search/?q=puppy+names","","","0","https://leashfree.ca/dog-breeds/l-wchen/","no","no",""
"/dog-breeds/labradoodle/","Labradoodle – Traits, Shedding & Exercise in Canada | LeashFree.ca","Labradoodle guide for Canadian owners: temperament, exercise needs, grooming and common health issues. Learn how to care for this breed at home.","1","8740","","/search/?q=off-leash+parks; /search/?q=apartment+dog+breeds; /search/?q=dog+cost+calculator; /search/?q=puppy+names","","","0","https://leashfree.ca/dog-breeds/labradoodle/","no","no",""
"/dog-breeds/labrador-retriever/","Labrador Retriever – Size, Energy & Grooming in Canada | LeashFree.ca","Is the Labrador Retriever right for you? We cover temperament, training, seasonal shedding levels, exercise and health—plus practical advice for Canadian own...","1","11497","","/search/?q=off-leash+parks; /search/?q=apartment+dog+breeds; /search/?q=dog+cost+calculator; /search/?q=puppy+names","","","0","https://leashfree.ca/dog-breeds/labrador-retriever/","no","no",""
"/dog-breeds/labsky/","Labsky – Traits, Shedding & Exercise in Canada | LeashFree.ca","Thinking about a Labsky? Get clear answers on temperament, exercise, moderate-shedding and health so Canadian families can choose with confidence.","1","9199","","/search/?q=off-leash+parks; /search/?q=apartment+dog+breeds; /search/?q=dog+cost+calculator; /search/?q=puppy+names","","","0","https://leashfree.ca/dog-breeds/labsky/","no","no",""
"/dog-breeds/lagotto-romagnolo/","Lagotto Romagnolo – Size, Energy & Grooming in Canada | LeashFree.ca","Thinking about a Lagotto Romagnolo? Get clear answers on temperament, exercise, seasonal shedding and health so Canadian families can choose with confidence.","1","9173","","/search/?q=off-leash+parks; /search/?q=apartment+dog+breeds; /search/?q=dog+cost+calculator; /search/?q=puppy+names","","","0","https://leashfree.ca/dog-breeds/lagotto-romagnolo/","no","no",""
"/dog-breeds/lakeland-terrier/","Lakeland Terrier – Size, Energy & Grooming in Canada | LeashFree.ca","Discover the Lakeland Terrier, a moderate-energy companion. Learn about temperament, low-to-moderate shedding habits, exercise and health tips to see if it f...","1","9151","","/search/?q=off-leash+parks; /search/?q=apartment+dog+breeds; /search/?q=dog+cost+calculator; /search/?q=puppy+names","","","0","https://leashfree.ca/dog-breeds/lakeland-terrier/","no","no",""
"/dog-breeds/lancashire-heeler/","Lancashire Heeler – Size, Energy & Grooming in Canada | LeashFree.ca","Meet the Lancashire Heeler: smart and adaptable. Explore temperament, low-to-moderate shedding info, training, grooming and health to decide if it suits your...","1","9136","","/search/?q=off-leash+parks; /search/?q=apartment+dog+breeds; /search/?q=dog+cost+calculator; /search/?q=puppy+names; /dog-breeds/miniature-american-shepherd-2/","","","0","https://leashfree.ca/dog-breeds/lancashire-heeler/","no","no",""
"/dog-breeds/landseer/","Landseer – Traits, Shedding & Exercise in Canada | LeashFree.ca","Discover the Landseer, a adaptable companion. Learn about temperament, seasonal shedding habits, exercise and health tips to see if it fits Canadian families.","1","11447","","/search/?q=off-leash+parks; /search/?q=apartment+dog+breeds; /search/?q=dog+cost+calculator; /search/?q=puppy+names","","","0","https://leashfree.ca/dog-breeds/landseer/","no","no",""
"/dog-breeds/lapponian-herder/","Lapponian Herder – Size, Energy & Grooming in Canada | LeashFree.ca","Meet the Lapponian Herder: smart and moderate-energy. Explore temperament, low-to-moderate shedding info, training, grooming and health to decide if it suits...","1","9202","","/search/?q=off-leash+parks; /search/?q=apartment+dog+breeds; /search/?q=dog+cost+calculator; /search/?q=puppy+names","","","0","https://leashfree.ca/dog-breeds/lapponian-herder/","no","no",""
"/dog-breeds/large-munsterlander/","Large Munsterlander – Size, Energy & Grooming in Canada | LeashFree.ca","Large Munsterlander guide for Canadian owners: temperament, exercise needs, grooming and common health issues. Learn how to care for this breed at home.","1","9134","","/search/?q=off-leash+parks; /search/?q=apartment+dog+breeds; /search/?q=dog+cost+calculator; /search/?q=puppy+names","","","0","https://leashfree.ca/dog-breeds/large-munsterlander/","no","no",""
"/dog-breeds/leonberger/","Leonberger – Traits, Shedding & Exercise in Canada | LeashFree.ca","Discover the Leonberger, a moderate-energy companion. Learn about temperament, moderate-shedding habits, exercise and health tips to see if it fits Canadian...","1","9584","","/search/?q=off-leash+parks; /search/?q=apartment+dog+breeds; /search/?q=dog+cost+calculator; /search/?q=puppy+names","","","0","https://leashfree.ca/dog-breeds/leonberger/","no","no",""
"/dog-breeds/lhasa-apso/","Lhasa Apso – Traits, Shedding & Exercise in Canada | LeashFree.ca","Is the Lhasa Apso right for you? We cover temperament, training, low-to-moderate shedding levels, exercise and health—plus practical advice for Canadian owners.","1","9447","","/search/?q=off-leash+parks; /search/?q=apartment+dog+breeds; /search/?q=dog+cost+calculator; /search/?q=puppy+names","","","0","https://leashfree.ca/dog-breeds/lhasa-apso/","no","no",""
"/dog-breeds/malshi/","Malshi – Traits, Shedding & Exercise in Canada | LeashFree.ca","Discover the Malshi, a adaptable companion. Learn about temperament, seasonal shedding habits, exercise and health tips to see if it fits Canadian families.","1","8823","","/search/?q=off-leash+parks; /search/?q=apartment+dog+breeds; /search/?q=dog+cost+calculator; /search/?q=puppy+names","","","0","https://leashfree.ca/dog-breeds/malshi/","no","no",""
"/dog-breeds/maltese/","Maltese – Traits, Shedding & Exercise in Canada | LeashFree.ca","Meet the Maltese: smart and moderate-energy. Explore temperament, low-to-moderate shedding info, training, grooming and health to decide if it suits your lif...","1","9219","","/search/?q=off-leash+parks; /search/?q=apartment+dog+breeds; /search/?q=dog+cost+calculator; /search/?q=puppy+names","","","0","https://leashfree.ca/dog-breeds/maltese/","no","no",""
"/dog-breeds/maltipoo/","Maltipoo – Traits, Shedding & Exercise in Canada | LeashFree.ca","Thinking about a Maltipoo? Get clear answers on temperament, exercise, moderate-shedding and health so Canadian families can choose with confidence.","1","8008","","/search/?q=off-leash+parks; /search/?q=apartment+dog+breeds; /search/?q=dog+cost+calculator; /search/?q=puppy+names","","","0","https://leashfree.ca/dog-breeds/maltipoo/","no","no",""
"/dog-breeds/manchester-terrier/","Manchester Terrier – Size, Energy & Grooming in Canada | LeashFree.ca","Thinking about a Manchester Terrier? Get clear answers on temperament, exercise, moderate-shedding and health so Canadian families can choose with confidence.","1","9053","","/search/?q=off-leash+parks; /search/?q=apartment+dog+breeds; /search/?q=dog+cost+calculator; /search/?q=puppy+names","","","0","https://leashfree.ca/dog-breeds/manchester-terrier/","no","no",""
"/dog-breeds/maremma-sheepdog/","Maremma Sheepdog – Size, Energy & Grooming in Canada | LeashFree.ca","Thinking about a Maremma Sheepdog? Get clear answers on temperament, exercise, moderate-shedding and health so Canadian families can choose with confidence.","1","9336","","/search/?q=off-leash+parks; /search/?q=apartment+dog+breeds; /search/?q=dog+cost+calculator; /search/?q=puppy+names","","","0","https://leashfree.ca/dog-breeds/maremma-sheepdog/","no","no",""
"/dog-breeds/mastiff/","Mastiff – Traits, Shedding & Exercise in Canada | LeashFree.ca","Meet the Mastiff: smart and moderate-energy. Explore temperament, moderate-shedding info, training, grooming and health to decide if it suits your lifestyle...","1","11420","","/search/?q=off-leash+parks; /search/?q=apartment+dog+breeds; /search/?q=dog+cost+calculator; /search/?q=puppy+names","","","0","https://leashfree.ca/dog-breeds/mastiff/","no","no",""
"/dog-breeds/miniature-american-shepherd/","Miniature American Shepherd – Breed Facts & Care | LeashFree.ca","Is the Miniature American Shepherd right for you? We cover temperament, training, seasonal shedding levels, exercise and health—plus practical advice for Can...","1","11396","","/search/?q=off-leash+parks; /search/?q=apartment+dog+breeds; /search/?q=dog+cost+calculator; /search/?q=puppy+names","","","0","https://leashfree.ca/dog-breeds/miniature-american-shepherd/","no","no",""
"/dog-breeds/miniature-american-shepherd-2/","Miniature American Shepherd – Breed Facts & Care | LeashFree.ca","Discover the Miniature American Shepherd, a high-energy companion. Learn about temperament, seasonal shedding habits, exercise and health tips to see if it f...","1","11387","","/search/?q=off-leash+parks; /search/?q=apartment+dog+breeds; /search/?q=dog+cost+calculator; /search/?q=puppy+names","","","0","https://leashfree.ca/dog-breeds/miniature-american-shepherd-2/","no","no",""
"/dog-breeds/miniature-bull-terrier/","Miniature Bull Terrier – Traits, Shedding & Exercise | LeashFree.ca","Is the Miniature Bull Terrier right for you? We cover temperament, training, low-to-moderate shedding levels, exercise and health—plus practical advice for C...","1","11066","","/search/?q=off-leash+parks; /search/?q=apartment+dog+breeds; /search/?q=dog+cost+calculator; /search/?q=puppy+names","","","0","https://leashfree.ca/dog-breeds/miniature-bull-terrier/","no","no",""
"/dog-breeds/miniature-pinscher/","Miniature Pinscher – Size, Energy & Grooming in Canada | LeashFree.ca","Thinking about a Miniature Pinscher? Get clear answers on temperament, exercise, moderate-shedding and health so Canadian families can choose with confidence.","1","11117","","/search/?q=off-leash+parks; /search/?q=apartment+dog+breeds; /search/?q=dog+cost+calculator; /search/?q=puppy+names","","","0","https://leashfree.ca/dog-breeds/miniature-pinscher/","no","no",""
"/dog-breeds/miniature-schnauzer/","Miniature Schnauzer – Size, Energy & Grooming in Canada | LeashFree.ca","Is the Miniature Schnauzer right for you? We cover temperament, training, low-to-moderate shedding levels, exercise and health—plus practical advice for Cana...","1","13074","","/search/?q=off-leash+parks; /search/?q=apartment+dog+breeds; /search/?q=dog+cost+calculator; /search/?q=puppy+names","","","0","https://leashfree.ca/dog-breeds/miniature-schnauzer/","no","no",""
"/dog-breeds/morkie/","Morkie – Traits, Shedding & Exercise in Canada | LeashFree.ca","Is the Morkie right for you? We cover temperament, training, seasonal shedding levels, exercise and health—plus practical advice for Canadian owners.","1","8818","","/search/?q=off-leash+parks; /search/?q=apartment+dog+breeds; /search/?q=dog+cost+calculator; /search/?q=puppy+names","","","0","https://leashfree.ca/dog-breeds/morkie/","no","no",""
"/dog-breeds/mountain-cur/","Mountain Cur – Traits, Shedding & Exercise in Canada | LeashFree.ca","Thinking about a Mountain Cur? Get clear answers on temperament, exercise, moderate-shedding and health so Canadian families can choose with confidence.","1","11954","","/search/?q=off-leash+parks; /search/?q=apartment+dog+breeds; /search/?q=dog+cost+calculator; /search/?q=puppy+names","","","0","https://leashfree.ca/dog-breeds/mountain-cur/","no","no",""
"/dog-breeds/mudi/","Mudi – Traits, Shedding & Exercise in Canada | LeashFree.ca","Discover the Mudi, a moderate-energy companion. Learn about temperament, low-to-moderate shedding habits, exercise and health tips to see if it fits Canadian...","1","11366","","/search/?q=off-leash+parks; /search/?q=apartment+dog+breeds; /search/?q=dog+cost+calculator; /search/?q=puppy+names","","","0","https://leashfree.ca/dog-breeds/mudi/","no","no",""
"/dog-breeds/neapolitan-mastiff/","Neapolitan Mastiff – Size, Energy & Grooming in Canada | LeashFree.ca","Is the Neapolitan Mastiff right for you? We cover temperament, training, moderate-shedding levels, exercise and health—plus practical advice for Canadian own...","1","12614","","/search/?q=off-leash+parks; /search/?q=apartment+dog+breeds; /search/?q=dog+cost+calculator; /search/?q=puppy+names","","","0","https://leashfree.ca/dog-breeds/neapolitan-mastiff/","no","no",""
"/dog-breeds/nederlandse-kooikerhondje/","Nederlandse Kooikerhondje – Traits, Shedding & Exercise | LeashFree.ca","Thinking about a Nederlandse Kooikerhondje? Get clear answers on temperament, exercise, low-to-moderate shedding and health so Canadian families can choose w...","1","12768","","/search/?q=off-leash+parks; /search/?q=apartment+dog+breeds; /search/?q=dog+cost+calculator; /search/?q=puppy+names","","","0","https://leashfree.ca/dog-breeds/nederlandse-kooikerhondje/","no","no",""
"/dog-breeds/newfoundland/","Newfoundland – Traits, Shedding & Exercise in Canada | LeashFree.ca","Meet the Newfoundland: smart and adaptable. Explore temperament, seasonal shedding info, training, grooming and health to decide if it suits your lifestyle i...","1","13052","","/search/?q=off-leash+parks; /search/?q=apartment+dog+breeds; /search/?q=dog+cost+calculator; /search/?q=puppy+names","","","0","https://leashfree.ca/dog-breeds/newfoundland/","no","no",""
"/dog-breeds/newfypoo/","Newfypoo – Traits, Shedding & Exercise in Canada | LeashFree.ca","Newfypoo guide for Canadian owners: temperament, exercise needs, grooming and common health issues. Learn how to care for this breed at home.","1","11355","","/search/?q=off-leash+parks; /search/?q=apartment+dog+breeds; /search/?q=dog+cost+calculator; /search/?q=puppy+names","","","0","https://leashfree.ca/dog-breeds/newfypoo/","no","no",""
"/dog-breeds/norfolk-terrier/","Norfolk Terrier – Traits, Shedding & Exercise in Canada | LeashFree.ca","Meet the Norfolk Terrier: smart and active. Explore temperament, low-to-moderate shedding info, training, grooming and health to decide if it suits your life...","1","12018","","/search/?q=off-leash+parks; /search/?q=apartment+dog+breeds; /search/?q=dog+cost+calculator; /search/?q=puppy+names","","","0","https://leashfree.ca/dog-breeds/norfolk-terrier/","no","no",""
"/dog-breeds/norrbottenspets/","Norrbottenspets – Traits, Shedding & Exercise in Canada | LeashFree.ca","Discover the Norrbottenspets, a active companion. Learn about temperament, moderate-shedding habits, exercise and health tips to see if it fits Canadian fami...","1","12130","","/search/?q=off-leash+parks; /search/?q=apartment+dog+breeds; /search/?q=dog+cost+calculator; /search/?q=puppy+names","","","0","https://leashfree.ca/dog-breeds/norrbottenspets/","no","no",""
"/dog-breeds/northern-arctic-mix/","Northern/Arctic Landrace Mix – Breed Facts & Care | LeashFree.ca","Northern/Arctic Landrace Mix guide for Canadian owners: temperament, exercise needs, grooming and common health issues. Learn how to care for this breed at h...","1","9120","","/search/?q=off-leash+parks; /search/?q=apartment+dog+breeds; /search/?q=dog+cost+calculator; /search/?q=puppy+names","","","0","https://leashfree.ca/dog-breeds/northern-arctic-mix/","no","no",""
"/dog-breeds/norwegian-buhund/","Norwegian Buhund – Size, Energy & Grooming in Canada | LeashFree.ca","Thinking about a Norwegian Buhund? Get clear answers on temperament, exercise, low-to-moderate shedding and health so Canadian families can choose with confi...","1","12031","","/search/?q=off-leash+parks; /search/?q=apartment+dog+breeds; /search/?q=dog+cost+calculator; /search/?q=puppy+names","","","0","https://leashfree.ca/dog-breeds/norwegian-buhund/","no","no",""
"/dog-breeds/norwegian-elkhound/","Norwegian Elkhound – Size, Energy & Grooming in Canada | LeashFree.ca","Meet the Norwegian Elkhound: smart and high-energy. Explore temperament, moderate-shedding info, training, grooming and health to decide if it suits your lif...","1","11168","","/search/?q=off-leash+parks; /search/?q=apartment+dog+breeds; /search/?q=dog+cost+calculator; /search/?q=puppy+names","","","0","https://leashfree.ca/dog-breeds/norwegian-elkhound/","no","no",""
"/dog-breeds/norwegian-lundehund/","Norwegian Lundehund – Size, Energy & Grooming in Canada | LeashFree.ca","Thinking about a Norwegian Lundehund? Get clear answers on temperament, exercise, seasonal shedding and health so Canadian families can choose with confidence.","1","12533","","/search/?q=off-leash+parks; /search/?q=apartment+dog+breeds; /search/?q=dog+cost+calculator; /search/?q=puppy+names; /dog-breeds/miniature-american-shepherd-2/","","","0","https://leashfree.ca/dog-breeds/norwegian-lundehund/","no","no",""
"/dog-breeds/norwich-terrier/","Norwich Terrier – Traits, Shedding & Exercise in Canada | LeashFree.ca","Thinking about a Norwich Terrier? Get clear answers on temperament, exercise, moderate-shedding and health so Canadian families can choose with confidence.","1","10925","","/search/?q=off-leash+parks; /search/?q=apartment+dog+breeds; /search/?q=dog+cost+calculator; /search/?q=puppy+names","","","0","https://leashfree.ca/dog-breeds/norwich-terrier/","no","no",""
"/dog-breeds/nova-scotia-duck-tolling-retriever/","Nova Scotia Duck Tolling Retriever – Breed Facts & Care | LeashFree.ca","Is the Nova Scotia Duck Tolling Retriever right for you? We cover temperament, training, low-to-moderate shedding levels, exercise and health—plus practical...","1","12861","","/search/?q=off-leash+parks; /search/?q=apartment+dog+breeds; /search/?q=dog+cost+calculator; /search/?q=puppy+names","","","0","https://leashfree.ca/dog-breeds/nova-scotia-duck-tolling-retriever/","no","no",""
"/dog-breeds/old-english-sheepdog/","Old English Sheepdog – Traits, Shedding & Exercise | LeashFree.ca","Is the Old English Sheepdog right for you? We cover temperament, training, low-to-moderate shedding levels, exercise and health—plus practical advice for Can...","1","11357","","/search/?q=off-leash+parks; /search/?q=apartment+dog+breeds; /search/?q=dog+cost+calculator; /search/?q=puppy+names","","","0","https://leashfree.ca/dog-breeds/old-english-sheepdog/","no","no",""
"/dog-breeds/otterhound/","Otterhound – Traits, Shedding & Exercise in Canada | LeashFree.ca","Discover the Otterhound, a active companion. Learn about temperament, low-to-moderate shedding habits, exercise and health tips to see if it fits Canadian fa...","1","12473","","/search/?q=off-leash+parks; /search/?q=apartment+dog+breeds; /search/?q=dog+cost+calculator; /search/?q=puppy+names","","","0","https://leashfree.ca/dog-breeds/otterhound/","no","no",""
"/dog-breeds/papillon/","Papillon – Traits, Shedding & Exercise in Canada | LeashFree.ca","Thinking about a Papillon? Get clear answers on temperament, exercise, moderate-shedding and health so Canadian families can choose with confidence.","1","10911","","/search/?q=off-leash+parks; /search/?q=apartment+dog+breeds; /search/?q=dog+cost+calculator; /search/?q=puppy+names","","","0","https://leashfree.ca/dog-breeds/papillon/","no","no",""
"/dog-breeds/parson-russell-terrier/","Parson Russell Terrier – Traits, Shedding & Exercise | LeashFree.ca","Is the Parson Russell Terrier right for you? We cover temperament, training, low-to-moderate shedding levels, exercise and health—plus practical advice for C...","1","12176","","/search/?q=off-leash+parks; /search/?q=apartment+dog+breeds; /search/?q=dog+cost+calculator; /search/?q=puppy+names","","","0","https://leashfree.ca/dog-breeds/parson-russell-terrier/","no","no",""
"/dog-breeds/pekingese/","Pekingese – Traits, Shedding & Exercise in Canada | LeashFree.ca","Meet the Pekingese: smart and moderate-energy. Explore temperament, moderate-shedding info, training, grooming and health to decide if it suits your lifestyl...","1","12202","","/search/?q=off-leash+parks; /search/?q=apartment+dog+breeds; /search/?q=dog+cost+calculator; /search/?q=puppy+names","","","0","https://leashfree.ca/dog-breeds/pekingese/","no","no",""
"/dog-breeds/pembroke-welsh-corgi/","Pembroke Welsh Corgi – Traits, Shedding & Exercise | LeashFree.ca","Thinking about a Pembroke Welsh Corgi? Get clear answers on temperament, exercise, seasonal shedding and health so Canadian families can choose with confidence.","1","11893","","/search/?q=off-leash+parks; /search/?q=apartment+dog+breeds; /search/?q=dog+cost+calculator; /search/?q=puppy+names","","","0","https://leashfree.ca/dog-breeds/pembroke-welsh-corgi/","no","no",""
"/dog-breeds/perro-de-presa-canario/","Perro de Presa Canario – Traits, Shedding & Exercise | LeashFree.ca","Thinking about a Perro de Presa Canario? Get clear answers on temperament, exercise, low-to-moderate shedding and health so Canadian families can choose with...","1","12276","","/search/?q=off-leash+parks; /search/?q=apartment+dog+breeds; /search/?q=dog+cost+calculator; /search/?q=puppy+names","","","0","https://leashfree.ca/dog-breeds/perro-de-presa-canario/","no","no",""
"/dog-breeds/peruvian-inca-orchid/","Peruvian Inca Orchid – Traits, Shedding & Exercise | LeashFree.ca","Is the Peruvian Inca Orchid right for you? We cover temperament, training, seasonal shedding levels, exercise and health—plus practical advice for Canadian o...","1","12599","","/search/?q=off-leash+parks; /search/?q=apartment+dog+breeds; /search/?q=dog+cost+calculator; /search/?q=puppy+names","","","0","https://leashfree.ca/dog-breeds/peruvian-inca-orchid/","no","no",""
"/dog-breeds/petit-basset-griffon-vendeen/","Petit Basset Griffon Vendeen – Breed Facts & Care | LeashFree.ca","Petit Basset Griffon Vendeen guide for Canadian owners: temperament, exercise needs, grooming and common health issues. Learn how to care for this breed at h...","1","12656","","/search/?q=off-leash+parks; /search/?q=apartment+dog+breeds; /search/?q=dog+cost+calculator; /search/?q=puppy+names","","","0","https://leashfree.ca/dog-breeds/petit-basset-griffon-vendeen/","no","no",""
"/dog-breeds/pharaoh-hound/","Pharaoh Hound – Traits, Shedding & Exercise in Canada | LeashFree.ca","Discover the Pharaoh Hound, a moderate-energy companion. Learn about temperament, seasonal shedding habits, exercise and health tips to see if it fits Canadi...","1","12189","","/search/?q=off-leash+parks; /search/?q=apartment+dog+breeds; /search/?q=dog+cost+calculator; /search/?q=puppy+names","","","0","https://leashfree.ca/dog-breeds/pharaoh-hound/","no","no",""
"/dog-breeds/plott-hound/","Plott Hound – Traits, Shedding & Exercise in Canada | LeashFree.ca","Meet the Plott Hound: smart and moderate-energy. Explore temperament, moderate-shedding info, training, grooming and health to decide if it suits your lifest...","1","12197","","/search/?q=off-leash+parks; /search/?q=apartment+dog+breeds; /search/?q=dog+cost+calculator; /search/?q=puppy+names","","","0","https://leashfree.ca/dog-breeds/plott-hound/","no","no",""
"/dog-breeds/pointer/","Pointer – Traits, Shedding & Exercise in Canada | LeashFree.ca","Discover the Pointer, a adaptable companion. Learn about temperament, seasonal shedding habits, exercise and health tips to see if it fits Canadian families.","1","11921","","/search/?q=off-leash+parks; /search/?q=apartment+dog+breeds; /search/?q=dog+cost+calculator; /search/?q=puppy+names","","","0","https://leashfree.ca/dog-breeds/pointer/","no","no",""
"/dog-breeds/polish-lowland-sheepdog/","Polish Lowland Sheepdog – Traits, Shedding & Exercise | LeashFree.ca","Polish Lowland Sheepdog guide for Canadian owners: temperament, exercise needs, grooming and common health issues. Learn how to care for this breed at home.","1","12257","","/search/?q=off-leash+parks; /search/?q=apartment+dog+breeds; /search/?q=dog+cost+calculator; /search/?q=puppy+names","","","0","https://leashfree.ca/dog-breeds/polish-lowland-sheepdog/","no","no",""
"/dog-breeds/pomchi/","Pomchi – Traits, Shedding & Exercise in Canada | LeashFree.ca","Discover the Pomchi, a moderate-energy companion. Learn about temperament, low-to-moderate shedding habits, exercise and health tips to see if it fits Canadi...","1","8784","","/search/?q=off-leash+parks; /search/?q=apartment+dog+breeds; /search/?q=dog+cost+calculator; /search/?q=puppy+names","","","0","https://leashfree.ca/dog-breeds/pomchi/","no","no",""
"/dog-breeds/pomeranian/","Pomeranian – Traits, Shedding & Exercise in Canada | LeashFree.ca","Pomeranian guide for Canadian owners: temperament, exercise needs, grooming and common health issues. Learn how to care for this breed at home.","1","11621","","/search/?q=off-leash+parks; /search/?q=apartment+dog+breeds; /search/?q=dog+cost+calculator; /search/?q=puppy+names","","","0","https://leashfree.ca/dog-breeds/pomeranian/","no","no",""
"/dog-breeds/poodle/","Poodle – Traits, Shedding & Exercise in Canada | LeashFree.ca","Meet the Poodle: smart and active. Explore temperament, low-to-moderate shedding info, training, grooming and health to decide if it suits your lifestyle in...","1","11217","","/search/?q=off-leash+parks; /search/?q=apartment+dog+breeds; /search/?q=dog+cost+calculator; /search/?q=puppy+names","","","0","https://leashfree.ca/dog-breeds/poodle/","no","no",""
"/dog-breeds/portuguese-podengo-pequeno/","Portuguese Podengo Pequeno – Breed Facts & Care | LeashFree.ca","Is the Portuguese Podengo Pequeno right for you? We cover temperament, training, seasonal shedding levels, exercise and health—plus practical advice for Cana...","1","12101","","/search/?q=off-leash+parks; /search/?q=apartment+dog+breeds; /search/?q=dog+cost+calculator; /search/?q=puppy+names","","","0","https://leashfree.ca/dog-breeds/portuguese-podengo-pequeno/","no","no",""
"/dog-breeds/portuguese-pointer/","Portuguese Pointer – Size, Energy & Grooming in Canada | LeashFree.ca","Meet the Portuguese Pointer: smart and adaptable. Explore temperament, moderate-shedding info, training, grooming and health to decide if it suits your lifes...","1","11953","","/search/?q=off-leash+parks; /search/?q=apartment+dog+breeds; /search/?q=dog+cost+calculator; /search/?q=puppy+names","","","0","https://leashfree.ca/dog-breeds/portuguese-pointer/","no","no",""
"/dog-breeds/portuguese-water-dog/","Portuguese Water Dog – Traits, Shedding & Exercise | LeashFree.ca","Meet the Portuguese Water Dog: smart and adaptable. Explore temperament, seasonal shedding info, training, grooming and health to decide if it suits your lif...","1","12525","","/search/?q=off-leash+parks; /search/?q=apartment+dog+breeds; /search/?q=dog+cost+calculator; /search/?q=puppy+names","","","0","https://leashfree.ca/dog-breeds/portuguese-water-dog/","no","no",""
"/dog-breeds/presa-canario/","Presa Canario – Traits, Shedding & Exercise in Canada | LeashFree.ca","Discover the Presa Canario, a moderate-energy companion. Learn about temperament, moderate-shedding habits, exercise and health tips to see if it fits Canadi...","1","12852","","/search/?q=off-leash+parks; /search/?q=apartment+dog+breeds; /search/?q=dog+cost+calculator; /search/?q=puppy+names","","","0","https://leashfree.ca/dog-breeds/presa-canario/","no","no",""
"/dog-breeds/pudelpointer/","Pudelpointer – Traits, Shedding & Exercise in Canada | LeashFree.ca","Meet the Pudelpointer: smart and moderate-energy. Explore temperament, seasonal shedding info, training, grooming and health to decide if it suits your lifes...","1","12660","","/search/?q=off-leash+parks; /search/?q=apartment+dog+breeds; /search/?q=dog+cost+calculator; /search/?q=puppy+names","","","0","https://leashfree.ca/dog-breeds/pudelpointer/","no","no",""
"/dog-breeds/puggle/","Puggle – Traits, Shedding & Exercise in Canada | LeashFree.ca","Discover the Puggle, a adaptable companion. Learn about temperament, moderate-shedding habits, exercise and health tips to see if it fits Canadian families.","1","9341","","/search/?q=off-leash+parks; /search/?q=apartment+dog+breeds; /search/?q=dog+cost+calculator; /search/?q=puppy+names","","","0","https://leashfree.ca/dog-breeds/puggle/","no","no",""
"/dog-breeds/puli/","Puli – Traits, Shedding & Exercise in Canada | LeashFree.ca","Puli guide for Canadian owners: temperament, exercise needs, grooming and common health issues. Learn how to care for this breed at home.","1","11849","","/search/?q=off-leash+parks; /search/?q=apartment+dog+breeds; /search/?q=dog+cost+calculator; /search/?q=puppy+names","","","0","https://leashfree.ca/dog-breeds/puli/","no","no",""
"/dog-breeds/pumi/","Pumi – Traits, Shedding & Exercise in Canada | LeashFree.ca","Thinking about a Pumi? Get clear answers on temperament, exercise, seasonal shedding and health so Canadian families can choose with confidence.","1","12034","","/search/?q=off-leash+parks; /search/?q=apartment+dog+breeds; /search/?q=dog+cost+calculator; /search/?q=puppy+names","","","0","https://leashfree.ca/dog-breeds/pumi/","no","no",""
"/dog-breeds/pyrador/","Pyrador – Traits, Shedding & Exercise in Canada | LeashFree.ca","Discover the Pyrador, a adaptable companion. Learn about temperament, seasonal shedding habits, exercise and health tips to see if it fits Canadian families.","1","9034","","/search/?q=off-leash+parks; /search/?q=apartment+dog+breeds; /search/?q=dog+cost+calculator; /search/?q=puppy+names","","","0","https://leashfree.ca/dog-breeds/pyrador/","no","no",""
"/dog-breeds/pyredoodle/","Pyredoodle – Traits, Shedding & Exercise in Canada | LeashFree.ca","Meet the Pyredoodle: smart and moderate-energy. Explore temperament, moderate-shedding info, training, grooming and health to decide if it suits your lifesty...","1","8163","","/search/?q=off-leash+parks; /search/?q=apartment+dog+breeds; /search/?q=dog+cost+calculator; /search/?q=puppy+names","","","0","https://leashfree.ca/dog-breeds/pyredoodle/","no","no",""
"/dog-breeds/pyrenean-mastiff/","Pyrenean Mastiff – Size, Energy & Grooming in Canada | LeashFree.ca","Pyrenean Mastiff guide for Canadian owners: temperament, exercise needs, grooming and common health issues. Learn how to care for this breed at home.","1","12275","","/search/?q=off-leash+parks; /search/?q=apartment+dog+breeds; /search/?q=dog+cost+calculator; /search/?q=puppy+names","","","0","https://leashfree.ca/dog-breeds/pyrenean-mastiff/","no","no",""
"/dog-breeds/pyrenean-shepherd/","Pyrenean Shepherd – Size, Energy & Grooming in Canada | LeashFree.ca","Meet the Pyrenean Shepherd: smart and high-energy. Explore temperament, seasonal shedding info, training, grooming and health to decide if it suits your life...","1","12453","","/search/?q=off-leash+parks; /search/?q=apartment+dog+breeds; /search/?q=dog+cost+calculator; /search/?q=puppy+names","","","0","https://leashfree.ca/dog-breeds/pyrenean-shepherd/","no","no",""
"/dog-breeds/rafeiro-do-alentejo/","Rafeiro do Alentejo – Size, Energy & Grooming in Canada | LeashFree.ca","Thinking about a Rafeiro do Alentejo? Get clear answers on temperament, exercise, low-to-moderate shedding and health so Canadian families can choose with co...","1","10557","","/search/?q=off-leash+parks; /search/?q=apartment+dog+breeds; /search/?q=dog+cost+calculator; /search/?q=puppy+names","","","0","https://leashfree.ca/dog-breeds/rafeiro-do-alentejo/","no","no",""
"/dog-breeds/rat-terrier/","Rat Terrier – Traits, Shedding & Exercise in Canada | LeashFree.ca","Thinking about a Rat Terrier? Get clear answers on temperament, exercise, seasonal shedding and health so Canadian families can choose with confidence.","1","10541","","/search/?q=off-leash+parks; /search/?q=apartment+dog+breeds; /search/?q=dog+cost+calculator; /search/?q=puppy+names","","","0","https://leashfree.ca/dog-breeds/rat-terrier/","no","no",""
"/dog-breeds/redbone-coonhound/","Redbone Coonhound – Size, Energy & Grooming in Canada | LeashFree.ca","Is the Redbone Coonhound right for you? We cover temperament, training, low-to-moderate shedding levels, exercise and health—plus practical advice for Canadi...","1","10618","","/search/?q=off-leash+parks; /search/?q=apartment+dog+breeds; /search/?q=dog+cost+calculator; /search/?q=puppy+names","","","0","https://leashfree.ca/dog-breeds/redbone-coonhound/","no","no",""
"/dog-breeds/rhodesian-ridgeback/","Rhodesian Ridgeback – Size, Energy & Grooming in Canada | LeashFree.ca","Is the Rhodesian Ridgeback right for you? We cover temperament, training, low-to-moderate shedding levels, exercise and health—plus practical advice for Cana...","1","10780","","/search/?q=off-leash+parks; /search/?q=apartment+dog+breeds; /search/?q=dog+cost+calculator; /search/?q=puppy+names","","","0","https://leashfree.ca/dog-breeds/rhodesian-ridgeback/","no","no",""
"/dog-breeds/rottweiler/","Rottweiler – Traits, Shedding & Exercise in Canada | LeashFree.ca","Rottweiler guide for Canadian owners: temperament, exercise needs, grooming and common health issues. Learn how to care for this breed at home.","1","11663","","/search/?q=off-leash+parks; /search/?q=apartment+dog+breeds; /search/?q=dog+cost+calculator; /search/?q=puppy+names","","","0","https://leashfree.ca/dog-breeds/rottweiler/","no","no",""
"/dog-breeds/russian-toy/","Russian Toy – Traits, Shedding & Exercise in Canada | LeashFree.ca","Is the Russian Toy right for you? We cover temperament, training, seasonal shedding levels, exercise and health—plus practical advice for Canadian owners.","1","10779","","/search/?q=off-leash+parks; /search/?q=apartment+dog+breeds; /search/?q=dog+cost+calculator; /search/?q=puppy+names","","","0","https://leashfree.ca/dog-breeds/russian-toy/","no","no",""
"/dog-breeds/russian-tsvetnaya-bolonka/","Russian Tsvetnaya Bolonka – Traits, Shedding & Exercise | LeashFree.ca","Is the Russian Tsvetnaya Bolonka right for you? We cover temperament, training, seasonal shedding levels, exercise and health—plus practical advice for Canad...","1","10619","","/search/?q=off-leash+parks; /search/?q=apartment+dog+breeds; /search/?q=dog+cost+calculator; /search/?q=puppy+names","","","0","https://leashfree.ca/dog-breeds/russian-tsvetnaya-bolonka/","no","no",""
"/dog-breeds/saint-berdoodle/","Saint Berdoodle – Traits, Shedding & Exercise in Canada | LeashFree.ca","Saint Berdoodle guide for Canadian owners: temperament, exercise needs, grooming and common health issues. Learn how to care for this breed at home.","1","11525","","/search/?q=off-leash+parks; /search/?q=apartment+dog+breeds; /search/?q=dog+cost+calculator; /search/?q=puppy+names","","","0","https://leashfree.ca/dog-breeds/saint-berdoodle/","no","no",""
"/dog-breeds/saint-bernard/","Saint Bernard – Traits, Shedding & Exercise in Canada | LeashFree.ca","Saint Bernard guide for Canadian owners: temperament, exercise needs, grooming and common health issues. Learn how to care for this breed at home.","1","10813","","/search/?q=off-leash+parks; /search/?q=apartment+dog+breeds; /search/?q=dog+cost+calculator; /search/?q=puppy+names","","","0","https://leashfree.ca/dog-breeds/saint-bernard/","no","no",""
"/dog-breeds/saluki/","Saluki – Traits, Shedding & Exercise in Canada | LeashFree.ca","Saluki guide for Canadian owners: temperament, exercise needs, grooming and common health issues. Learn how to care for this breed at home.","1","10715","","/search/?q=off-leash+parks; /search/?q=apartment+dog+breeds; /search/?q=dog+cost+calculator; /search/?q=puppy+names","","","0","https://leashfree.ca/dog-breeds/saluki/","no","no",""
"/dog-breeds/samoyed/","Samoyed – Traits, Shedding & Exercise in Canada | LeashFree.ca","Meet the Samoyed: smart and adaptable. Explore temperament, low-to-moderate shedding info, training, grooming and health to decide if it suits your lifestyle...","1","11002","","/search/?q=off-leash+parks; /search/?q=apartment+dog+breeds; /search/?q=dog+cost+calculator; /search/?q=puppy+names","","","0","https://leashfree.ca/dog-breeds/samoyed/","no","no",""
"/dog-breeds/sarplaninac/","Sarplaninac – Traits, Shedding & Exercise in Canada | LeashFree.ca","Sarplaninac guide for Canadian owners: temperament, exercise needs, grooming and common health issues. Learn how to care for this breed at home.","1","11060","","/search/?q=off-leash+parks; /search/?q=apartment+dog+breeds; /search/?q=dog+cost+calculator; /search/?q=puppy+names","","","0","https://leashfree.ca/dog-breeds/sarplaninac/","no","no",""
"/dog-breeds/schapendoes/","Schapendoes – Traits, Shedding & Exercise in Canada | LeashFree.ca","Schapendoes guide for Canadian owners: temperament, exercise needs, grooming and common health issues. Learn how to care for this breed at home.","1","10613","","/search/?q=off-leash+parks; /search/?q=apartment+dog+breeds; /search/?q=dog+cost+calculator; /search/?q=puppy+names","","","0","https://leashfree.ca/dog-breeds/schapendoes/","no","no",""
"/dog-breeds/schipperke/","Schipperke – Traits, Shedding & Exercise in Canada | LeashFree.ca","Meet the Schipperke: smart and high-energy. Explore temperament, moderate-shedding info, training, grooming and health to decide if it suits your lifestyle i...","1","10656","","/search/?q=off-leash+parks; /search/?q=apartment+dog+breeds; /search/?q=dog+cost+calculator; /search/?q=puppy+names","","","0","https://leashfree.ca/dog-breeds/schipperke/","no","no",""
"/dog-breeds/schnoodle/","Schnoodle – Traits, Shedding & Exercise in Canada | LeashFree.ca","Schnoodle guide for Canadian owners: temperament, exercise needs, grooming and common health issues. Learn how to care for this breed at home.","1","8118","","/search/?q=off-leash+parks; /search/?q=apartment+dog+breeds; /search/?q=dog+cost+calculator; /search/?q=puppy+names","","","0","https://leashfree.ca/dog-breeds/schnoodle/","no","no",""
"/dog-breeds/scottish-deerhound/","Scottish Deerhound – Size, Energy & Grooming in Canada | LeashFree.ca","Is the Scottish Deerhound right for you? We cover temperament, training, seasonal shedding levels, exercise and health—plus practical advice for Canadian own...","1","10891","","/search/?q=off-leash+parks; /search/?q=apartment+dog+breeds; /search/?q=dog+cost+calculator; /search/?q=puppy+names","","","0","https://leashfree.ca/dog-breeds/scottish-deerhound/","no","no",""
"/dog-breeds/scottish-terrier/","Scottish Terrier – Size, Energy & Grooming in Canada | LeashFree.ca","Thinking about a Scottish Terrier? Get clear answers on temperament, exercise, low-to-moderate shedding and health so Canadian families can choose with confi...","1","10999","","/search/?q=off-leash+parks; /search/?q=apartment+dog+breeds; /search/?q=dog+cost+calculator; /search/?q=puppy+names","","","0","https://leashfree.ca/dog-breeds/scottish-terrier/","no","no",""
"/dog-breeds/sealyham-terrier/","Sealyham Terrier – Size, Energy & Grooming in Canada | LeashFree.ca","Meet the Sealyham Terrier: smart and moderate-energy. Explore temperament, low-to-moderate shedding info, training, grooming and health to decide if it suits...","1","10806","","/search/?q=off-leash+parks; /search/?q=apartment+dog+breeds; /search/?q=dog+cost+calculator; /search/?q=puppy+names","","","0","https://leashfree.ca/dog-breeds/sealyham-terrier/","no","no",""
"/dog-breeds/segugio-italiano/","Segugio Italiano – Size, Energy & Grooming in Canada | LeashFree.ca","Is the Segugio Italiano right for you? We cover temperament, training, low-to-moderate shedding levels, exercise and health—plus practical advice for Canadia...","1","10904","","/search/?q=off-leash+parks; /search/?q=apartment+dog+breeds; /search/?q=dog+cost+calculator; /search/?q=puppy+names","","","0","https://leashfree.ca/dog-breeds/segugio-italiano/","no","no",""
"/dog-breeds/sheepadoodle/","Sheepadoodle – Traits, Shedding & Exercise in Canada | LeashFree.ca","Meet the Sheepadoodle: smart and high-energy. Explore temperament, low-to-moderate shedding info, training, grooming and health to decide if it suits your li...","1","8822","","/search/?q=off-leash+parks; /search/?q=apartment+dog+breeds; /search/?q=dog+cost+calculator; /search/?q=puppy+names","","","0","https://leashfree.ca/dog-breeds/sheepadoodle/","no","no",""
"/dog-breeds/sheprador/","Sheprador – Traits, Shedding & Exercise in Canada | LeashFree.ca","Meet the Sheprador: smart and moderate-energy. Explore temperament, moderate-shedding info, training, grooming and health to decide if it suits your lifestyl...","1","9527","","/search/?q=off-leash+parks; /search/?q=apartment+dog+breeds; /search/?q=dog+cost+calculator; /search/?q=puppy+names","","","0","https://leashfree.ca/dog-breeds/sheprador/","no","no",""
"/dog-breeds/shetland-sheepdog/","Shetland Sheepdog – Size, Energy & Grooming in Canada | LeashFree.ca","Thinking about a Shetland Sheepdog? Get clear answers on temperament, exercise, moderate-shedding and health so Canadian families can choose with confidence.","1","10691","","/search/?q=off-leash+parks; /search/?q=apartment+dog+breeds; /search/?q=dog+cost+calculator; /search/?q=puppy+names; /dog-breeds/miniature-american-shepherd-2/","","","0","https://leashfree.ca/dog-breeds/shetland-sheepdog/","no","no",""
"/dog-breeds/shiba-inu/","Shiba Inu – Traits, Shedding & Exercise in Canada | LeashFree.ca","Meet the Shiba Inu: smart and moderate-energy. Explore temperament, moderate-shedding info, training, grooming and health to decide if it suits your lifestyl...","1","11158","","/search/?q=off-leash+parks; /search/?q=apartment+dog+breeds; /search/?q=dog+cost+calculator; /search/?q=puppy+names","","","0","https://leashfree.ca/dog-breeds/shiba-inu/","no","no",""
"/dog-breeds/shih-poo/","Shih-poo – Traits, Shedding & Exercise in Canada | LeashFree.ca","Discover the Shih-poo, a moderate-energy companion. Learn about temperament, low-to-moderate shedding habits, exercise and health tips to see if it fits Cana...","1","8932","","/search/?q=off-leash+parks; /search/?q=apartment+dog+breeds; /search/?q=dog+cost+calculator; /search/?q=puppy+names","","","0","https://leashfree.ca/dog-breeds/shih-poo/","no","no",""
"/dog-breeds/shih-tzu/","Shih Tzu – Traits, Shedding & Exercise in Canada | LeashFree.ca","Discover the Shih Tzu, a active companion. Learn about temperament, moderate-shedding habits, exercise and health tips to see if it fits Canadian families.","1","11018","","/search/?q=off-leash+parks; /search/?q=apartment+dog+breeds; /search/?q=dog+cost+calculator; /search/?q=puppy+names","","","0","https://leashfree.ca/dog-breeds/shih-tzu/","no","no",""
"/dog-breeds/shikoku/","Shikoku – Traits, Shedding & Exercise in Canada | LeashFree.ca","Discover the Shikoku, a active companion. Learn about temperament, moderate-shedding habits, exercise and health tips to see if it fits Canadian families.","1","10748","","/search/?q=off-leash+parks; /search/?q=apartment+dog+breeds; /search/?q=dog+cost+calculator; /search/?q=puppy+names","","","0","https://leashfree.ca/dog-breeds/shikoku/","no","no",""
"/dog-breeds/siberian-husky/","Siberian Husky – Traits, Shedding & Exercise in Canada | LeashFree.ca","Siberian Husky guide for Canadian owners: temperament, exercise needs, grooming and common health issues. Learn how to care for this breed at home.","1","10987","","/search/?q=off-leash+parks; /search/?q=apartment+dog+breeds; /search/?q=dog+cost+calculator; /search/?q=puppy+names","","","0","https://leashfree.ca/dog-breeds/siberian-husky/","no","no",""
"/dog-breeds/silky-terrier/","Silky Terrier – Traits, Shedding & Exercise in Canada | LeashFree.ca","Discover the Silky Terrier, a active companion. Learn about temperament, seasonal shedding habits, exercise and health tips to see if it fits Canadian families.","1","10753","","/search/?q=off-leash+parks; /search/?q=apartment+dog+breeds; /search/?q=dog+cost+calculator; /search/?q=puppy+names","","","0","https://leashfree.ca/dog-breeds/silky-terrier/","no","no",""
"/dog-breeds/skye-terrier/","Skye Terrier – Traits, Shedding & Exercise in Canada | LeashFree.ca","Meet the Skye Terrier: smart and moderate-energy. Explore temperament, seasonal shedding info, training, grooming and health to decide if it suits your lifes...","1","10949","","/search/?q=off-leash+parks; /search/?q=apartment+dog+breeds; /search/?q=dog+cost+calculator; /search/?q=puppy+names","","","0","https://leashfree.ca/dog-breeds/skye-terrier/","no","no",""
"/dog-breeds/sloughi/","Sloughi – Traits, Shedding & Exercise in Canada | LeashFree.ca","Meet the Sloughi: smart and high-energy. Explore temperament, moderate-shedding info, training, grooming and health to decide if it suits your lifestyle in C...","1","10706","","/search/?q=off-leash+parks; /search/?q=apartment+dog+breeds; /search/?q=dog+cost+calculator; /search/?q=puppy+names","","","0","https://leashfree.ca/dog-breeds/sloughi/","no","no",""
"/dog-breeds/slovakian-wirehaired-pointer/","Slovakian Wirehaired Pointer – Breed Facts & Care | LeashFree.ca","Is the Slovakian Wirehaired Pointer right for you? We cover temperament, training, low-to-moderate shedding levels, exercise and health—plus practical advice...","1","10833","","/search/?q=off-leash+parks; /search/?q=apartment+dog+breeds; /search/?q=dog+cost+calculator; /search/?q=puppy+names","","","0","https://leashfree.ca/dog-breeds/slovakian-wirehaired-pointer/","no","no",""
"/dog-breeds/slovensky-cuvac/","Slovensky Cuvac – Traits, Shedding & Exercise in Canada | LeashFree.ca","Is the Slovensky Cuvac right for you? We cover temperament, training, moderate-shedding levels, exercise and health—plus practical advice for Canadian owners.","1","10885","","/search/?q=off-leash+parks; /search/?q=apartment+dog+breeds; /search/?q=dog+cost+calculator; /search/?q=puppy+names","","","0","https://leashfree.ca/dog-breeds/slovensky-cuvac/","no","no",""
"/dog-breeds/slovensky-kopov/","Slovensky Kopov – Traits, Shedding & Exercise in Canada | LeashFree.ca","Meet the Slovensky Kopov: smart and high-energy. Explore temperament, low-to-moderate shedding info, training, grooming and health to decide if it suits your...","1","10801","","/search/?q=off-leash+parks; /search/?q=apartment+dog+breeds; /search/?q=dog+cost+calculator; /search/?q=puppy+names","","","0","https://leashfree.ca/dog-breeds/slovensky-kopov/","no","no",""
"/dog-breeds/small-munsterlander-pointer/","Small Munsterlander Pointer – Breed Facts & Care | LeashFree.ca","Discover the Small Munsterlander Pointer, a adaptable companion. Learn about temperament, seasonal shedding habits, exercise and health tips to see if it fit...","1","10927","","/search/?q=off-leash+parks; /search/?q=apartment+dog+breeds; /search/?q=dog+cost+calculator; /search/?q=puppy+names","","","0","https://leashfree.ca/dog-breeds/small-munsterlander-pointer/","no","no",""
"/dog-breeds/smooth-fox-terrier/","Smooth Fox Terrier – Size, Energy & Grooming in Canada | LeashFree.ca","Thinking about a Smooth Fox Terrier? Get clear answers on temperament, exercise, moderate-shedding and health so Canadian families can choose with confidence.","1","10650","","/search/?q=off-leash+parks; /search/?q=apartment+dog+breeds; /search/?q=dog+cost+calculator; /search/?q=puppy+names","","","0","https://leashfree.ca/dog-breeds/smooth-fox-terrier/","no","no",""
"/dog-breeds/soft-coated-wheaten-terrier/","Soft Coated Wheaten Terrier – Breed Facts & Care | LeashFree.ca","Soft Coated Wheaten Terrier guide for Canadian owners: temperament, exercise needs, grooming and common health issues. Learn how to care for this breed at home.","1","10944","","/search/?q=off-leash+parks; /search/?q=apartment+dog+breeds; /search/?q=dog+cost+calculator; /search/?q=puppy+names","","","0","https://leashfree.ca/dog-breeds/soft-coated-wheaten-terrier/","no","no",""
"/dog-breeds/spanish-mastiff/","Spanish Mastiff – Traits, Shedding & Exercise in Canada | LeashFree.ca","Meet the Spanish Mastiff: smart and moderate-energy. Explore temperament, moderate-shedding info, training, grooming and health to decide if it suits your li...","1","10895","","/search/?q=off-leash+parks; /search/?q=apartment+dog+breeds; /search/?q=dog+cost+calculator; /search/?q=puppy+names","","","0","https://leashfree.ca/dog-breeds/spanish-mastiff/","no","no",""
"/dog-breeds/spanish-water-dog/","Spanish Water Dog – Size, Energy & Grooming in Canada | LeashFree.ca","Is the Spanish Water Dog right for you? We cover temperament, training, seasonal shedding levels, exercise and health—plus practical advice for Canadian owners.","1","10896","","/search/?q=off-leash+parks; /search/?q=apartment+dog+breeds; /search/?q=dog+cost+calculator; /search/?q=puppy+names","","","0","https://leashfree.ca/dog-breeds/spanish-water-dog/","no","no",""
"/dog-breeds/spinone-italiano/","Spinone Italiano – Size, Energy & Grooming in Canada | LeashFree.ca","Is the Spinone Italiano right for you? We cover temperament, training, low-to-moderate shedding levels, exercise and health—plus practical advice for Canadia...","1","11775","","/search/?q=off-leash+parks; /search/?q=apartment+dog+breeds; /search/?q=dog+cost+calculator; /search/?q=puppy+names","","","0","https://leashfree.ca/dog-breeds/spinone-italiano/","no","no",""
"/dog-breeds/stabyhoun/","Stabyhoun – Traits, Shedding & Exercise in Canada | LeashFree.ca","Stabyhoun guide for Canadian owners: temperament, exercise needs, grooming and common health issues. Learn how to care for this breed at home.","1","11007","","/search/?q=off-leash+parks; /search/?q=apartment+dog+breeds; /search/?q=dog+cost+calculator; /search/?q=puppy+names","","","0","https://leashfree.ca/dog-breeds/stabyhoun/","no","no",""
"/dog-breeds/staffordshire-bull-terrier/","Staffordshire Bull Terrier – Breed Facts & Care | LeashFree.ca","Meet the Staffordshire Bull Terrier: smart and active. Explore temperament, moderate-shedding info, training, grooming and health to decide if it suits your...","1","10971","","/search/?q=off-leash+parks; /search/?q=apartment+dog+breeds; /search/?q=dog+cost+calculator; /search/?q=puppy+names","","","0","https://leashfree.ca/dog-breeds/staffordshire-bull-terrier/","no","no",""
"/dog-breeds/standard-schnauzer/","Standard Schnauzer – Size, Energy & Grooming in Canada | LeashFree.ca","Discover the Standard Schnauzer, a active companion. Learn about temperament, moderate-shedding habits, exercise and health tips to see if it fits Canadian f...","1","10868","","/search/?q=off-leash+parks; /search/?q=apartment+dog+breeds; /search/?q=dog+cost+calculator; /search/?q=puppy+names","","","0","https://leashfree.ca/dog-breeds/standard-schnauzer/","no","no",""
"/dog-breeds/sussex-spaniel/","Sussex Spaniel – Traits, Shedding & Exercise in Canada | LeashFree.ca","Is the Sussex Spaniel right for you? We cover temperament, training, seasonal shedding levels, exercise and health—plus practical advice for Canadian owners.","1","10809","","/search/?q=off-leash+parks; /search/?q=apartment+dog+breeds; /search/?q=dog+cost+calculator; /search/?q=puppy+names","","","0","https://leashfree.ca/dog-breeds/sussex-spaniel/","no","no",""
"/dog-breeds/swedish-lapphund/","Swedish Lapphund – Size, Energy & Grooming in Canada | LeashFree.ca","Is the Swedish Lapphund right for you? We cover temperament, training, low-to-moderate shedding levels, exercise and health—plus practical advice for Canadia...","1","10975","","/search/?q=off-leash+parks; /search/?q=apartment+dog+breeds; /search/?q=dog+cost+calculator; /search/?q=puppy+names","","","0","https://leashfree.ca/dog-breeds/swedish-lapphund/","no","no",""
"/dog-breeds/swedish-vallhund/","Swedish Vallhund – Size, Energy & Grooming in Canada | LeashFree.ca","Is the Swedish Vallhund right for you? We cover temperament, training, moderate-shedding levels, exercise and health—plus practical advice for Canadian owners.","1","11048","","/search/?q=off-leash+parks; /search/?q=apartment+dog+breeds; /search/?q=dog+cost+calculator; /search/?q=puppy+names","","","0","https://leashfree.ca/dog-breeds/swedish-vallhund/","no","no",""
"/dog-breeds/taiwan-dog/","Taiwan Dog – Traits, Shedding & Exercise in Canada | LeashFree.ca","Meet the Taiwan Dog: smart and active. Explore temperament, seasonal shedding info, training, grooming and health to decide if it suits your lifestyle in Can...","1","10814","","/search/?q=off-leash+parks; /search/?q=apartment+dog+breeds; /search/?q=dog+cost+calculator; /search/?q=puppy+names","","","0","https://leashfree.ca/dog-breeds/taiwan-dog/","no","no",""
"/dog-breeds/teddy-roosevelt-terrier/","Teddy Roosevelt Terrier – Traits, Shedding & Exercise | LeashFree.ca","Is the Teddy Roosevelt Terrier right for you? We cover temperament, training, moderate-shedding levels, exercise and health—plus practical advice for Canadia...","1","11164","","/search/?q=off-leash+parks; /search/?q=apartment+dog+breeds; /search/?q=dog+cost+calculator; /search/?q=puppy+names","","","0","https://leashfree.ca/dog-breeds/teddy-roosevelt-terrier/","no","no",""
"/dog-breeds/thai-ridgeback/","Thai Ridgeback – Traits, Shedding & Exercise in Canada | LeashFree.ca","Meet the Thai Ridgeback: smart and moderate-energy. Explore temperament, seasonal shedding info, training, grooming and health to decide if it suits your lif...","1","10757","","/search/?q=off-leash+parks; /search/?q=apartment+dog+breeds; /search/?q=dog+cost+calculator; /search/?q=puppy+names","","","0","https://leashfree.ca/dog-breeds/thai-ridgeback/","no","no",""
"/dog-breeds/tibetan-mastiff/","Tibetan Mastiff – Traits, Shedding & Exercise in Canada | LeashFree.ca","Thinking about a Tibetan Mastiff? Get clear answers on temperament, exercise, low-to-moderate shedding and health so Canadian families can choose with confid...","1","11270","","/search/?q=off-leash+parks; /search/?q=apartment+dog+breeds; /search/?q=dog+cost+calculator; /search/?q=puppy+names","","","0","https://leashfree.ca/dog-breeds/tibetan-mastiff/","no","no",""
"/dog-breeds/tibetan-spaniel/","Tibetan Spaniel – Traits, Shedding & Exercise in Canada | LeashFree.ca","Tibetan Spaniel guide for Canadian owners: temperament, exercise needs, grooming and common health issues. Learn how to care for this breed at home.","1","10945","","/search/?q=off-leash+parks; /search/?q=apartment+dog+breeds; /search/?q=dog+cost+calculator; /search/?q=puppy+names","","","0","https://leashfree.ca/dog-breeds/tibetan-spaniel/","no","no",""
"/dog-breeds/tibetan-terrier/","Tibetan Terrier – Traits, Shedding & Exercise in Canada | LeashFree.ca","Tibetan Terrier guide for Canadian owners: temperament, exercise needs, grooming and common health issues. Learn how to care for this breed at home.","1","10900","","/search/?q=off-leash+parks; /search/?q=apartment+dog+breeds; /search/?q=dog+cost+calculator; /search/?q=puppy+names","","","0","https://leashfree.ca/dog-breeds/tibetan-terrier/","no","no",""
"/dog-breeds/tornjak/","Tornjak – Traits, Shedding & Exercise in Canada | LeashFree.ca","Is the Tornjak right for you? We cover temperament, training, low-to-moderate shedding levels, exercise and health—plus practical advice for Canadian owners.","1","11129","","/search/?q=off-leash+parks; /search/?q=apartment+dog+breeds; /search/?q=dog+cost+calculator; /search/?q=puppy+names","","","0","https://leashfree.ca/dog-breeds/tornjak/","no","no",""
"/dog-breeds/tosa/","Tosa – Traits, Shedding & Exercise in Canada | LeashFree.ca","Tosa guide for Canadian owners: temperament, exercise needs, grooming and common health issues. Learn how to care for this breed at home.","1","11216","","/search/?q=off-leash+parks; /search/?q=apartment+dog+breeds; /search/?q=dog+cost+calculator; /search/?q=puppy+names","","","0","https://leashfree.ca/dog-breeds/tosa/","no","no",""
"/dog-breeds/toy-fox-terrier/","Toy Fox Terrier – Traits, Shedding & Exercise in Canada | LeashFree.ca","Toy Fox Terrier guide for Canadian owners: temperament, exercise needs, grooming and common health issues. Learn how to care for this breed at home.","1","11008","","/search/?q=off-leash+parks; /search/?q=apartment+dog+breeds; /search/?q=dog+cost+calculator; /search/?q=puppy+names","","","0","https://leashfree.ca/dog-breeds/toy-fox-terrier/","no","no",""
"/dog-breeds/transylvanian-hound/","Transylvanian Hound – Size, Energy & Grooming in Canada | LeashFree.ca","Transylvanian Hound guide for Canadian owners: temperament, exercise needs, grooming and common health issues. Learn how to care for this breed at home.","1","11030","","/search/?q=off-leash+parks; /search/?q=apartment+dog+breeds; /search/?q=dog+cost+calculator; /search/?q=puppy+names","","","0","https://leashfree.ca/dog-breeds/transylvanian-hound/","no","no",""
"/dog-breeds/treeing-tennessee-brindle/","Treeing Tennessee Brindle – Traits, Shedding & Exercise | LeashFree.ca","Treeing Tennessee Brindle guide for Canadian owners: temperament, exercise needs, grooming and common health issues. Learn how to care for this breed at home.","1","10901","","/search/?q=off-leash+parks; /search/?q=apartment+dog+breeds; /search/?q=dog+cost+calculator; /search/?q=puppy+names","","","0","https://leashfree.ca/dog-breeds/treeing-tennessee-brindle/","no","no",""
"/dog-breeds/treeing-walker-coonhound/","Treeing Walker Coonhound – Traits, Shedding & Exercise | LeashFree.ca","Discover the Treeing Walker Coonhound, a high-energy companion. Learn about temperament, seasonal shedding habits, exercise and health tips to see if it fits...","1","11004","","/search/?q=off-leash+parks; /search/?q=apartment+dog+breeds; /search/?q=dog+cost+calculator; /search/?q=puppy+names","","","0","https://leashfree.ca/dog-breeds/treeing-walker-coonhound/","no","no",""
"/dog-breeds/vizsla/","Vizsla – Traits, Shedding & Exercise in Canada | LeashFree.ca","Is the Vizsla right for you? We cover temperament, training, moderate-shedding levels, exercise and health—plus practical advice for Canadian owners.","1","10781","","/search/?q=off-leash+parks; /search/?q=apartment+dog+breeds; /search/?q=dog+cost+calculator; /search/?q=puppy+names","","","0","https://leashfree.ca/dog-breeds/vizsla/","no","no",""
"/dog-breeds/volpino-italiano/","Volpino Italiano – Size, Energy & Grooming in Canada | LeashFree.ca","Volpino Italiano guide for Canadian owners: temperament, exercise needs, grooming and common health issues. Learn how to care for this breed at home.","1","11116","","/search/?q=off-leash+parks; /search/?q=apartment+dog+breeds; /search/?q=dog+cost+calculator; /search/?q=puppy+names","","","0","https://leashfree.ca/dog-breeds/volpino-italiano/","no","no",""
"/dog-breeds/weimaraner/","Weimaraner – Traits, Shedding & Exercise in Canada | LeashFree.ca","Discover the Weimaraner, a active companion. Learn about temperament, low-to-moderate shedding habits, exercise and health tips to see if it fits Canadian fa...","1","11949","","/search/?q=off-leash+parks; /search/?q=apartment+dog+breeds; /search/?q=dog+cost+calculator; /search/?q=puppy+names","","","0","https://leashfree.ca/dog-breeds/weimaraner/","no","no",""
"/dog-breeds/welsh-springer-spaniel/","Welsh Springer Spaniel – Traits, Shedding & Exercise | LeashFree.ca","Discover the Welsh Springer Spaniel, a moderate-energy companion. Learn about temperament, seasonal shedding habits, exercise and health tips to see if it fi...","1","11326","","/search/?q=off-leash+parks; /search/?q=apartment+dog+breeds; /search/?q=dog+cost+calculator; /search/?q=puppy+names","","","0","https://leashfree.ca/dog-breeds/welsh-springer-spaniel/","no","no",""
"/dog-breeds/welsh-terrier/","Welsh Terrier – Traits, Shedding & Exercise in Canada | LeashFree.ca","Is the Welsh Terrier right for you? We cover temperament, training, moderate-shedding levels, exercise and health—plus practical advice for Canadian owners.","1","11161","","/search/?q=off-leash+parks; /search/?q=apartment+dog+breeds; /search/?q=dog+cost+calculator; /search/?q=puppy+names","","","0","https://leashfree.ca/dog-breeds/welsh-terrier/","no","no",""
"/dog-breeds/west-highland-white-terrier/","West Highland White Terrier – Breed Facts & Care | LeashFree.ca","Thinking about a West Highland White Terrier? Get clear answers on temperament, exercise, seasonal shedding and health so Canadian families can choose with c...","1","11134","","/search/?q=off-leash+parks; /search/?q=apartment+dog+breeds; /search/?q=dog+cost+calculator; /search/?q=puppy+names","","","0","https://leashfree.ca/dog-breeds/west-highland-white-terrier/","no","no",""
"/dog-breeds/whippet/","Whippet – Traits, Shedding & Exercise in Canada | LeashFree.ca","Discover the Whippet, a high-energy companion. Learn about temperament, seasonal shedding habits, exercise and health tips to see if it fits Canadian families.","1","10726","","/search/?q=off-leash+parks; /search/?q=apartment+dog+breeds; /search/?q=dog+cost+calculator; /search/?q=puppy+names","","","0","https://leashfree.ca/dog-breeds/whippet/","no","no",""
"/dog-breeds/white-shepherd/","White Shepherd – Traits, Shedding & Exercise in Canada | LeashFree.ca","Discover the White Shepherd, a adaptable companion. Learn about temperament, seasonal shedding habits, exercise and health tips to see if it fits Canadian fa...","1","11737","","/search/?q=off-leash+parks; /search/?q=apartment+dog+breeds; /search/?q=dog+cost+calculator; /search/?q=puppy+names","","","0","https://leashfree.ca/dog-breeds/white-shepherd/","no","no",""
"/dog-breeds/whoodle/","Whoodle – Traits, Shedding & Exercise in Canada | LeashFree.ca","Meet the Whoodle: smart and high-energy. Explore temperament, seasonal shedding info, training, grooming and health to decide if it suits your lifestyle in C...","1","8000","","/search/?q=off-leash+parks; /search/?q=apartment+dog+breeds; /search/?q=dog+cost+calculator; /search/?q=puppy+names","","","0","https://leashfree.ca/dog-breeds/whoodle/","no","no",""
"/dog-breeds/wire-fox-terrier/","Wire Fox Terrier – Size, Energy & Grooming in Canada | LeashFree.ca","Wire Fox Terrier guide for Canadian owners: temperament, exercise needs, grooming and common health issues. Learn how to care for this breed at home.","1","11249","","/search/?q=off-leash+parks; /search/?q=apartment+dog+breeds; /search/?q=dog+cost+calculator; /search/?q=puppy+names","","","0","https://leashfree.ca/dog-breeds/wire-fox-terrier/","no","no",""
"/dog-breeds/wirehaired-pointing-griffon/","Wirehaired Pointing Griffon – Breed Facts & Care | LeashFree.ca","Meet the Wirehaired Pointing Griffon: smart and moderate-energy. Explore temperament, low-to-moderate shedding info, training, grooming and health to decide...","1","11406","","/search/?q=off-leash+parks; /search/?q=apartment+dog+breeds; /search/?q=dog+cost+calculator; /search/?q=puppy+names","","","0","https://leashfree.ca/dog-breeds/wirehaired-pointing-griffon/","no","no",""
"/dog-breeds/wirehaired-vizsla/","Wirehaired Vizsla – Size, Energy & Grooming in Canada | LeashFree.ca","Meet the Wirehaired Vizsla: smart and high-energy. Explore temperament, low-to-moderate shedding info, training, grooming and health to decide if it suits yo...","1","11094","","/search/?q=off-leash+parks; /search/?q=apartment+dog+breeds; /search/?q=dog+cost+calculator; /search/?q=puppy+names","","","0","https://leashfree.ca/dog-breeds/wirehaired-vizsla/","no","no",""
"/dog-breeds/working-kelpie/","Working Kelpie – Traits, Shedding & Exercise in Canada | LeashFree.ca","Thinking about a Working Kelpie? Get clear answers on temperament, exercise, moderate-shedding and health so Canadian families can choose with confidence.","1","11284","","/search/?q=off-leash+parks; /search/?q=apartment+dog+breeds; /search/?q=dog+cost+calculator; /search/?q=puppy+names","","","0","https://leashfree.ca/dog-breeds/working-kelpie/","no","no",""
"/dog-breeds/xoloitzcuintli/","Xoloitzcuintli – Traits, Shedding & Exercise in Canada | LeashFree.ca","Is the Xoloitzcuintli right for you? We cover temperament, training, seasonal shedding levels, exercise and health—plus practical advice for Canadian owners.","1","11447","","/search/?q=off-leash+parks; /search/?q=apartment+dog+breeds; /search/?q=dog+cost+calculator; /search/?q=puppy+names","","","0","https://leashfree.ca/dog-breeds/xoloitzcuintli/","no","no",""
"/dog-breeds/yakutian-laika/","Yakutian Laika – Traits, Shedding & Exercise in Canada | LeashFree.ca","Thinking about a Yakutian Laika? Get clear answers on temperament, exercise, low-to-moderate shedding and health so Canadian families can choose with confide...","1","11201","","/search/?q=off-leash+parks; /search/?q=apartment+dog+breeds; /search/?q=dog+cost+calculator; /search/?q=puppy+names","","","0","https://leashfree.ca/dog-breeds/yakutian-laika/","no","no",""
"/dog-breeds/yorkipoo/","Yorkipoo – Traits, Shedding & Exercise in Canada | LeashFree.ca","Yorkipoo guide for Canadian owners: temperament, exercise needs, grooming and common health issues. Learn how to care for this breed at home.","1","7936","","/search/?q=off-leash+parks; /search/?q=apartment+dog+breeds; /search/?q=dog+cost+calculator; /search/?q=puppy+names","","","0","https://leashfree.ca/dog-breeds/yorkipoo/","no","no",""
"/dog-breeds/yorkshire-terrier/","Yorkshire Terrier – Size, Energy & Grooming in Canada | LeashFree.ca","Is the Yorkshire Terrier right for you? We cover temperament, training, seasonal shedding levels, exercise and health—plus practical advice for Canadian owners.","1","10847","","/search/?q=off-leash+parks; /search/?q=apartment+dog+breeds; /search/?q=dog+cost+calculator; /search/?q=puppy+names","","","0","https://leashfree.ca/dog-breeds/yorkshire-terrier/","no","no",""
"/dog-breeds/zuchon-teddy-bear/","Zuchon (Teddy Bear) – Size, Energy & Grooming in Canada | LeashFree.ca","Discover the Zuchon (Teddy Bear), a moderate-energy companion. Learn about temperament, low-to-moderate shedding habits, exercise and health tips to see if i...","1","8943","","/search/?q=off-leash+parks; /search/?q=apartment+dog+breeds; /search/?q=dog+cost+calculator; /search/?q=puppy+names","","","0","https://leashfree.ca/dog-breeds/zuchon-teddy-bear/","no","no",""
"/dog-food-comparison-canada/","Dog Food Comparison Tool Canada | LeashFree.ca","Compare dog food brands available in Canada by label-based nutrition, ingredients, calories, and estimated cost per day.","1","18251","","/search/?q=off-leash+parks; /search/?q=apartment+dog+breeds; /search/?q=dog+cost+calculator; /search/?q=puppy+names","","","0","https://leashfree.ca/dog-food-comparison-canada/","no","no",""
"/dog-insurance-canada/desjardins-pet-insurance/","Desjardins Pet Insurance | Dog Insurance Canada | LeashFree.ca","Desjardins Pet Insurance pet insurance provider information for Canadian dog owners.","1","2863","","/search/?q=off-leash+parks; /search/?q=apartment+dog+breeds; /search/?q=dog+cost+calculator; /search/?q=puppy+names; /dog-insurance-canada/; /dog-insurance-canada/","","","0","https://leashfree.ca/dog-insurance-canada/desjardins-pet-insurance/","yes","no",""
"/dog-insurance-canada/fetch-pet-insurance/","Fetch by The Dodo | Dog Insurance Canada | LeashFree.ca","Fetch by The Dodo pet insurance provider information for Canadian dog owners.","1","2799","","/search/?q=off-leash+parks; /search/?q=apartment+dog+breeds; /search/?q=dog+cost+calculator; /search/?q=puppy+names; /dog-insurance-canada/; /dog-insurance-canada/","","","0","https://leashfree.ca/dog-insurance-canada/fetch-pet-insurance/","yes","no",""
"/dog-insurance-canada/furkin/","Furkin | Dog Insurance Canada | LeashFree.ca","Furkin pet insurance provider information for Canadian dog owners.","1","2822","","/search/?q=off-leash+parks; /search/?q=apartment+dog+breeds; /search/?q=dog+cost+calculator; /search/?q=puppy+names; /dog-insurance-canada/; /dog-insurance-canada/","","","0","https://leashfree.ca/dog-insurance-canada/furkin/","yes","no",""
"/dog-insurance-canada/","Dog Insurance Canada: Compare Pet Insurance Providers | LeashFree.ca","Compare Canadian dog insurance providers by plan type, annual limit, reimbursement, deductible options, waiting periods, claims notes, and source links.","1","3817","","/search/?q=off-leash+parks; /search/?q=apartment+dog+breeds; /search/?q=dog+cost+calculator; /search/?q=puppy+names; /dog-insurance-canada/","","","0","https://leashfree.ca/dog-insurance-canada/","yes","no",""
"/dog-insurance-canada/ovma-pet-health-insurance/","OVMA Pet Health Insurance | Dog Insurance Canada | LeashFree.ca","OVMA Pet Health Insurance pet insurance provider information for Canadian dog owners.","1","2877","","/search/?q=off-leash+parks; /search/?q=apartment+dog+breeds; /search/?q=dog+cost+calculator; /search/?q=puppy+names; /dog-insurance-canada/; /dog-insurance-canada/","","","0","https://leashfree.ca/dog-insurance-canada/ovma-pet-health-insurance/","yes","no",""
"/dog-insurance-canada/peppermint/","Peppermint | Dog Insurance Canada | LeashFree.ca","Peppermint pet insurance provider information for Canadian dog owners.","1","2732","","/search/?q=off-leash+parks; /search/?q=apartment+dog+breeds; /search/?q=dog+cost+calculator; /search/?q=puppy+names; /dog-insurance-canada/; /dog-insurance-canada/","","","0","https://leashfree.ca/dog-insurance-canada/peppermint/","yes","no",""
"/dog-insurance-canada/pets-plus-us/","Pets Plus Us | Dog Insurance Canada | LeashFree.ca","Pets Plus Us pet insurance provider information for Canadian dog owners.","1","2836","","/search/?q=off-leash+parks; /search/?q=apartment+dog+breeds; /search/?q=dog+cost+calculator; /search/?q=puppy+names; /dog-insurance-canada/; /dog-insurance-canada/","","","0","https://leashfree.ca/dog-insurance-canada/pets-plus-us/","yes","no",""
"/dog-insurance-canada/petsecure/","Petsecure | Dog Insurance Canada | LeashFree.ca","Petsecure pet insurance provider information for Canadian dog owners.","1","2812","","/search/?q=off-leash+parks; /search/?q=apartment+dog+breeds; /search/?q=dog+cost+calculator; /search/?q=puppy+names; /dog-insurance-canada/; /dog-insurance-canada/","","","0","https://leashfree.ca/dog-insurance-canada/petsecure/","yes","no",""
"/dog-insurance-canada/trupanion/","Trupanion | Dog Insurance Canada | LeashFree.ca","Trupanion pet insurance provider information for Canadian dog owners.","1","2806","","/search/?q=off-leash+parks; /search/?q=apartment+dog+breeds; /search/?q=dog+cost+calculator; /search/?q=puppy+names; /dog-insurance-canada/; /dog-insurance-canada/","","","0","https://leashfree.ca/dog-insurance-canada/trupanion/","yes","no",""
"/dog-name-finder/","AI Dog Name Finder | Personalized Dog Name Generator | LeashFree.ca","Find personalized dog name ideas by breed, personality, style, and vibe with the free LeashFree.ca Dog Name Finder.","1","3786","","/search/?q=off-leash+parks; /search/?q=apartment+dog+breeds; /search/?q=dog+cost+calculator; /search/?q=puppy+names","","","0","https://leashfree.ca/dog-name-finder/","no","no",""
"/dog-names/australian-shepherd-dog-names/","Australian Shepherd Dog Names – Unique Male & Female Ideas | LeashFree.ca","Find the best Australian Shepherd dog names! Explore male and female names, cute and unique ideas, plus Canadian-inspired picks for this energetic herding breed.","1","7005","","/search/?q=off-leash+parks; /search/?q=apartment+dog+breeds; /search/?q=dog+cost+calculator; /search/?q=puppy+names","","","0","https://leashfree.ca/dog-names/australian-shepherd-dog-names/","no","no",""
"/dog-names/bernedoodle-dog-names/","Bernedoodle Dog Names – Unique Male & Female Ideas | LeashFree.ca","Find the best Bernedoodle dog names! Explore unique male and female names, cute and nature-inspired ideas, plus Canadian-inspired picks for this intelligent and loyal hybrid breed.","1","6841","","/search/?q=off-leash+parks; /search/?q=apartment+dog+breeds; /search/?q=dog+cost+calculator; /search/?q=puppy+names","","","0","https://leashfree.ca/dog-names/bernedoodle-dog-names/","no","no",""
"/dog-names/bernese-mountain-dog-dog-names/","Bernese Mountain Dog Names – Unique Male & Female Ideas | LeashFree.ca","Discover the best Bernese Mountain Dog names! Explore unique male and female names, cute and strong picks, plus Canadian-inspired ideas for this gentle giant.","1","6669","","/search/?q=off-leash+parks; /search/?q=apartment+dog+breeds; /search/?q=dog+cost+calculator; /search/?q=puppy+names","","","0","https://leashfree.ca/dog-names/bernese-mountain-dog-dog-names/","no","no",""
"/dog-names/border-collie-dog-names/","Border Collie Dog Names – Unique Male & Female Ideas | LeashFree.ca","Explore the best Border Collie dog names! Unique male and female names, cute and strong picks, plus Canadian-inspired ideas for this brilliant herding breed.","1","6455","","/search/?q=off-leash+parks; /search/?q=apartment+dog+breeds; /search/?q=dog+cost+calculator; /search/?q=puppy+names","","","0","https://leashfree.ca/dog-names/border-collie-dog-names/","no","no",""
"/dog-names/boston-terrier-dog-names/","Boston Terrier Dog Names – Unique Male & Female Ideas | LeashFree.ca","Find the best Boston Terrier dog names! Explore unique male and female names, cute and stylish ideas, plus Canadian-inspired picks for this lively and affectionate breed.","1","6556","","/search/?q=off-leash+parks; /search/?q=apartment+dog+breeds; /search/?q=dog+cost+calculator; /search/?q=puppy+names","","","0","https://leashfree.ca/dog-names/boston-terrier-dog-names/","no","no",""
"/dog-names/boxer-dog-names/","Boxer Dog Names – Unique Male & Female Ideas | LeashFree.ca","Find the best Boxer dog names! Explore unique male and female names, cute and strong ideas, plus Canadian-inspired picks for this energetic and affectionate breed.","1","6388","","/search/?q=off-leash+parks; /search/?q=apartment+dog+breeds; /search/?q=dog+cost+calculator; /search/?q=puppy+names","","","0","https://leashfree.ca/dog-names/boxer-dog-names/","no","no",""
"/dog-names/bulldog-dog-names/","Bulldog Dog Names – Unique Male & Female Ideas | LeashFree.ca","Find the best Bulldog dog names! Explore unique male and female names, cute and strong ideas, plus Canadian-inspired picks for this loyal and dignified breed.","1","6621","","/search/?q=off-leash+parks; /search/?q=apartment+dog+breeds; /search/?q=dog+cost+calculator; /search/?q=puppy+names","","","0","https://leashfree.ca/dog-names/bulldog-dog-names/","no","no",""
"/dog-names/canadian-dog-names/","Canadian Dog Names (2026): Maple-Leaf Inspired Ideas | LeashFree.ca","Browse Canadian dog names inspired by maple, mountains, lakes, cities, wildlife, seasons, and northern lights, with ideas for puppies and adult dogs.","1","3779","","/search/?q=off-leash+parks; /search/?q=apartment+dog+breeds; /search/?q=dog+cost+calculator; /search/?q=puppy+names","","","0","https://leashfree.ca/dog-names/canadian-dog-names/","no","no",""
"/dog-names/cane-corso-dog-names/","150+ Cane Corso Dog Names (Male, Female & Strong Ideas) | LeashFree.ca","Looking for the perfect Cane Corso dog name? Explore 150+ male, female, strong, and unique name ideas - plus Canadian-inspired picks for this powerful Italian guardian breed.","1","6778","","/search/?q=off-leash+parks; /search/?q=apartment+dog+breeds; /search/?q=dog+cost+calculator; /search/?q=puppy+names","","","0","https://leashfree.ca/dog-names/cane-corso-dog-names/","no","no",""
"/dog-names/cavalier-king-charles-spaniel-dog-names/","Cavalier King Charles Spaniel Dog Names – Unique Male & Female Ideas | LeashFree.ca","Find the best Cavalier King Charles Spaniel dog names! Explore unique male and female names, cute and royal-inspired ideas, plus Canadian picks for this elegant toy breed.","1","6744","","/search/?q=off-leash+parks; /search/?q=apartment+dog+breeds; /search/?q=dog+cost+calculator; /search/?q=puppy+names; /dog-breeds/cavalier-king-charles-spanie; /dog-breeds/cavalier-king-charles-spanie","","","0","https://leashfree.ca/dog-names/cavalier-king-charles-spaniel-dog-names/","no","no",""
"/dog-names/chihuahua-dog-names/","Chihuahua Dog Names – Unique Male & Female Ideas | LeashFree.ca","Discover the best Chihuahua dog names! Explore unique male and female names, cute and strong ideas, plus Canadian-inspired picks for this bold toy breed.","1","6484","","/search/?q=off-leash+parks; /search/?q=apartment+dog+breeds; /search/?q=dog+cost+calculator; /search/?q=puppy+names","","","0","https://leashfree.ca/dog-names/chihuahua-dog-names/","no","no",""
"/dog-names/cocker-spaniel-dog-names/","Cocker Spaniel Dog Names – Unique Male & Female Ideas | LeashFree.ca","Find the best Cocker Spaniel dog names! Explore unique male and female names, cute and strong ideas, plus Canadian-inspired picks for this gentle, affectionate breed.","1","6606","","/search/?q=off-leash+parks; /search/?q=apartment+dog+breeds; /search/?q=dog+cost+calculator; /search/?q=puppy+names","","","0","https://leashfree.ca/dog-names/cocker-spaniel-dog-names/","no","no",""
"/dog-names/cute-dog-names/","Cute Dog Names (2026): Adorable Male & Female Ideas | LeashFree.ca","Browse cute dog names with sweet, playful, and cozy picks for puppies and adult dogs.","1","3459","","/search/?q=off-leash+parks; /search/?q=apartment+dog+breeds; /search/?q=dog+cost+calculator; /search/?q=puppy+names","","","0","https://leashfree.ca/dog-names/cute-dog-names/","no","no",""
"/dog-names/doberman-pinscher-dog-names/","Doberman Pinscher Dog Names – Unique Male & Female Ideas | LeashFree.ca","Discover the best Doberman Pinscher dog names! Explore unique male and female names, cute and strong ideas, plus Canadian-inspired picks for this intelligent and loyal breed.","1","6533","","/search/?q=off-leash+parks; /search/?q=apartment+dog+breeds; /search/?q=dog+cost+calculator; /search/?q=puppy+names","","","0","https://leashfree.ca/dog-names/doberman-pinscher-dog-names/","no","no",""
"/dog-names/english-springer-spaniel-dog-names/","150+ English Springer Spaniel Dog Names (Male, Female & Cute Ideas) | LeashFree.ca","Looking for the perfect name? Explore 150+ English Springer Spaniel dog names — male, female, cute, strong, and Canadian-inspired ideas for this energetic and loyal breed.","1","8369","","/search/?q=off-leash+parks; /search/?q=apartment+dog+breeds; /search/?q=dog+cost+calculator; /search/?q=puppy+names","","","0","https://leashfree.ca/dog-names/english-springer-spaniel-dog-names/","no","no",""
"/dog-names/french-bulldog-dog-names/","French Bulldog Dog Names – Unique Male & Female Ideas | LeashFree.ca","Discover the best French Bulldog dog names! Unique male and female names, cute and stylish ideas, plus Canadian-inspired picks for this beloved companion breed.","1","7227","","/search/?q=off-leash+parks; /search/?q=apartment+dog+breeds; /search/?q=dog+cost+calculator; /search/?q=puppy+names","","","0","https://leashfree.ca/dog-names/french-bulldog-dog-names/","no","no",""
"/dog-names/german-longhaired-pointer-dog-names/","German Longhaired Pointer Dog Names – Unique Male & Female Ideas | LeashFree.ca","Find the best German Longhaired Pointer dog names! Explore unique male and female names, cute ideas, and Canadian-inspired picks for this elegant sporting breed.","1","7898","","/search/?q=off-leash+parks; /search/?q=apartment+dog+breeds; /search/?q=dog+cost+calculator; /search/?q=puppy+names","","","0","https://leashfree.ca/dog-names/german-longhaired-pointer-dog-names/","no","no",""
"/dog-names/german-pinscher-dog-names/","German Pinscher Dog Names – Unique Male & Female Ideas | LeashFree.ca","Find the perfect German Pinscher dog name! Explore unique male and female names, cute and strong ideas, plus Canadian-inspired picks tailored to this sleek breed.","1","9304","","/search/?q=off-leash+parks; /search/?q=apartment+dog+breeds; /search/?q=dog+cost+calculator; /search/?q=puppy+names","","","0","https://leashfree.ca/dog-names/german-pinscher-dog-names/","no","no",""
"/dog-names/german-shepherd-dog-names/","German Shepherd Dog Names – Unique Male & Female Ideas | LeashFree.ca","Discover the best German Shepherd dog names! Explore unique male and female names, cute and powerful ideas, plus Canadian-inspired picks. Perfect for your loyal pup.","1","10411","","/search/?q=off-leash+parks; /search/?q=apartment+dog+breeds; /search/?q=dog+cost+calculator; /search/?q=puppy+names","","","0","https://leashfree.ca/dog-names/german-shepherd-dog-names/","no","no",""
"/dog-names/german-shorthaired-pointer-dog-names/","German Shorthaired Pointer Dog Names – Male & Female Ideas | LeashFree.ca","Explore the best German Shorthaired Pointer dog names! Unique male and female names, cute, strong, and Canadian-inspired ideas for this athletic hunting breed.","1","6878","","/search/?q=off-leash+parks; /search/?q=apartment+dog+breeds; /search/?q=dog+cost+calculator; /search/?q=puppy+names","","","0","https://leashfree.ca/dog-names/german-shorthaired-pointer-dog-names/","no","no",""
"/dog-names/german-spitz-dog-names/","German Spitz Dog Names – Unique Male & Female Ideas | LeashFree.ca","Discover the best German Spitz dog names! Find male, female, cute, unique, and Canadian-inspired ideas for this cheerful, fluffy, and intelligent breed.","1","7187","","/search/?q=off-leash+parks; /search/?q=apartment+dog+breeds; /search/?q=dog+cost+calculator; /search/?q=puppy+names","","","0","https://leashfree.ca/dog-names/german-spitz-dog-names/","no","no",""
"/dog-names/german-wirehaired-pointer-dog-names/","German Wirehaired Pointer Dog Names – Unique Male & Female Ideas | LeashFree.ca","Find the best German Wirehaired Pointer dog names! Explore male and female names, cute and strong ideas, plus Canadian-inspired picks for this rugged hunting breed.","1","6965","","/search/?q=off-leash+parks; /search/?q=apartment+dog+breeds; /search/?q=dog+cost+calculator; /search/?q=puppy+names","","","0","https://leashfree.ca/dog-names/german-wirehaired-pointer-dog-names/","no","no",""
"/dog-names/giant-schnauzer-dog-names/","Giant Schnauzer Dog Names – Unique Male & Female Ideas | LeashFree.ca","Discover the best Giant Schnauzer dog names! Explore unique male and female ideas, cute and strong names, plus Canadian-inspired picks for this loyal working breed.","1","7253","","/search/?q=off-leash+parks; /search/?q=apartment+dog+breeds; /search/?q=dog+cost+calculator; /search/?q=puppy+names","","","0","https://leashfree.ca/dog-names/giant-schnauzer-dog-names/","no","no",""
"/dog-names/glen-of-imaal-terrier-dog-names/","Glen of Imaal Terrier Dog Names – Unique Male & Female Ideas | LeashFree.ca","Explore Glen of Imaal Terrier dog names! Unique male and female ideas, cute and strong names, plus Canadian-inspired picks for this rare Irish terrier breed.","1","7933","","/search/?q=off-leash+parks; /search/?q=apartment+dog+breeds; /search/?q=dog+cost+calculator; /search/?q=puppy+names","","","0","https://leashfree.ca/dog-names/glen-of-imaal-terrier-dog-names/","no","no",""
"/dog-names/golden-retriever-dog-names/","Golden Retriever Dog Names: Male, Female, Cute & Unique (2025) | LeashFree.ca","Discover the best Golden Retriever dog names—male, female, cute & unique ideas with meanings. Try our Dog Name Generator for even more options.","1","12843","","/search/?q=off-leash+parks; /search/?q=apartment+dog+breeds; /search/?q=dog+cost+calculator; /search/?q=puppy+names","","","0","https://leashfree.ca/dog-names/golden-retriever-dog-names/","no","no",""
"/dog-names/great-dane-dog-names/","Great Dane Dog Names – Unique Male & Female Ideas | LeashFree.ca","Discover Great Dane dog names! Explore unique male and female names, cute and powerful ideas, plus Canadian-inspired picks for this majestic “gentle giant” breed.","1","6694","","/search/?q=off-leash+parks; /search/?q=apartment+dog+breeds; /search/?q=dog+cost+calculator; /search/?q=puppy+names","","","0","https://leashfree.ca/dog-names/great-dane-dog-names/","no","no",""
"/dog-names/havanese-dog-names/","Havanese Dog Names – Unique Male & Female Ideas | LeashFree.ca","Discover the best Havanese dog names! Explore unique male and female names, cute and stylish ideas, plus Canadian-inspired picks for this affectionate companion breed.","1","6641","","/search/?q=off-leash+parks; /search/?q=apartment+dog+breeds; /search/?q=dog+cost+calculator; /search/?q=puppy+names","","","0","https://leashfree.ca/dog-names/havanese-dog-names/","no","no",""
"/dog-names/","Top Dog Names (2026): 1,000 Popular Dog & Puppy Names | LeashFree.ca","Discover the 1,000 most popular dog and puppy names of 2026: male, female, cute, unique, strong, nature, colour, and Canadian-inspired.","1","5394","","/search/?q=off-leash+parks; /search/?q=apartment+dog+breeds; /search/?q=dog+cost+calculator; /search/?q=puppy+names","","","0","https://leashfree.ca/dog-names/","no","no",""
"/dog-names/labradoodle-dog-names/","Labradoodle Dog Names – Unique Male & Female Ideas | LeashFree.ca","Discover the best Labradoodle dog names! Explore unique male and female names, cute and strong ideas, plus Canadian-inspired picks for this smart, loyal hybrid breed.","1","6798","","/search/?q=off-leash+parks; /search/?q=apartment+dog+breeds; /search/?q=dog+cost+calculator; /search/?q=puppy+names","","","0","https://leashfree.ca/dog-names/labradoodle-dog-names/","no","no",""
"/dog-names/labrador-retriever-dog-names/","Labrador Retriever Dog Names: Male, Female, Cute & Unique (2025) | LeashFree.ca","Find the best Labrador dog names—male, female, cute & unique—with meanings. Try our Dog Name Generator for even more ideas.","1","14062","","/search/?q=off-leash+parks; /search/?q=apartment+dog+breeds; /search/?q=dog+cost+calculator; /search/?q=puppy+names","","","0","https://leashfree.ca/dog-names/labrador-retriever-dog-names/","no","no",""
"/dog-names/maltese-dog-names/","Maltese Dog Names – Unique Male & Female Ideas | LeashFree.ca","Discover Maltese dog names! Explore unique male and female names, cute and stylish ideas, plus Canadian-inspired picks for this elegant and affectionate toy breed.","1","6517","","/search/?q=off-leash+parks; /search/?q=apartment+dog+breeds; /search/?q=dog+cost+calculator; /search/?q=puppy+names","","","0","https://leashfree.ca/dog-names/maltese-dog-names/","no","no",""
"/dog-names/mastiff-dog-names/","Mastiff Dog Names – Unique Male & Female Ideas | LeashFree.ca","Discover the best Mastiff dog names! Explore unique male and female names, cute and strong picks, plus Canadian-inspired ideas for this gentle giant breed.","1","6587","","/search/?q=off-leash+parks; /search/?q=apartment+dog+breeds; /search/?q=dog+cost+calculator; /search/?q=puppy+names","","","0","https://leashfree.ca/dog-names/mastiff-dog-names/","no","no",""
"/dog-names/miniature-schnauzer-dog-names/","Miniature Schnauzer Dog Names – Unique Male & Female Ideas | LeashFree.ca","Explore Miniature Schnauzer dog names! Unique male and female names, cute and stylish picks, plus Canadian-inspired ideas for this lively and intelligent terrier breed.","1","6999","","/search/?q=off-leash+parks; /search/?q=apartment+dog+breeds; /search/?q=dog+cost+calculator; /search/?q=puppy+names","","","0","https://leashfree.ca/dog-names/miniature-schnauzer-dog-names/","no","no",""
"/dog-names/nature-dog-names/","Nature Dog Names (2026): Outdoorsy Male & Female Ideas | LeashFree.ca","Find nature-inspired dog names with forest, river, mountain, and celestial picks.","1","3567","","/search/?q=off-leash+parks; /search/?q=apartment+dog+breeds; /search/?q=dog+cost+calculator; /search/?q=puppy+names","","","0","https://leashfree.ca/dog-names/nature-dog-names/","no","no",""
"/dog-names/newfoundland-dog-names/","Newfoundland Dog Names – Unique Male & Female Ideas | LeashFree.ca","Find the best Newfoundland dog names! Explore unique male and female names, cute and strong ideas, plus Canadian-inspired picks for this gentle giant breed.","1","6784","","/search/?q=off-leash+parks; /search/?q=apartment+dog+breeds; /search/?q=dog+cost+calculator; /search/?q=puppy+names","","","0","https://leashfree.ca/dog-names/newfoundland-dog-names/","no","no",""
"/dog-names/pomeranian-dog-names/","Pomeranian Dog Names – Unique Male & Female Ideas | LeashFree.ca","Discover the best Pomeranian dog names! Explore unique male and female names, cute and stylish ideas, plus Canadian-inspired picks for this bold toy breed.","1","6605","","/search/?q=off-leash+parks; /search/?q=apartment+dog+breeds; /search/?q=dog+cost+calculator; /search/?q=puppy+names","","","0","https://leashfree.ca/dog-names/pomeranian-dog-names/","no","no",""
"/dog-names/poodle-dog-names/","Poodle Dog Names – Unique Male & Female Ideas | LeashFree.ca","Discover the best Poodle dog names! Unique male and female names, cute and stylish ideas, plus Canadian-inspired picks for Standard, Miniature, and Toy Poodles.","1","6938","","/search/?q=off-leash+parks; /search/?q=apartment+dog+breeds; /search/?q=dog+cost+calculator; /search/?q=puppy+names","","","0","https://leashfree.ca/dog-names/poodle-dog-names/","no","no",""
"/dog-names/portuguese-water-dog-dog-names/","Portuguese Water Dog Names – Unique Male & Female Ideas | LeashFree.ca","Discover the best Portuguese Water Dog names! Explore male and female names, cute and water-inspired ideas, plus Canadian picks for this adventurous breed.","1","6669","","/search/?q=off-leash+parks; /search/?q=apartment+dog+breeds; /search/?q=dog+cost+calculator; /search/?q=puppy+names","","","0","https://leashfree.ca/dog-names/portuguese-water-dog-dog-names/","no","no",""
"/dog-names/rottweiler-dog-names/","Rottweiler Dog Names – Unique Male & Female Ideas | LeashFree.ca","Find the best Rottweiler dog names! Explore unique male and female names, cute and strong ideas, plus Canadian-inspired picks for this loyal and powerful breed.","1","6466","","/search/?q=off-leash+parks; /search/?q=apartment+dog+breeds; /search/?q=dog+cost+calculator; /search/?q=puppy+names","","","0","https://leashfree.ca/dog-names/rottweiler-dog-names/","no","no",""
"/dog-names/saint-bernard-dog-names/","Saint Bernard Dog Names – Unique Male & Female Ideas | LeashFree.ca","Find the best Saint Bernard dog names! Explore unique male and female names, cute and strong ideas, plus Canadian-inspired picks for this gentle giant breed.","1","6660","","/search/?q=off-leash+parks; /search/?q=apartment+dog+breeds; /search/?q=dog+cost+calculator; /search/?q=puppy+names","","","0","https://leashfree.ca/dog-names/saint-bernard-dog-names/","no","no",""
"/dog-names/shetland-sheepdog-dog-names/","Shetland Sheepdog Dog Names – Unique Male & Female Ideas | LeashFree.ca","Discover the best Shetland Sheepdog dog names! Explore male and female names, cute and unique ideas, plus Canadian-inspired picks for this intelligent and loyal herding breed.","1","6662","","/search/?q=off-leash+parks; /search/?q=apartment+dog+breeds; /search/?q=dog+cost+calculator; /search/?q=puppy+names","","","0","https://leashfree.ca/dog-names/shetland-sheepdog-dog-names/","no","no",""
"/dog-names/shih-tzu-dog-names/","Shih Tzu Dog Names – Unique Male & Female Ideas | LeashFree.ca","Find the best Shih Tzu dog names! Explore unique male and female names, cute and stylish picks, plus Canadian-inspired ideas for this affectionate toy breed.","1","6355","","/search/?q=off-leash+parks; /search/?q=apartment+dog+breeds; /search/?q=dog+cost+calculator; /search/?q=puppy+names","","","0","https://leashfree.ca/dog-names/shih-tzu-dog-names/","no","no",""
"/dog-names/unique-dog-names/","Unique Dog Names (2026): Rare & Original Ideas | LeashFree.ca","Browse unique dog names with rare, modern, mythic, nature-inspired, and easy-to-call ideas for puppies and adult dogs, plus practical naming tips.","1","3437","","/search/?q=off-leash+parks; /search/?q=apartment+dog+breeds; /search/?q=dog+cost+calculator; /search/?q=puppy+names","","","0","https://leashfree.ca/dog-names/unique-dog-names/","no","no",""
"/dog-names/yorkshire-terrier-dog-names/","Yorkshire Terrier Dog Names – Unique Male & Female Ideas | LeashFree.ca","Find the best Yorkshire Terrier dog names! Explore unique male and female names, cute and stylish picks, plus Canadian-inspired ideas for this feisty toy breed.","1","6549","","/search/?q=off-leash+parks; /search/?q=apartment+dog+breeds; /search/?q=dog+cost+calculator; /search/?q=puppy+names","","","0","https://leashfree.ca/dog-names/yorkshire-terrier-dog-names/","no","no",""
"/dog-parks/ab/","Alberta Dog Parks: Map, City Guides, and Off-Leash Areas | LeashFree.ca","Browse dog parks and city dog park guides for Alberta.","1","30133","","/search/?q=off-leash+parks; /search/?q=apartment+dog+breeds; /search/?q=dog+cost+calculator; /search/?q=puppy+names","","","0","https://leashfree.ca/dog-parks/ab/","no","no",""
"/dog-parks/adams-park-cornwall/","Adams Park Leash Free Dog Park | LeashFree.ca","Adams Park in Cornwall is a local park where on-leash dogs can enjoy the green space with their owners.","1","8334","","/search/?q=off-leash+parks; /search/?q=apartment+dog+breeds; /search/?q=dog+cost+calculator; /search/?q=puppy+names","","","0","https://leashfree.ca/dog-parks/adams-park-cornwall/","no","no",""
"/dog-parks/aitken-place-park/","Aitken Place Park (Dogs Allowed Area) | LeashFree.ca","Aitken Place Park is a cozy riverside green space ideal for peaceful on-leash dog walks near Toronto’s East Bayfront.","1","8565","","/search/?q=off-leash+parks; /search/?q=apartment+dog+breeds; /search/?q=dog+cost+calculator; /search/?q=puppy+names","","","0","https://leashfree.ca/dog-parks/aitken-place-park/","no","no",""
"/dog-parks/ajax/","Dog Parks in Ajax Ontario | LeashFree.ca","Looking for leash-free dog parks in Ajax, Ontario? Explore fenced off-leash areas where dogs can socialize, exercise, and play safely.","1","8482","","/search/?q=off-leash+parks; /search/?q=apartment+dog+breeds; /search/?q=dog+cost+calculator; /search/?q=puppy+names","","","0","https://leashfree.ca/dog-parks/ajax/","no","no",""
"/dog-parks/ajax-waterfront-park/","Ajax Waterfront Park Leash-Free Dog Park | LeashFree.ca","Ajax Waterfront Park offers scenic lakeside trails and open off-leash zones, perfect for dogs that love nature and water access.","1","8194","","/search/?q=off-leash+parks; /search/?q=apartment+dog+breeds; /search/?q=dog+cost+calculator; /search/?q=puppy+names","","","0","https://leashfree.ca/dog-parks/ajax-waterfront-park/","no","no",""
"/dog-parks/albert-park-radisson-heights-off-leash-area/","Albert Park/Radisson Heights (Off-Leash Area) | LeashFree.ca","The Albert Park/Radisson Heights Off-Leash Area provides a basic yet valuable space for local dogs and their owners to enjoy fresh air and exercise close to home.","1","7415","","/search/?q=off-leash+parks; /search/?q=apartment+dog+breeds; /search/?q=dog+cost+calculator; /search/?q=puppy+names","","","0","https://leashfree.ca/dog-parks/albert-park-radisson-heights-off-leash-area/","no","no",""
"/dog-parks/albion-fairgrounds-maple-ridge/","Albion Fairgrounds Leash-Free Dog Park | LeashFree.ca","Albion Fairgrounds is a popular leash-free dog park in Maple Ridge, known for its large space, shade, and separate area for small dogs.","1","7364","","/search/?q=off-leash+parks; /search/?q=apartment+dog+breeds; /search/?q=dog+cost+calculator; /search/?q=puppy+names","","","0","https://leashfree.ca/dog-parks/albion-fairgrounds-maple-ridge/","no","no",""
"/dog-parks/alexander-park-victoria/","Alexander Park | Victoria Leash-Optional Dog Area | LeashFree.ca","Source-backed guide to Alexander Park in Victoria, including the official 1325 Bay Street address, Fernwood location, leash-optional status, play equipment, and current off-leash hours.","1","11163","","/search/?q=off-leash+parks; /search/?q=apartment+dog+breeds; /search/?q=dog+cost+calculator; /search/?q=puppy+names","","","0","https://leashfree.ca/dog-parks/alexander-park-victoria/","no","no",""
"/dog-parks/alguire-park-cornwall/","Alguire Park Leash Free Dog Park | LeashFree.ca","Alguire Park in Cornwall provides a peaceful, tree-lined setting where leashed dogs can enjoy a relaxing outdoor visit.","1","8300","","/search/?q=off-leash+parks; /search/?q=apartment+dog+breeds; /search/?q=dog+cost+calculator; /search/?q=puppy+names","","","0","https://leashfree.ca/dog-parks/alguire-park-cornwall/","no","no",""
"/dog-parks/allan-gardens/","Allan Gardens (Dogs Allowed Area) | LeashFree.ca","Allan Gardens offers dog owners a scenic, shaded spot for on-leash walks through its downtown botanical park setting.","1","8633","","/search/?q=off-leash+parks; /search/?q=apartment+dog+breeds; /search/?q=dog+cost+calculator; /search/?q=puppy+names","","","0","https://leashfree.ca/dog-parks/allan-gardens/","no","no",""
"/dog-parks/allan-hogg-rotary-park/","Dr. R. J. Allan Hogg Rotary Park Leash-Free Area | LeashFree.ca","Dr. R. J. Allan Hogg Rotary Park is a small scenic off-leash dog area in White Rock with panoramic ocean views.","1","8575","","/search/?q=off-leash+parks; /search/?q=apartment+dog+breeds; /search/?q=dog+cost+calculator; /search/?q=puppy+names","","","0","https://leashfree.ca/dog-parks/allan-hogg-rotary-park/","no","no",""
"/dog-parks/amherst/","Dog Parks in Amherst, Nova Scotia | Off-Leash Guide | LeashFree.ca","Source-backed guide to dog parks in Amherst, Nova Scotia, focused on the official off-leash dog park at Dickey Park, location context, and visit planning.","1","7506","","/search/?q=off-leash+parks; /search/?q=apartment+dog+breeds; /search/?q=dog+cost+calculator; /search/?q=puppy+names","","","0","https://leashfree.ca/dog-parks/amherst/","no","no",""
"/dog-parks/amherst-off-leash-dog-park/","Amherst Off-Leash Dog Park | Amherst, Nova Scotia | LeashFree.ca","Source-backed guide to Amherst Off-Leash Dog Park in Amherst, Nova Scotia, including its official Dickey Park location, fenced one-acre layout, and year-round access.","1","6819","","/search/?q=off-leash+parks; /search/?q=apartment+dog+breeds; /search/?q=dog+cost+calculator; /search/?q=puppy+names","","","0","https://leashfree.ca/dog-parks/amherst-off-leash-dog-park/","no","no",""
"/dog-parks/andy-livingstone-dog-park/","Andy Livingstone (off-leash dog park) | LeashFree.ca","Andy Livingstone is a well-loved off-leash dog park in Vancouver. This park features a grass surface and an open space for dogs to roam freely. It provides no water access, minima...","1","7589","","/search/?q=off-leash+parks; /search/?q=apartment+dog+breeds; /search/?q=dog+cost+calculator; /search/?q=puppy+names","","","0","https://leashfree.ca/dog-parks/andy-livingstone-dog-park/","no","no",""
"/dog-parks/antigonish-dog-park/","Antigonish Dog Park Leash-Free Dog Park | LeashFree.ca","Antigonish Dog Park is a fenced leash-free dog park in Antigonish, offering grassy play areas and benches for the community. It’s a safe and convenient spot for dogs to socialize...","1","6398","","/search/?q=off-leash+parks; /search/?q=apartment+dog+breeds; /search/?q=dog+cost+calculator; /search/?q=puppy+names","","","0","https://leashfree.ca/dog-parks/antigonish-dog-park/","no","no",""
"/dog-parks/apollo-crater-park/","Apollo Crater Park | Off-Leash Dog Park in Ottawa | LeashFree.ca","Source-backed guide to Apollo Crater Park in Ottawa, including the current 600 Apollo Way location, off-leash designation context, Ottawa park hours, and practical visit notes based on official rules and open-data-backe...","1","10791","","/search/?q=off-leash+parks; /search/?q=apartment+dog+breeds; /search/?q=dog+cost+calculator; /search/?q=puppy+names","","","0","https://leashfree.ca/dog-parks/apollo-crater-park/","no","no",""
"/dog-parks/ardmore-park-service-dog-park/","Ardmore Park Service Dog Park Leash-Free Dog Park | LeashFree.ca","Ardmore Park Service Dog Park is a neighborhood leash-free dog park in Halifax, offering a safe fenced space for dogs to play and socialize close to home.","1","9139","","/search/?q=off-leash+parks; /search/?q=apartment+dog+breeds; /search/?q=dog+cost+calculator; /search/?q=puppy+names","","","0","https://leashfree.ca/dog-parks/ardmore-park-service-dog-park/","no","no",""
"/dog-parks/auburn-bay-off-leash-area/","Auburn Bay Dog Park (Community Off-Leash Greenspace) | LeashFree.ca","Auburn Bay Dog Park is a spacious grassy field perfect for suburban dog owners looking for off-leash fun within their community.","1","7379","","/search/?q=off-leash+parks; /search/?q=apartment+dog+breeds; /search/?q=dog+cost+calculator; /search/?q=puppy+names","","","0","https://leashfree.ca/dog-parks/auburn-bay-off-leash-area/","no","no",""
"/dog-parks/audley-recreation-centre/","Audley Recreation Centre Off-Leash Area Leash-Free Dog Park | LeashFree.ca","Audley Recreation Centre Off-Leash Area is a community dog park in Ajax offering a grassy, fenced-in space for local pups to play safely.","1","8326","","/search/?q=off-leash+parks; /search/?q=apartment+dog+breeds; /search/?q=dog+cost+calculator; /search/?q=puppy+names","","","0","https://leashfree.ca/dog-parks/audley-recreation-centre/","no","no",""
"/dog-parks/avalon-dog-park/","Avalon Dog Park Leash-Free Dog Park | LeashFree.ca","Avalon Dog Park in Saskatoon is a secure fenced area for dogs to play, run, and meet other pups in a friendly neighbourhood setting.","1","8608","","/search/?q=off-leash+parks; /search/?q=apartment+dog+breeds; /search/?q=dog+cost+calculator; /search/?q=puppy+names","","","0","https://leashfree.ca/dog-parks/avalon-dog-park/","no","no",""
"/dog-parks/awenda-pet-beach-area/","Awenda Pet Beach Area Leash-Free Dog Park | LeashFree.ca","Awenda Pet Beach Area is a scenic off-leash beach in Awenda Provincial Park where dogs can swim, play, and explore the shoreline freely.","1","7536","","/search/?q=off-leash+parks; /search/?q=apartment+dog+breeds; /search/?q=dog+cost+calculator; /search/?q=puppy+names","","","0","https://leashfree.ca/dog-parks/awenda-pet-beach-area/","no","no",""
"/dog-parks/baffin-dog-park/","Baffin Dog Park Leash-Free Dog Park | LeashFree.ca","Baffin Dog Park in Thompson, MB, is a secure fenced area where dogs can exercise off-leash in a safe and open space.","1","7202","","/search/?q=off-leash+parks; /search/?q=apartment+dog+breeds; /search/?q=dog+cost+calculator; /search/?q=puppy+names","","","0","https://leashfree.ca/dog-parks/baffin-dog-park/","no","no",""
"/dog-parks/bakerview-park-surrey/","Bakerview Park Leash-Free Area | LeashFree.ca","Bakerview Park in Surrey is a versatile green space frequently used by locals as an informal off-leash dog area.","1","8548","","/search/?q=off-leash+parks; /search/?q=apartment+dog+breeds; /search/?q=dog+cost+calculator; /search/?q=puppy+names","","","0","https://leashfree.ca/dog-parks/bakerview-park-surrey/","no","no",""
"/dog-parks/ballantyne-park/","Ballantyne Park Leash-Free Dog Park | LeashFree.ca","Ballantyne Park is a tranquil neighborhood dog park in Ottawa offering leash-free play space for nearby residents.","1","8425","","/search/?q=off-leash+parks; /search/?q=apartment+dog+breeds; /search/?q=dog+cost+calculator; /search/?q=puppy+names","","","0","https://leashfree.ca/dog-parks/ballantyne-park/","no","no",""
"/dog-parks/balmoral-park-chilliwack/","Balmoral Park | Chilliwack Neighbourhood Park | LeashFree.ca","Source-backed guide to Balmoral Park in Chilliwack, including current City of Chilliwack park classification and the correction that it is not listed as an official off-leash dog area.","1","10998","","/search/?q=off-leash+parks; /search/?q=apartment+dog+breeds; /search/?q=dog+cost+calculator; /search/?q=puppy+names","","","0","https://leashfree.ca/dog-parks/balmoral-park-chilliwack/","no","no",""
"/dog-parks/balmy-beach-park/","Balmy Beach Park (Leash-Free Dog Area) | LeashFree.ca","Balmy Beach Park is one of Toronto’s rare leash-free waterfront escapes, offering sand, water, and endless space for pups to play and swim along the shoreline.","1","9047","","/search/?q=off-leash+parks; /search/?q=apartment+dog+breeds; /search/?q=dog+cost+calculator; /search/?q=puppy+names","","","0","https://leashfree.ca/dog-parks/balmy-beach-park/","no","no",""
"/dog-parks/banfield-park-victoria/","Banfield Park Leash-Free Area | LeashFree.ca","Banfield Park in Vic West offers dogs a mix of open space and scenic waterfront trails for off-leash fun.","1","8209","","/search/?q=off-leash+parks; /search/?q=apartment+dog+breeds; /search/?q=dog+cost+calculator; /search/?q=puppy+names","","","0","https://leashfree.ca/dog-parks/banfield-park-victoria/","no","no",""
"/dog-parks/barbara-hall-park/","Barbara Hall Park (Leash-Free Dog Area) | LeashFree.ca","Barbara Hall Park’s fenced dog area offers a welcoming green retreat in Toronto’s Church-Wellesley Village, ideal for quick off-leash play.","1","8600","","/search/?q=off-leash+parks; /search/?q=apartment+dog+breeds; /search/?q=dog+cost+calculator; /search/?q=puppy+names","","","0","https://leashfree.ca/dog-parks/barbara-hall-park/","no","no",""
"/dog-parks/barber-park-chilliwack/","Barber Park | Chilliwack Dog-Friendly Park | LeashFree.ca","Source-backed guide to Barber Park in Chilliwack at 45795 Henley Avenue, including current City of Chilliwack park classification, amenities, and off-leash listing context.","1","11359","","/search/?q=off-leash+parks; /search/?q=apartment+dog+breeds; /search/?q=dog+cost+calculator; /search/?q=puppy+names","","","0","https://leashfree.ca/dog-parks/barber-park-chilliwack/","no","no",""
"/dog-parks/barkwood-forest/","Barkwood Forest Leash-Free Dog Park | LeashFree.ca","Barkwood Forest is a private leash-free dog park in Ottawa’s Stittsville area, known for its vast 100-acre forest trails and secure membership-only environment.","1","8681","","/search/?q=off-leash+parks; /search/?q=apartment+dog+breeds; /search/?q=dog+cost+calculator; /search/?q=puppy+names","","","0","https://leashfree.ca/dog-parks/barkwood-forest/","no","no",""
"/dog-parks/barnet-marine-park-burnaby/","Barnet Marine Park Leash-Free Area | LeashFree.ca","Barnet Marine Park in Burnaby offers dogs a scenic off-leash area with beach access and trails along the Burrard Inlet shoreline.","1","9236","","/search/?q=off-leash+parks; /search/?q=apartment+dog+breeds; /search/?q=dog+cost+calculator; /search/?q=puppy+names","","","0","https://leashfree.ca/dog-parks/barnet-marine-park-burnaby/","no","no",""
"/dog-parks/barrie/","Barrie Dog Parks and Off-Leash Rules | LeashFree.ca","Source-backed guide to Barrie dog parks and off-leash rules, covering the city's two official DOLRAs, Bayview and Sunnidale details, pet registration requirements, poison ivy warnings, and beach restrictions.","1","10295","","/search/?q=off-leash+parks; /search/?q=apartment+dog+breeds; /search/?q=dog+cost+calculator; /search/?q=puppy+names","","","0","https://leashfree.ca/dog-parks/barrie/","no","no",""
"/dog-parks/base-plein-air-de-sainte-foy-dog-park/","Base Plein-Air de Sainte-Foy Dog Park Leash-Free Dog Park | LeashFree.ca","Base Plein-Air de Sainte-Foy Dog Park is a leash-free dog park in Quebec City, known for its natural setting and access to trails. It’s ideal for adventurous dogs who enjoy more t...","1","8442","","/search/?q=off-leash+parks; /search/?q=apartment+dog+breeds; /search/?q=dog+cost+calculator; /search/?q=puppy+names","","","0","https://leashfree.ca/dog-parks/base-plein-air-de-sainte-foy-dog-park/","no","no",""
"/dog-parks/battleford/","Dog Parks in Battleford, Saskatchewan | Off-Leash Guide | LeashFree.ca","Source-backed guide to dog parks in Battleford, Saskatchewan, focused on the town's official off-leash dog park, park rules, licensing, and visit planning.","1","7782","","/search/?q=off-leash+parks; /search/?q=apartment+dog+breeds; /search/?q=dog+cost+calculator; /search/?q=puppy+names","","","0","https://leashfree.ca/dog-parks/battleford/","no","no",""
"/dog-parks/battleford-off-leash-dog-park/","Battleford Off-Leash Dog Park | Battleford, Saskatchewan | LeashFree.ca","Source-backed guide to Battleford Off-Leash Dog Park in Battleford, Saskatchewan, including official location context, park size, posted rules, and local pet-licensing requirements.","1","7259","","/search/?q=off-leash+parks; /search/?q=apartment+dog+breeds; /search/?q=dog+cost+calculator; /search/?q=puppy+names","","","0","https://leashfree.ca/dog-parks/battleford-off-leash-dog-park/","no","no",""
"/dog-parks/bayview-arena-park/","Bayview Arena Park (Dogs Allowed Area) | LeashFree.ca","Bayview Arena Park offers a pet-friendly green space beside the arena, great for on-leash walks in a quieter neighborhood park.","1","8794","","/search/?q=off-leash+parks; /search/?q=apartment+dog+breeds; /search/?q=dog+cost+calculator; /search/?q=puppy+names","","","0","https://leashfree.ca/dog-parks/bayview-arena-park/","no","no",""
"/dog-parks/bayview-drive/","Bayview Drive Leash Free Dog Park | LeashFree.ca","Bayview Drive DOLRA is a large, fully fenced leash-free dog park in Barrie featuring open grassy areas and separate zones for small dogs.","1","7687","","/search/?q=off-leash+parks; /search/?q=apartment+dog+breeds; /search/?q=dog+cost+calculator; /search/?q=puppy+names","","","0","https://leashfree.ca/dog-parks/bayview-drive/","no","no",""
"/dog-parks/bayview-park/","Bayview Park (Leash Free Dog Park) | LeashFree.ca","Located in the Aldershot area, Bayview Park features a spacious leash-free area with grass and wood chip surfaces. A great spot for dogs to socialize and exercise in a natural set...","1","7695","","/search/?q=off-leash+parks; /search/?q=apartment+dog+breeds; /search/?q=dog+cost+calculator; /search/?q=puppy+names","","","0","https://leashfree.ca/dog-parks/bayview-park/","no","no",""
"/dog-parks/bc/","British Columbia Dog Parks: Map, City Guides, and Off-Leash Areas | LeashFree.ca","Browse dog parks and city dog park guides for British Columbia.","1","38935","","/search/?q=off-leash+parks; /search/?q=apartment+dog+breeds; /search/?q=dog+cost+calculator; /search/?q=puppy+names","","","0","https://leashfree.ca/dog-parks/bc/","no","no",""
"/dog-parks/beacon-hill-park-victoria/","Beacon Hill Park Leash-Free Area | LeashFree.ca","Beacon Hill Park is one of Victoria's most cherished green spaces, offering dogs ample room to roam off-leash through gardens and trails.","1","8187","","/search/?q=off-leash+parks; /search/?q=apartment+dog+breeds; /search/?q=dog+cost+calculator; /search/?q=puppy+names","","","0","https://leashfree.ca/dog-parks/beacon-hill-park-victoria/","no","no",""
"/dog-parks/bearspaw-off-leash-area/","Bearspaw Off-Leash Area | Edmonton Dog Park Guide | LeashFree.ca","Source-backed guide to Bearspaw Off-Leash Area in Edmonton, including official off-leash status, open corridor setting, city rules, and current July 2026 reclamation work affecting the Bearspaw and Keheewin sites.","1","12035","","/search/?q=off-leash+parks; /search/?q=apartment+dog+breeds; /search/?q=dog+cost+calculator; /search/?q=puppy+names","","","0","https://leashfree.ca/dog-parks/bearspaw-off-leash-area/","no","no",""
"/dog-parks/beckett-park-maple-ridge/","Beckett Park Leash-Free Dog Park | LeashFree.ca","Beckett Park is a quiet off-leash dog park in Maple Ridge, perfect for local pet owners looking for a relaxed dog-friendly space.","1","7291","","/search/?q=off-leash+parks; /search/?q=apartment+dog+breeds; /search/?q=dog+cost+calculator; /search/?q=puppy+names","","","0","https://leashfree.ca/dog-parks/beckett-park-maple-ridge/","no","no",""
"/dog-parks/beddington-heights-off-leash-area/","Beddington Heights Off-Leash Area (NW Calgary Dog Park) | LeashFree.ca","Beddington Heights Off-Leash Area provides a spacious and natural setting for dogs to roam freely in Calgary's northwest community.","1","7486","","/search/?q=off-leash+parks; /search/?q=apartment+dog+breeds; /search/?q=dog+cost+calculator; /search/?q=puppy+names","","","0","https://leashfree.ca/dog-parks/beddington-heights-off-leash-area/","no","no",""
"/dog-parks/bell-park-burnaby/","Bell Park Leash-Free Area | LeashFree.ca","Bell Park in Burnaby features a small fenced off-leash dog area tucked into a quiet neighborhood, perfect for local pups.","1","9248","","/search/?q=off-leash+parks; /search/?q=apartment+dog+breeds; /search/?q=dog+cost+calculator; /search/?q=puppy+names","","","0","https://leashfree.ca/dog-parks/bell-park-burnaby/","no","no",""
"/dog-parks/belleville/","Dog Parks in Belleville, Ontario | Off-Leash Guide | LeashFree.ca","Find Belleville dog park rules, East Zwick's Park hours, and current dog-licensing details from official city sources. This Belleville guide focuses on the city's confirmed off-leash park access and owner requirements.","1","10527","","/search/?q=off-leash+parks; /search/?q=apartment+dog+breeds; /search/?q=dog+cost+calculator; /search/?q=puppy+names","","","0","https://leashfree.ca/dog-parks/belleville/","no","no",""
"/dog-parks/bickford-park/","Bickford Park (Leash-Free Dog Area) | LeashFree.ca","Bickford Park features an inviting off-leash area with ample shade and open play space, ideal for dogs to socialize and unwind.","1","8502","","/search/?q=off-leash+parks; /search/?q=apartment+dog+breeds; /search/?q=dog+cost+calculator; /search/?q=puppy+names","","","0","https://leashfree.ca/dog-parks/bickford-park/","no","no",""
"/dog-parks/bishops-park/","Bishop's Park Dog Park in Hamilton, Ontario | LeashFree.ca","Bishop's Park provides a tiny shaded green space for short on-leash dog walks in central Hamilton.","1","8286","","/search/?q=off-leash+parks; /search/?q=apartment+dog+breeds; /search/?q=dog+cost+calculator; /search/?q=puppy+names","","","0","https://leashfree.ca/dog-parks/bishops-park/","no","no",""
"/dog-parks/blackie-spit-surrey/","Blackie Spit Leash-Free Dog Area | LeashFree.ca","Blackie Spit Park offers White Rock-area dog owners an expansive leash-free beach and trail area just minutes away in Surrey.","1","8675","","/search/?q=off-leash+parks; /search/?q=apartment+dog+breeds; /search/?q=dog+cost+calculator; /search/?q=puppy+names","","","0","https://leashfree.ca/dog-parks/blackie-spit-surrey/","no","no",""
"/dog-parks/blue-heron-park-ladysmith/","Blue Heron Park Leash-Free Area | LeashFree.ca","Blue Heron Park in Ladysmith is a scenic coastal area where dogs can roam off-leash and enjoy ocean breezes.","1","8713","","/search/?q=off-leash+parks; /search/?q=apartment+dog+breeds; /search/?q=dog+cost+calculator; /search/?q=puppy+names","","","0","https://leashfree.ca/dog-parks/blue-heron-park-ladysmith/","no","no",""
"/dog-parks/bob-hunter-park/","Bob Hunter Park Dog Park in Toronto, Ontario | LeashFree.ca","Bob Hunter Park provides extensive nature trails and meadows for scenic on-leash dog walks in one of Toronto's largest conservation areas.","1","8771","","/search/?q=off-leash+parks; /search/?q=apartment+dog+breeds; /search/?q=dog+cost+calculator; /search/?q=puppy+names","","","0","https://leashfree.ca/dog-parks/bob-hunter-park/","no","no",""
"/dog-parks/bonavista/","Bonavista Park (Off-Leash Area) | LeashFree.ca","Bonavista Off-Leash Area is a neighborhood favorite with open grassy fields and ample tree cover, offering dogs a delightful place to play and explore.","1","7342","","/search/?q=off-leash+parks; /search/?q=apartment+dog+breeds; /search/?q=dog+cost+calculator; /search/?q=puppy+names","","","0","https://leashfree.ca/dog-parks/bonavista/","no","no",""
"/dog-parks/bonnycastle-park/","Bonnycastle Park Leash-Free Dog Park | LeashFree.ca","Bonnycastle Park is a small downtown Winnipeg dog park offering off-leash access in a scenic riverside setting.","1","8408","","/search/?q=off-leash+parks; /search/?q=apartment+dog+breeds; /search/?q=dog+cost+calculator; /search/?q=puppy+names","","","0","https://leashfree.ca/dog-parks/bonnycastle-park/","no","no",""
"/dog-parks/borers-falls-conservation-area/","Borer's Falls Conservation Area Dog Park in Flamborough, Ontario | LeashFree.ca","Borer's Falls Conservation Area features wooded trails and waterfall views perfect for peaceful on-leash hikes with your dog in Flamborough.","1","6191","","/search/?q=off-leash+parks; /search/?q=apartment+dog+breeds; /search/?q=dog+cost+calculator; /search/?q=puppy+names","","","0","https://leashfree.ca/dog-parks/borers-falls-conservation-area/","no","no",""
"/dog-parks/botany-hill-park/","Botany Hill Park (Dogs Allowed Area) | LeashFree.ca","Botany Hill Park provides a relaxed, dog-friendly setting with trails and open space, ideal for peaceful on-leash strolls.","1","8581","","/search/?q=off-leash+parks; /search/?q=apartment+dog+breeds; /search/?q=dog+cost+calculator; /search/?q=puppy+names","","","0","https://leashfree.ca/dog-parks/botany-hill-park/","no","no",""
"/dog-parks/bourkevale-park/","Bourkevale Park Leash-Free Dog Park | LeashFree.ca","Bourkevale Park in Winnipeg offers a peaceful off-leash dog area perfect for local dog owners looking for an accessible green space.","1","8413","","/search/?q=off-leash+parks; /search/?q=apartment+dog+breeds; /search/?q=dog+cost+calculator; /search/?q=puppy+names","","","0","https://leashfree.ca/dog-parks/bourkevale-park/","no","no",""
"/dog-parks/bowmont-park/","Bowmont Park (Leash-Free Dog Area) | LeashFree.ca","Bowmont Park is a favorite for Calgary dog owners who want variety—open trails, river swims, and shady paths all in one off-leash zone.","1","7359","","/search/?q=off-leash+parks; /search/?q=apartment+dog+breeds; /search/?q=dog+cost+calculator; /search/?q=puppy+names","","","0","https://leashfree.ca/dog-parks/bowmont-park/","no","no",""
"/dog-parks/braeside-off-leash-area/","Braeside Off-Leash Area (South Calgary) | LeashFree.ca","Braeside Off-Leash Area in South Calgary provides a large grassy space with walking paths where dogs can run freely and explore year-round.","1","7367","","/search/?q=off-leash+parks; /search/?q=apartment+dog+breeds; /search/?q=dog+cost+calculator; /search/?q=puppy+names","","","0","https://leashfree.ca/dog-parks/braeside-off-leash-area/","no","no",""
"/dog-parks/bramalea-community-park/","Bramalea Ltd Community Park Leash-Free Dog Park | LeashFree.ca","Bramalea Ltd Community Park is a popular leash-free dog park in Brampton, conveniently located off North Park Drive. With its fenced area and green space, it’s a trusted neighborh...","1","8931","","/search/?q=off-leash+parks; /search/?q=apartment+dog+breeds; /search/?q=dog+cost+calculator; /search/?q=puppy+names","","","0","https://leashfree.ca/dog-parks/bramalea-community-park/","no","no",""
"/dog-parks/brampton/","Dog Parks in Brampton, Ontario | Off-Leash Guide | LeashFree.ca","Find Brampton dog park rules, official leash-free area guidance, and current licensing requirements from City of Brampton sources. This Brampton guide covers the city's seven leash-free areas and key off-leash rules.","1","10617","","/search/?q=off-leash+parks; /search/?q=apartment+dog+breeds; /search/?q=dog+cost+calculator; /search/?q=puppy+names","","","0","https://leashfree.ca/dog-parks/brampton/","no","no",""
"/dog-parks/brandon/","Brandon Dog Parks and Off-Leash Rules | LeashFree.ca","Source-backed guide to Brandon dog parks and rules, covering the city's three official dog parks, annual licensing, entry and supervision rules, vaccination paperwork, and animal-control contacts.","1","10743","","/search/?q=off-leash+parks; /search/?q=apartment+dog+breeds; /search/?q=dog+cost+calculator; /search/?q=puppy+names","","","0","https://leashfree.ca/dog-parks/brandon/","no","no",""
"/dog-parks/brenda-leipsic-park/","Brenda Leipsic Park Leash-Free Dog Park | LeashFree.ca","Brenda Leipsic Park in Winnipeg features an open off-leash trail that loops through natural green space, ideal for active dogs.","1","8462","","/search/?q=off-leash+parks; /search/?q=apartment+dog+breeds; /search/?q=dog+cost+calculator; /search/?q=puppy+names","","","0","https://leashfree.ca/dog-parks/brenda-leipsic-park/","no","no",""
"/dog-parks/brewer-park/","Brewer Park Leash-Free Dog Park | LeashFree.ca","Brewer Park is a central Ottawa destination for dog owners, with a fenced leash-free zone near sports fields and walking paths.","1","8549","","/search/?q=off-leash+parks; /search/?q=apartment+dog+breeds; /search/?q=dog+cost+calculator; /search/?q=puppy+names","","","0","https://leashfree.ca/dog-parks/brewer-park/","no","no",""
"/dog-parks/bridgeland-riverside-off-leash-area/","Bridgeland Riverside Off-Leash Area (NE Calgary) | LeashFree.ca","Nestled in the vibrant heart of Bridgeland-Riverside, this off-leash area offers an urban retreat for dogs and their owners, with stunning views of downtown Calgary and a mix of n...","1","7732","","/search/?q=off-leash+parks; /search/?q=apartment+dog+breeds; /search/?q=dog+cost+calculator; /search/?q=puppy+names","","","0","https://leashfree.ca/dog-parks/bridgeland-riverside-off-leash-area/","no","no",""
"/dog-parks/bridgewater/","Bridgewater Dog Park and Dog Licence Rules | LeashFree.ca","Source-backed Bridgewater guide covering South Shore Vet Dog Zone, the town-wide on-leash rule for other parks, annual dog registration by April 1, current dog-tag fees, and by-law enforcement contacts.","1","8391","","/search/?q=off-leash+parks; /search/?q=apartment+dog+breeds; /search/?q=dog+cost+calculator; /search/?q=puppy+names","","","0","https://leashfree.ca/dog-parks/bridgewater/","no","no",""
"/dog-parks/britannia-slopes-off-leash-area/","Britannia Slopes Off-Leash Area (SW Calgary) | LeashFree.ca","Britannia Slopes Off-Leash Area offers a quiet, grassy hillside with sweeping river views — ideal for dogs who enjoy exploring in a more relaxed setting.","1","7461","","/search/?q=off-leash+parks; /search/?q=apartment+dog+breeds; /search/?q=dog+cost+calculator; /search/?q=puppy+names","","","0","https://leashfree.ca/dog-parks/britannia-slopes-off-leash-area/","no","no",""
"/dog-parks/bronte-creek-provincial-park/","Bronte Creek Provincial Park (Leash-Free Trails) | LeashFree.ca","Bronte Creek Provincial Park provides dog owners with two distinct leash-free areas set amidst natural landscapes. Whether strolling through the open fields of the Day Use Area or...","1","8066","","/search/?q=off-leash+parks; /search/?q=apartment+dog+breeds; /search/?q=dog+cost+calculator; /search/?q=puppy+names","","","0","https://leashfree.ca/dog-parks/bronte-creek-provincial-park/","no","no",""
"/dog-parks/broughton-east-park/","Broughton East Park Dog Park in Hamilton, Ontario | LeashFree.ca","Broughton East Park provides a small, quiet green space ideal for short on-leash dog walks in east Hamilton.","1","8418","","/search/?q=off-leash+parks; /search/?q=apartment+dog+breeds; /search/?q=dog+cost+calculator; /search/?q=puppy+names","","","0","https://leashfree.ca/dog-parks/broughton-east-park/","no","no",""
"/dog-parks/bruce-pit/","Bruce Pit Leash-Free Dog Park | LeashFree.ca","Bruce Pit is a popular leash-free dog park in Ottawa, featuring open grassy slopes and wooded trails for dogs to roam and socialize safely.","1","8609","","/search/?q=off-leash+parks; /search/?q=apartment+dog+breeds; /search/?q=dog+cost+calculator; /search/?q=puppy+names","","","0","https://leashfree.ca/dog-parks/bruce-pit/","no","no",""
"/dog-parks/buena-vista-park-off-leash-dog-park/","Buena Vista Park Off-Leash Dog Park | Edmonton Dog Park | LeashFree.ca","Source-backed guide to Buena Vista Park Off-Leash Dog Park in Edmonton, including official park hours, washroom hours, accessible amenities, multi-use trails, and current City of Edmonton off-leash rules.","1","11563","","/search/?q=off-leash+parks; /search/?q=apartment+dog+breeds; /search/?q=dog+cost+calculator; /search/?q=puppy+names","","","0","https://leashfree.ca/dog-parks/buena-vista-park-off-leash-dog-park/","no","no",""
"/dog-parks/burgoyne-woods-park/","Burgoyne Woods Leash-Free Dog Park (St. Catharines) | LeashFree.ca","Located in the heart of St. Catharines, Burgoyne Woods Leash-Free Dog Park offers a large natural space for dogs to roam off-leash among trees and trails. It’s a peaceful, shaded...","1","8437","","/search/?q=off-leash+parks; /search/?q=apartment+dog+breeds; /search/?q=dog+cost+calculator; /search/?q=puppy+names","","","0","https://leashfree.ca/dog-parks/burgoyne-woods-park/","no","no",""
"/dog-parks/burlington/","Dog Parks in Burlington Ontario | LeashFree.ca","Discover top leash-free dog parks in Burlington, Ontario. Find safe, fenced, off-leash areas to exercise your dog and explore Burlington’s best green spaces.","1","12158","","/search/?q=off-leash+parks; /search/?q=apartment+dog+breeds; /search/?q=dog+cost+calculator; /search/?q=puppy+names","","","0","https://leashfree.ca/dog-parks/burlington/","no","no",""
"/dog-parks/burnaby/","Burnaby Dog Off-Leash Areas | LeashFree.ca","Official-source guide to Burnaby dog off-leash areas, covering fenced and trail-based sites, dawn-to-dusk access, Burnaby dog-licensing rules for dogs over 4 months, the two-dogs-per-person off-leash rule, and animal-co...","1","15559","","/search/?q=off-leash+parks; /search/?q=apartment+dog+breeds; /search/?q=dog+cost+calculator; /search/?q=puppy+names","","","0","https://leashfree.ca/dog-parks/burnaby/","no","no",""
"/dog-parks/burnaby-fraser-foreshore-park/","Burnaby Fraser Foreshore Park | Burnaby Dog Off-Leash Area | LeashFree.ca","Source-backed guide to Burnaby Fraser Foreshore Park, including the official off-leash lawn and Byrne Creek dike trail, year-round dawn-to-dusk access, current partial closure near the picnic area, and Burnaby’s shoreli...","1","11893","","/search/?q=off-leash+parks; /search/?q=apartment+dog+breeds; /search/?q=dog+cost+calculator; /search/?q=puppy+names","","","0","https://leashfree.ca/dog-parks/burnaby-fraser-foreshore-park/","no","no",""
"/dog-parks/burnaby-heights-park/","Burnaby Heights Park | Burnaby Dog Off-Leash Area | LeashFree.ca","Source-backed guide to Burnaby Heights Park in Burnaby, including the official fenced year-round off-leash enclosure at 3877 Eton Street, neighbourhood-park context, and Burnaby’s current dog rules.","1","11105","","/search/?q=off-leash+parks; /search/?q=apartment+dog+breeds; /search/?q=dog+cost+calculator; /search/?q=puppy+names","","","0","https://leashfree.ca/dog-parks/burnaby-heights-park/","no","no",""
"/dog-parks/burrard-view-dog-park-vancouver/","Burrard View Park (off-leash dog park) | LeashFree.ca","Burrard View Park is a well-loved off-leash dog park in Vancouver. This park features a grass surface and an open space for dogs to roam freely. It provides no water access, minim...","1","7573","","/search/?q=off-leash+parks; /search/?q=apartment+dog+breeds; /search/?q=dog+cost+calculator; /search/?q=puppy+names","","","0","https://leashfree.ca/dog-parks/burrard-view-dog-park-vancouver/","no","no",""
"/dog-parks/caesars-off-leash-area/","Caesar’s Off-Leash Dog Park | LeashFree.ca","Caesar’s Off-Leash Area in London is a well-loved fenced park with mature trees, open space, and a friendly community vibe. It’s one of the city’s top destinations for off-leash f...","1","8992","","/search/?q=off-leash+parks; /search/?q=apartment+dog+breeds; /search/?q=dog+cost+calculator; /search/?q=puppy+names","","","0","https://leashfree.ca/dog-parks/caesars-off-leash-area/","no","no",""
"/dog-parks/calgary/","Off-Leash Dog Parks in Calgary | LeashFree.ca","Discover Calgary’s best off-leash dog parks. From fenced enclosures to riverside trails and natural meadows, explore where your pup can roam free across the city.","1","28125","","/search/?q=off-leash+parks; /search/?q=apartment+dog+breeds; /search/?q=dog+cost+calculator; /search/?q=puppy+names","","","0","https://leashfree.ca/dog-parks/calgary/","no","no",""
"/dog-parks/callingwood-park-off-leash-area/","Callingwood Park Off-Leash Area | Edmonton Dog Park Guide | LeashFree.ca","Source-backed guide to Callingwood Park Off-Leash Area in Edmonton, including the official 17740 69 Avenue location, natural tree-stand off-leash area, 5 a.m. to 11 p.m. park hours, pavilion washrooms, and surrounding p...","1","12099","","/search/?q=off-leash+parks; /search/?q=apartment+dog+breeds; /search/?q=dog+cost+calculator; /search/?q=puppy+names","","","0","https://leashfree.ca/dog-parks/callingwood-park-off-leash-area/","no","no",""
"/dog-parks/campbell-memorial-park-dog-off-leash-area/","Campbell Memorial Park Dog Off-Leash Area | LeashFree.ca","Campbell Memorial Park Dog Off-Leash Area is a popular leash-free spot in East London, featuring fenced open space and tree cover for comfort. It’s a great place for dogs to play...","1","9030","","/search/?q=off-leash+parks; /search/?q=apartment+dog+breeds; /search/?q=dog+cost+calculator; /search/?q=puppy+names","","","0","https://leashfree.ca/dog-parks/campbell-memorial-park-dog-off-leash-area/","no","no",""
"/dog-parks/campbellford/","Dog Parks in Campbellford, Ontario | Off-Leash Guide | LeashFree.ca","Find Campbellford dog park guidance, Ferris Provincial Park off-leash details, and current Trent Hills dog-licensing requirements. This source-backed Campbellford guide replaces generic claims with current primary-sourc...","1","8220","","/search/?q=off-leash+parks; /search/?q=apartment+dog+breeds; /search/?q=dog+cost+calculator; /search/?q=puppy+names","","","0","https://leashfree.ca/dog-parks/campbellford/","no","no",""
"/dog-parks/campbellford-dog-park/","Campbellford Dog Park Leash-Free Dog Park | LeashFree.ca","Campbellford Dog Park is a welcoming off-leash space in Campbellford where dogs can run freely in a secure, grassy environment.","1","7200","","/search/?q=off-leash+parks; /search/?q=apartment+dog+breeds; /search/?q=dog+cost+calculator; /search/?q=puppy+names","","","0","https://leashfree.ca/dog-parks/campbellford-dog-park/","no","no",""
"/dog-parks/canoe-landing-park/","Canoe Landing Park (Leash-Free Dog Area) | LeashFree.ca","Canoe Landing Park’s leash-free zone is a standout downtown dog destination, equipped with artificial turf and agility features.","1","8807","","/search/?q=off-leash+parks; /search/?q=apartment+dog+breeds; /search/?q=dog+cost+calculator; /search/?q=puppy+names","","","0","https://leashfree.ca/dog-parks/canoe-landing-park/","no","no",""
"/dog-parks/canyon-meadows-off-leash-area/","Canyon Meadows Off-Leash Area (South Calgary) | LeashFree.ca","Canyon Meadows Off-Leash Area in South Calgary offers a large grassy space for dogs to run freely and socialize with plenty of room to roam.","1","7398","","/search/?q=off-leash+parks; /search/?q=apartment+dog+breeds; /search/?q=dog+cost+calculator; /search/?q=puppy+names","","","0","https://leashfree.ca/dog-parks/canyon-meadows-off-leash-area/","no","no",""
"/dog-parks/captain-cornelius-park/","Captain Cornelius Park Dog Park in Hamilton, Ontario | LeashFree.ca","Captain Cornelius Park is a small neighborhood park offering open grass and seating for relaxed on-leash walks with your dog.","1","8387","","/search/?q=off-leash+parks; /search/?q=apartment+dog+breeds; /search/?q=dog+cost+calculator; /search/?q=puppy+names","","","0","https://leashfree.ca/dog-parks/captain-cornelius-park/","no","no",""
"/dog-parks/carburn-park-off-leash-area/","Carburn Park (Scenic Off-Leash Trails by the River) | LeashFree.ca","Carburn Park offers scenic, peaceful riverside trails and green space in southeast Calgary for dogs to roam freely and safely off leash.","1","7448","","/search/?q=off-leash+parks; /search/?q=apartment+dog+breeds; /search/?q=dog+cost+calculator; /search/?q=puppy+names","","","0","https://leashfree.ca/dog-parks/carburn-park-off-leash-area/","no","no",""
"/dog-parks/carmel-park-chilliwack/","Carmel Park | Chilliwack Dog-Friendly Park | LeashFree.ca","Source-backed guide to Carmel Park in Chilliwack, including current City of Chilliwack park classification, neighbourhood amenities, and off-leash listing context.","1","11293","","/search/?q=off-leash+parks; /search/?q=apartment+dog+breeds; /search/?q=dog+cost+calculator; /search/?q=puppy+names","","","0","https://leashfree.ca/dog-parks/carmel-park-chilliwack/","no","no",""
"/dog-parks/carol-disher-park/","Carol Disher Leash-Free Dog Park (Catherine Street Park) | LeashFree.ca","Carol Disher Leash-Free Dog Park provides a compact and accessible space for dog lovers in central St. Catharines. Nestled in Catherine Street Park, it’s ideal for quick visits an...","1","8289","","/search/?q=off-leash+parks; /search/?q=apartment+dog+breeds; /search/?q=dog+cost+calculator; /search/?q=puppy+names","","","0","https://leashfree.ca/dog-parks/carol-disher-park/","no","no",""
"/dog-parks/cassels-avenue-playground/","Cassels Avenue Playground (Leash-Free Dog Area) | LeashFree.ca","Cassels Avenue Playground provides a compact, fenced leash-free area nestled in the Upper Beaches. It’s a peaceful option for neighborhood dog owners looking for a safe, local spo...","1","9184","","/search/?q=off-leash+parks; /search/?q=apartment+dog+breeds; /search/?q=dog+cost+calculator; /search/?q=puppy+names","","","0","https://leashfree.ca/dog-parks/cassels-avenue-playground/","no","no",""
"/dog-parks/castle-park/","Castle Park | Port Coquitlam Off-Leash Dog Area | LeashFree.ca","Source-backed guide to Castle Park in Port Coquitlam, including the official 2252 Castle Crescent address, unfenced off-leash area status, park amenities, and current dog park rules.","1","8444","","/search/?q=off-leash+parks; /search/?q=apartment+dog+breeds; /search/?q=dog+cost+calculator; /search/?q=puppy+names","","","0","https://leashfree.ca/dog-parks/castle-park/","no","no",""
"/dog-parks/caswell-mayfair-dog-park/","Caswell (Mayfair) Dog Park Leash-Free Dog Park | LeashFree.ca","Caswell (Mayfair) Dog Park in Saskatoon offers a centrally located, fully fenced off-leash space perfect for city dog owners.","1","8690","","/search/?q=off-leash+parks; /search/?q=apartment+dog+breeds; /search/?q=dog+cost+calculator; /search/?q=puppy+names","","","0","https://leashfree.ca/dog-parks/caswell-mayfair-dog-park/","no","no",""
"/dog-parks/cathy-lauritsen-memorial-off-leash-dog-park/","Cathy Lauritsen Memorial Off-Leash Dog Park Leash-Free Dog Park | LeashFree.ca","Cathy Lauritsen Memorial Off-Leash Dog Park in Regina features a large grassy area along Wascana Creek, offering space for dogs to explore and play.","1","8686","","/search/?q=off-leash+parks; /search/?q=apartment+dog+breeds; /search/?q=dog+cost+calculator; /search/?q=puppy+names","","","0","https://leashfree.ca/dog-parks/cathy-lauritsen-memorial-off-leash-dog-park/","no","no",""
"/dog-parks/cedar-creek-park-kelowna/","Cedar Creek Park | Kelowna Off-Leash Dog Beach | LeashFree.ca","Source-backed guide to Cedar Creek Park in Kelowna, including the City of Kelowna listing at 5200 Lakeshore Rd, 7-hectare off-leash status, dog beach and swim access, trails, boat launch, and limited parking notes.","1","11344","","/search/?q=off-leash+parks; /search/?q=apartment+dog+breeds; /search/?q=dog+cost+calculator; /search/?q=puppy+names","","","0","https://leashfree.ca/dog-parks/cedar-creek-park-kelowna/","no","no",""
"/dog-parks/cedar-hedge-park-west/","Cedar Hedge Park West Leash-Free Dog Park in Milton, Ontario | LeashFree.ca","Cedar Hedge Park West features a fully fenced leash-free area with grassy space for dogs to run and play off-leash in Milton.","1","7732","","/search/?q=off-leash+parks; /search/?q=apartment+dog+breeds; /search/?q=dog+cost+calculator; /search/?q=puppy+names","","","0","https://leashfree.ca/dog-parks/cedar-hedge-park-west/","no","no",""
"/dog-parks/cedarvale-park/","Cedarvale Park (Leash-Free Dog Area) | LeashFree.ca","Cedarvale Park provides a natural off-leash environment with wooded trails and grassy terrain, perfect for active dogs and nature-loving owners.","1","8619","","/search/?q=off-leash+parks; /search/?q=apartment+dog+breeds; /search/?q=dog+cost+calculator; /search/?q=puppy+names","","","0","https://leashfree.ca/dog-parks/cedarvale-park/","no","no",""
"/dog-parks/cedarvale-park-halton-hills/","Cedarvale Park Leash-Free Dog Park in Halton Hills, Ontario | LeashFree.ca","Cedarvale Park’s leash-free dog area offers a spacious fenced space with shade, seating, and ample room for dogs to run off-leash in Halton Hills.","1","8089","","/search/?q=off-leash+parks; /search/?q=apartment+dog+breeds; /search/?q=dog+cost+calculator; /search/?q=puppy+names","","","0","https://leashfree.ca/dog-parks/cedarvale-park-halton-hills/","no","no",""
"/dog-parks/centennial-park-mission/","Centennial Park Off-Leash Dog Area | LeashFree.ca","The City of Mission lists Centennial Park's off-leash dog area along with parking, paved trails, benches, picnic tables, washrooms, fencing, and waste receptacles. Planned improve...","1","5811","","/search/?q=off-leash+parks; /search/?q=apartment+dog+breeds; /search/?q=dog+cost+calculator; /search/?q=puppy+names","","","0","https://leashfree.ca/dog-parks/centennial-park-mission/","no","no",""
"/dog-parks/centennial-park-white-rock/","Centennial Park Leash-Free Dog Area | LeashFree.ca","Centennial Park in White Rock includes a grassy off-leash dog zone perfect for exercise and play in a central location.","1","8586","","/search/?q=off-leash+parks; /search/?q=apartment+dog+breeds; /search/?q=dog+cost+calculator; /search/?q=puppy+names","","","0","https://leashfree.ca/dog-parks/centennial-park-white-rock/","no","no",""
"/dog-parks/central-bark-dog-park/","Central Bark Dog Park | Prince Albert, Saskatchewan | LeashFree.ca","Conservative, source-backed guide to Central Bark Dog Park in Prince Albert, Saskatchewan, based on Prince Albert SPCA location data, local reporting, and current city pet-rule sources.","1","7686","","/search/?q=off-leash+parks; /search/?q=apartment+dog+breeds; /search/?q=dog+cost+calculator; /search/?q=puppy+names","","","0","https://leashfree.ca/dog-parks/central-bark-dog-park/","no","no",""
"/dog-parks/central-park/","Central Park (Leash-Free Dog Area) | LeashFree.ca","Central Park's leash-free area in Burlington provides a safe and welcoming space for dogs to enjoy off-leash play. With its secure fencing and convenient location, it's a favorite...","1","7608","","/search/?q=off-leash+parks; /search/?q=apartment+dog+breeds; /search/?q=dog+cost+calculator; /search/?q=puppy+names","","","0","https://leashfree.ca/dog-parks/central-park/","no","no",""
"/dog-parks/charleson-dog-park/","Charleson Park (off-leash dog park) | LeashFree.ca","Charleson Park is a well-loved off-leash dog park in Vancouver. This park features a grass surface and an open space for dogs to roam freely. It provides no water access, minimal...","1","7511","","/search/?q=off-leash+parks; /search/?q=apartment+dog+breeds; /search/?q=dog+cost+calculator; /search/?q=puppy+names","","","0","https://leashfree.ca/dog-parks/charleson-dog-park/","no","no",""
"/dog-parks/charleston-lake/","Dog-Friendly Trails at Charleston Lake Ontario | LeashFree.ca","Discover dog-friendly hiking trails at Charleston Lake, Ontario. While there’s no fenced dog park, dogs on leash are welcome to explore scenic park trails and lakeside routes.","1","6722","","/search/?q=off-leash+parks; /search/?q=apartment+dog+breeds; /search/?q=dog+cost+calculator; /search/?q=puppy+names","","","0","https://leashfree.ca/dog-parks/charleston-lake/","no","no",""
"/dog-parks/charleston-lake-provincial-park/","Charleston Lake Provincial Park Leash-Free Dog Park | LeashFree.ca","Charleston Lake Provincial Park offers dog-friendly beach access and wooded trails, ideal for off-leash fun in a natural setting.","1","7327","","/search/?q=off-leash+parks; /search/?q=apartment+dog+breeds; /search/?q=dog+cost+calculator; /search/?q=puppy+names","","","0","https://leashfree.ca/dog-parks/charleston-lake-provincial-park/","no","no",""
"/dog-parks/charleswood-dog-park/","Charleswood Dog Park Leash-Free Dog Park | LeashFree.ca","Charleswood Dog Park in Winnipeg is a beloved forested dog park with scenic trails and wide-open space for off-leash fun.","1","8425","","/search/?q=off-leash+parks; /search/?q=apartment+dog+breeds; /search/?q=dog+cost+calculator; /search/?q=puppy+names","","","0","https://leashfree.ca/dog-parks/charleswood-dog-park/","no","no",""
"/dog-parks/chemainus-lake-park-ladysmith/","Chemainus Lake Park Leash-Free Area | LeashFree.ca","Chemainus Lake Park near Ladysmith offers a scenic off-leash trail loop around the lake, perfect for dog exercise and nature time.","1","9027","","/search/?q=off-leash+parks; /search/?q=apartment+dog+breeds; /search/?q=dog+cost+calculator; /search/?q=puppy+names","","","0","https://leashfree.ca/dog-parks/chemainus-lake-park-ladysmith/","no","no",""
"/dog-parks/cherry-beach-clarke-beach-park/","Cherry Beach/Clarke Beach Park (Leash-Free Dog Area) | LeashFree.ca","Cherry Beach is a unique leash-free area where dogs can run along the sand and swim in Lake Ontario, making it a favorite summer destination for pet owners.","1","8714","","/search/?q=off-leash+parks; /search/?q=apartment+dog+breeds; /search/?q=dog+cost+calculator; /search/?q=puppy+names","","","0","https://leashfree.ca/dog-parks/cherry-beach-clarke-beach-park/","no","no",""
"/dog-parks/chevrier-park-cornwall/","Chevrier Park Leash Free Dog Park | LeashFree.ca","Chevrier Park is a small neighborhood park in Cornwall where dogs are welcome on-leash for a stroll or a play session on the grass.","1","8299","","/search/?q=off-leash+parks; /search/?q=apartment+dog+breeds; /search/?q=dog+cost+calculator; /search/?q=puppy+names","","","0","https://leashfree.ca/dog-parks/chevrier-park-cornwall/","no","no",""
"/dog-parks/chief-whitecap-park/","Chief Whitecap Park Leash-Free Dog Park | LeashFree.ca","Chief Whitecap Park in Saskatoon offers a natural riverside setting for dogs to explore off-leash across scenic trails.","1","8628","","/search/?q=off-leash+parks; /search/?q=apartment+dog+breeds; /search/?q=dog+cost+calculator; /search/?q=puppy+names","","","0","https://leashfree.ca/dog-parks/chief-whitecap-park/","no","no",""
"/dog-parks/chilliwack/","Dog Parks in Chilliwack BC | LeashFree.ca","Explore off-leash dog parks in Chilliwack, BC. From fenced dog runs to scenic trails, discover the best places to exercise your dog in this outdoor-loving Fraser Valley city.","1","14559","","/search/?q=off-leash+parks; /search/?q=apartment+dog+breeds; /search/?q=dog+cost+calculator; /search/?q=puppy+names","","","0","https://leashfree.ca/dog-parks/chilliwack/","no","no",""
"/dog-parks/chilliwack-community-forest/","Chilliwack Community Forest | Chilliwack Dog-Friendly Trails | LeashFree.ca","Source-backed guide to Chilliwack Community Forest at 51642 Allan Road, including trail details, amenities, accessibility improvements, and the current City of Chilliwack off-leash listing context.","1","11733","","/search/?q=off-leash+parks; /search/?q=apartment+dog+breeds; /search/?q=dog+cost+calculator; /search/?q=puppy+names","","","0","https://leashfree.ca/dog-parks/chilliwack-community-forest/","no","no",""
"/dog-parks/chris-gibson-park/","Chris Gibson Park Leash-Free Dog Park | LeashFree.ca","Chris Gibson Park in Brampton offers a convenient fenced dog park near the recreation centre, ideal for quick off-leash visits.","1","8497","","/search/?q=off-leash+parks; /search/?q=apartment+dog+breeds; /search/?q=dog+cost+calculator; /search/?q=puppy+names","","","0","https://leashfree.ca/dog-parks/chris-gibson-park/","no","no",""
"/dog-parks/churchill-park/","Churchill Park Dog Park in Hamilton, Ontario | LeashFree.ca","Churchill Park offers wide open fields and scenic trails for on-leash dog walks right beside Hamilton's Royal Botanical Gardens.","1","8465","","/search/?q=off-leash+parks; /search/?q=apartment+dog+breeds; /search/?q=dog+cost+calculator; /search/?q=puppy+names","","","0","https://leashfree.ca/dog-parks/churchill-park/","no","no",""
"/dog-parks/clarence-square-park/","Clarence Square Park (Leash-Free Dog Area) | LeashFree.ca","Clarence Square Park is a charming downtown off-leash area, shaded and secure, catering to Toronto’s condo-dwelling dog lovers.","1","8551","","/search/?q=off-leash+parks; /search/?q=apartment+dog+breeds; /search/?q=dog+cost+calculator; /search/?q=puppy+names","","","0","https://leashfree.ca/dog-parks/clarence-square-park/","no","no",""
"/dog-parks/coach-hill-off-leash-area/","Coach Hill Off-Leash Area (Scenic Southwest Trail) | LeashFree.ca","The Coach Hill Off-Leash Area is a peaceful, tree-lined green space in southwest Calgary where dogs can explore grassy slopes and trails off-leash.","1","7413","","/search/?q=off-leash+parks; /search/?q=apartment+dog+breeds; /search/?q=dog+cost+calculator; /search/?q=puppy+names","","","0","https://leashfree.ca/dog-parks/coach-hill-off-leash-area/","no","no",""
"/dog-parks/colin-alton-parkette/","Colin Alton Parkette (Leash-Free Dog Area) | LeashFree.ca","Colin Alton Parkette provides a thoughtfully designed leash-free area in Burlington's Alton West Village. With its secure fencing, accessible pathways, and additional amenities, i...","1","7642","","/search/?q=off-leash+parks; /search/?q=apartment+dog+breeds; /search/?q=dog+cost+calculator; /search/?q=puppy+names","","","0","https://leashfree.ca/dog-parks/colin-alton-parkette/","no","no",""
"/dog-parks/colonel-danforth-park/","Colonel Danforth Park Dog Park in Scarborough, Ontario | LeashFree.ca","Colonel Danforth Park offers extensive nature trails along Highland Creek for peaceful on-leash adventures with your dog.","1","8789","","/search/?q=off-leash+parks; /search/?q=apartment+dog+breeds; /search/?q=dog+cost+calculator; /search/?q=puppy+names","","","0","https://leashfree.ca/dog-parks/colonel-danforth-park/","no","no",""
"/dog-parks/colonel-samuel-smith-park/","Colonel Samuel Smith Park Leash-Free Dog Park on Toronto Waterfront | LeashFree.ca","Colonel Samuel Smith Park features a scenic leash-free area with access to Toronto's waterfront and open trails for dogs to explore.","1","8770","","/search/?q=off-leash+parks; /search/?q=apartment+dog+breeds; /search/?q=dog+cost+calculator; /search/?q=puppy+names","","","0","https://leashfree.ca/dog-parks/colonel-samuel-smith-park/","no","no",""
"/dog-parks/colonel-samuel-smith-park-etobicoke/","Colonel Samuel Smith Park Leash-Free Dog Park | LeashFree.ca","Colonel Samuel Smith Park offers a large off-leash waterfront experience with scenic trails and abundant wildlife.","1","8349","","/search/?q=off-leash+parks; /search/?q=apartment+dog+breeds; /search/?q=dog+cost+calculator; /search/?q=puppy+names","","","0","https://leashfree.ca/dog-parks/colonel-samuel-smith-park-etobicoke/","no","no",""
"/dog-parks/community-common/","Community Common (Urban Leash-Free Zone) | LeashFree.ca","Community Common provides a convenient leash-free area in downtown Mississauga, perfect for quick visits and socializing your dog during a busy day.","1","9153","","/search/?q=off-leash+parks; /search/?q=apartment+dog+breeds; /search/?q=dog+cost+calculator; /search/?q=puppy+names","","","0","https://leashfree.ca/dog-parks/community-common/","no","no",""
"/dog-parks/confederation-park/","Confederation Park (Leash-Free Dog Area) | LeashFree.ca","Confederation Park is a charming off-leash destination in northwest Calgary, where dogs can explore scenic trails surrounded by mature trees and green space.","1","7422","","/search/?q=off-leash+parks; /search/?q=apartment+dog+breeds; /search/?q=dog+cost+calculator; /search/?q=puppy+names","","","0","https://leashfree.ca/dog-parks/confederation-park/","no","no",""
"/dog-parks/confederation-park-burnaby/","Confederation Park | Burnaby Dog Off-Leash Area | LeashFree.ca","Source-backed guide to Confederation Park in Burnaby, including the official fenced large- and small-dog enclosures, the 1.3 km off-leash trail north of Penzance Drive, year-round access, and current Burnaby dog rules.","1","11387","","/search/?q=off-leash+parks; /search/?q=apartment+dog+breeds; /search/?q=dog+cost+calculator; /search/?q=puppy+names","","","0","https://leashfree.ca/dog-parks/confederation-park-burnaby/","no","no",""
"/dog-parks/confederation-park-toronto/","Confederation Park Dog Park Toronto | Off-Leash Guide | LeashFree.ca","Research-backed guide to Confederation Park's fenced off-leash area in Scarborough, Toronto, with source-verified details on fencing, small-dog access, parking, and visit planning.","1","9571","","/search/?q=off-leash+parks; /search/?q=apartment+dog+breeds; /search/?q=dog+cost+calculator; /search/?q=puppy+names","","","0","https://leashfree.ca/dog-parks/confederation-park-toronto/","no","no",""
"/dog-parks/connaught-off-leash-area/","Connaught Off-Leash Area (Compact Green Pocket) | LeashFree.ca","Connaught’s off-leash pocket park provides a practical green space in the Beltline for urban dog owners looking for a quick and convenient outing.","1","7399","","/search/?q=off-leash+parks; /search/?q=apartment+dog+breeds; /search/?q=dog+cost+calculator; /search/?q=puppy+names","","","0","https://leashfree.ca/dog-parks/connaught-off-leash-area/","no","no",""
"/dog-parks/conrose-park/","Conrose Park Leash-Free Dog Park | LeashFree.ca","Conrose Park is a seasonal leash-free dog park in Halifax, known for its large sports fields open to dogs in the winter. It provides plenty of room for dogs to run off-leash close...","1","9024","","/search/?q=off-leash+parks; /search/?q=apartment+dog+breeds; /search/?q=dog+cost+calculator; /search/?q=puppy+names","","","0","https://leashfree.ca/dog-parks/conrose-park/","no","no",""
"/dog-parks/conroy-pit/","Conroy Pit Leash-Free Dog Park | LeashFree.ca","Conroy Pit is a large public leash-free area in Ottawa with diverse trails and open spaces ideal for running and exploring safely.","1","8577","","/search/?q=off-leash+parks; /search/?q=apartment+dog+breeds; /search/?q=dog+cost+calculator; /search/?q=puppy+names","","","0","https://leashfree.ca/dog-parks/conroy-pit/","no","no",""
"/dog-parks/coopers-dog-park/","Coopers' Park (off-leash dog park) | LeashFree.ca","Coopers' Park is a well-loved off-leash dog park in Vancouver. This park features a mulch, gravel & lawn surface and an open space for dogs to roam freely. It provides no wate...","1","7592","","/search/?q=off-leash+parks; /search/?q=apartment+dog+breeds; /search/?q=dog+cost+calculator; /search/?q=puppy+names","","","0","https://leashfree.ca/dog-parks/coopers-dog-park/","no","no",""
"/dog-parks/coquitlam/","Coquitlam Dog Parks and Off-Leash Trails | LeashFree.ca","Official-source guide to Coquitlam dog parks and off-leash trails, including Bramble, Glen, Leigh, Miller, Mundy, and Ridge, plus leash rules, Mundy trail exceptions, annual dog licensing, and Coquitlam animal-control c...","1","10940","","/search/?q=off-leash+parks; /search/?q=apartment+dog+breeds; /search/?q=dog+cost+calculator; /search/?q=puppy+names","","","0","https://leashfree.ca/dog-parks/coquitlam/","no","no",""
"/dog-parks/corbetts-park/","Corbett's Park Leash-Free Dog Park | LeashFree.ca","Corbett's Park is a small leash-free space in Courtice, perfect for neighbourhood visits and local dog walks.","1","7571","","/search/?q=off-leash+parks; /search/?q=apartment+dog+breeds; /search/?q=dog+cost+calculator; /search/?q=puppy+names","","","0","https://leashfree.ca/dog-parks/corbetts-park/","no","no",""
"/dog-parks/cornwall/","Dog Parks in Cornwall Ontario | LeashFree.ca","Discover leash-free dog parks in Cornwall, Ontario. Explore safe, fenced areas where your dog can run, play, and socialize with others year-round.","1","8067","","/search/?q=off-leash+parks; /search/?q=apartment+dog+breeds; /search/?q=dog+cost+calculator; /search/?q=puppy+names","","","0","https://leashfree.ca/dog-parks/cornwall/","no","no",""
"/dog-parks/cottonwood-falls-park-nelson/","Cottonwood Falls Park Leash-Free Area | LeashFree.ca","Cottonwood Falls Park is a peaceful green space in Nelson where dogs can enjoy a leash-free experience near the sound of waterfalls.","1","7892","","/search/?q=off-leash+parks; /search/?q=apartment+dog+breeds; /search/?q=dog+cost+calculator; /search/?q=puppy+names","","","0","https://leashfree.ca/dog-parks/cottonwood-falls-park-nelson/","no","no",""
"/dog-parks/courtice/","Dog Parks in Courtice, Ontario | Off-Leash Guide | LeashFree.ca","Source-backed guide to dog parks in Courtice, Ontario, based on Clarington's official leash-free dog parks, facility, animal services, and pet licensing pages.","1","9849","","/search/?q=off-leash+parks; /search/?q=apartment+dog+breeds; /search/?q=dog+cost+calculator; /search/?q=puppy+names","","","0","https://leashfree.ca/dog-parks/courtice/","no","no",""
"/dog-parks/cowan-sportsplex-dog-park/","Cowan Sportsplex Dog Park (Leash-Free Dog Area) | LeashFree.ca","Cowan Sportsplex Dog Park in Woodstock is a convenient off-leash space for dog owners looking to combine walking and play. Adjacent to the Sportsplex and featuring a walking path...","1","8291","","/search/?q=off-leash+parks; /search/?q=apartment+dog+breeds; /search/?q=dog+cost+calculator; /search/?q=puppy+names","","","0","https://leashfree.ca/dog-parks/cowan-sportsplex-dog-park/","no","no",""
"/dog-parks/coxwell-ravine-park/","Coxwell Ravine Park (Leash-Free Dog Area) | LeashFree.ca","Coxwell Ravine Park offers a unique leash-free trail experience along Toronto’s Taylor Creek. Surrounded by trees and natural terrain, it's a peaceful spot for dogs who enjoy off-...","1","9254","","/search/?q=off-leash+parks; /search/?q=apartment+dog+breeds; /search/?q=dog+cost+calculator; /search/?q=puppy+names","","","0","https://leashfree.ca/dog-parks/coxwell-ravine-park/","no","no",""
"/dog-parks/crab-park-at-portside-dog-park/","CRAB Park at Portside (off-leash dog park) | LeashFree.ca","CRAB Park at Portside is a well-loved off-leash dog park in Vancouver. This park features a grass surface and an open space for dogs to roam freely. It provides no water access, m...","1","7629","","/search/?q=off-leash+parks; /search/?q=apartment+dog+breeds; /search/?q=dog+cost+calculator; /search/?q=puppy+names","","","0","https://leashfree.ca/dog-parks/crab-park-at-portside-dog-park/","no","no",""
"/dog-parks/craigleigh-gardens/","Craigleigh Gardens (Leash-Free Dog Area) | LeashFree.ca","Craigleigh Gardens is a scenic, partially wooded park offering a tranquil off-leash experience among mature trees and winding paths in Rosedale.","1","8883","","/search/?q=off-leash+parks; /search/?q=apartment+dog+breeds; /search/?q=dog+cost+calculator; /search/?q=puppy+names","","","0","https://leashfree.ca/dog-parks/craigleigh-gardens/","no","no",""
"/dog-parks/crimson-ridge-park-chilliwack/","Crimson Ridge Park Leash-Free Dog Park | LeashFree.ca","Crimson Ridge Park provides local dog owners in Chilliwack with a simple off-leash space in a quiet residential area.","1","8913","","/search/?q=off-leash+parks; /search/?q=apartment+dog+breeds; /search/?q=dog+cost+calculator; /search/?q=puppy+names","","","0","https://leashfree.ca/dog-parks/crimson-ridge-park-chilliwack/","no","no",""
"/dog-parks/crystal-ridge-neighbourhood-off-leash-area/","Crystal Ridge Neighbourhood Off-Leash Area | LeashFree.ca","Crystal Ridge Off-Leash Area in Grande Prairie offers an unfenced green space where dogs can roam freely under supervision in a relaxed setting.","1","8170","","/search/?q=off-leash+parks; /search/?q=apartment+dog+breeds; /search/?q=dog+cost+calculator; /search/?q=puppy+names","","","0","https://leashfree.ca/dog-parks/crystal-ridge-neighbourhood-off-leash-area/","no","no",""
"/dog-parks/currie-bark-park/","Currie Bark Park (Fenced Dog Park) | LeashFree.ca","Currie Bark Park offers a secure, urban-friendly off-leash zone with agility structures and lighting, perfect for dogs to play safely day or night.","1","7436","","/search/?q=off-leash+parks; /search/?q=apartment+dog+breeds; /search/?q=dog+cost+calculator; /search/?q=puppy+names","","","0","https://leashfree.ca/dog-parks/currie-bark-park/","no","no",""
"/dog-parks/dale-hodges-park/","Dale Hodges Park (Leash-Free Dog Area) | LeashFree.ca","Dale Hodges Park offers Calgary dog owners a stunning mix of art, nature, and off-leash adventure along the Bow River’s edge.","1","7515","","/search/?q=off-leash+parks; /search/?q=apartment+dog+breeds; /search/?q=dog+cost+calculator; /search/?q=puppy+names","","","0","https://leashfree.ca/dog-parks/dale-hodges-park/","no","no",""
"/dog-parks/dartmouth-common/","Dartmouth Common Leash-Free Dog Park | LeashFree.ca","Dartmouth Common is a popular leash-free dog park in Dartmouth, known for its open lawns and central location. It is a convenient spot for dogs to run and socialize with great vie...","1","7068","","/search/?q=off-leash+parks; /search/?q=apartment+dog+breeds; /search/?q=dog+cost+calculator; /search/?q=puppy+names","","","0","https://leashfree.ca/dog-parks/dartmouth-common/","no","no",""
"/dog-parks/david-bartlett-park/","David Bartlett Park Leash-Free Dog Park | LeashFree.ca","David Bartlett Park is a public leash-free area in Manotick featuring trails, open space, and Rideau River access for dogs to explore and play.","1","8520","","/search/?q=off-leash+parks; /search/?q=apartment+dog+breeds; /search/?q=dog+cost+calculator; /search/?q=puppy+names","","","0","https://leashfree.ca/dog-parks/david-bartlett-park/","no","no",""
"/dog-parks/david-crombie-park/","David Crombie Park (Dogs Allowed Area) | LeashFree.ca","David Crombie Park provides a quiet urban escape with benches and green space for on-leash dog walks through downtown Toronto.","1","8485","","/search/?q=off-leash+parks; /search/?q=apartment+dog+breeds; /search/?q=dog+cost+calculator; /search/?q=puppy+names","","","0","https://leashfree.ca/dog-parks/david-crombie-park/","no","no",""
"/dog-parks/david-gray-park-burnaby/","David Gray Park | Burnaby Dog Off-Leash Area | LeashFree.ca","Source-backed guide to David Gray Park in Burnaby, including the official 7480 McKay Avenue address, fenced off-leash enclosure, separate small-dog area, year-round access, and Burnaby off-leash rules.","1","11174","","/search/?q=off-leash+parks; /search/?q=apartment+dog+breeds; /search/?q=dog+cost+calculator; /search/?q=puppy+names","","","0","https://leashfree.ca/dog-parks/david-gray-park-burnaby/","no","no",""
"/dog-parks/dawson-park-off-leash-area/","Dawson Park Off-Leash Area | LeashFree.ca","Dawson Park Off-Leash Area in Edmonton offers tranquil riverside trails and grassy spaces for dogs and their owners to explore together.","1","9276","","/search/?q=off-leash+parks; /search/?q=apartment+dog+breeds; /search/?q=dog+cost+calculator; /search/?q=puppy+names","","","0","https://leashfree.ca/dog-parks/dawson-park-off-leash-area/","no","no",""
"/dog-parks/deer-ridge-park/","Deer Ridge Park (Off-Leash Area) | LeashFree.ca","The Deer Ridge Off-Leash Area provides a relaxed setting with peaceful trails, perfect for a quiet walk with your pup in south Calgary.","1","7318","","/search/?q=off-leash+parks; /search/?q=apartment+dog+breeds; /search/?q=dog+cost+calculator; /search/?q=puppy+names","","","0","https://leashfree.ca/dog-parks/deer-ridge-park/","no","no",""
"/dog-parks/deveaux-woods-state-park-dog-park/","DeVeaux Woods State Park Dog Park Leash-Free Dog Park | LeashFree.ca","DeVeaux Woods State Park Dog Park is a fully fenced off-leash area just across the border from Niagara Falls, perfect for international dog-friendly visits.","1","8199","","/search/?q=off-leash+parks; /search/?q=apartment+dog+breeds; /search/?q=dog+cost+calculator; /search/?q=puppy+names","","","0","https://leashfree.ca/dog-parks/deveaux-woods-state-park-dog-park/","no","no",""
"/dog-parks/devonian-harbour-dog-park/","Devonian Harbour (Leash Free Dog Park) | LeashFree.ca","Devonian Harbour is a well-loved off-leash dog park in Vancouver. This park features a grass surface and an open space for dogs to roam freely. It provides no water access, minima...","1","7627","","/search/?q=off-leash+parks; /search/?q=apartment+dog+breeds; /search/?q=dog+cost+calculator; /search/?q=puppy+names","","","0","https://leashfree.ca/dog-parks/devonian-harbour-dog-park/","no","no",""
"/dog-parks/diamond-jubilee-park/","Diamond Jubilee Park Leash-Free Dog Park | LeashFree.ca","Diamond Jubilee Park in Ottawa offers a small fenced leash-free zone for neighborhood dog play and quick outings.","1","8528","","/search/?q=off-leash+parks; /search/?q=apartment+dog+breeds; /search/?q=dog+cost+calculator; /search/?q=puppy+names","","","0","https://leashfree.ca/dog-parks/diamond-jubilee-park/","no","no",""
"/dog-parks/diana-princess-of-wales-park-ladysmith/","Diana, Princess of Wales Park | Saltair Park Guide | LeashFree.ca","Source-backed guide to Diana, Princess of Wales Park in Saltair, including the current CVRD park classification, easy walking trail, bench, parking, and the fact that it is not an official off-leash dog park.","1","10485","","/search/?q=off-leash+parks; /search/?q=apartment+dog+breeds; /search/?q=dog+cost+calculator; /search/?q=puppy+names","","","0","https://leashfree.ca/dog-parks/diana-princess-of-wales-park-ladysmith/","no","no",""
"/dog-parks/dodger-dog-park/","Dodger Dog Park | LeashFree.ca","Dodger Dog Park in St. Albert is a fenced dog park honoring a service dog, providing a safe, open space for dogs to roam off-leash.","1","7657","","/search/?q=off-leash+parks; /search/?q=apartment+dog+breeds; /search/?q=dog+cost+calculator; /search/?q=puppy+names","","","0","https://leashfree.ca/dog-parks/dodger-dog-park/","no","no",""
"/dog-parks/dog-beach-white-rock/","Dog Off-leash Swimming Beach | LeashFree.ca","The Dog Off-leash Swimming Beach near White Rock gives dogs a rare chance to swim freely and play in the water off-leash.","1","8607","","/search/?q=off-leash+parks; /search/?q=apartment+dog+breeds; /search/?q=dog+cost+calculator; /search/?q=puppy+names","","","0","https://leashfree.ca/dog-parks/dog-beach-white-rock/","no","no",""
"/dog-parks/dog-park-at-selkirk-park/","Dog Park at Selkirk Park Leash-Free Dog Park | LeashFree.ca","Dog Park at Selkirk Park is a large, fully fenced off-leash dog park in Selkirk, MB, offering safe and open space for dogs to play.","1","7180","","/search/?q=off-leash+parks; /search/?q=apartment+dog+breeds; /search/?q=dog+cost+calculator; /search/?q=puppy+names","","","0","https://leashfree.ca/dog-parks/dog-park-at-selkirk-park/","no","no",""
"/dog-parks/dog-relief-station-new-westminster/","Dog Relief Station Leash Free Area | LeashFree.ca","The Dog Relief Station in downtown New Westminster provides a convenient fenced space for dogs to enjoy a quick off-leash break.","1","8159","","/search/?q=off-leash+parks; /search/?q=apartment+dog+breeds; /search/?q=dog+cost+calculator; /search/?q=puppy+names","","","0","https://leashfree.ca/dog-parks/dog-relief-station-new-westminster/","no","no",""
"/dog-parks/doggy-diamond-off-leash-park/","Doggy Diamond Off-Leash Park Leash-Free Dog Park | LeashFree.ca","Doggy Diamond is a popular off-leash dog park in Brandon, MB, known for its secure fencing and large open space for dogs to run and play.","1","7972","","/search/?q=off-leash+parks; /search/?q=apartment+dog+breeds; /search/?q=dog+cost+calculator; /search/?q=puppy+names","","","0","https://leashfree.ca/dog-parks/doggy-diamond-off-leash-park/","no","no",""
"/dog-parks/dogwood-park/","Dogwood Park Leash-Free Dog Park | LeashFree.ca","Dogwood Park is a top destination in White Rock for off-leash dog walking, featuring wooded trails and a peaceful setting.","1","8506","","/search/?q=off-leash+parks; /search/?q=apartment+dog+breeds; /search/?q=dog+cost+calculator; /search/?q=puppy+names","","","0","https://leashfree.ca/dog-parks/dogwood-park/","no","no",""
"/dog-parks/don-bayer-park/","Don Bayer Park Leash-Free Dog Park | LeashFree.ca","Don Bayer Park is a growing leash-free dog park in Dartmouth, appreciated for its fenced space and easy access near Burnside. It is a great spot for energetic dogs to run and soci...","1","7190","","/search/?q=off-leash+parks; /search/?q=apartment+dog+breeds; /search/?q=dog+cost+calculator; /search/?q=puppy+names","","","0","https://leashfree.ca/dog-parks/don-bayer-park/","no","no",""
"/dog-parks/don-boudria-park/","Don Boudria Park Leash-Free Dog Park | LeashFree.ca","Don Boudria Park is a neighborhood leash-free dog park in Ottawa, ideal for short walks and fenced play sessions.","1","8421","","/search/?q=off-leash+parks; /search/?q=apartment+dog+breeds; /search/?q=dog+cost+calculator; /search/?q=puppy+names","","","0","https://leashfree.ca/dog-parks/don-boudria-park/","no","no",""
"/dog-parks/don-russell-memorial-park/","Don Russell Memorial Park Dog Park in Etobicoke, Ontario | LeashFree.ca","Don Russell Memorial Park offers a simple on-leash green space for quiet neighborhood dog walks.","1","8631","","/search/?q=off-leash+parks; /search/?q=apartment+dog+breeds; /search/?q=dog+cost+calculator; /search/?q=puppy+names","","","0","https://leashfree.ca/dog-parks/don-russell-memorial-park/","no","no",""
"/dog-parks/don-russell-memorial-park-etobicoke/","Don Russell Memorial Park Leash-Free Dog Park | LeashFree.ca","Don Russell Memorial Park provides a friendly community off-leash space near Etobicoke’s waterfront, ideal for casual dog walks.","1","8235","","/search/?q=off-leash+parks; /search/?q=apartment+dog+breeds; /search/?q=dog+cost+calculator; /search/?q=puppy+names","","","0","https://leashfree.ca/dog-parks/don-russell-memorial-park-etobicoke/","no","no",""
"/dog-parks/don-valley-brick-works/","Don Valley Brick Works Park (Leash-Free Dog Area) | LeashFree.ca","Don Valley Brick Works Park is a lush, green retreat in the city that offers dog owners a scenic, informal off-leash trail experience. While not fenced, it’s beloved for peaceful...","1","9050","","/search/?q=off-leash+parks; /search/?q=apartment+dog+breeds; /search/?q=dog+cost+calculator; /search/?q=puppy+names","","","0","https://leashfree.ca/dog-parks/don-valley-brick-works/","no","no",""
"/dog-parks/douglasdale-off-leash-area/","Douglasdale Park (Off-Leash Pathway Loop) | LeashFree.ca","Douglasdale Off-Leash Area offers a simple loop pathway and grassy area for neighborhood dogs to stretch their legs in a peaceful setting.","1","7354","","/search/?q=off-leash+parks; /search/?q=apartment+dog+breeds; /search/?q=dog+cost+calculator; /search/?q=puppy+names","","","0","https://leashfree.ca/dog-parks/douglasdale-off-leash-area/","no","no",""
"/dog-parks/duggan-park/","Duggan Park Leash-Free Dog Park | LeashFree.ca","Duggan Park is a peaceful leash-free dog park in Brampton, perfect for relaxed visits with shaded areas and street access.","1","8245","","/search/?q=off-leash+parks; /search/?q=apartment+dog+breeds; /search/?q=dog+cost+calculator; /search/?q=puppy+names","","","0","https://leashfree.ca/dog-parks/duggan-park/","no","no",""
"/dog-parks/duggan-park-kelowna/","Duggan Park | Kelowna Small Dog Off-Leash Area | LeashFree.ca","Source-backed guide to Duggan Park in Kelowna, including the official 1494 Bernard Avenue location, fenced small-dogs-only off-leash status, gravel-and-grass surface, and nearby seasonal washrooms.","1","10651","","/search/?q=off-leash+parks; /search/?q=apartment+dog+breeds; /search/?q=dog+cost+calculator; /search/?q=puppy+names","","","0","https://leashfree.ca/dog-parks/duggan-park-kelowna/","no","no",""
"/dog-parks/dunmoore-park-pickering/","Dunmoore Park | Pickering Leash-Free Dog Park | LeashFree.ca","Source-backed guide to Dunmoore Park in Pickering, including the city’s fenced leash-free areas, small-dog section, unique canine activity area, seasonal washrooms, and temporary closure dates through August 12, 2026.","1","10268","","/search/?q=off-leash+parks; /search/?q=apartment+dog+breeds; /search/?q=dog+cost+calculator; /search/?q=puppy+names","","","0","https://leashfree.ca/dog-parks/dunmoore-park-pickering/","no","no",""
"/dog-parks/dusty-greenwell-dog-park-vancouver/","Dusty Greenwell Park (off-leash dog park) | LeashFree.ca","Dusty Greenwell Park is a well-loved off-leash dog park in Vancouver. This park features a grass surface and an open space for dogs to roam freely. It provides no water access, mi...","1","7703","","/search/?q=off-leash+parks; /search/?q=apartment+dog+breeds; /search/?q=dog+cost+calculator; /search/?q=puppy+names","","","0","https://leashfree.ca/dog-parks/dusty-greenwell-dog-park-vancouver/","no","no",""
"/dog-parks/earl-bales-park/","Earl Bales Park (Leash-Free Dog Area) | LeashFree.ca","Earl Bales Park provides a secure off-leash zone surrounded by a large parkland, ideal for energetic dogs and nature-loving owners.","1","8835","","/search/?q=off-leash+parks; /search/?q=apartment+dog+breeds; /search/?q=dog+cost+calculator; /search/?q=puppy+names","","","0","https://leashfree.ca/dog-parks/earl-bales-park/","no","no",""
"/dog-parks/east-end-paw-park/","East End Paw Park Leash-Free Dog Park | LeashFree.ca","East End Paw Park is an off-leash dog park in Brandon, MB, offering dogs and their owners a fenced green space to enjoy in a quiet neighborhood setting.","1","7883","","/search/?q=off-leash+parks; /search/?q=apartment+dog+breeds; /search/?q=dog+cost+calculator; /search/?q=puppy+names","","","0","https://leashfree.ca/dog-parks/east-end-paw-park/","no","no",""
"/dog-parks/east-village-dog-park/","East Village Dog Park (Urban Core Leash-Free Zone) | LeashFree.ca","Located in the heart of Calgary’s East Village, this modern dog park offers a safe and clean off-leash experience for downtown residents and their pups.","1","7498","","/search/?q=off-leash+parks; /search/?q=apartment+dog+breeds; /search/?q=dog+cost+calculator; /search/?q=puppy+names","","","0","https://leashfree.ca/dog-parks/east-village-dog-park/","no","no",""
"/dog-parks/east-zwicks-centennial-park/","East Zwick's Centennial Park Leash Free Dog Park | LeashFree.ca","East Zwick's Centennial Park in Belleville offers a partially fenced leash-free area by the water, perfect for scenic dog walks and play.","1","8136","","/search/?q=off-leash+parks; /search/?q=apartment+dog+breeds; /search/?q=dog+cost+calculator; /search/?q=puppy+names","","","0","https://leashfree.ca/dog-parks/east-zwicks-centennial-park/","no","no",""
"/dog-parks/eastview-community-park-guelph/","Eastview Community Park (Leash-Free Dog Area) | LeashFree.ca","Eastview Community Park’s leash-free zone is well-known in Guelph for its accessibility, space, and surrounding trails. It’s ideal for energetic dogs who love to explore.","1","9362","","/search/?q=off-leash+parks; /search/?q=apartment+dog+breeds; /search/?q=dog+cost+calculator; /search/?q=puppy+names","","","0","https://leashfree.ca/dog-parks/eastview-community-park-guelph/","no","no",""
"/dog-parks/echo-dale-regional-park/","Echo Dale Regional Park | LeashFree.ca","Echo Dale Regional Park offers a scenic off-leash experience in Medicine Hat, complete with trails, swim lake, and picnic areas.","1","8344","","/search/?q=off-leash+parks; /search/?q=apartment+dog+breeds; /search/?q=dog+cost+calculator; /search/?q=puppy+names","","","0","https://leashfree.ca/dog-parks/echo-dale-regional-park/","no","no",""
"/dog-parks/edgemont-area-1-off-leash-dog-park/","Edgemont Area 1 Off-Leash Dog Park (Dog Park in NW Calgary) | LeashFree.ca","Edgemont Area 1 Off-Leash Dog Park provides northwest Calgary dog owners with a serene trail network and sloped green spaces perfect for off-leash adventures.","1","7486","","/search/?q=off-leash+parks; /search/?q=apartment+dog+breeds; /search/?q=dog+cost+calculator; /search/?q=puppy+names","","","0","https://leashfree.ca/dog-parks/edgemont-area-1-off-leash-dog-park/","no","no",""
"/dog-parks/edmonton/","Edmonton Dog Parks and Off-Leash Rules | LeashFree.ca","Source-backed guide to Edmonton dog parks and off-leash rules, covering the city's 60-plus designated off-leash areas, leash-boundary rules, pet licensing, wildlife guidance, and current municipal bylaws.","1","16876","","/search/?q=off-leash+parks; /search/?q=apartment+dog+breeds; /search/?q=dog+cost+calculator; /search/?q=puppy+names","","","0","https://leashfree.ca/dog-parks/edmonton/","no","no",""
"/dog-parks/edworthy-park/","Edworthy Park (Leash-Free Dog Area) | LeashFree.ca","Edworthy Park is a popular destination for Calgary families and their dogs, offering a blend of river walks, wooded trails, and leash-free adventure.","1","7349","","/search/?q=off-leash+parks; /search/?q=apartment+dog+breeds; /search/?q=dog+cost+calculator; /search/?q=puppy+names","","","0","https://leashfree.ca/dog-parks/edworthy-park/","no","no",""
"/dog-parks/elbow-park-off-leash-area/","Elbow Park Off-Leash Area (Inner SW Calgary) | LeashFree.ca","Elbow Park’s off-leash area blends inner-city charm with accessible green space, making it a convenient and scenic spot for daily dog walks.","1","7387","","/search/?q=off-leash+parks; /search/?q=apartment+dog+breeds; /search/?q=dog+cost+calculator; /search/?q=puppy+names","","","0","https://leashfree.ca/dog-parks/elbow-park-off-leash-area/","no","no",""
"/dog-parks/elboya-off-leash-area/","Elboya Off-Leash Area (SW Calgary) | LeashFree.ca","Located near Stanley Park, Elboya Off-Leash Area provides a convenient, open green space for dogs to explore off-leash in Calgary’s southwest.","1","7263","","/search/?q=off-leash+parks; /search/?q=apartment+dog+breeds; /search/?q=dog+cost+calculator; /search/?q=puppy+names","","","0","https://leashfree.ca/dog-parks/elboya-off-leash-area/","no","no",""
"/dog-parks/elliots-beach-park-ladysmith/","Elliots Beach Park | North Oyster Beach Guide | LeashFree.ca","Source-backed guide to Elliots Beach Park in North Oyster, including the official CVRD address, beach amenities, and the correction that this is not an official Ladysmith dog off-leash park.","1","8606","","/search/?q=off-leash+parks; /search/?q=apartment+dog+breeds; /search/?q=dog+cost+calculator; /search/?q=puppy+names","","","0","https://leashfree.ca/dog-parks/elliots-beach-park-ladysmith/","no","no",""
"/dog-parks/ellison-dog-park-kelowna/","Ellison Dog Park | Kelowna Off-Leash Dog Park | LeashFree.ca","Source-backed guide to Ellison Dog Park in Kelowna, including the City of Kelowna listing at 4720 Old Vernon Rd, off-leash status, 7.02-hectare size, trail access, and current off-leash rules.","1","11247","","/search/?q=off-leash+parks; /search/?q=apartment+dog+breeds; /search/?q=dog+cost+calculator; /search/?q=puppy+names","","","0","https://leashfree.ca/dog-parks/ellison-dog-park-kelowna/","no","no",""
"/dog-parks/emery-barnes-dog-park/","Emery Barnes (off-leash dog park) | LeashFree.ca","Emery Barnes is a well-loved off-leash dog park in Vancouver. This park features a gravel surface and an open space for dogs to roam freely. It provides no water access, minimal s...","1","7611","","/search/?q=off-leash+parks; /search/?q=apartment+dog+breeds; /search/?q=dog+cost+calculator; /search/?q=puppy+names","","","0","https://leashfree.ca/dog-parks/emery-barnes-dog-park/","no","no",""
"/dog-parks/estevan/","Dog Parks in Estevan, Saskatchewan | Off-Leash Guide | LeashFree.ca","Source-backed guide to dog parks in Estevan, Saskatchewan, including the city's off-leash park context, licence rules, and practical location guidance from official sources.","1","8455","","/search/?q=off-leash+parks; /search/?q=apartment+dog+breeds; /search/?q=dog+cost+calculator; /search/?q=puppy+names","","","0","https://leashfree.ca/dog-parks/estevan/","no","no",""
"/dog-parks/estevan-off-leash-dog-park/","Estevan Off-Leash Dog Park | Estevan, Saskatchewan | LeashFree.ca","Source-backed guide to Estevan Off-Leash Dog Park, including official valley location context and current municipal licensing requirements.","1","7977","","/search/?q=off-leash+parks; /search/?q=apartment+dog+breeds; /search/?q=dog+cost+calculator; /search/?q=puppy+names","","","0","https://leashfree.ca/dog-parks/estevan-off-leash-dog-park/","no","no",""
"/dog-parks/etobicoke/","Etobicoke Dog Parks and Toronto Off-Leash Rules | LeashFree.ca","Source-backed guide to Etobicoke dog parks and Toronto off-leash rules, covering current licensing fees, leash requirements, designated off-leash use, prohibited dogs, and Toronto Animal Services contacts.","1","11433","","/search/?q=off-leash+parks; /search/?q=apartment+dog+breeds; /search/?q=dog+cost+calculator; /search/?q=puppy+names","","","0","https://leashfree.ca/dog-parks/etobicoke/","no","no",""
"/dog-parks/etobicoke-valley-dog-park/","Etobicoke Valley Dog Park (Leash-Free Dog Park) | LeashFree.ca","Nestled in a scenic ravine along Etobicoke Creek, Etobicoke Valley Dog Park offers dogs a unique off-leash adventure through wooded trails and natural terrain. With space to roam...","1","9147","","/search/?q=off-leash+parks; /search/?q=apartment+dog+breeds; /search/?q=dog+cost+calculator; /search/?q=puppy+names","","","0","https://leashfree.ca/dog-parks/etobicoke-valley-dog-park/","no","no",""
"/dog-parks/evanston-dog-park/","Evanston Dog Park (NW Calgary) | LeashFree.ca","Evanston Dog Park provides a modern and scenic off-leash area for dogs to enjoy in Calgary's growing northwest community.","1","7378","","/search/?q=off-leash+parks; /search/?q=apartment+dog+breeds; /search/?q=dog+cost+calculator; /search/?q=puppy+names","","","0","https://leashfree.ca/dog-parks/evanston-dog-park/","no","no",""
"/dog-parks/everett-crowley-dog-park/","Everett Crowley (off-leash dog park) | LeashFree.ca","Everett Crowley is a well-loved off-leash dog park in Vancouver. This park features a gravel trails surface and an open space for dogs to roam freely. It provides no water access,...","1","7572","","/search/?q=off-leash+parks; /search/?q=apartment+dog+breeds; /search/?q=dog+cost+calculator; /search/?q=puppy+names","","","0","https://leashfree.ca/dog-parks/everett-crowley-dog-park/","no","no",""
"/dog-parks/fairfield-park-chilliwack/","Fairfield Park | Chilliwack Dog Off-Leash Area | LeashFree.ca","Source-backed guide to Fairfield Park in Chilliwack, including the official Clare Avenue access point, large and small fenced dog areas, walking paths, washrooms, playground, and sports-field amenities.","1","11731","","/search/?q=off-leash+parks; /search/?q=apartment+dog+breeds; /search/?q=dog+cost+calculator; /search/?q=puppy+names","","","0","https://leashfree.ca/dog-parks/fairfield-park-chilliwack/","no","no",""
"/dog-parks/falaise-park-dog-park/","Falaise Park (off-leash dog park) | LeashFree.ca","Falaise Park is a well-loved off-leash dog park in Vancouver. This park features a grass surface and an open space for dogs to roam freely. It provides no water access, minimal sh...","1","7622","","/search/?q=off-leash+parks; /search/?q=apartment+dog+breeds; /search/?q=dog+cost+calculator; /search/?q=puppy+names","","","0","https://leashfree.ca/dog-parks/falaise-park-dog-park/","no","no",""
"/dog-parks/firemens-park/","Firemen's Park Leash-Free Dog Park | LeashFree.ca","Firemen's Park in Niagara Falls offers off-leash access in a multi-use park with trails, events, and scenic wooded areas.","1","8140","","/search/?q=off-leash+parks; /search/?q=apartment+dog+breeds; /search/?q=dog+cost+calculator; /search/?q=puppy+names","","","0","https://leashfree.ca/dog-parks/firemens-park/","no","no",""
"/dog-parks/fish-creek-marshall-votiers/","Fish Creek Park (Marshall Springs & Votiers Flats Off-Leash Zones) | LeashFree.ca","Fish Creek Provincial Park's Marshall Springs and Votiers Flats zones offer scenic off-leash experiences with wooded trails, flowing creeks, and wide-open meadows for adventurous...","1","7669","","/search/?q=off-leash+parks; /search/?q=apartment+dog+breeds; /search/?q=dog+cost+calculator; /search/?q=puppy+names","","","0","https://leashfree.ca/dog-parks/fish-creek-marshall-votiers/","no","no",""
"/dog-parks/fish-creek-provincial-park-off-leash-area/","Fish Creek Provincial Park (Expansive Natural Off-Leash Zones) | LeashFree.ca","Fish Creek Park offers a massive network of off-leash zones where dogs can explore meadows, forested paths, and even dip into the creek on hot days.","1","7574","","/search/?q=off-leash+parks; /search/?q=apartment+dog+breeds; /search/?q=dog+cost+calculator; /search/?q=puppy+names","","","0","https://leashfree.ca/dog-parks/fish-creek-provincial-park-off-leash-area/","no","no",""
"/dog-parks/fort-needham-memorial-park/","Fort Needham Memorial Park Leash-Free Dog Park | LeashFree.ca","Fort Needham Memorial Park is a central leash-free dog park in Halifax, known for its historic setting and open lawns. It offers a mix of green space and city views where dogs can...","1","8951","","/search/?q=off-leash+parks; /search/?q=apartment+dog+breeds; /search/?q=dog+cost+calculator; /search/?q=puppy+names","","","0","https://leashfree.ca/dog-parks/fort-needham-memorial-park/","no","no",""
"/dog-parks/frank-faubert-wood-lot/","Frank Faubert Wood Lot (Dogs Allowed Area) | LeashFree.ca","Frank Faubert Wood Lot provides on-leash wooded trails in Scarborough, ideal for calm dog walks away from busy streets.","1","6266","","/search/?q=off-leash+parks; /search/?q=apartment+dog+breeds; /search/?q=dog+cost+calculator; /search/?q=puppy+names","","","0","https://leashfree.ca/dog-parks/frank-faubert-wood-lot/","no","no",""
"/dog-parks/fraser-river-dog-park/","Fraser River Park (off-leash dog park) | LeashFree.ca","Fraser River Park is a well-loved off-leash dog park in Vancouver. This park features a various surfaces surface and an open space for dogs to roam freely. It provides no water ac...","1","7701","","/search/?q=off-leash+parks; /search/?q=apartment+dog+breeds; /search/?q=dog+cost+calculator; /search/?q=puppy+names","","","0","https://leashfree.ca/dog-parks/fraser-river-dog-park/","no","no",""
"/dog-parks/fraserview-golf-course-vancouver/","Fraserview Golf Course (off-leash dog park) | LeashFree.ca","Fraserview Golf Course is a well-loved off-leash dog park in Vancouver. This park features a wood chip path surface and an open space for dogs to roam freely. It provides no water...","1","7683","","/search/?q=off-leash+parks; /search/?q=apartment+dog+breeds; /search/?q=dog+cost+calculator; /search/?q=puppy+names","","","0","https://leashfree.ca/dog-parks/fraserview-golf-course-vancouver/","no","no",""
"/dog-parks/fred-mendel-dog-park/","Fred Mendel Dog Park Leash-Free Dog Park | LeashFree.ca","Fred Mendel Dog Park in Saskatoon features a fenced hillside space where dogs can explore and enjoy an elevated off-leash experience.","1","8660","","/search/?q=off-leash+parks; /search/?q=apartment+dog+breeds; /search/?q=dog+cost+calculator; /search/?q=puppy+names","","","0","https://leashfree.ca/dog-parks/fred-mendel-dog-park/","no","no",""
"/dog-parks/gallinger-park-cornwall/","Gallinger Park | Cornwall Park Rules | LeashFree.ca","Source-backed guide to Gallinger Park in Cornwall, including current city location details and the current municipal rule that dogs are not permitted in this park.","1","10196","","/search/?q=off-leash+parks; /search/?q=apartment+dog+breeds; /search/?q=dog+cost+calculator; /search/?q=puppy+names","","","0","https://leashfree.ca/dog-parks/gallinger-park-cornwall/","no","no",""
"/dog-parks/garnetwood-park/","Garnetwood Park (Leash-Free Dog Park) | LeashFree.ca","Garnetwood Park’s leash-free area offers a calm, grassy space for dog owners seeking a safe and welcoming park in east Mississauga. The mature trees and seating areas make it a pl...","1","9013","","/search/?q=off-leash+parks; /search/?q=apartment+dog+breeds; /search/?q=dog+cost+calculator; /search/?q=puppy+names","","","0","https://leashfree.ca/dog-parks/garnetwood-park/","no","no",""
"/dog-parks/gatineau/","Dog Parks in Gatineau, Quebec | Off-Leash Guide | LeashFree.ca","Source-backed guide to Gatineau dog parks, including current city-listed off-leash areas, exercise zones, dog licensing rules, and leash requirements.","1","8984","","/search/?q=off-leash+parks; /search/?q=apartment+dog+breeds; /search/?q=dog+cost+calculator; /search/?q=puppy+names","","","0","https://leashfree.ca/dog-parks/gatineau/","no","no",""
"/dog-parks/george-dog-park-vancouver/","George Park (off-leash dog park) | LeashFree.ca","George Park is a well-loved off-leash dog park in Vancouver. This park features a grass surface and an open space for dogs to roam freely. It provides no water access, minimal sha...","1","7590","","/search/?q=off-leash+parks; /search/?q=apartment+dog+breeds; /search/?q=dog+cost+calculator; /search/?q=puppy+names","","","0","https://leashfree.ca/dog-parks/george-dog-park-vancouver/","no","no",""
"/dog-parks/george-lippert-park/","George Lippert Park (Leash-Free Dog Area) | LeashFree.ca","Located in the heart of Kitchener, George Lippert Park provides a casual off-leash experience with shaded spots and grassy terrain for your dog to explore.","1","8485","","/search/?q=off-leash+parks; /search/?q=apartment+dog+breeds; /search/?q=dog+cost+calculator; /search/?q=puppy+names","","","0","https://leashfree.ca/dog-parks/george-lippert-park/","no","no",""
"/dog-parks/gerrard-carlaw-parkette/","Gerrard – Carlaw Parkette (Leash-Free Dog Area) | LeashFree.ca","Gerrard – Carlaw Parkette is a convenient downtown dog parkette offering a small but secure leash-free zone for quick breaks and socializing in the heart of the city.","1","9003","","/search/?q=off-leash+parks; /search/?q=apartment+dog+breeds; /search/?q=dog+cost+calculator; /search/?q=puppy+names","","","0","https://leashfree.ca/dog-parks/gerrard-carlaw-parkette/","no","no",""
"/dog-parks/gimli/","Dog Parks and Dog Rules in Gimli, Manitoba | LeashFree.ca","Source-backed guide to dog rules and dog-friendly public spaces in Gimli, Manitoba, covering leash requirements, beach restrictions, boardwalk access, Animal Control By-law #20-0003, and current municipal context.","1","8701","","/search/?q=off-leash+parks; /search/?q=apartment+dog+breeds; /search/?q=dog+cost+calculator; /search/?q=puppy+names","","","0","https://leashfree.ca/dog-parks/gimli/","no","no",""
"/dog-parks/gimli-off-leash-dog-park/","Gimli Off-Leash Dog Park Leash-Free Dog Park | LeashFree.ca","Gimli Off-Leash Dog Park is a fenced space in Gimli, MB, where dogs can enjoy some freedom in a safe and relaxed environment.","1","7310","","/search/?q=off-leash+parks; /search/?q=apartment+dog+breeds; /search/?q=dog+cost+calculator; /search/?q=puppy+names","","","0","https://leashfree.ca/dog-parks/gimli-off-leash-dog-park/","no","no",""
"/dog-parks/glamorgan-off-leash-area/","Glamorgan Off-Leash Area (West Calgary) | LeashFree.ca","Glamorgan Off-Leash Area offers a quiet, green retreat in west Calgary where dogs can explore grassy terrain and enjoy peaceful outdoor time.","1","7338","","/search/?q=off-leash+parks; /search/?q=apartment+dog+breeds; /search/?q=dog+cost+calculator; /search/?q=puppy+names","","","0","https://leashfree.ca/dog-parks/glamorgan-off-leash-area/","no","no",""
"/dog-parks/glen-park/","Glen Park | Coquitlam Dog Off-Leash Area | LeashFree.ca","Source-backed guide to Glen Park in Coquitlam, including official off-leash access details, fenced natural setting, separate large and small dog sections, and current 2026 park upgrade plans.","1","10808","","/search/?q=off-leash+parks; /search/?q=apartment+dog+breeds; /search/?q=dog+cost+calculator; /search/?q=puppy+names","","","0","https://leashfree.ca/dog-parks/glen-park/","no","no",""
"/dog-parks/glenashton-park/","Glenashton Park (Leash-Free Dog Area) | LeashFree.ca","Located in the heart of Oakville, Glenashton Park offers a secure and friendly leash-free zone for dogs to roam freely. Its accessible layout, nearby amenities, and community appe...","1","7958","","/search/?q=off-leash+parks; /search/?q=apartment+dog+breeds; /search/?q=dog+cost+calculator; /search/?q=puppy+names","","","0","https://leashfree.ca/dog-parks/glenashton-park/","no","no",""
"/dog-parks/glenmore-dam-off-leash-area/","Glenmore Dam Off-Leash Area (Reservoir Trail) | LeashFree.ca","The Glenmore Dam Off-Leash Area combines natural beauty with long walking paths, making it an ideal spot for dogs and owners who enjoy active outdoor adventures.","1","7483","","/search/?q=off-leash+parks; /search/?q=apartment+dog+breeds; /search/?q=dog+cost+calculator; /search/?q=puppy+names","","","0","https://leashfree.ca/dog-parks/glenmore-dam-off-leash-area/","no","no",""
"/dog-parks/gold-bar-park-off-leash-area/","Gold Bar Park Off-Leash Area | LeashFree.ca","Gold Bar Park is a sprawling natural off-leash area in Edmonton with scenic views, river access, and well-maintained trails.","1","9282","","/search/?q=off-leash+parks; /search/?q=apartment+dog+breeds; /search/?q=dog+cost+calculator; /search/?q=puppy+names","","","0","https://leashfree.ca/dog-parks/gold-bar-park-off-leash-area/","no","no",""
"/dog-parks/gourlay-janes-park/","Gourlay-Janes Park | Ladysmith Dog Off-Leash Park | LeashFree.ca","Source-backed guide to Gourlay-Janes Park in Ladysmith, including the official 397 Chemainus Road address, waterfront trails, and current Town of Ladysmith off-leash designation.","1","11196","","/search/?q=off-leash+parks; /search/?q=apartment+dog+breeds; /search/?q=dog+cost+calculator; /search/?q=puppy+names","","","0","https://leashfree.ca/dog-parks/gourlay-janes-park/","no","no",""
"/dog-parks/grand-avenue-park/","Grand Avenue Park Leash-Free Dog Park in Etobicoke, Toronto, Ontario | LeashFree.ca","Grand Avenue Park offers a small but fully fenced leash-free area for Etobicoke dog owners looking for secure off-leash play.","1","8687","","/search/?q=off-leash+parks; /search/?q=apartment+dog+breeds; /search/?q=dog+cost+calculator; /search/?q=puppy+names","","","0","https://leashfree.ca/dog-parks/grand-avenue-park/","no","no",""
"/dog-parks/grand-valley-park-pickering/","Grand Valley Park Leash-Free Dog Park | LeashFree.ca","Grand Valley Park is one of Pickering’s premier off-leash dog parks, featuring a large fenced area and forest trails for dogs to explore safely.","1","7972","","/search/?q=off-leash+parks; /search/?q=apartment+dog+breeds; /search/?q=dog+cost+calculator; /search/?q=puppy+names","","","0","https://leashfree.ca/dog-parks/grand-valley-park-pickering/","no","no",""
"/dog-parks/grande-prairie/","Dog Parks in Grande Prairie, Alberta | Off-Leash Guide | LeashFree.ca","Source-backed guide to dog parks in Grande Prairie, Alberta, covering South Bear Creek, the Royal Oaks and Crystal Ridge-Lakeland neighbourhood off-leash areas, current licensing requirements, leash rules, and Bylaw C-1...","1","10242","","/search/?q=off-leash+parks; /search/?q=apartment+dog+breeds; /search/?q=dog+cost+calculator; /search/?q=puppy+names","","","0","https://leashfree.ca/dog-parks/grande-prairie/","no","no",""
"/dog-parks/grange-park/","Grange Park (Dogs Allowed Area) | LeashFree.ca","Grange Park offers a scenic, art-filled downtown space for on-leash walks through tree-lined paths and grassy lawns.","1","8522","","/search/?q=off-leash+parks; /search/?q=apartment+dog+breeds; /search/?q=dog+cost+calculator; /search/?q=puppy+names","","","0","https://leashfree.ca/dog-parks/grange-park/","no","no",""
"/dog-parks/greenhill-bowl-park/","Greenhill Bowl Park Dog Park in Hamilton, Ontario | LeashFree.ca","Greenhill Bowl Park offers scenic open green space for peaceful on-leash dog walks while enjoying escarpment views in Hamilton.","1","8348","","/search/?q=off-leash+parks; /search/?q=apartment+dog+breeds; /search/?q=dog+cost+calculator; /search/?q=puppy+names","","","0","https://leashfree.ca/dog-parks/greenhill-bowl-park/","no","no",""
"/dog-parks/greenwood-conservation-area/","Greenwood Conservation Area Leash-Free Dog Park | LeashFree.ca","Greenwood Conservation Area is a scenic natural park in Ajax with off-leash trail access for dogs and plenty of space to explore.","1","8227","","/search/?q=off-leash+parks; /search/?q=apartment+dog+breeds; /search/?q=dog+cost+calculator; /search/?q=puppy+names","","","0","https://leashfree.ca/dog-parks/greenwood-conservation-area/","no","no",""
"/dog-parks/greenwood-park/","Greenwood Park (Leash-Free Dog Area) | LeashFree.ca","Greenwood Park is a lively community park in East Toronto with a convenient fenced-off dog area, making it a perfect destination for locals looking for social play and easy access.","1","9063","","/search/?q=off-leash+parks; /search/?q=apartment+dog+breeds; /search/?q=dog+cost+calculator; /search/?q=puppy+names","","","0","https://leashfree.ca/dog-parks/greenwood-park/","no","no",""
"/dog-parks/grimsby/","Dog Parks in Grimsby, Ontario | Off-Leash Guide | LeashFree.ca","Source-backed guide to dog parks in Grimsby, Ontario, covering the town's three official leash-free dog parks, current licensing and vaccination rules, published dog-park hours, and Animal Control By-law 10-06.","1","11089","","/search/?q=off-leash+parks; /search/?q=apartment+dog+breeds; /search/?q=dog+cost+calculator; /search/?q=puppy+names","","","0","https://leashfree.ca/dog-parks/grimsby/","no","no",""
"/dog-parks/guelph/","Guelph Dog Parks and Off-Leash Rules | LeashFree.ca","Source-backed guide to Guelph dog parks and off-leash rules, covering fenced and unfenced city-designated areas, park hours, annual dog licensing, sports-field sharing, and local animal-control contacts.","1","12910","","/search/?q=off-leash+parks; /search/?q=apartment+dog+breeds; /search/?q=dog+cost+calculator; /search/?q=puppy+names","","","0","https://leashfree.ca/dog-parks/guelph/","no","no",""
"/dog-parks/guindon-park-cornwall/","Guindon Park Leash Free Dog Park | LeashFree.ca","Guindon Park in Cornwall is a large wooded escape with natural trails where dogs are welcome on leash for outdoor adventures.","1","8338","","/search/?q=off-leash+parks; /search/?q=apartment+dog+breeds; /search/?q=dog+cost+calculator; /search/?q=puppy+names","","","0","https://leashfree.ca/dog-parks/guindon-park-cornwall/","no","no",""
"/dog-parks/hadden-dog-park/","Hadden Park (off-leash dog park) | LeashFree.ca","Hadden Park is a well-loved off-leash dog park in Vancouver. This park features a sand and grass surface and an open space for dogs to roam freely. It provides no water access, mi...","1","7787","","/search/?q=off-leash+parks; /search/?q=apartment+dog+breeds; /search/?q=dog+cost+calculator; /search/?q=puppy+names","","","0","https://leashfree.ca/dog-parks/hadden-dog-park/","no","no",""
"/dog-parks/halifax/","Off-Leash Dog Parks in Halifax | LeashFree.ca","Explore the best off-leash dog parks in Halifax, Nova Scotia. From Point Pleasant Park to Mainland Common, find the top fenced and leash-optional spaces for your dog.","1","10058","","/search/?q=off-leash+parks; /search/?q=apartment+dog+breeds; /search/?q=dog+cost+calculator; /search/?q=puppy+names","","","0","https://leashfree.ca/dog-parks/halifax/","no","no",""
"/dog-parks/halifax-common/","Halifax Common Leash-Free Dog Park | LeashFree.ca","Halifax Common is a well-known leash-free spot in Halifax, offering open lawns and a central location. It is a convenient gathering place for dogs and their owners in the heart of...","1","8992","","/search/?q=off-leash+parks; /search/?q=apartment+dog+breeds; /search/?q=dog+cost+calculator; /search/?q=puppy+names","","","0","https://leashfree.ca/dog-parks/halifax-common/","no","no",""
"/dog-parks/halton-hills-dog-parks/","Dog Parks in Halton Hills, Ontario | LeashFree.ca","Official-source guide to dog parks in Halton Hills, Ontario, covering Cedarvale Park, Prospect Park, Trafalgar Sports Park, daily hours, leash rules, trail etiquette, and local canine-services contacts.","1","10085","","/search/?q=off-leash+parks; /search/?q=apartment+dog+breeds; /search/?q=dog+cost+calculator; /search/?q=puppy+names","","","0","https://leashfree.ca/dog-parks/halton-hills-dog-parks/","no","no",""
"/dog-parks/hamilton/","Dog Parks and Free Running Areas in Hamilton, Ontario | LeashFree.ca","Official-source guide to dog parks and free running areas in Hamilton, Ontario, covering fenced versus unfenced off-leash spaces, licence and rabies tag rules, leash requirements, trail etiquette, and Hamilton Animal Se...","1","12392","","/search/?q=off-leash+parks; /search/?q=apartment+dog+breeds; /search/?q=dog+cost+calculator; /search/?q=puppy+names","","","0","https://leashfree.ca/dog-parks/hamilton/","no","no",""
"/dog-parks/hamilton-beach/","Hamilton Beach Dog Park in Hamilton, Ontario | LeashFree.ca","Hamilton Beach offers waterfront boardwalks, paved trails, and peaceful on-leash beach walking along Lake Ontario.","1","8509","","/search/?q=off-leash+parks; /search/?q=apartment+dog+breeds; /search/?q=dog+cost+calculator; /search/?q=puppy+names","","","0","https://leashfree.ca/dog-parks/hamilton-beach/","no","no",""
"/dog-parks/hammond-dog-off-leash-area/","Hammond Dog Off‑Leash Area Leash-Free Dog Park | LeashFree.ca","Hammond Dog Off‑Leash Area is a community-favorite leash-free park in Maple Ridge, located near the Fraser River with plenty of green space.","1","7375","","/search/?q=off-leash+parks; /search/?q=apartment+dog+breeds; /search/?q=dog+cost+calculator; /search/?q=puppy+names","","","0","https://leashfree.ca/dog-parks/hammond-dog-off-leash-area/","no","no",""
"/dog-parks/hampton-dog-park/","Hampton Dog Park (Leash-Free) | LeashFree.ca","Hampton Dog Park is a compact but lively spot where dogs can enjoy leash-free fun under the shade of mature trees in west-central Ottawa.","1","8420","","/search/?q=off-leash+parks; /search/?q=apartment+dog+breeds; /search/?q=dog+cost+calculator; /search/?q=puppy+names","","","0","https://leashfree.ca/dog-parks/hampton-dog-park/","no","no",""
"/dog-parks/hampton-dog-park-saskatoon/","Hampton Dog Park Saskatoon | Off-Leash Guide | LeashFree.ca","Research-backed guide to Hampton Dog Park in Saskatoon, including City-confirmed upgrades, parking access, naturalized terrain, and practical visit notes.","1","9631","","/search/?q=off-leash+parks; /search/?q=apartment+dog+breeds; /search/?q=dog+cost+calculator; /search/?q=puppy+names","","","0","https://leashfree.ca/dog-parks/hampton-dog-park-saskatoon/","no","no",""
"/dog-parks/hanbury-hill-pooch-park/","Hanbury Hill Pooch Park Leash-Free Dog Park | LeashFree.ca","Hanbury Hill Pooch Park is a fenced off-leash dog park in Brandon, MB, offering a great workout for dogs with hilly terrain and open green space.","1","7876","","/search/?q=off-leash+parks; /search/?q=apartment+dog+breeds; /search/?q=dog+cost+calculator; /search/?q=puppy+names","","","0","https://leashfree.ca/dog-parks/hanbury-hill-pooch-park/","no","no",""
"/dog-parks/hanna-park-dog-park-quinte-west/","Hanna Park & Dog Park Leash-Free Dog Park | LeashFree.ca","Hanna Park & Dog Park offers an inviting leash-free area within a larger community park, making it a convenient stop for dog owners in Quinte West.","1","7612","","/search/?q=off-leash+parks; /search/?q=apartment+dog+breeds; /search/?q=dog+cost+calculator; /search/?q=puppy+names","","","0","https://leashfree.ca/dog-parks/hanna-park-dog-park-quinte-west/","no","no",""
"/dog-parks/harbourview-park/","Harbourview Park | Ladysmith Park Rules | LeashFree.ca","Source-backed guide to Harbourview Park in Ladysmith, including official address, amenities, and the current Town rule that dogs are not allowed there except registered service dogs.","1","10784","","/search/?q=off-leash+parks; /search/?q=apartment+dog+breeds; /search/?q=dog+cost+calculator; /search/?q=puppy+names","","","0","https://leashfree.ca/dog-parks/harbourview-park/","no","no",""
"/dog-parks/harmony-valley-park/","Harmony Valley Park and Off-Leash Dog Park | LeashFree.ca","Harmony Valley Park is a large, well-loved leash-free dog park near Courtice, with scenic trails and open space for dogs of all sizes.","1","7661","","/search/?q=off-leash+parks; /search/?q=apartment+dog+breeds; /search/?q=dog+cost+calculator; /search/?q=puppy+names","","","0","https://leashfree.ca/dog-parks/harmony-valley-park/","no","no",""
"/dog-parks/harvey-park/","Harvey Park Dog Park in Hamilton, Ontario | LeashFree.ca","Harvey Park offers scenic walking trails and open fields for peaceful on-leash dog walks with views of Cootes Paradise.","1","8397","","/search/?q=off-leash+parks; /search/?q=apartment+dog+breeds; /search/?q=dog+cost+calculator; /search/?q=puppy+names","","","0","https://leashfree.ca/dog-parks/harvey-park/","no","no",""
"/dog-parks/hawrelak-trail-off-leash-area/","Hawrelak Trail Off-Leash Area | LeashFree.ca","Hawrelak Trail Off-Leash Area in Edmonton is a favorite for active dog walkers with its picturesque trails and natural surroundings.","1","9336","","/search/?q=off-leash+parks; /search/?q=apartment+dog+breeds; /search/?q=dog+cost+calculator; /search/?q=puppy+names","","","0","https://leashfree.ca/dog-parks/hawrelak-trail-off-leash-area/","no","no",""
"/dog-parks/heber-down-conservation-area/","Heber Down Conservation Area Leash-Free Dog Park | LeashFree.ca","Heber Down Conservation Area is a large natural escape in Whitby where dogs on leash can explore trails, meadows, and wooded areas.","1","7542","","/search/?q=off-leash+parks; /search/?q=apartment+dog+breeds; /search/?q=dog+cost+calculator; /search/?q=puppy+names","","","0","https://leashfree.ca/dog-parks/heber-down-conservation-area/","no","no",""
"/dog-parks/hemlock-ravine-park/","Hemlock Ravine Park Leash-Free Dog Park | LeashFree.ca","Hemlock Ravine Park is a scenic leash-free dog park in Halifax, known for forested trails and quiet natural surroundings. It’s a great place for dogs to enjoy off-leash exploratio...","1","8970","","/search/?q=off-leash+parks; /search/?q=apartment+dog+breeds; /search/?q=dog+cost+calculator; /search/?q=puppy+names","","","0","https://leashfree.ca/dog-parks/hemlock-ravine-park/","no","no",""
"/dog-parks/henry-street-dog-park/","Henry Street Dog Park (Leash-Free Dog Area) | LeashFree.ca","Henry Street Dog Park in Woodstock is a spacious 6.4-acre off-leash park with dedicated areas for both large and small dogs. It features a reforested natural setting, a seasonal w...","1","8630","","/search/?q=off-leash+parks; /search/?q=apartment+dog+breeds; /search/?q=dog+cost+calculator; /search/?q=puppy+names","","","0","https://leashfree.ca/dog-parks/henry-street-dog-park/","no","no",""
"/dog-parks/hermitage-park/","Hermitage Park Leash-Free Dog Park | LeashFree.ca","Hermitage Park offers a peaceful trail system and grassy areas in Ajax where dogs can enjoy nature with their owners.","1","8019","","/search/?q=off-leash+parks; /search/?q=apartment+dog+breeds; /search/?q=dog+cost+calculator; /search/?q=puppy+names","","","0","https://leashfree.ca/dog-parks/hermitage-park/","no","no",""
"/dog-parks/hermitage-park-off-leash-area/","Hermitage Park Off-Leash Area | Edmonton Dog Park Guide | LeashFree.ca","Source-backed guide to Hermitage Park Off-Leash Area in Edmonton, including official location, large natural setting, parking, washrooms, picnic amenities, and current July 2026 project activity within the off-leash are...","1","12084","","/search/?q=off-leash+parks; /search/?q=apartment+dog+breeds; /search/?q=dog+cost+calculator; /search/?q=puppy+names","","","0","https://leashfree.ca/dog-parks/hermitage-park-off-leash-area/","no","no",""
"/dog-parks/hidden-valley-area-2-off-leash-dog-park/","Hidden Valley Area 2 Off-Leash Dog Park (North Calgary Dog Park) | LeashFree.ca","Tucked away in Calgary's northwest, Hidden Valley Area 2 Off-Leash Dog Park is a spacious retreat where dogs can run freely through meadows and scenic trails.","1","7498","","/search/?q=off-leash+parks; /search/?q=apartment+dog+breeds; /search/?q=dog+cost+calculator; /search/?q=puppy+names","","","0","https://leashfree.ca/dog-parks/hidden-valley-area-2-off-leash-dog-park/","no","no",""
"/dog-parks/hidden-valley-park/","Hidden Valley Park (Leash-Free Dog Area) | LeashFree.ca","Hidden Valley Park provides a tranquil setting for dogs to enjoy off-leash play in Burlington's Aldershot community. With its secure fencing and natural surroundings, it's an idea...","1","7636","","/search/?q=off-leash+parks; /search/?q=apartment+dog+breeds; /search/?q=dog+cost+calculator; /search/?q=puppy+names","","","0","https://leashfree.ca/dog-parks/hidden-valley-park/","no","no",""
"/dog-parks/hideaway-park/","Hideaway Park (Leash-Free Dog Area) | LeashFree.ca","Hideaway Park offers a secluded leash-free space in the heart of Leslieville, perfect for quick play sessions in a quiet, tree-covered setting.","1","8916","","/search/?q=off-leash+parks; /search/?q=apartment+dog+breeds; /search/?q=dog+cost+calculator; /search/?q=puppy+names","","","0","https://leashfree.ca/dog-parks/hideaway-park/","no","no",""
"/dog-parks/high-park/","High Park Leash-Free Dog Park | LeashFree.ca","High Park is Toronto’s premier city dog park, featuring large off-leash areas, wooded trails, and seasonal fenced zones.","1","8364","","/search/?q=off-leash+parks; /search/?q=apartment+dog+breeds; /search/?q=dog+cost+calculator; /search/?q=puppy+names","","","0","https://leashfree.ca/dog-parks/high-park/","no","no",""
"/dog-parks/hillcrest-park/","Hillcrest Park (Leash-Free Dog Area) | LeashFree.ca","Hillcrest Park includes a shaded, partially fenced leash-free zone with gravel terrain, ideal for city dog owners seeking a scenic and social space.","1","8603","","/search/?q=off-leash+parks; /search/?q=apartment+dog+breeds; /search/?q=dog+cost+calculator; /search/?q=puppy+names","","","0","https://leashfree.ca/dog-parks/hillcrest-park/","no","no",""
"/dog-parks/hinge-park-dog-park/","Hinge Park (Southeast False Creek) - off-leash dog park | LeashFree.ca","Hinge Park (Southeast False Creek) is a well-loved off-leash dog park in Vancouver. This park features a gravel surface and an open space for dogs to roam freely. It provides no w...","1","7654","","/search/?q=off-leash+parks; /search/?q=apartment+dog+breeds; /search/?q=dog+cost+calculator; /search/?q=puppy+names","","","0","https://leashfree.ca/dog-parks/hinge-park-dog-park/","no","no",""
"/dog-parks/holland-creek-trail-head-ladysmith/","Holland Creek Trail Head Leash-Free Area | LeashFree.ca","Holland Creek Trail Head in Ladysmith is a forested leash-free trail perfect for dogs that love nature and adventure.","1","8743","","/search/?q=off-leash+parks; /search/?q=apartment+dog+breeds; /search/?q=dog+cost+calculator; /search/?q=puppy+names","","","0","https://leashfree.ca/dog-parks/holland-creek-trail-head-ladysmith/","no","no",""
"/dog-parks/horizon-station-off-leash-dog-park/","Horizon Station Off-Leash Dog Park Leash-Free Dog Park | LeashFree.ca","Horizon Station Off-Leash Dog Park in Regina is a fully fenced space where dogs can run, play, and enjoy the outdoors in a safe environment.","1","8709","","/search/?q=off-leash+parks; /search/?q=apartment+dog+breeds; /search/?q=dog+cost+calculator; /search/?q=puppy+names","","","0","https://leashfree.ca/dog-parks/horizon-station-off-leash-dog-park/","no","no",""
"/dog-parks/horovitz-park-cornwall/","Horovitz Park | Cornwall Park Rules | LeashFree.ca","Source-backed guide to Horovitz Park in Cornwall, including current city location details and the current municipal rule that dogs are not permitted in this park.","1","10437","","/search/?q=off-leash+parks; /search/?q=apartment+dog+breeds; /search/?q=dog+cost+calculator; /search/?q=puppy+names","","","0","https://leashfree.ca/dog-parks/horovitz-park-cornwall/","no","no",""
"/dog-parks/humber-bay-park-west/","Humber Bay Park West Off-Leash Dog Park on Toronto Waterfront | LeashFree.ca","Humber Bay Park West offers scenic waterfront off-leash access with room to swim and roam along the shores of Lake Ontario.","1","8676","","/search/?q=off-leash+parks; /search/?q=apartment+dog+breeds; /search/?q=dog+cost+calculator; /search/?q=puppy+names","","","0","https://leashfree.ca/dog-parks/humber-bay-park-west/","no","no",""
"/dog-parks/humber-bay-park-west-etobicoke/","Humber Bay Park West Leash-Free Dog Park | LeashFree.ca","Humber Bay Park West is a spacious leash-free dog park in Etobicoke, offering scenic lakefront trails and ample room for dogs to roam.","1","8323","","/search/?q=off-leash+parks; /search/?q=apartment+dog+breeds; /search/?q=dog+cost+calculator; /search/?q=puppy+names","","","0","https://leashfree.ca/dog-parks/humber-bay-park-west-etobicoke/","no","no",""
"/dog-parks/humboldt/","Dog Parks in Humboldt, Saskatchewan | Off-Leash Guide | LeashFree.ca","Source-backed guide to dog parks in Humboldt, Saskatchewan, focused on the city's off-leash dog park, local dog-licensing rules, and practical visit context.","1","7919","","/search/?q=off-leash+parks; /search/?q=apartment+dog+breeds; /search/?q=dog+cost+calculator; /search/?q=puppy+names","","","0","https://leashfree.ca/dog-parks/humboldt/","no","no",""
"/dog-parks/humboldt-off-leash-dog-park/","Humboldt Off-Leash Dog Park | Humboldt, Saskatchewan | LeashFree.ca","Source-backed guide to Humboldt Off-Leash Dog Park in Humboldt, Saskatchewan, with city licensing context, municipal bylaw references, and conservative location guidance.","1","7709","","/search/?q=off-leash+parks; /search/?q=apartment+dog+breeds; /search/?q=dog+cost+calculator; /search/?q=puppy+names","","","0","https://leashfree.ca/dog-parks/humboldt-off-leash-dog-park/","no","no",""
"/dog-parks/hume-park/","Hume Park Leash Free Dog Park | LeashFree.ca","Hume Park offers a relaxed leash-free dog park experience in New Westminster, complete with shade and trails for walking.","1","8344","","/search/?q=off-leash+parks; /search/?q=apartment+dog+breeds; /search/?q=dog+cost+calculator; /search/?q=puppy+names","","","0","https://leashfree.ca/dog-parks/hume-park/","no","no",""
"/dog-parks/hyde-park-dog-park/","Hyde Park Off-Leash Dog Park Leash-Free Dog Park | LeashFree.ca","Hyde Park Dog Park in Saskatoon features a fenced 4-acre space with a dedicated area for small dogs, ideal for safe and friendly play.","1","8804","","/search/?q=off-leash+parks; /search/?q=apartment+dog+breeds; /search/?q=dog+cost+calculator; /search/?q=puppy+names","","","0","https://leashfree.ca/dog-parks/hyde-park-dog-park/","no","no",""
"/dog-parks/idlewood-park/","Idlewood Park | Kitchener Dog Park | LeashFree.ca","Source-backed guide to Idlewood Park in Kitchener, including the official 5 Thaler Avenue location, city off-leash rules, parking access, and nearby park amenities.","1","11190","","/search/?q=off-leash+parks; /search/?q=apartment+dog+breeds; /search/?q=dog+cost+calculator; /search/?q=puppy+names","","","0","https://leashfree.ca/dog-parks/idlewood-park/","no","no",""
"/dog-parks/","Find Leash-Free Dog Parks in Canada | LeashFree.ca","Browse leash-free dog parks across Canada by province, city, and park page.","1","19901","","/search/?q=off-leash+parks; /search/?q=apartment+dog+breeds; /search/?q=dog+cost+calculator; /search/?q=puppy+names","","","0","https://leashfree.ca/dog-parks/","no","no",""
"/dog-parks/irving-big-stop-bark-park/","Irving Big Stop Bark Park Leash-Free Dog Park | LeashFree.ca","Irving Big Stop Bark Park is a chain of leash-free dog parks across Nova Scotia, providing fenced play areas, agility features, and travel-friendly amenities for dogs on the go.","1","6624","","/search/?q=off-leash+parks; /search/?q=apartment+dog+breeds; /search/?q=dog+cost+calculator; /search/?q=puppy+names","","","0","https://leashfree.ca/dog-parks/irving-big-stop-bark-park/","no","no",""
"/dog-parks/island-22-dog-park/","Island 22 Dog Park Chilliwack | Off-Leash Guide | LeashFree.ca","Source-backed guide to Island 22 Dog Park in Chilliwack, including fenced off-leash access, small-dog enclosure details, seasonal park hours, and leash rules outside the dog area.","1","10479","","/search/?q=off-leash+parks; /search/?q=apartment+dog+breeds; /search/?q=dog+cost+calculator; /search/?q=puppy+names","","","0","https://leashfree.ca/dog-parks/island-22-dog-park/","no","no",""
"/dog-parks/jack-darling-park/","Jack Darling Park (Leash-Free Dog Park) | LeashFree.ca","Jack Darling Park’s expansive leash-free area is a canine paradise. With 22 acres of natural terrain and lakeside access, it’s a go-to for Mississauga dog owners looking to give t...","1","8857","","/search/?q=off-leash+parks; /search/?q=apartment+dog+breeds; /search/?q=dog+cost+calculator; /search/?q=puppy+names","","","0","https://leashfree.ca/dog-parks/jack-darling-park/","no","no",""
"/dog-parks/jack-purcell-dog-park/","Jack Purcell Dog Park (Leash-Free) | LeashFree.ca","Nestled downtown, Jack Purcell Dog Park offers a secure, leash-free escape for busy city dogs looking to play and mingle in a cozy urban setting.","1","8503","","/search/?q=off-leash+parks; /search/?q=apartment+dog+breeds; /search/?q=dog+cost+calculator; /search/?q=puppy+names","","","0","https://leashfree.ca/dog-parks/jack-purcell-dog-park/","no","no",""
"/dog-parks/jackie-parker-park-off-leash-area/","Jackie Parker Park Off-Leash Area | LeashFree.ca","Jackie Parker Park is a large and secure off-leash park in Edmonton with open space, shade, and trail options for active dogs.","1","9268","","/search/?q=off-leash+parks; /search/?q=apartment+dog+breeds; /search/?q=dog+cost+calculator; /search/?q=puppy+names","","","0","https://leashfree.ca/dog-parks/jackie-parker-park-off-leash-area/","no","no",""
"/dog-parks/jerome-neighbourhood-park/","Jerome Neighbourhood Park Dog Park in Hamilton, Ontario | LeashFree.ca","Jerome Neighbourhood Park offers open green space and paved walking paths perfect for on-leash walks with your dog in Hamilton.","1","8481","","/search/?q=off-leash+parks; /search/?q=apartment+dog+breeds; /search/?q=dog+cost+calculator; /search/?q=puppy+names","","","0","https://leashfree.ca/dog-parks/jerome-neighbourhood-park/","no","no",""
"/dog-parks/jerry-sulina-park-maple-ridge/","Jerry Sulina Park Leash-Free Dog Park | LeashFree.ca","Jerry Sulina Park in Maple Ridge is a scenic off-leash area along the dikes, perfect for dogs that love long walks and nature.","1","7266","","/search/?q=off-leash+parks; /search/?q=apartment+dog+breeds; /search/?q=dog+cost+calculator; /search/?q=puppy+names","","","0","https://leashfree.ca/dog-parks/jerry-sulina-park-maple-ridge/","no","no",""
"/dog-parks/jinkerson-dog-park/","Jinkerson Dog Park Leash-Free Dog Park | LeashFree.ca","Jinkerson Dog Park is a peaceful fenced space in Chilliwack offering dogs a safe place to play and roam off-leash.","1","9057","","/search/?q=off-leash+parks; /search/?q=apartment+dog+breeds; /search/?q=dog+cost+calculator; /search/?q=puppy+names","","","0","https://leashfree.ca/dog-parks/jinkerson-dog-park/","no","no",""
"/dog-parks/joe-veroni-park/","Joe Veroni Park (Leash-Free Dog Area) | LeashFree.ca","Joe Veroni Park in Guelph is a neighborhood park that includes an off-leash area where dogs can enjoy some freedom. It’s appreciated for its quiet surroundings and green space, th...","1","9252","","/search/?q=off-leash+parks; /search/?q=apartment+dog+breeds; /search/?q=dog+cost+calculator; /search/?q=puppy+names","","","0","https://leashfree.ca/dog-parks/joe-veroni-park/","no","no",""
"/dog-parks/john-hendry-dog-park/","John Hendry (off-leash dog park) | LeashFree.ca","John Hendry is a well-loved off-leash dog park in Vancouver. This park features a sand and grass surface and an open space for dogs to roam freely. It provides no water access, mi...","1","7546","","/search/?q=off-leash+parks; /search/?q=apartment+dog+breeds; /search/?q=dog+cost+calculator; /search/?q=puppy+names","","","0","https://leashfree.ca/dog-parks/john-hendry-dog-park/","no","no",""
"/dog-parks/john-rebecca-park/","John Rebecca Park Dog Park in Hamilton, Ontario | LeashFree.ca","John Rebecca Park offers a small urban green space perfect for brief on-leash dog walks in downtown Hamilton.","1","8388","","/search/?q=off-leash+parks; /search/?q=apartment+dog+breeds; /search/?q=dog+cost+calculator; /search/?q=puppy+names","","","0","https://leashfree.ca/dog-parks/john-rebecca-park/","no","no",""
"/dog-parks/jones-dog-park-vancouver/","Jones Park (off-leash dog park) | LeashFree.ca","Jones Park is a well-loved off-leash dog park in Vancouver. This park features a grass surface and an open space for dogs to roam freely. It provides no water access, minimal shad...","1","7563","","/search/?q=off-leash+parks; /search/?q=apartment+dog+breeds; /search/?q=dog+cost+calculator; /search/?q=puppy+names","","","0","https://leashfree.ca/dog-parks/jones-dog-park-vancouver/","no","no",""
"/dog-parks/kelowna/","Dog Parks in Kelowna BC | LeashFree.ca","Explore the top off-leash dog parks in Kelowna BC. Find fenced play areas, dog-friendly beaches, and scenic trails perfect for active pets.","1","10736","","/search/?q=off-leash+parks; /search/?q=apartment+dog+breeds; /search/?q=dog+cost+calculator; /search/?q=puppy+names","","","0","https://leashfree.ca/dog-parks/kelowna/","no","no",""
"/dog-parks/kentville/","Kentville Dog Park and Dog Tag Rules | LeashFree.ca","Source-backed guide to Kentville dog access, covering Marshview Dog Park, leashed dogs on town trails, annual $15 dog tags, and current animal-control rules.","1","8685","","/search/?q=off-leash+parks; /search/?q=apartment+dog+breeds; /search/?q=dog+cost+calculator; /search/?q=puppy+names","","","0","https://leashfree.ca/dog-parks/kentville/","no","no",""
"/dog-parks/kew-gardens/","Kew Gardens (Leash-Free Dog Area) | LeashFree.ca","Kew Gardens blends community and canine fun with a secure leash-free area, shaded seating, and beachside vibes just steps away from Toronto’s waterfront.","1","9150","","/search/?q=off-leash+parks; /search/?q=apartment+dog+breeds; /search/?q=dog+cost+calculator; /search/?q=puppy+names","","","0","https://leashfree.ca/dog-parks/kew-gardens/","no","no",""
"/dog-parks/kilcona-park/","Kilcona Park Leash-Free Dog Park | LeashFree.ca","Kilcona Park in Winnipeg offers one of the city’s largest off-leash dog areas, with ponds, trails, and ample space to roam.","1","8464","","/search/?q=off-leash+parks; /search/?q=apartment+dog+breeds; /search/?q=dog+cost+calculator; /search/?q=puppy+names","","","0","https://leashfree.ca/dog-parks/kilcona-park/","no","no",""
"/dog-parks/killarney-off-leash-area/","Killarney Off-Leash Area (Inner West Calgary) | LeashFree.ca","The Killarney Off-Leash Area is a cozy neighborhood park in Calgary’s inner west, providing a welcoming space for dogs and owners looking for a quick outdoor break.","1","7345","","/search/?q=off-leash+parks; /search/?q=apartment+dog+breeds; /search/?q=dog+cost+calculator; /search/?q=puppy+names","","","0","https://leashfree.ca/dog-parks/killarney-off-leash-area/","no","no",""
"/dog-parks/killarney-park-dog-park/","Killarney Park (off-leash dog park) | LeashFree.ca","Killarney Park is a well-loved off-leash dog park in Vancouver. This park features a grass surface and an open space for dogs to roam freely. It provides no water access, minimal...","1","7643","","/search/?q=off-leash+parks; /search/?q=apartment+dog+breeds; /search/?q=dog+cost+calculator; /search/?q=puppy+names","","","0","https://leashfree.ca/dog-parks/killarney-park-dog-park/","no","no",""
"/dog-parks/kin-coulee-park/","Kin Coulee Park | LeashFree.ca","Kin Coulee Park in Medicine Hat allows off-leash access on specific trails, making it a perfect destination for dogs and their walking companions.","1","8292","","/search/?q=off-leash+parks; /search/?q=apartment+dog+breeds; /search/?q=dog+cost+calculator; /search/?q=puppy+names","","","0","https://leashfree.ca/dog-parks/kin-coulee-park/","no","no",""
"/dog-parks/king-city/","Dog Parks in King City, Ontario | Off-Leash Guide | LeashFree.ca","Source-backed guide to dog parks in King City, Ontario, focused on the township’s designated off-leash dog park, leash rules, and nearby trail access.","1","7788","","/search/?q=off-leash+parks; /search/?q=apartment+dog+breeds; /search/?q=dog+cost+calculator; /search/?q=puppy+names","","","0","https://leashfree.ca/dog-parks/king-city/","no","no",""
"/dog-parks/king-city-off-leash-dog-park/","King City Off-Leash Dog Park | King City, Ontario | LeashFree.ca","Source-backed guide to King City Off-Leash Dog Park in King City, Ontario, including official access details, fenced off-leash status, grass surface, and leash rules outside the enclosure.","1","8192","","/search/?q=off-leash+parks; /search/?q=apartment+dog+breeds; /search/?q=dog+cost+calculator; /search/?q=puppy+names","","","0","https://leashfree.ca/dog-parks/king-city-off-leash-dog-park/","no","no",""
"/dog-parks/king-george-park-cornwall/","King George Park Leash Free Dog Park | LeashFree.ca","King George Park in Cornwall is a neighborhood green space where leashed dogs are welcome for walks and fresh air.","1","8348","","/search/?q=off-leash+parks; /search/?q=apartment+dog+breeds; /search/?q=dog+cost+calculator; /search/?q=puppy+names","","","0","https://leashfree.ca/dog-parks/king-george-park-cornwall/","no","no",""
"/dog-parks/king-road/","King Road Leash-Free Dog Park (Bayview Park) | LeashFree.ca","King Road Leash-Free Dog Park, located within Bayview Park in Burlington, provides a secure and welcoming environment for dogs of all sizes to play off-leash. With its separate en...","1","9363","","/search/?q=off-leash+parks; /search/?q=apartment+dog+breeds; /search/?q=dog+cost+calculator; /search/?q=puppy+names","","","0","https://leashfree.ca/dog-parks/king-road/","no","no",""
"/dog-parks/kingcrest-dog-park-vancouver/","Kingcrest Park (off-leash dog park) | LeashFree.ca","Kingcrest Park is a well-loved off-leash dog park in Vancouver. This park features a grass surface and an open space for dogs to roam freely. It provides no water access, minimal...","1","7576","","/search/?q=off-leash+parks; /search/?q=apartment+dog+breeds; /search/?q=dog+cost+calculator; /search/?q=puppy+names","","","0","https://leashfree.ca/dog-parks/kingcrest-dog-park-vancouver/","no","no",""
"/dog-parks/kings-mill-park/","King's Mill Park Dog Park in Toronto, Ontario | LeashFree.ca","King's Mill Park offers wooded trails and open green space along the Humber River for peaceful on-leash dog walks.","1","8576","","/search/?q=off-leash+parks; /search/?q=apartment+dog+breeds; /search/?q=dog+cost+calculator; /search/?q=puppy+names","","","0","https://leashfree.ca/dog-parks/kings-mill-park/","no","no",""
"/dog-parks/kings-mill-park-etobicoke/","King's Mill Park Leash-Free Dog Park | LeashFree.ca","King’s Mill Park offers a tranquil off-leash retreat within Toronto’s Humber river valley, perfect for nature-loving dogs.","1","8260","","/search/?q=off-leash+parks; /search/?q=apartment+dog+breeds; /search/?q=dog+cost+calculator; /search/?q=puppy+names","","","0","https://leashfree.ca/dog-parks/kings-mill-park-etobicoke/","no","no",""
"/dog-parks/kings-park/","Kings Park Leash-Free Dog Park | LeashFree.ca","Kings Park is a scenic off-leash area in Winnipeg offering dogs a chance to run free along riverside trails and grassy open spaces.","1","8333","","/search/?q=off-leash+parks; /search/?q=apartment+dog+breeds; /search/?q=dog+cost+calculator; /search/?q=puppy+names","","","0","https://leashfree.ca/dog-parks/kings-park/","no","no",""
"/dog-parks/kingsford-gardens/","Kingsford Gardens (Leash-Free Dog Area) | LeashFree.ca","Kingsford Gardens provides Oakville residents with a secure and tranquil leash-free area for their dogs. Its combination of natural shade, comfortable surfaces, and nearby walking...","1","7873","","/search/?q=off-leash+parks; /search/?q=apartment+dog+breeds; /search/?q=dog+cost+calculator; /search/?q=puppy+names","","","0","https://leashfree.ca/dog-parks/kingsford-gardens/","no","no",""
"/dog-parks/kinsmen-dog-park-quinte-west/","Kinsmen Dog Park Leash-Free Dog Park | LeashFree.ca","Kinsmen Dog Park is a popular leash-free space in Quinte West, offering dogs a safe, fenced-in area to run and play.","1","7612","","/search/?q=off-leash+parks; /search/?q=apartment+dog+breeds; /search/?q=dog+cost+calculator; /search/?q=puppy+names","","","0","https://leashfree.ca/dog-parks/kinsmen-dog-park-quinte-west/","no","no",""
"/dog-parks/kinsmen-park-chilliwack/","Kinsmen Park on Portage | Chilliwack Park Guide | LeashFree.ca","Source-backed guide to Kinsmen Park on Portage in Chilliwack, including current city park amenities and confirmation that it is not listed as an official off-leash dog park.","1","11219","","/search/?q=off-leash+parks; /search/?q=apartment+dog+breeds; /search/?q=dog+cost+calculator; /search/?q=puppy+names","","","0","https://leashfree.ca/dog-parks/kinsmen-park-chilliwack/","no","no",""
"/dog-parks/kinsmen-park-playground-ladysmith/","Kinsmen Park & Playground | Ladysmith Park Guide | LeashFree.ca","Source-backed guide to Kinsmen Park & Playground in Ladysmith, including its community playground role, neighbourhood park setting, and why it should not be treated as an official off-leash dog park.","1","10920","","/search/?q=off-leash+parks; /search/?q=apartment+dog+breeds; /search/?q=dog+cost+calculator; /search/?q=puppy+names","","","0","https://leashfree.ca/dog-parks/kinsmen-park-playground-ladysmith/","no","no",""
"/dog-parks/kitchener/","Dog Parks in Kitchener | LeashFree.ca","Explore leash-free dog parks in Kitchener, Ontario. Find fenced off-leash areas where your dog can play, exercise, and socialize safely.","1","10947","","/search/?q=off-leash+parks; /search/?q=apartment+dog+breeds; /search/?q=dog+cost+calculator; /search/?q=puppy+names","","","0","https://leashfree.ca/dog-parks/kitchener/","no","no",""
"/dog-parks/kiwanis-park/","Kiwanis Park (Leash-Free Dog Area) | LeashFree.ca","Kiwanis Park is a riverside gem in Kitchener offering a large, secure off-leash space with amenities for both dogs and their humans.","1","8629","","/search/?q=off-leash+parks; /search/?q=apartment+dog+breeds; /search/?q=dog+cost+calculator; /search/?q=puppy+names","","","0","https://leashfree.ca/dog-parks/kiwanis-park/","no","no",""
"/dog-parks/klarvatten-off-leash-area/","Klarvatten Off-Leash Area | LeashFree.ca","Klarvatten Off-Leash Area in Edmonton is a grassy open space enjoyed by locals and their pups for casual outdoor play.","1","8893","","/search/?q=off-leash+parks; /search/?q=apartment+dog+breeds; /search/?q=dog+cost+calculator; /search/?q=puppy+names","","","0","https://leashfree.ca/dog-parks/klarvatten-off-leash-area/","no","no",""
"/dog-parks/knox-mountain-dog-park-kelowna/","Knox Mountain Park Leash-Free Area | LeashFree.ca","Knox Mountain Park offers an off-leash trail network for active dogs and owners who love nature in the heart of Kelowna.","1","9060","","/search/?q=off-leash+parks; /search/?q=apartment+dog+breeds; /search/?q=dog+cost+calculator; /search/?q=puppy+names","","","0","https://leashfree.ca/dog-parks/knox-mountain-dog-park-kelowna/","no","no",""
"/dog-parks/kortright-hills-park/","Kortright Hills Park (Leash-Free Dog Park) | LeashFree.ca","Kortright Hills Park in Guelph offers dog owners a serene and wooded environment for off-leash adventures. This natural setting provides a great space for dogs to explore under th...","1","9327","","/search/?q=off-leash+parks; /search/?q=apartment+dog+breeds; /search/?q=dog+cost+calculator; /search/?q=puppy+names","","","0","https://leashfree.ca/dog-parks/kortright-hills-park/","no","no",""
"/dog-parks/la-barkman-park-off-leash-area/","L.A. Barkman Kinsmen Park Dog Park | Steinbach, Manitoba | LeashFree.ca","Source-backed guide to the dog park in L.A. Barkman Kinsmen Park in Steinbach, Manitoba, including official seasonal fountain notices plus Steinbach's leash and dog-licensing rules.","1","9467","","/search/?q=off-leash+parks; /search/?q=apartment+dog+breeds; /search/?q=dog+cost+calculator; /search/?q=puppy+names","","","0","https://leashfree.ca/dog-parks/la-barkman-park-off-leash-area/","no","no",""
"/dog-parks/lac-beauchamp-north-off-leash-area/","Lac-Beauchamp North Off-Leash Area | Gatineau | LeashFree.ca","Source-backed guide to the fenced north off-leash area at Lac-Beauchamp in Gatineau, including the official access point opposite 757 boulevard Saint-René Est.","1","7838","","/search/?q=off-leash+parks; /search/?q=apartment+dog+breeds; /search/?q=dog+cost+calculator; /search/?q=puppy+names","","","0","https://leashfree.ca/dog-parks/lac-beauchamp-north-off-leash-area/","no","no",""
"/dog-parks/lacombe-lake-dog-park/","Lacombe Lake Dog Park | LeashFree.ca","Lacombe Lake Dog Park is a popular fenced dog park in St. Albert featuring lake views, a small dog area, and plenty of space for play.","1","7790","","/search/?q=off-leash+parks; /search/?q=apartment+dog+breeds; /search/?q=dog+cost+calculator; /search/?q=puppy+names","","","0","https://leashfree.ca/dog-parks/lacombe-lake-dog-park/","no","no",""
"/dog-parks/ladysmith/","Dog Parks in Ladysmith, British Columbia | Off-Leash Guide | LeashFree.ca","Source-backed guide to dog parks in Ladysmith, British Columbia, covering the town's five off-leash areas, current licence rules, leash requirements, and restricted areas such as playgrounds, sports fields, and parts of...","1","13969","","/search/?q=off-leash+parks; /search/?q=apartment+dog+breeds; /search/?q=dog+cost+calculator; /search/?q=puppy+names","","","0","https://leashfree.ca/dog-parks/ladysmith/","no","no",""
"/dog-parks/ladysmith-leash-free-dog-park/","Ladysmith Leash-Free Dog Park | LeashFree.ca","Ladysmith Leash-Free Dog Park is the town’s primary fenced dog park, offering a safe and open space for off-leash fun.","1","8835","","/search/?q=off-leash+parks; /search/?q=apartment+dog+breeds; /search/?q=dog+cost+calculator; /search/?q=puppy+names","","","0","https://leashfree.ca/dog-parks/ladysmith-leash-free-dog-park/","no","no",""
"/dog-parks/lake-bonavista/","Lake Bonavista (Off-Leash Area) | LeashFree.ca","Lake Bonavista Off-Leash Area is a peaceful green space nestled in one of Calgary’s most iconic neighborhoods, great for quiet strolls with your dog.","1","7505","","/search/?q=off-leash+parks; /search/?q=apartment+dog+breeds; /search/?q=dog+cost+calculator; /search/?q=puppy+names","","","0","https://leashfree.ca/dog-parks/lake-bonavista/","no","no",""
"/dog-parks/lakefront-walkway-dog-park-nelson/","Lakefront Walkway Dog Park Leash-Free Area | LeashFree.ca","Lakefront Walkway Dog Park in Nelson is a scenic off-leash area along the lake, perfect for relaxed walks and social pups.","1","7998","","/search/?q=off-leash+parks; /search/?q=apartment+dog+breeds; /search/?q=dog+cost+calculator; /search/?q=puppy+names","","","0","https://leashfree.ca/dog-parks/lakefront-walkway-dog-park-nelson/","no","no",""
"/dog-parks/lakeland-neighbourhood-off-leash-area/","Lakeland Neighbourhood Off-Leash Area | LeashFree.ca","Lakeland Neighbourhood Off-Leash Area is a designated green space in Grande Prairie where dogs can play freely, though advisories may be posted.","1","8198","","/search/?q=off-leash+parks; /search/?q=apartment+dog+breeds; /search/?q=dog+cost+calculator; /search/?q=puppy+names","","","0","https://leashfree.ca/dog-parks/lakeland-neighbourhood-off-leash-area/","no","no",""
"/dog-parks/lakeside-park/","Lakeside Park (Leash-Free Dog Park) | LeashFree.ca","Tucked beside the shores of Lake Ontario, Lakeside Park’s leash-free area is a hidden gem. It’s fully fenced, shaded, and perfect for dogs that enjoy a quieter, scenic setting.","1","9081","","/search/?q=off-leash+parks; /search/?q=apartment+dog+breeds; /search/?q=dog+cost+calculator; /search/?q=puppy+names","","","0","https://leashfree.ca/dog-parks/lakeside-park/","no","no",""
"/dog-parks/lamoreaux-north-park/","L'Amoreaux North Park (Leash-Free Dog Area) | LeashFree.ca","L'Amoreaux North Park provides a secure, grassy leash-free space in Scarborough, ideal for dogs who enjoy room to roam.","1","8812","","/search/?q=off-leash+parks; /search/?q=apartment+dog+breeds; /search/?q=dog+cost+calculator; /search/?q=puppy+names","","","0","https://leashfree.ca/dog-parks/lamoreaux-north-park/","no","no",""
"/dog-parks/larkspur-off-leash-dog-park/","Larkspur Off-Leash Dog Park | LeashFree.ca","Larkspur Off-Leash Dog Park in Edmonton is a spacious fenced park with grassy hills that provide plenty of exercise and fun for dogs.","1","9175","","/search/?q=off-leash+parks; /search/?q=apartment+dog+breeds; /search/?q=dog+cost+calculator; /search/?q=puppy+names","","","0","https://leashfree.ca/dog-parks/larkspur-off-leash-dog-park/","no","no",""
"/dog-parks/lauderdale-dog-park/","Lauderdale Dog Park | LeashFree.ca","Lauderdale Dog Park in Edmonton is a small, secure off-leash area perfect for local pet owners looking for an easy-access dog run.","1","8884","","/search/?q=off-leash+parks; /search/?q=apartment+dog+breeds; /search/?q=dog+cost+calculator; /search/?q=puppy+names","","","0","https://leashfree.ca/dog-parks/lauderdale-dog-park/","no","no",""
"/dog-parks/laval/","Dog Parks in Laval, Quebec | Off-Leash Guide | LeashFree.ca","Source-backed guide to Laval dog parks, including the city's current dog-park network, licence and tag rules, leash requirements, and official park access guidance.","1","8914","","/search/?q=off-leash+parks; /search/?q=apartment+dog+breeds; /search/?q=dog+cost+calculator; /search/?q=puppy+names","","","0","https://leashfree.ca/dog-parks/laval/","no","no",""
"/dog-parks/lee-street-park/","Lee Street Park Dog Park Guelph | Off-Leash Guide | LeashFree.ca","Research-backed guide to Lee Street Park's unfenced leash-free area in Guelph, with City-verified address, hours, shared-park context, and visit tips.","1","10015","","/search/?q=off-leash+parks; /search/?q=apartment+dog+breeds; /search/?q=dog+cost+calculator; /search/?q=puppy+names","","","0","https://leashfree.ca/dog-parks/lee-street-park/","no","no",""
"/dog-parks/legacy-park/","Legacy Park (Off-Leash Area) | LeashFree.ca","Legacy Off-Leash Area offers a peaceful, open field for dog lovers in one of Calgary’s fastest-growing communities.","1","7290","","/search/?q=off-leash+parks; /search/?q=apartment+dog+breeds; /search/?q=dog+cost+calculator; /search/?q=puppy+names","","","0","https://leashfree.ca/dog-parks/legacy-park/","no","no",""
"/dog-parks/leigh-park/","Leigh Park Dog Off-Leash Area | Coquitlam | LeashFree.ca","Source-backed guide to Leigh Park in Coquitlam, including the official 1254 Soball Street location, large- and small-dog off-leash use, dawn-to-dusk hours, and nearby park amenities.","1","10697","","/search/?q=off-leash+parks; /search/?q=apartment+dog+breeds; /search/?q=dog+cost+calculator; /search/?q=puppy+names","","","0","https://leashfree.ca/dog-parks/leigh-park/","no","no",""
"/dog-parks/lethbridge/","Lethbridge Dog Parks and Off-Leash Rules | LeashFree.ca","Source-backed guide to Lethbridge dog parks and off-leash rules, covering the city's five official dog parks, coulee and river-valley access, leash-transition rules, rattlesnake warnings, and current dog licensing requi...","1","12072","","/search/?q=off-leash+parks; /search/?q=apartment+dog+breeds; /search/?q=dog+cost+calculator; /search/?q=puppy+names","","","0","https://leashfree.ca/dog-parks/lethbridge/","no","no",""
"/dog-parks/linkwood-lane-park/","Linkwood Lane Park (Leash-Free Dog Area) | LeashFree.ca","Linkwood Lane Park in Toronto provides a small but secure leash-free area perfect for neighborhood dog owners seeking a quick and quiet spot for their dogs to stretch their legs o...","1","9172","","/search/?q=off-leash+parks; /search/?q=apartment+dog+breeds; /search/?q=dog+cost+calculator; /search/?q=puppy+names","","","0","https://leashfree.ca/dog-parks/linkwood-lane-park/","no","no",""
"/dog-parks/lions-park/","Lion's Park Leash-Free Dog Park | LeashFree.ca","Lion's Park in Ajax is a smaller green space that offers dogs and their owners an open area for on- and off-leash enjoyment.","1","8146","","/search/?q=off-leash+parks; /search/?q=apartment+dog+breeds; /search/?q=dog+cost+calculator; /search/?q=puppy+names","","","0","https://leashfree.ca/dog-parks/lions-park/","no","no",""
"/dog-parks/lions-park-belleville/","Lion's Park Leash Free Dog Park | LeashFree.ca","Lion's Park in Belleville offers green space with a casual leash-free area for nearby residents and their dogs.","1","8080","","/search/?q=off-leash+parks; /search/?q=apartment+dog+breeds; /search/?q=dog+cost+calculator; /search/?q=puppy+names","","","0","https://leashfree.ca/dog-parks/lions-park-belleville/","no","no",""
"/dog-parks/little-mountain-park/","Little Mountain Park Leash-Free Dog Park | LeashFree.ca","Little Mountain Park is a beautiful natural dog park in Winnipeg, offering off-leash trails, quarry ponds, and serene wooded paths.","1","8510","","/search/?q=off-leash+parks; /search/?q=apartment+dog+breeds; /search/?q=dog+cost+calculator; /search/?q=puppy+names","","","0","https://leashfree.ca/dog-parks/little-mountain-park/","no","no",""
"/dog-parks/lloydminster/","Dog Parks in Lloydminster | Off-Leash Guide | LeashFree.ca","Source-backed guide to Lloydminster dog parks, including the fenced municipal off-leash park at 41 Street and 47 Avenue and R.H. Brekko Lake.","1","8845","","/search/?q=off-leash+parks; /search/?q=apartment+dog+breeds; /search/?q=dog+cost+calculator; /search/?q=puppy+names","","","0","https://leashfree.ca/dog-parks/lloydminster/","no","no",""
"/dog-parks/lloydminster-off-leash-dog-park/","Lloydminster Off-Leash Dog Park | Lloydminster | LeashFree.ca","Source-backed guide to Lloydminster Off-Leash Dog Park at 41 Street and 47 Avenue, including fencing, amenities, and posted city rules.","1","7768","","/search/?q=off-leash+parks; /search/?q=apartment+dog+breeds; /search/?q=dog+cost+calculator; /search/?q=puppy+names","","","0","https://leashfree.ca/dog-parks/lloydminster-off-leash-dog-park/","no","no",""
"/dog-parks/locarno-beach-dog-park-vancouver/","Locarno Beach Park (off-leash dog park) | LeashFree.ca","Locarno Beach Park is a well-loved off-leash dog park in Vancouver. This park features a grass surface and an open space for dogs to roam freely. It provides no water access, mini...","1","7542","","/search/?q=off-leash+parks; /search/?q=apartment+dog+breeds; /search/?q=dog+cost+calculator; /search/?q=puppy+names","","","0","https://leashfree.ca/dog-parks/locarno-beach-dog-park-vancouver/","no","no",""
"/dog-parks/london/","London Dog Parks and Official Off-Leash Rules | LeashFree.ca","Source-backed London guide covering the City's five official off-leash dog parks, published hours, core use rules, and examples including Greenway Park, Campbell Memorial Park, and Stoney Creek Meadow.","1","12044","","/search/?q=off-leash+parks; /search/?q=apartment+dog+breeds; /search/?q=dog+cost+calculator; /search/?q=puppy+names","","","0","https://leashfree.ca/dog-parks/london/","no","no",""
"/dog-parks/long-lake-provincial-park/","Long Lake Provincial Park Leash-Free Dog Park | LeashFree.ca","Long Lake Provincial Park is a popular destination in Halifax for dog owners, offering vast trails and lakeside views. While dogs are welcome, official rules require leashes despi...","1","9049","","/search/?q=off-leash+parks; /search/?q=apartment+dog+breeds; /search/?q=dog+cost+calculator; /search/?q=puppy+names","","","0","https://leashfree.ca/dog-parks/long-lake-provincial-park/","no","no",""
"/dog-parks/love-park/","Love Park (Dogs Allowed Area) | LeashFree.ca","Love Park is a dog-friendly public space near the waterfront, offering lush greenery and modern design for peaceful on-leash strolls.","1","8604","","/search/?q=off-leash+parks; /search/?q=apartment+dog+breeds; /search/?q=dog+cost+calculator; /search/?q=puppy+names","","","0","https://leashfree.ca/dog-parks/love-park/","no","no",""
"/dog-parks/maccaud-park/","Maccaud Park | White Rock Park Rules | LeashFree.ca","Source-backed guide to Maccaud Park in White Rock, including current park details, Kent Street location, Poetry in Motion context, and White Rock’s rule that dogs are on-leash in most parks with off-leash use only at Ru...","1","10658","","/search/?q=off-leash+parks; /search/?q=apartment+dog+breeds; /search/?q=dog+cost+calculator; /search/?q=puppy+names","","","0","https://leashfree.ca/dog-parks/maccaud-park/","no","no",""
"/dog-parks/mahogany-wetlands-off-leash-area/","Mahogany Wetlands (Off-Leash Trails & Views) | LeashFree.ca","The Mahogany Wetlands Off-Leash Area provides a scenic and natural trail setting for dog owners seeking a relaxing stroll with their pets.","1","7383","","/search/?q=off-leash+parks; /search/?q=apartment+dog+breeds; /search/?q=dog+cost+calculator; /search/?q=puppy+names","","","0","https://leashfree.ca/dog-parks/mahogany-wetlands-off-leash-area/","no","no",""
"/dog-parks/mainland-common-dedicated-off-leash-park/","Mainland Common Dedicated Off-Leash Park Leash-Free Dog Park | LeashFree.ca","Mainland Common Dedicated Off-Leash Park is a favorite leash-free dog park in Halifax, featuring two fenced fields with separate areas for large and small dogs. It is an easy, acc...","1","9326","","/search/?q=off-leash+parks; /search/?q=apartment+dog+breeds; /search/?q=dog+cost+calculator; /search/?q=puppy+names","","","0","https://leashfree.ca/dog-parks/mainland-common-dedicated-off-leash-park/","no","no",""
"/dog-parks/malvern-park-burnaby/","Malvern Park Leash-Free Area | LeashFree.ca","Malvern Park in Burnaby offers a fenced leash-free area in a peaceful residential neighborhood, ideal for dog exercise and socialization.","1","9123","","/search/?q=off-leash+parks; /search/?q=apartment+dog+breeds; /search/?q=dog+cost+calculator; /search/?q=puppy+names","","","0","https://leashfree.ca/dog-parks/malvern-park-burnaby/","no","no",""
"/dog-parks/mamowimiweyitamowin-park-off-leash-area/","Māmowimīwēyitamōwin Park Off-Leash Area Leash-Free Dog Park | LeashFree.ca","Māmowimīwēyitamōwin Park is a local off-leash dog area in Regina, offering a secure environment for neighbourhood dogs to roam freely.","1","8712","","/search/?q=off-leash+parks; /search/?q=apartment+dog+breeds; /search/?q=dog+cost+calculator; /search/?q=puppy+names","","","0","https://leashfree.ca/dog-parks/mamowimiweyitamowin-park-off-leash-area/","no","no",""
"/dog-parks/maple-grove-park/","Maple Grove Park Leash-Free Dog Park | LeashFree.ca","Maple Grove Park in Winnipeg is a spacious off-leash area with trails and wooded paths, perfect for dogs to explore and socialize.","1","8365","","/search/?q=off-leash+parks; /search/?q=apartment+dog+breeds; /search/?q=dog+cost+calculator; /search/?q=puppy+names","","","0","https://leashfree.ca/dog-parks/maple-grove-park/","no","no",""
"/dog-parks/maple-ridge-upper-park/","Maple Ridge Upper Park Leash-Free Dog Park | LeashFree.ca","Maple Ridge Upper Park features an off-leash area with wide green space for dogs to play and enjoy the outdoors freely.","1","7308","","/search/?q=off-leash+parks; /search/?q=apartment+dog+breeds; /search/?q=dog+cost+calculator; /search/?q=puppy+names","","","0","https://leashfree.ca/dog-parks/maple-ridge-upper-park/","no","no",""
"/dog-parks/margaret-greene-park/","Margaret Greene Park (Leash-Free Dog Area) | LeashFree.ca","Margaret Greene Park offers a convenient leash-free space in Guelph's west end. With dedicated fencing and nearby park amenities, it's a go-to destination for dog owners seeking s...","1","9398","","/search/?q=off-leash+parks; /search/?q=apartment+dog+breeds; /search/?q=dog+cost+calculator; /search/?q=puppy+names","","","0","https://leashfree.ca/dog-parks/margaret-greene-park/","no","no",""
"/dog-parks/marie-curtis-park/","Marie Curtis Park Leash-Free Dog Park on Toronto Waterfront | LeashFree.ca","Marie Curtis Park offers a large fenced leash-free zone with access to the beach, making it a destination for off-leash fun along Lake Ontario.","1","8727","","/search/?q=off-leash+parks; /search/?q=apartment+dog+breeds; /search/?q=dog+cost+calculator; /search/?q=puppy+names","","","0","https://leashfree.ca/dog-parks/marie-curtis-park/","no","no",""
"/dog-parks/marie-curtis-park-etobicoke/","Marie Curtis Park Leash-Free Dog Park | LeashFree.ca","Marie Curtis Park is a scenic off-leash riverside destination with trails, open spaces, and family amenities.","1","8313","","/search/?q=off-leash+parks; /search/?q=apartment+dog+breeds; /search/?q=dog+cost+calculator; /search/?q=puppy+names","","","0","https://leashfree.ca/dog-parks/marie-curtis-park-etobicoke/","no","no",""
"/dog-parks/marshview-dog-park-kentville/","Marshview Dog Park Leash-Free Dog Park | LeashFree.ca","Marshview Dog Park in Kentville is a newly established fenced dog park with separate areas for large and small dogs. It offers a safe, structured environment for dogs to socialize.","1","7613","","/search/?q=off-leash+parks; /search/?q=apartment+dog+breeds; /search/?q=dog+cost+calculator; /search/?q=puppy+names","","","0","https://leashfree.ca/dog-parks/marshview-dog-park-kentville/","no","no",""
"/dog-parks/martensville/","Dog Parks in Martensville, Saskatchewan | Off-Leash Guide | LeashFree.ca","Source-backed guide to dog parks in Martensville, Saskatchewan, focused on the city's dog park, pet licensing requirements, and practical location context.","1","8004","","/search/?q=off-leash+parks; /search/?q=apartment+dog+breeds; /search/?q=dog+cost+calculator; /search/?q=puppy+names","","","0","https://leashfree.ca/dog-parks/martensville/","no","no",""
"/dog-parks/martensville-dog-park/","Martensville Dog Park | Martensville, Saskatchewan | LeashFree.ca","Source-backed guide to Martensville Dog Park in Martensville, Saskatchewan, with licensing requirements, municipal location context, and conservative planning notes.","1","7391","","/search/?q=off-leash+parks; /search/?q=apartment+dog+breeds; /search/?q=dog+cost+calculator; /search/?q=puppy+names","","","0","https://leashfree.ca/dog-parks/martensville-dog-park/","no","no",""
"/dog-parks/martindale-off-leash-area/","Martindale Off-Leash Area (NE Calgary) | LeashFree.ca","Martindale Off-Leash Area offers a secure and spacious environment for dogs to enjoy off-leash activities in Calgary's northeast.","1","7535","","/search/?q=off-leash+parks; /search/?q=apartment+dog+breeds; /search/?q=dog+cost+calculator; /search/?q=puppy+names","","","0","https://leashfree.ca/dog-parks/martindale-off-leash-area/","no","no",""
"/dog-parks/mattamy-sports-park/","Mattamy Sports Park (Leash-Free Dog Park) | LeashFree.ca","Mattamy Sports Park's leash-free zone provides a spacious and secure environment for dogs to play, set within a vibrant community sports complex.","1","9109","","/search/?q=off-leash+parks; /search/?q=apartment+dog+breeds; /search/?q=dog+cost+calculator; /search/?q=puppy+names","","","0","https://leashfree.ca/dog-parks/mattamy-sports-park/","no","no",""
"/dog-parks/mayland-heights-off-leash-area/","Mayland Heights Off-Leash Area (NE Calgary) | LeashFree.ca","Nestled in Calgary's Mayland Heights neighborhood, this off-leash area provides a local space for dogs to play and socialize.","1","7521","","/search/?q=off-leash+parks; /search/?q=apartment+dog+breeds; /search/?q=dog+cost+calculator; /search/?q=puppy+names","","","0","https://leashfree.ca/dog-parks/mayland-heights-off-leash-area/","no","no",""
"/dog-parks/mazenod-park/","Mazenod Park Leash-Free Dog Park | LeashFree.ca","Mazenod Park in Winnipeg is a quiet local off-leash park ideal for relaxed playtime in a grassy open space.","1","8311","","/search/?q=off-leash+parks; /search/?q=apartment+dog+breeds; /search/?q=dog+cost+calculator; /search/?q=puppy+names","","","0","https://leashfree.ca/dog-parks/mazenod-park/","no","no",""
"/dog-parks/mccall-lake-off-leash-area/","McCall Lake Off-Leash Area (NE Calgary) | LeashFree.ca","McCall Lake Off-Leash Area provides a convenient green space near the golf course for dogs to enjoy some freedom in northeast Calgary.","1","7374","","/search/?q=off-leash+parks; /search/?q=apartment+dog+breeds; /search/?q=dog+cost+calculator; /search/?q=puppy+names","","","0","https://leashfree.ca/dog-parks/mccall-lake-off-leash-area/","no","no",""
"/dog-parks/mccowan-park/","McCowan Park (Leash-Free Dog Area) | LeashFree.ca","McCowan Park provides Scarborough residents with a well-maintained fenced dog area, offering plenty of space and shade for relaxed off-leash time.","1","8928","","/search/?q=off-leash+parks; /search/?q=apartment+dog+breeds; /search/?q=dog+cost+calculator; /search/?q=puppy+names","","","0","https://leashfree.ca/dog-parks/mccowan-park/","no","no",""
"/dog-parks/mcintosh-run-off-leash-dog-park/","McIntosh Run Off-Leash Dog Park Leash-Free Dog Park | LeashFree.ca","McIntosh Run Off-Leash Dog Park is a community leash-free dog park in Halifax, featuring a fenced play space for dogs to socialize safely near Spryfield.","1","9076","","/search/?q=off-leash+parks; /search/?q=apartment+dog+breeds; /search/?q=dog+cost+calculator; /search/?q=puppy+names","","","0","https://leashfree.ca/dog-parks/mcintosh-run-off-leash-dog-park/","no","no",""
"/dog-parks/mcknight-falconridge-off-leash-area/","McKnight-Falconridge Off-Leash Area (NE Calgary) | LeashFree.ca","The McKnight-Falconridge Off-Leash Area offers a wide open space with grassy fields for dogs to stretch their legs and enjoy off-leash freedom in northeast Calgary.","1","7419","","/search/?q=off-leash+parks; /search/?q=apartment+dog+breeds; /search/?q=dog+cost+calculator; /search/?q=puppy+names","","","0","https://leashfree.ca/dog-parks/mcknight-falconridge-off-leash-area/","no","no",""
"/dog-parks/mclaren-park/","McLaren Park Dog Park in Hamilton, Ontario | LeashFree.ca","McLaren Park offers a compact green space downtown with grass and benches for short on-leash dog walks in Hamilton.","1","8293","","/search/?q=off-leash+parks; /search/?q=apartment+dog+breeds; /search/?q=dog+cost+calculator; /search/?q=puppy+names","","","0","https://leashfree.ca/dog-parks/mclaren-park/","no","no",""
"/dog-parks/mclennan-park/","McLennan Park (Leash-Free Dog Area) | LeashFree.ca","Located near Ottawa Street, McLennan Park’s leash-free area is a convenient and well-maintained space for dogs to burn off energy.","1","8553","","/search/?q=off-leash+parks; /search/?q=apartment+dog+breeds; /search/?q=dog+cost+calculator; /search/?q=puppy+names","","","0","https://leashfree.ca/dog-parks/mclennan-park/","no","no",""
"/dog-parks/mcmaster-forest-nature-preserve/","McMaster Forest Nature Preserve Dog Park in Hamilton, Ontario | LeashFree.ca","McMaster Forest Nature Preserve offers extensive wooded trails perfect for peaceful, strictly on-leash walks with your dog through protected habitat.","1","8568","","/search/?q=off-leash+parks; /search/?q=apartment+dog+breeds; /search/?q=dog+cost+calculator; /search/?q=puppy+names","","","0","https://leashfree.ca/dog-parks/mcmaster-forest-nature-preserve/","no","no",""
"/dog-parks/meadow-lake/","Dog Parks in Meadow Lake, Saskatchewan | Off-Leash Guide | LeashFree.ca","Source-backed guide to dog parks in Meadow Lake, Saskatchewan, focused on dog licensing, city animal-control expectations, and conservative off-leash park planning notes.","1","8649","","/search/?q=off-leash+parks; /search/?q=apartment+dog+breeds; /search/?q=dog+cost+calculator; /search/?q=puppy+names","","","0","https://leashfree.ca/dog-parks/meadow-lake/","no","no",""
"/dog-parks/meadow-lake-off-leash-dog-park/","Meadow Lake Off-Leash Dog Park | Meadow Lake, Saskatchewan | LeashFree.ca","Conservative, source-backed guide to Meadow Lake Off-Leash Dog Park with dog-licensing requirements and east-side location context near the municipal compost site.","1","7992","","/search/?q=off-leash+parks; /search/?q=apartment+dog+breeds; /search/?q=dog+cost+calculator; /search/?q=puppy+names","","","0","https://leashfree.ca/dog-parks/meadow-lake-off-leash-dog-park/","no","no",""
"/dog-parks/medicine-hat/","Dog Parks in Medicine Hat, Alberta | Off-Leash Guide | LeashFree.ca","Source-backed guide to dog parks in Medicine Hat, Alberta, covering Saratoga and WestVue dog parks, designated off-leash trails, posted hours, licensing fees, and current city rules.","1","11581","","/search/?q=off-leash+parks; /search/?q=apartment+dog+breeds; /search/?q=dog+cost+calculator; /search/?q=puppy+names","","","0","https://leashfree.ca/dog-parks/medicine-hat/","no","no",""
"/dog-parks/melfort/","Dog Parks in Melfort, Saskatchewan | Off-Leash Guide | LeashFree.ca","Official-source guide to dog parks in Melfort, Saskatchewan, including Spruce Haven's fenced off-leash park, leash rules, and pet licensing requirements.","1","8457","","/search/?q=off-leash+parks; /search/?q=apartment+dog+breeds; /search/?q=dog+cost+calculator; /search/?q=puppy+names","","","0","https://leashfree.ca/dog-parks/melfort/","no","no",""
"/dog-parks/melville/","Dog Parks in Melville, Saskatchewan | Off-Leash Guide | LeashFree.ca","Source-backed guide to dog parks in Melville, Saskatchewan, based on the city's official dog park, parks, and animal-control pages.","1","7511","","/search/?q=off-leash+parks; /search/?q=apartment+dog+breeds; /search/?q=dog+cost+calculator; /search/?q=puppy+names","","","0","https://leashfree.ca/dog-parks/melville/","no","no",""
"/dog-parks/melville-dog-park/","Melville Off-Leash Dog Park | Melville, Saskatchewan | LeashFree.ca","Source-backed guide to Melville Off-Leash Dog Park, including the city-published regional-park location, fenced 2-acre layout, dawn-to-dusk hours, and official rules.","1","7389","","/search/?q=off-leash+parks; /search/?q=apartment+dog+breeds; /search/?q=dog+cost+calculator; /search/?q=puppy+names","","","0","https://leashfree.ca/dog-parks/melville-dog-park/","no","no",""
"/dog-parks/memorial-park/","Memorial Park (Leash-Free Dog Area) | LeashFree.ca","Memorial Park in Oakville offers a spacious and secure environment for dogs of all sizes to play off-leash. With its divided areas catering to both large and small breeds, along w...","1","8012","","/search/?q=off-leash+parks; /search/?q=apartment+dog+breeds; /search/?q=dog+cost+calculator; /search/?q=puppy+names","","","0","https://leashfree.ca/dog-parks/memorial-park/","no","no",""
"/dog-parks/memorial-park-white-rock/","Memorial Park Leash-Free Area | LeashFree.ca","Memorial Park in White Rock offers stunning waterfront views and limited leash-free access for dogs in the early morning hours.","1","8736","","/search/?q=off-leash+parks; /search/?q=apartment+dog+breeds; /search/?q=dog+cost+calculator; /search/?q=puppy+names","","","0","https://leashfree.ca/dog-parks/memorial-park-white-rock/","no","no",""
"/dog-parks/merrill-bridge-road-park/","Merrill Bridge Road Park (Leash-Free Dog Area) | LeashFree.ca","Merrill Bridge Road Park provides a well-used leash-free zone in Toronto’s East End, complete with fencing, shaded areas, and community charm—perfect for daily dog walks and socia...","1","9186","","/search/?q=off-leash+parks; /search/?q=apartment+dog+breeds; /search/?q=dog+cost+calculator; /search/?q=puppy+names","","","0","https://leashfree.ca/dog-parks/merrill-bridge-road-park/","no","no",""
"/dog-parks/mill-creek-ravine-south-off-leash/","Mill Creek Ravine South Off-Leash Area | Edmonton Dog Park | LeashFree.ca","Source-backed guide to Mill Creek Ravine South Off-Leash Area in Edmonton, based on the City of Edmonton’s Mill Creek Ravine Park page with park hours, official location, parking access, pathways, and off-leash rules.","1","11366","","/search/?q=off-leash+parks; /search/?q=apartment+dog+breeds; /search/?q=dog+cost+calculator; /search/?q=puppy+names","","","0","https://leashfree.ca/dog-parks/mill-creek-ravine-south-off-leash/","no","no",""
"/dog-parks/miller-park/","Miller Park Off Leash Dog Park | LeashFree.ca","Miller Park is a wooded off-leash dog park in Coquitlam with scenic trails and a natural forested environment for dogs to explore.","1","8271","","/search/?q=off-leash+parks; /search/?q=apartment+dog+breeds; /search/?q=dog+cost+calculator; /search/?q=puppy+names","","","0","https://leashfree.ca/dog-parks/miller-park/","no","no",""
"/dog-parks/millers-creek-park/","Millers Creek Park Leash-Free Dog Park | LeashFree.ca","Millers Creek Park in Ajax is a nature-filled retreat for dogs with wooded trails and informal leash-free spaces by the creek.","1","8082","","/search/?q=off-leash+parks; /search/?q=apartment+dog+breeds; /search/?q=dog+cost+calculator; /search/?q=puppy+names","","","0","https://leashfree.ca/dog-parks/millers-creek-park/","no","no",""
"/dog-parks/milton/","Dog Parks in Milton, Ontario | Off-Leash Guide | LeashFree.ca","Source-backed guide to dog parks in Milton, Ontario, covering Cedar Hedge Park West and Sunny Mount Park, plus current leash-free park rules, annual dog licensing, and Milton's 2.1-metre leash requirement in public spac...","1","9245","","/search/?q=off-leash+parks; /search/?q=apartment+dog+breeds; /search/?q=dog+cost+calculator; /search/?q=puppy+names","","","0","https://leashfree.ca/dog-parks/milton/","no","no",""
"/dog-parks/mission/","Dog Parks in Mission, BC | LeashFree.ca","Find Mission's designated off-leash dog area at Centennial Park, including location, amenities, local rules, parking, trails, and visit-planning tips.","1","6435","","/search/?q=off-leash+parks; /search/?q=apartment+dog+breeds; /search/?q=dog+cost+calculator; /search/?q=puppy+names","","","0","https://leashfree.ca/dog-parks/mission/","no","no",""
"/dog-parks/mission-recreation-park-kelowna/","Mission Recreation Park Leash-Free Area | LeashFree.ca","Mission Recreation Park is one of Kelowna's premier off-leash dog destinations, featuring fenced areas and trail access for safe, active play.","1","9163","","/search/?q=off-leash+parks; /search/?q=apartment+dog+breeds; /search/?q=dog+cost+calculator; /search/?q=puppy+names","","","0","https://leashfree.ca/dog-parks/mission-recreation-park-kelowna/","no","no",""
"/dog-parks/mississauga/","Mississauga Leash-Free Dog Parks | Find Off-Leash Areas Near You | LeashFree.ca","Explore the best leash-free dog parks in Mississauga, Ontario. Find fenced parks, trails, and open spaces perfect for your pup to play and socialize safely.","1","13838","","/search/?q=off-leash+parks; /search/?q=apartment+dog+breeds; /search/?q=dog+cost+calculator; /search/?q=puppy+names","","","0","https://leashfree.ca/dog-parks/mississauga/","no","no",""
"/dog-parks/monarch-park/","Monarch Park (Leash-Free Dog Area) | LeashFree.ca","Monarch Park’s fenced dog area offers a shaded, secure space for off-leash fun right in the heart of Toronto’s east end. It’s a favorite for local residents combining park time wi...","1","9188","","/search/?q=off-leash+parks; /search/?q=apartment+dog+breeds; /search/?q=dog+cost+calculator; /search/?q=puppy+names","","","0","https://leashfree.ca/dog-parks/monarch-park/","no","no",""
"/dog-parks/montgomery-park/","Montgomery Park Dog Park in Hamilton, Ontario | LeashFree.ca","Montgomery Park provides open fields and paved trails for relaxing on-leash dog walks in Hamilton’s east end.","1","8331","","/search/?q=off-leash+parks; /search/?q=apartment+dog+breeds; /search/?q=dog+cost+calculator; /search/?q=puppy+names","","","0","https://leashfree.ca/dog-parks/montgomery-park/","no","no",""
"/dog-parks/montreal/","Dog Parks in Montreal, Quebec | Off-Leash Guide | LeashFree.ca","Find official Montreal dog park rules, licensing requirements, and the city’s current dog-park map. Montreal lists 70 dog parks and requires tags, licensing, and off-leash use only in designated parks.","1","10729","","/search/?q=off-leash+parks; /search/?q=apartment+dog+breeds; /search/?q=dog+cost+calculator; /search/?q=puppy+names","","","0","https://leashfree.ca/dog-parks/montreal/","no","no",""
"/dog-parks/moody-park-new-westminster/","Moody Park Leash Free Dog Park | LeashFree.ca","Moody Park is a central off-leash dog park in New Westminster with gravel terrain and a fenced area for safe play.","1","8275","","/search/?q=off-leash+parks; /search/?q=apartment+dog+breeds; /search/?q=dog+cost+calculator; /search/?q=puppy+names","","","0","https://leashfree.ca/dog-parks/moody-park-new-westminster/","no","no",""
"/dog-parks/moose-jaw/","Dog Parks in Moose Jaw, Saskatchewan | Off-Leash Guide | LeashFree.ca","Source-backed guide to dog parks in Moose Jaw, Saskatchewan, covering the current two-enclosure site at 1500 High Street West, dog licence rules, seasonal water service, and the city's current closure notice link.","1","9362","","/search/?q=off-leash+parks; /search/?q=apartment+dog+breeds; /search/?q=dog+cost+calculator; /search/?q=puppy+names","","","0","https://leashfree.ca/dog-parks/moose-jaw/","no","no",""
"/dog-parks/moose-jaw-dog-park/","Moose Jaw Dog Park | Off-Leash Guide | LeashFree.ca","Source-backed guide to Moose Jaw Dog Park, covering the current official 1500 High Street West location, separate small- and large-dog enclosures, year-round access, and seasonal water service.","1","8168","","/search/?q=off-leash+parks; /search/?q=apartment+dog+breeds; /search/?q=dog+cost+calculator; /search/?q=puppy+names","","","0","https://leashfree.ca/dog-parks/moose-jaw-dog-park/","no","no",""
"/dog-parks/morden/","Dog Parks in Morden, Manitoba | Off-Leash Guide | LeashFree.ca","Source-backed guide to dog parks in Morden, Manitoba, based on official City of Morden parks, animal control, by-law, and dog licensing information.","1","8158","","/search/?q=off-leash+parks; /search/?q=apartment+dog+breeds; /search/?q=dog+cost+calculator; /search/?q=puppy+names","","","0","https://leashfree.ca/dog-parks/morden/","no","no",""
"/dog-parks/morden-dog-park/","Morden Dog Park | Morden, Manitoba | LeashFree.ca","Source-backed guide to Morden Dog Park at Steppler Park on Jefferson Street, including Morden's leash rules, dog licensing context, and official off-leash location details.","1","7761","","/search/?q=off-leash+parks; /search/?q=apartment+dog+breeds; /search/?q=dog+cost+calculator; /search/?q=puppy+names","","","0","https://leashfree.ca/dog-parks/morden-dog-park/","no","no",""
"/dog-parks/morgan-crossing-dog-park/","Morgan Crossing Dog Park Leash-Free Area | LeashFree.ca","Morgan Crossing Dog Park is a convenient fenced off-leash area in South Surrey, great for quick exercise breaks near shops.","1","8676","","/search/?q=off-leash+parks; /search/?q=apartment+dog+breeds; /search/?q=dog+cost+calculator; /search/?q=puppy+names","","","0","https://leashfree.ca/dog-parks/morgan-crossing-dog-park/","no","no",""
"/dog-parks/mount-pleasant-off-leash-dog-park/","Mount Pleasant Off-Leash Dog Park Leash-Free Dog Park | LeashFree.ca","Mount Pleasant Off-Leash Dog Park in Regina is a secure space with separate areas for small and large dogs, ideal for safe play.","1","8797","","/search/?q=off-leash+parks; /search/?q=apartment+dog+breeds; /search/?q=dog+cost+calculator; /search/?q=puppy+names","","","0","https://leashfree.ca/dog-parks/mount-pleasant-off-leash-dog-park/","no","no",""
"/dog-parks/musqueam-dog-park-vancouver/","Musqueam Park (off-leash dog park) | LeashFree.ca","Musqueam Park is a well-loved off-leash dog park in Vancouver. This park features a various surfaces surface and an open space for dogs to roam freely. It provides no water access...","1","7550","","/search/?q=off-leash+parks; /search/?q=apartment+dog+breeds; /search/?q=dog+cost+calculator; /search/?q=puppy+names","","","0","https://leashfree.ca/dog-parks/musqueam-dog-park-vancouver/","no","no",""
"/dog-parks/nat-bailey-stadium-dog-park/","Nat Bailey Stadium Park (off-leash dog park) | LeashFree.ca","Nat Bailey Stadium Park is a well-loved off-leash dog park in Vancouver. This park features a gravel and asphalt surface and an open space for dogs to roam freely. It provides no...","1","7755","","/search/?q=off-leash+parks; /search/?q=apartment+dog+breeds; /search/?q=dog+cost+calculator; /search/?q=puppy+names","","","0","https://leashfree.ca/dog-parks/nat-bailey-stadium-dog-park/","no","no",""
"/dog-parks/nelson/","Nelson Dog Rules and Dog-Friendly Access | LeashFree.ca","Source-backed guide to Nelson dog rules and dog-friendly access, covering city licensing, official dog-use maps, Rotary Lakeside Park restrictions, residential dog limits, and current animal-control contacts.","1","10506","","/search/?q=off-leash+parks; /search/?q=apartment+dog+breeds; /search/?q=dog+cost+calculator; /search/?q=puppy+names","","","0","https://leashfree.ca/dog-parks/nelson/","no","no",""
"/dog-parks/nelson-dog-park/","Nelson Park (off-leash dog park) | LeashFree.ca","Nelson Park is a well-loved off-leash dog park in Vancouver. This park features a gravel surface and an open space for dogs to roam freely. It provides no water access, minimal sh...","1","7582","","/search/?q=off-leash+parks; /search/?q=apartment+dog+breeds; /search/?q=dog+cost+calculator; /search/?q=puppy+names","","","0","https://leashfree.ca/dog-parks/nelson-dog-park/","no","no",""
"/dog-parks/nelson-dog-walk-lakeside-path/","Nelson Dog Walk Lakeside Leash-Free Path | LeashFree.ca","Nelson's lakeside trail offers dogs the chance to roam leash-free along a stunning waterfront path near the downtown core.","1","8034","","/search/?q=off-leash+parks; /search/?q=apartment+dog+breeds; /search/?q=dog+cost+calculator; /search/?q=puppy+names","","","0","https://leashfree.ca/dog-parks/nelson-dog-walk-lakeside-path/","no","no",""
"/dog-parks/new-brighton-dog-park-vancouver/","New Brighton Park (off-leash dog park) | LeashFree.ca","New Brighton Park is a well-loved off-leash dog park in Vancouver. This park features a sand surface and an open space for dogs to roam freely. It provides no water access, minima...","1","7672","","/search/?q=off-leash+parks; /search/?q=apartment+dog+breeds; /search/?q=dog+cost+calculator; /search/?q=puppy+names","","","0","https://leashfree.ca/dog-parks/new-brighton-dog-park-vancouver/","no","no",""
"/dog-parks/new-westminster/","New Westminster Dog Parks and Off-Leash Rules | LeashFree.ca","Source-backed guide to New Westminster dog parks and off-leash rules, covering the city's nine off-leash areas, 2026 dog licence fees, leash bylaw limits, separation-gate parks, and site rules.","1","12156","","/search/?q=off-leash+parks; /search/?q=apartment+dog+breeds; /search/?q=dog+cost+calculator; /search/?q=puppy+names","","","0","https://leashfree.ca/dog-parks/new-westminster/","no","no",""
"/dog-parks/niagara-falls/","Dog Parks in Niagara Falls, Ontario | Off-Leash Guide | LeashFree.ca","Source-backed guide to dog parks in Niagara Falls, Ontario, covering the city's two official off-leash dog parks, current dog-park rules, licensing requirements, operating hours, Animal Control By-law 2019-35, and publi...","1","11209","","/search/?q=off-leash+parks; /search/?q=apartment+dog+breeds; /search/?q=dog+cost+calculator; /search/?q=puppy+names","","","0","https://leashfree.ca/dog-parks/niagara-falls/","no","no",""
"/dog-parks/niagara-falls-bark-park/","Niagara Falls Bark Park Leash-Free Dog Park | LeashFree.ca","Niagara Falls Bark Park is a neighborhood leash-free space with fenced grassy areas, great for socializing dogs in a quiet setting.","1","8007","","/search/?q=off-leash+parks; /search/?q=apartment+dog+breeds; /search/?q=dog+cost+calculator; /search/?q=puppy+names","","","0","https://leashfree.ca/dog-parks/niagara-falls-bark-park/","no","no",""
"/dog-parks/niagara-falls-dog-park/","Niagara Falls Dog Park Leash-Free Dog Park | LeashFree.ca","Niagara Falls Dog Park is a fully fenced, leash-free destination featuring a small dog area and open space for off-leash fun.","1","8178","","/search/?q=off-leash+parks; /search/?q=apartment+dog+breeds; /search/?q=dog+cost+calculator; /search/?q=puppy+names","","","0","https://leashfree.ca/dog-parks/niagara-falls-dog-park/","no","no",""
"/dog-parks/nicomekl-dog-area/","Nicomekl Dog Off-Leash Area | Surrey Dog Park Guide | LeashFree.ca","Source-backed guide to Nicomekl Dog Off-Leash Area in Surrey, including the official 3435 150 Street location, fenced one-acre layout, pathway-only access, no on-site parking, and the current city-source mismatch about...","1","11132","","/search/?q=off-leash+parks; /search/?q=apartment+dog+breeds; /search/?q=dog+cost+calculator; /search/?q=puppy+names","","","0","https://leashfree.ca/dog-parks/nicomekl-dog-area/","no","no",""
"/dog-parks/nipawin/","Dog Parks in Nipawin, Saskatchewan | Off-Leash Guide | LeashFree.ca","Source-backed guide to dog parks in Nipawin, Saskatchewan, based on the town's recreation pages, the listed Nipawin Dog Park, and current animal-control licensing rules.","1","7720","","/search/?q=off-leash+parks; /search/?q=apartment+dog+breeds; /search/?q=dog+cost+calculator; /search/?q=puppy+names","","","0","https://leashfree.ca/dog-parks/nipawin/","no","no",""
"/dog-parks/nipawin-dog-park/","Nipawin Dog Park | Nipawin, Saskatchewan | LeashFree.ca","Source-backed guide to Nipawin Dog Park in Nipawin, Saskatchewan, based on the town's recreation pages, listed dog-park inventory, and current animal-control licensing rules.","1","7336","","/search/?q=off-leash+parks; /search/?q=apartment+dog+breeds; /search/?q=dog+cost+calculator; /search/?q=puppy+names","","","0","https://leashfree.ca/dog-parks/nipawin-dog-park/","no","no",""
"/dog-parks/no-3-road-dog-off-leash-park/","No. 3 Road Dog Off-Leash Park Leash-Free Dog Park | LeashFree.ca","No. 3 Road Dog Off-Leash Park is a convenient fenced dog area in Chilliwack where dogs can run freely in a safe, open space.","1","9010","","/search/?q=off-leash+parks; /search/?q=apartment+dog+breeds; /search/?q=dog+cost+calculator; /search/?q=puppy+names","","","0","https://leashfree.ca/dog-parks/no-3-road-dog-off-leash-park/","no","no",""
"/dog-parks/north-battleford/","Dog Parks in North Battleford, Saskatchewan | Off-Leash Guide | LeashFree.ca","Source-backed guide to dog parks in North Battleford, Saskatchewan, based on the city's official dog park page, animal services section, and current pet-licensing rules.","1","7547","","/search/?q=off-leash+parks; /search/?q=apartment+dog+breeds; /search/?q=dog+cost+calculator; /search/?q=puppy+names","","","0","https://leashfree.ca/dog-parks/north-battleford/","no","no",""
"/dog-parks/north-battleford-off-leash-dog-park/","North Battleford Off-Leash Dog Park | North Battleford, Saskatchewan | LeashFree.ca","Source-backed guide to North Battleford Off-Leash Dog Park, including the city-published Airport Road location context, fenced status, year-round access, and official rules.","1","7504","","/search/?q=off-leash+parks; /search/?q=apartment+dog+breeds; /search/?q=dog+cost+calculator; /search/?q=puppy+names","","","0","https://leashfree.ca/dog-parks/north-battleford-off-leash-dog-park/","no","no",""
"/dog-parks/north-whitby-off-leash-dog-park/","North Whitby Off-Leash Dog Park Leash-Free Dog Park | LeashFree.ca","North Whitby Off-Leash Dog Park is a fenced green space where local dogs can enjoy off-leash fun and make furry friends.","1","7525","","/search/?q=off-leash+parks; /search/?q=apartment+dog+breeds; /search/?q=dog+cost+calculator; /search/?q=puppy+names","","","0","https://leashfree.ca/dog-parks/north-whitby-off-leash-dog-park/","no","no",""
"/dog-parks/norton-park/","Norton Park (Leash-Free Dog Area) | LeashFree.ca","Norton Park provides a well-equipped and secure environment for dogs to enjoy off-leash play in Burlington's Alton Village. With separate areas for different dog sizes and a range...","1","7790","","/search/?q=off-leash+parks; /search/?q=apartment+dog+breeds; /search/?q=dog+cost+calculator; /search/?q=puppy+names","","","0","https://leashfree.ca/dog-parks/norton-park/","no","no",""
"/dog-parks/norwood-park/","Norwood Park (Leash-Free Dog Area) | LeashFree.ca","Norwood Park offers a tidy, enclosed leash-free area in Toronto’s Upper Beaches, providing local dog owners with a safe and practical space for everyday dog exercise.","1","9158","","/search/?q=off-leash+parks; /search/?q=apartment+dog+breeds; /search/?q=dog+cost+calculator; /search/?q=puppy+names","","","0","https://leashfree.ca/dog-parks/norwood-park/","no","no",""
"/dog-parks/nose-hill-park/","Nose Hill Park (Leash-Free Dog Area) | LeashFree.ca","Nose Hill Park offers Calgary dog owners a vast open space to roam. Its leash-free zones stretch across prairie grasslands and winding trails with views of the Rockies and city sk...","1","7327","","/search/?q=off-leash+parks; /search/?q=apartment+dog+breeds; /search/?q=dog+cost+calculator; /search/?q=puppy+names","","","0","https://leashfree.ca/dog-parks/nose-hill-park/","no","no",""
"/dog-parks/oak-meadows-dog-park/","Oak Meadows Park (off-leash dog park) | LeashFree.ca","Oak Meadows Park is a well-loved off-leash dog park in Vancouver. This park features a grass surface and an open space for dogs to roam freely. It provides no water access, minima...","1","7531","","/search/?q=off-leash+parks; /search/?q=apartment+dog+breeds; /search/?q=dog+cost+calculator; /search/?q=puppy+names","","","0","https://leashfree.ca/dog-parks/oak-meadows-dog-park/","no","no",""
"/dog-parks/oakcrest-parkette/","Oakcrest Parkette (Leash-Free Dog Area) | LeashFree.ca","Oakcrest Parkette is a quaint, fenced off-leash area nestled in East Danforth, offering a low-key, safe space for nearby residents to let their dogs play and socialize.","1","9181","","/search/?q=off-leash+parks; /search/?q=apartment+dog+breeds; /search/?q=dog+cost+calculator; /search/?q=puppy+names","","","0","https://leashfree.ca/dog-parks/oakcrest-parkette/","no","no",""
"/dog-parks/oakes-road-dog-run/","Oakes Road Dog Run Leash-Free Dog Park in Grimsby, Ontario | LeashFree.ca","Oakes Road Dog Run features a long, secure, fully fenced dog run perfect for off-leash play in Grimsby.","1","8138","","/search/?q=off-leash+parks; /search/?q=apartment+dog+breeds; /search/?q=dog+cost+calculator; /search/?q=puppy+names","","","0","https://leashfree.ca/dog-parks/oakes-road-dog-run/","no","no",""
"/dog-parks/oakes-road-north/","Oakes Road North Leash-Free Dog Park Leash-Free Dog Park | LeashFree.ca","Oakes Road North Leash-Free Dog Park is a fenced grassy area in Grimsby, perfect for safe off-leash playtime and exercise.","1","8032","","/search/?q=off-leash+parks; /search/?q=apartment+dog+breeds; /search/?q=dog+cost+calculator; /search/?q=puppy+names","","","0","https://leashfree.ca/dog-parks/oakes-road-north/","no","no",""
"/dog-parks/oakville/","Dog Parks in Oakville, Ontario | Best Leash and leash Free Dog Parks | LeashFree.ca","Explore the best off-leash dog parks in Oakville, Ontario. Find fenced and unfenced leash-free zones, parking, and dog-friendly trails where pets can run, play, and socialize safely.","1","15388","","/search/?q=off-leash+parks; /search/?q=apartment+dog+breeds; /search/?q=dog+cost+calculator; /search/?q=puppy+names","","","0","https://leashfree.ca/dog-parks/oakville/","no","no",""
"/dog-parks/on/","Ontario Dog Parks: Map, City Guides, and Off-Leash Areas | LeashFree.ca","Browse dog parks and city dog park guides for Ontario.","1","40760","","/search/?q=off-leash+parks; /search/?q=apartment+dog+breeds; /search/?q=dog+cost+calculator; /search/?q=puppy+names","","","0","https://leashfree.ca/dog-parks/on/","no","no",""
"/dog-parks/orphans-green/","Orphan's Green (Leash-Free Dog Area) | LeashFree.ca","Orphan's Green in Corktown offers a basic but functional leash-free area, ideal for quick dog breaks in the city.","1","8666","","/search/?q=off-leash+parks; /search/?q=apartment+dog+breeds; /search/?q=dog+cost+calculator; /search/?q=puppy+names","","","0","https://leashfree.ca/dog-parks/orphans-green/","no","no",""
"/dog-parks/oshawa/","Dog Parks in Oshawa, Ontario | Off-Leash Guide | LeashFree.ca","Source-backed guide to dog parks in Oshawa, Ontario, covering Clare Ford's renamed Harmony Valley off-leash trails, Cordova Valley's fenced small-dog area, current licensing requirements, and posted park rules.","1","9428","","/search/?q=off-leash+parks; /search/?q=apartment+dog+breeds; /search/?q=dog+cost+calculator; /search/?q=puppy+names","","","0","https://leashfree.ca/dog-parks/oshawa/","no","no",""
"/dog-parks/oshawa-harmony-valley-park/","Harmony Valley Park Leash-Free Dog Park | LeashFree.ca","Harmony Valley Park in Oshawa is a large, popular leash-free destination with wooded trails, open meadows, and a dedicated area for small dogs.","1","7501","","/search/?q=off-leash+parks; /search/?q=apartment+dog+breeds; /search/?q=dog+cost+calculator; /search/?q=puppy+names","","","0","https://leashfree.ca/dog-parks/oshawa-harmony-valley-park/","no","no",""
"/dog-parks/oswald-park-victoria/","Oswald Park Leash-Free Area | LeashFree.ca","Oswald Park is a low-key park in Victoria where dogs can enjoy off-leash play in a green and friendly setting.","1","8134","","/search/?q=off-leash+parks; /search/?q=apartment+dog+breeds; /search/?q=dog+cost+calculator; /search/?q=puppy+names","","","0","https://leashfree.ca/dog-parks/oswald-park-victoria/","no","no",""
"/dog-parks/ottawa/","Dog Parks in Ottawa | LeashFree.ca","Discover the top leash-free dog parks in Ottawa. Explore fully fenced off-leash areas, wooded trails, and wide-open dog parks across the city.","1","13030","","/search/?q=off-leash+parks; /search/?q=apartment+dog+breeds; /search/?q=dog+cost+calculator; /search/?q=puppy+names","","","0","https://leashfree.ca/dog-parks/ottawa/","no","no",""
"/dog-parks/oxbows-off-leash-dog-park/","Oxbows Off Leash Dog Park | LeashFree.ca","Oxbows Off Leash Dog Park is Red Deer's premier fenced dog park, offering agility features, multiple trails, and ample space for dogs of all sizes.","1","8279","","/search/?q=off-leash+parks; /search/?q=apartment+dog+breeds; /search/?q=dog+cost+calculator; /search/?q=puppy+names","","","0","https://leashfree.ca/dog-parks/oxbows-off-leash-dog-park/","no","no",""
"/dog-parks/paisley-dog-park/","Paisley Dog Park | LeashFree.ca","Paisley Dog Park in Edmonton is a large, fully enclosed dog park that includes a small dog area and plenty of room for exercise.","1","9356","","/search/?q=off-leash+parks; /search/?q=apartment+dog+breeds; /search/?q=dog+cost+calculator; /search/?q=puppy+names","","","0","https://leashfree.ca/dog-parks/paisley-dog-park/","no","no",""
"/dog-parks/palermo-park/","Palermo Park (Leash-Free Dog Area) | LeashFree.ca","Palermo Park offers Oakville residents a generous off-leash area within a larger multi-use park. With its expansive space, safety features, and surrounding walking trails, it's a...","1","8063","","/search/?q=off-leash+parks; /search/?q=apartment+dog+breeds; /search/?q=dog+cost+calculator; /search/?q=puppy+names","","","0","https://leashfree.ca/dog-parks/palermo-park/","no","no",""
"/dog-parks/pandora-dog-park-vancouver/","Pandora Park (off-leash dog park) | LeashFree.ca","Pandora Park is a well-loved off-leash dog park in Vancouver. This park features a grass surface and an open space for dogs to roam freely. It provides no water access, minimal sh...","1","7632","","/search/?q=off-leash+parks; /search/?q=apartment+dog+breeds; /search/?q=dog+cost+calculator; /search/?q=puppy+names","","","0","https://leashfree.ca/dog-parks/pandora-dog-park-vancouver/","no","no",""
"/dog-parks/parc-allen-dog-exercise-area/","Parc Allen Dog Exercise Area | Gatineau | LeashFree.ca","Source-backed guide to Parc Allen Dog Exercise Area in Gatineau, Quebec, including current city status and dog-rule requirements.","1","7595","","/search/?q=off-leash+parks; /search/?q=apartment+dog+breeds; /search/?q=dog+cost+calculator; /search/?q=puppy+names","","","0","https://leashfree.ca/dog-parks/parc-allen-dog-exercise-area/","no","no",""
"/dog-parks/parc-canin-de-la-pente-douce/","Parc canin de la Pente-Douce Leash-Free Dog Park | LeashFree.ca","Parc canin de la Pente-Douce is a popular leash-free dog park in Quebec City, known for its spacious green area and friendly community. It’s a great spot for dogs to socialize and...","1","8431","","/search/?q=off-leash+parks; /search/?q=apartment+dog+breeds; /search/?q=dog+cost+calculator; /search/?q=puppy+names","","","0","https://leashfree.ca/dog-parks/parc-canin-de-la-pente-douce/","no","no",""
"/dog-parks/parc-canin-des-rossignols/","Parc canin des Rossignols | Laval | LeashFree.ca","Source-backed guide to Parc canin des Rossignols in Laval, Quebec, including the official address, published hours, and city dog-park rules.","1","7882","","/search/?q=off-leash+parks; /search/?q=apartment+dog+breeds; /search/?q=dog+cost+calculator; /search/?q=puppy+names","","","0","https://leashfree.ca/dog-parks/parc-canin-des-rossignols/","no","no",""
"/dog-parks/parc-canin-lava/","Parc canin Lava | Laval | LeashFree.ca","Source-backed guide to Parc canin Lava in Laval, Quebec, including the official address, year-round hours, and current city dog-park rules.","1","7741","","/search/?q=off-leash+parks; /search/?q=apartment+dog+breeds; /search/?q=dog+cost+calculator; /search/?q=puppy+names","","","0","https://leashfree.ca/dog-parks/parc-canin-lava/","no","no",""
"/dog-parks/parc-canin-saint-augustin-de-desmaures/","Parc canin Saint-Augustin-de-Desmaures Leash-Free Dog Park | LeashFree.ca","Parc canin Saint-Augustin-de-Desmaures is a large off-leash dog park near Quebec City, known for its calm surroundings and open space. It’s a great retreat for dogs and their owne...","1","6630","","/search/?q=off-leash+parks; /search/?q=apartment+dog+breeds; /search/?q=dog+cost+calculator; /search/?q=puppy+names","","","0","https://leashfree.ca/dog-parks/parc-canin-saint-augustin-de-desmaures/","no","no",""
"/dog-parks/parc-de-duberger/","Parc de Duberger Leash-Free Dog Park | LeashFree.ca","Parc de Duberger is a designated off-leash dog park in Quebec City, known for its mix of wooded areas and open zones. Dogs can enjoy off-leash play while exploring nearby trails.","1","8277","","/search/?q=off-leash+parks; /search/?q=apartment+dog+breeds; /search/?q=dog+cost+calculator; /search/?q=puppy+names","","","0","https://leashfree.ca/dog-parks/parc-de-duberger/","no","no",""
"/dog-parks/parc-de-la-louisianne-dog-park/","Parc de la Louisianne Dog Park | LeashFree.ca","Parc de la Louisianne Dog Park is a large leash-free area in Montreal, known for its green space and relaxed vibe. It’s ideal for energetic dogs looking to burn off steam.","1","8694","","/search/?q=off-leash+parks; /search/?q=apartment+dog+breeds; /search/?q=dog+cost+calculator; /search/?q=puppy+names","","","0","https://leashfree.ca/dog-parks/parc-de-la-louisianne-dog-park/","no","no",""
"/dog-parks/parc-de-la-technologie-off-leash-area/","Parc de la Technologie Off-Leash Area | Gatineau | LeashFree.ca","Source-backed guide to Parc de la Technologie Off-Leash Area in Gatineau, Quebec, including current city status and dog-rule requirements.","1","7608","","/search/?q=off-leash+parks; /search/?q=apartment+dog+breeds; /search/?q=dog+cost+calculator; /search/?q=puppy+names","","","0","https://leashfree.ca/dog-parks/parc-de-la-technologie-off-leash-area/","no","no",""
"/dog-parks/parc-du-sault-au-recollet-dog-park/","Parc du Sault-au-Récollet Dog Park | LeashFree.ca","Parc du Sault-au-Récollet Dog Park is a charming leash-free area in Montreal, known for its tranquil setting near the river. It’s a hidden gem for dog lovers seeking peace and spa...","1","8729","","/search/?q=off-leash+parks; /search/?q=apartment+dog+breeds; /search/?q=dog+cost+calculator; /search/?q=puppy+names","","","0","https://leashfree.ca/dog-parks/parc-du-sault-au-recollet-dog-park/","no","no",""
"/dog-parks/parc-jeanne-mance-dog-park/","Parc Jeanne-Mance Dog Park Leash-Free Dog Park | LeashFree.ca","Parc Jeanne-Mance Dog Park is a popular off-leash space in Montreal, loved for its downtown convenience and shaded spots. Dogs can roam freely while owners relax nearby.","1","8707","","/search/?q=off-leash+parks; /search/?q=apartment+dog+breeds; /search/?q=dog+cost+calculator; /search/?q=puppy+names","","","0","https://leashfree.ca/dog-parks/parc-jeanne-mance-dog-park/","no","no",""
"/dog-parks/parc-laurier-dog-run/","Parc Laurier Dog Run Leash-Free Dog Park | LeashFree.ca","Parc Laurier Dog Run is a beloved leash-free dog park in Montreal, known for its lively atmosphere and central location. It’s a great place for dogs to play and socialize year-rou...","1","8648","","/search/?q=off-leash+parks; /search/?q=apartment+dog+breeds; /search/?q=dog+cost+calculator; /search/?q=puppy+names","","","0","https://leashfree.ca/dog-parks/parc-laurier-dog-run/","no","no",""
"/dog-parks/parc-laval-ouest-site-saint-antoine-dog-exercise-area/","Parc Laval-Ouest, site Saint-Antoine Dog Exercise Area | Laval | LeashFree.ca","Source-backed guide to the dog exercise area at Parc Laval-Ouest, site Saint-Antoine in Laval, Quebec, including the official address, hours, and city rules.","1","7974","","/search/?q=off-leash+parks; /search/?q=apartment+dog+breeds; /search/?q=dog+cost+calculator; /search/?q=puppy+names","","","0","https://leashfree.ca/dog-parks/parc-laval-ouest-site-saint-antoine-dog-exercise-area/","no","no",""
"/dog-parks/parc-sir-wilfrid-laurier-dog-park/","Parc Sir-Wilfrid-Laurier Dog Park | LeashFree.ca","Parc Sir-Wilfrid-Laurier Dog Park is a popular leash-free dog park in Montreal, known for its vibrant atmosphere and convenient Plateau location. It’s a great spot for dogs to run...","1","8599","","/search/?q=off-leash+parks; /search/?q=apartment+dog+breeds; /search/?q=dog+cost+calculator; /search/?q=puppy+names","","","0","https://leashfree.ca/dog-parks/parc-sir-wilfrid-laurier-dog-park/","no","no",""
"/dog-parks/park-n-bark-off-leash-dog-area/","Park ’n’ Bark Off-Leash Dog Area | LeashFree.ca","Park ’n’ Bark Off-Leash Dog Area in North Lethbridge is a compact, fenced space where dogs can safely exercise and socialize.","1","8475","","/search/?q=off-leash+parks; /search/?q=apartment+dog+breeds; /search/?q=dog+cost+calculator; /search/?q=puppy+names","","","0","https://leashfree.ca/dog-parks/park-n-bark-off-leash-dog-area/","no","no",""
"/dog-parks/parkway-belt-dog-park/","Parkway Belt Park (Leash-Free Dog Area) | LeashFree.ca","Parkway Belt Leash-Free Dog Park offers a large, grassy space where dogs can run and socialize off-leash. Conveniently located near major roads, it’s a great option for both short...","1","9032","","/search/?q=off-leash+parks; /search/?q=apartment+dog+breeds; /search/?q=dog+cost+calculator; /search/?q=puppy+names","","","0","https://leashfree.ca/dog-parks/parkway-belt-dog-park/","no","no",""
"/dog-parks/pathfinder-park/","Pathfinder Park (Leash-Free Dog Area) | LeashFree.ca","Pathfinder Park offers a dedicated leash-free area in Burlington's Orchard neighborhood, providing a safe and convenient space for dogs to enjoy off-leash play. With its secure fe...","1","7576","","/search/?q=off-leash+parks; /search/?q=apartment+dog+breeds; /search/?q=dog+cost+calculator; /search/?q=puppy+names","","","0","https://leashfree.ca/dog-parks/pathfinder-park/","no","no",""
"/dog-parks/paul-coffey-park/","Paul Coffey Park (Leash-Free Dog Park) | LeashFree.ca","Set within the dynamic Paul Coffey Park in Malton, the leash-free area provides a secure environment for dogs to roam and play while owners relax and connect with fellow pet lover...","1","9051","","/search/?q=off-leash+parks; /search/?q=apartment+dog+breeds; /search/?q=dog+cost+calculator; /search/?q=puppy+names","","","0","https://leashfree.ca/dog-parks/paul-coffey-park/","no","no",""
"/dog-parks/paul-mostoway-dog-park/","Paul Mostoway Dog Park Leash-Free Dog Park | LeashFree.ca","Paul Mostoway Dog Park in Saskatoon provides an open off-leash area in a peaceful suburban setting, great for regular dog walks.","1","8593","","/search/?q=off-leash+parks; /search/?q=apartment+dog+breeds; /search/?q=dog+cost+calculator; /search/?q=puppy+names","","","0","https://leashfree.ca/dog-parks/paul-mostoway-dog-park/","no","no",""
"/dog-parks/peach-park-chilliwack/","Peach Park Leash-Free Dog Park | LeashFree.ca","Peach Park is a cozy neighborhood leash-free dog park in Chilliwack, ideal for dogs to stretch their legs and play.","1","8905","","/search/?q=off-leash+parks; /search/?q=apartment+dog+breeds; /search/?q=dog+cost+calculator; /search/?q=puppy+names","","","0","https://leashfree.ca/dog-parks/peach-park-chilliwack/","no","no",""
"/dog-parks/pearce-estate-park-off-leash-area/","Pearce Estate Park (Leash-Free Riverside Nature) | LeashFree.ca","Pearce Estate Park provides a beautiful riverside setting for dogs and owners to enjoy nature walks and off-leash time amid wetlands and trails.","1","7493","","/search/?q=off-leash+parks; /search/?q=apartment+dog+breeds; /search/?q=dog+cost+calculator; /search/?q=puppy+names","","","0","https://leashfree.ca/dog-parks/pearce-estate-park-off-leash-area/","no","no",""
"/dog-parks/pearson-park-chilliwack/","Pearson Park Leash-Free Dog Park | LeashFree.ca","Pearson Park in Chilliwack is a quiet green space where dogs can enjoy some leash-free time in the neighborhood.","1","8874","","/search/?q=off-leash+parks; /search/?q=apartment+dog+breeds; /search/?q=dog+cost+calculator; /search/?q=puppy+names","","","0","https://leashfree.ca/dog-parks/pearson-park-chilliwack/","no","no",""
"/dog-parks/peenaquim-park-off-leash-area/","Peenaquim Park Off-Leash Area | LeashFree.ca","Peenaquim Park Off-Leash Area is the largest dog park in Lethbridge, offering wide-open space and scenic trails along the river valley.","1","8443","","/search/?q=off-leash+parks; /search/?q=apartment+dog+breeds; /search/?q=dog+cost+calculator; /search/?q=puppy+names","","","0","https://leashfree.ca/dog-parks/peenaquim-park-off-leash-area/","no","no",""
"/dog-parks/pemberton-park-victoria/","Pemberton Park Leash-Free Area | LeashFree.ca","Pemberton Park in Victoria is a welcoming green space where dogs can enjoy off-leash play in a peaceful setting.","1","8185","","/search/?q=off-leash+parks; /search/?q=apartment+dog+breeds; /search/?q=dog+cost+calculator; /search/?q=puppy+names","","","0","https://leashfree.ca/dog-parks/pemberton-park-victoria/","no","no",""
"/dog-parks/peter-misersky-park/","Peter Misersky Park (Leash-Free Dog Area) | LeashFree.ca","Peter Misersky Park in Guelph is a popular destination for dog owners looking to let their pets roam in a large, leash-free environment. While unfenced, the area is surrounded by...","1","9257","","/search/?q=off-leash+parks; /search/?q=apartment+dog+breeds; /search/?q=dog+cost+calculator; /search/?q=puppy+names","","","0","https://leashfree.ca/dog-parks/peter-misersky-park/","no","no",""
"/dog-parks/pickering/","Dog Parks in Pickering Ontario | LeashFree.ca","Looking for leash-free dog parks in Pickering, Ontario? Discover safe, fenced spaces where dogs can run, play, and socialize off-leash year-round.","1","7667","","/search/?q=off-leash+parks; /search/?q=apartment+dog+breeds; /search/?q=dog+cost+calculator; /search/?q=puppy+names","","","0","https://leashfree.ca/dog-parks/pickering/","no","no",""
"/dog-parks/pickering-dog-park/","Pickering Dog Park Leash-Free Dog Park | LeashFree.ca","Pickering Dog Park is a friendly, fenced-in area for local dog owners to enjoy off-leash fun with their pets.","1","7447","","/search/?q=off-leash+parks; /search/?q=apartment+dog+breeds; /search/?q=dog+cost+calculator; /search/?q=puppy+names","","","0","https://leashfree.ca/dog-parks/pickering-dog-park/","no","no",""
"/dog-parks/pocket-designated-off-leash-area/","The Pocket – Phin Avenue Parkette (Leash-Free Dog Area) | LeashFree.ca","The Pocket’s Phin Avenue Parkette offers a charming, neighborhood-centric leash-free zone with just the right amount of space and shade for relaxed, off-leash outings.","1","9081","","/search/?q=off-leash+parks; /search/?q=apartment+dog+breeds; /search/?q=dog+cost+calculator; /search/?q=puppy+names","","","0","https://leashfree.ca/dog-parks/pocket-designated-off-leash-area/","no","no",""
"/dog-parks/point-pleasant-park/","Point Pleasant Park Leash-Free Dog Park | LeashFree.ca","Point Pleasant Park is a beloved leash-free dog park in Halifax, known for coastal scenery and well-marked off-leash trails. It is a great place for dogs to explore wide paths and...","1","9063","","/search/?q=off-leash+parks; /search/?q=apartment+dog+breeds; /search/?q=dog+cost+calculator; /search/?q=puppy+names","","","0","https://leashfree.ca/dog-parks/point-pleasant-park/","no","no",""
"/dog-parks/popson-park-off-leash-area/","Popson Park Off-Leash Area | LeashFree.ca","Popson Park Off-Leash Area in Lethbridge is a nature-filled park with river access and winding trails perfect for adventurous dogs.","1","8422","","/search/?q=off-leash+parks; /search/?q=apartment+dog+breeds; /search/?q=dog+cost+calculator; /search/?q=puppy+names","","","0","https://leashfree.ca/dog-parks/popson-park-off-leash-area/","no","no",""
"/dog-parks/portage-la-prairie/","Dog Parks in Portage la Prairie, Manitoba | Off-Leash Guide | LeashFree.ca","Source-backed guide to dog parks in Portage la Prairie, Manitoba, covering current city licensing rules, common animal-control fines, and the designated off-leash area at Yellow Quill Provincial Park.","1","9607","","/search/?q=off-leash+parks; /search/?q=apartment+dog+breeds; /search/?q=dog+cost+calculator; /search/?q=puppy+names","","","0","https://leashfree.ca/dog-parks/portage-la-prairie/","no","no",""
"/dog-parks/post-park/","Post Park (Leash-Free Dog Area) | LeashFree.ca","Post Park offers Oakville residents a serene and secure environment for off-leash dog play. With its shaded areas, separate sections for different dog sizes, and additional family...","1","7993","","/search/?q=off-leash+parks; /search/?q=apartment+dog+breeds; /search/?q=dog+cost+calculator; /search/?q=puppy+names","","","0","https://leashfree.ca/dog-parks/post-park/","no","no",""
"/dog-parks/pottersburg-fido-off-leash-dog-area/","Pottersburg-FIDO Off-Leash Dog Area | LeashFree.ca","Pottersburg-FIDO Off-Leash Dog Area in London is a large, well-maintained park with shaded trails and separate spaces for small and large dogs. It’s ideal for safe play and commun...","1","9241","","/search/?q=off-leash+parks; /search/?q=apartment+dog+breeds; /search/?q=dog+cost+calculator; /search/?q=puppy+names","","","0","https://leashfree.ca/dog-parks/pottersburg-fido-off-leash-dog-area/","no","no",""
"/dog-parks/powell-park/","Powell Park Dog Park in Hamilton, Ontario | LeashFree.ca","Powell Park provides a small neighborhood green space with paved walking paths for quick on-leash dog walks in Hamilton.","1","8297","","/search/?q=off-leash+parks; /search/?q=apartment+dog+breeds; /search/?q=dog+cost+calculator; /search/?q=puppy+names","","","0","https://leashfree.ca/dog-parks/powell-park/","no","no",""
"/dog-parks/primrose-park/","Primrose Park Leash-Free Dog Park | LeashFree.ca","Primrose Park offers a compact leash-free space for downtown Ottawa residents, perfect for quick dog play breaks.","1","8395","","/search/?q=off-leash+parks; /search/?q=apartment+dog+breeds; /search/?q=dog+cost+calculator; /search/?q=puppy+names","","","0","https://leashfree.ca/dog-parks/primrose-park/","no","no",""
"/dog-parks/prince-albert/","Dog Parks in Prince Albert, Saskatchewan | Off-Leash Guide | LeashFree.ca","Source-backed guide to dog parks in Prince Albert, Saskatchewan, built around current city pet rules and the community off-leash space beside the Prince Albert SPCA.","1","8845","","/search/?q=off-leash+parks; /search/?q=apartment+dog+breeds; /search/?q=dog+cost+calculator; /search/?q=puppy+names","","","0","https://leashfree.ca/dog-parks/prince-albert/","no","no",""
"/dog-parks/prospect-park-halton-hills/","Prospect Park Leash Free Dog Park in Halton Hills, Ontario | LeashFree.ca","Prospect Park provides a fully fenced off-leash dog park with grass surface and easy access for Acton and Halton Hills residents.","1","8317","","/search/?q=off-leash+parks; /search/?q=apartment+dog+breeds; /search/?q=dog+cost+calculator; /search/?q=puppy+names","","","0","https://leashfree.ca/dog-parks/prospect-park-halton-hills/","no","no",""
"/dog-parks/pump-hill-off-leash-area/","Pump Hill Off-Leash Area (Quiet Residential Trail) | LeashFree.ca","The Pump Hill Off-Leash Area offers a peaceful tree-lined walking path in a quiet residential neighborhood, perfect for dogs that enjoy a relaxed stroll.","1","7429","","/search/?q=off-leash+parks; /search/?q=apartment+dog+breeds; /search/?q=dog+cost+calculator; /search/?q=puppy+names","","","0","https://leashfree.ca/dog-parks/pump-hill-off-leash-area/","no","no",""
"/dog-parks/qc/","Quebec Dog Parks: Map, City Guides, and Off-Leash Areas | LeashFree.ca","Browse dog parks and city dog park guides for Quebec.","1","13623","","/search/?q=off-leash+parks; /search/?q=apartment+dog+breeds; /search/?q=dog+cost+calculator; /search/?q=puppy+names","","","0","https://leashfree.ca/dog-parks/qc/","no","no",""
"/dog-parks/qoqolem-park-chilliwack/","Qoqó:lem Park Leash-Free Dog Park | LeashFree.ca","Qoqólem Park is a scenic leash-free dog park in Chilliwack featuring a 3 km gravel trail loop with sweeping views of the Vedder River Valley. It’s a local favorite for hiking with...","1","9494","","/search/?q=off-leash+parks; /search/?q=apartment+dog+breeds; /search/?q=dog+cost+calculator; /search/?q=puppy+names","","","0","https://leashfree.ca/dog-parks/qoqolem-park-chilliwack/","no","no",""
"/dog-parks/quebec-city/","Dog Parks in Quebec City, Quebec | Off-Leash Guide | LeashFree.ca","Source-backed guide to dog parks in Quebec City, Quebec, based on Ville de Québec canine-space listings, dog rules, registration requirements, and municipal regulation.","1","10665","","/search/?q=off-leash+parks; /search/?q=apartment+dog+breeds; /search/?q=dog+cost+calculator; /search/?q=puppy+names","","","0","https://leashfree.ca/dog-parks/quebec-city/","no","no",""
"/dog-parks/queen-elizabeth-dog-park/","Queen Elizabeth Park (off-leash dog park) | LeashFree.ca","Queen Elizabeth Park is a well-loved off-leash dog park in Vancouver. This park features a grass surface and an open space for dogs to roam freely. It provides no water access, mi...","1","7575","","/search/?q=off-leash+parks; /search/?q=apartment+dog+breeds; /search/?q=dog+cost+calculator; /search/?q=puppy+names","","","0","https://leashfree.ca/dog-parks/queen-elizabeth-dog-park/","no","no",""
"/dog-parks/queens-park/","Queens Park Leash Free Area | LeashFree.ca","Queens Park is a low-key dog park in Ladysmith, perfect for casual off-leash fun in a green open space.","1","8503","","/search/?q=off-leash+parks; /search/?q=apartment+dog+breeds; /search/?q=dog+cost+calculator; /search/?q=puppy+names","","","0","https://leashfree.ca/dog-parks/queens-park/","no","no",""
"/dog-parks/queens-park-new-westminster/","Queen's Park Leash Free Dog Park | LeashFree.ca","Queen's Park is a popular off-leash dog park in New Westminster, known for its spacious layout and shaded walking trails.","1","8398","","/search/?q=off-leash+parks; /search/?q=apartment+dog+breeds; /search/?q=dog+cost+calculator; /search/?q=puppy+names","","","0","https://leashfree.ca/dog-parks/queens-park-new-westminster/","no","no",""
"/dog-parks/queensborough-new-westminster/","Queensborough Dog Park Leash Free Area | LeashFree.ca","Queensborough Dog Park offers a quiet, fenced-off leash area in New Westminster for safe and social canine outings.","1","8274","","/search/?q=off-leash+parks; /search/?q=apartment+dog+breeds; /search/?q=dog+cost+calculator; /search/?q=puppy+names","","","0","https://leashfree.ca/dog-parks/queensborough-new-westminster/","no","no",""
"/dog-parks/queensland-off-leash-area/","Queensland Off-Leash Area | Calgary Areas 1-3 Guide | LeashFree.ca","Source-backed guide to Queensland Off-Leash Area in Calgary, covering the City of Calgary’s three mapped Queensland off-leash sites, multi-use rules, pathway leash requirement, and practical visit context for southeast...","1","11420","","/search/?q=off-leash+parks; /search/?q=apartment+dog+breeds; /search/?q=dog+cost+calculator; /search/?q=puppy+names","","","0","https://leashfree.ca/dog-parks/queensland-off-leash-area/","no","no",""
"/dog-parks/quenippenon-park/","Quenippenon Park (Leash-Free Dog Park) | LeashFree.ca","Tucked inside the busy Quenippenon Park, this leash-free area is a favorite among nearby dog owners for its convenience and secure play space.","1","9131","","/search/?q=off-leash+parks; /search/?q=apartment+dog+breeds; /search/?q=dog+cost+calculator; /search/?q=puppy+names","","","0","https://leashfree.ca/dog-parks/quenippenon-park/","no","no",""
"/dog-parks/quilchena-dog-park/","Quilchena Park (off-leash dog park) | LeashFree.ca","Quilchena Park is a well-loved off-leash dog park in Vancouver. This park features a grass surface and an open space for dogs to roam freely. It provides no water access, minimal...","1","7488","","/search/?q=off-leash+parks; /search/?q=apartment+dog+breeds; /search/?q=dog+cost+calculator; /search/?q=puppy+names","","","0","https://leashfree.ca/dog-parks/quilchena-dog-park/","no","no",""
"/dog-parks/quinte-dog-park/","Quinte Dog Park Leash Free Dog Park | LeashFree.ca","Quinte Dog Park is a beloved fenced dog park in Belleville, offering shaded areas and open grassy fields for dogs to run and socialize.","1","8324","","/search/?q=off-leash+parks; /search/?q=apartment+dog+breeds; /search/?q=dog+cost+calculator; /search/?q=puppy+names","","","0","https://leashfree.ca/dog-parks/quinte-dog-park/","no","no",""
"/dog-parks/quinte-west/","Quinte West Dog Park and Dog Licence Rules | LeashFree.ca","Source-backed guide to Quinte West dog parks and dog licence rules, covering Hanna Park and the Kinsmen Community Dog Park, current park rules, annual tag fees, and animal-control requirements.","1","9314","","/search/?q=off-leash+parks; /search/?q=apartment+dog+breeds; /search/?q=dog+cost+calculator; /search/?q=puppy+names","","","0","https://leashfree.ca/dog-parks/quinte-west/","no","no",""
"/dog-parks/r-h-brekko-lake-off-leash-area/","R.H. Brekko Lake Off-Leash Area | Lloydminster | LeashFree.ca","Source-backed guide to R.H. Brekko Lake Off-Leash Area in Lloydminster, including the city-published location and unfenced-use context.","1","7640","","/search/?q=off-leash+parks; /search/?q=apartment+dog+breeds; /search/?q=dog+cost+calculator; /search/?q=puppy+names","","","0","https://leashfree.ca/dog-parks/r-h-brekko-lake-off-leash-area/","no","no",""
"/dog-parks/ramsay-off-leash-area/","Ramsay Off-Leash Area (Community Hilltop Zone) | LeashFree.ca","Set atop a gentle hill, Ramsay’s off-leash zone provides panoramic views and open space for dog owners seeking a natural city escape.","1","7362","","/search/?q=off-leash+parks; /search/?q=apartment+dog+breeds; /search/?q=dog+cost+calculator; /search/?q=puppy+names","","","0","https://leashfree.ca/dog-parks/ramsay-off-leash-area/","no","no",""
"/dog-parks/ramsden-park/","Ramsden Park (Leash-Free Dog Area) | LeashFree.ca","Ramsden Park offers a feature-rich leash-free dog area with separate zones for small and large dogs, all within a central downtown green space.","1","8806","","/search/?q=off-leash+parks; /search/?q=apartment+dog+breeds; /search/?q=dog+cost+calculator; /search/?q=puppy+names","","","0","https://leashfree.ca/dog-parks/ramsden-park/","no","no",""
"/dog-parks/raven-park-ladysmith/","Raven Park Leash-Free Area | LeashFree.ca","Raven Park in Ladysmith is a peaceful off-leash space for neighborhood dogs to stretch their legs and enjoy the outdoors.","1","8493","","/search/?q=off-leash+parks; /search/?q=apartment+dog+breeds; /search/?q=dog+cost+calculator; /search/?q=puppy+names","","","0","https://leashfree.ca/dog-parks/raven-park-ladysmith/","no","no",""
"/dog-parks/raymore-park/","Raymore Park Leash-Free Dog Park | LeashFree.ca","Raymore Park is a modest community off-leash park in Etobicoke, offering open grassy areas for dogs to play.","1","8253","","/search/?q=off-leash+parks; /search/?q=apartment+dog+breeds; /search/?q=dog+cost+calculator; /search/?q=puppy+names","","","0","https://leashfree.ca/dog-parks/raymore-park/","no","no",""
"/dog-parks/red-deer/","Red Deer Dog Parks | Official Off-Leash Guide | LeashFree.ca","Source-backed guide to Red Deer dog parks, covering the city's two official off-leash parks, Oxbows and Three Mile Bend, current licence requirements, wildlife-control rules, leash-handling expectations, and current con...","1","10772","","/search/?q=off-leash+parks; /search/?q=apartment+dog+breeds; /search/?q=dog+cost+calculator; /search/?q=puppy+names","","","0","https://leashfree.ca/dog-parks/red-deer/","no","no",""
"/dog-parks/regent-park/","Regent Park (Leash-Free Dog Area) | LeashFree.ca","Regent Park features a compact, fully fenced dog park in the heart of downtown Toronto, ideal for quick visits and city pup socialization.","1","7377","","/search/?q=off-leash+parks; /search/?q=apartment+dog+breeds; /search/?q=dog+cost+calculator; /search/?q=puppy+names","","","0","https://leashfree.ca/dog-parks/regent-park/","no","no",""
"/dog-parks/regina/","Dog Parks in Regina, Saskatchewan | Off-Leash Guide | LeashFree.ca","Source-backed guide to dog parks in Regina, Saskatchewan, covering the city's five year-round parks, eight seasonal rink-based off-leash areas, small-dog rules, licensing requirements, and current posted hours.","1","12343","","/search/?q=off-leash+parks; /search/?q=apartment+dog+breeds; /search/?q=dog+cost+calculator; /search/?q=puppy+names","","","0","https://leashfree.ca/dog-parks/regina/","no","no",""
"/dog-parks/renfrew-community-dog-park/","Renfrew Community Park (off-leash dog park) | LeashFree.ca","Renfrew Community Park is a well-loved off-leash dog park in Vancouver. This park features a grass,sand, wood surface and an open space for dogs to roam freely. It provides no wat...","1","7689","","/search/?q=off-leash+parks; /search/?q=apartment+dog+breeds; /search/?q=dog+cost+calculator; /search/?q=puppy+names","","","0","https://leashfree.ca/dog-parks/renfrew-community-dog-park/","no","no",""
"/dog-parks/renfrew-off-leash-park/","Renfrew Off-Leash Park (NE Calgary) | LeashFree.ca","Renfrew Off-Leash Park is a spacious area in Calgary's northeast, offering natural terrain and scenic views for dogs and their owners to enjoy.","1","7513","","/search/?q=off-leash+parks; /search/?q=apartment+dog+breeds; /search/?q=dog+cost+calculator; /search/?q=puppy+names","","","0","https://leashfree.ca/dog-parks/renfrew-off-leash-park/","no","no",""
"/dog-parks/reservoir-park-wolfville/","Reservoir Park Leash-Free Dog Park | LeashFree.ca","Reservoir Park in Wolfville is a scenic leash-free destination with a dog-friendly beach and surrounding trails. It’s a great spot for dogs to swim, explore, and socialize.","1","6467","","/search/?q=off-leash+parks; /search/?q=apartment+dog+breeds; /search/?q=dog+cost+calculator; /search/?q=puppy+names","","","0","https://leashfree.ca/dog-parks/reservoir-park-wolfville/","no","no",""
"/dog-parks/restoule/","Restoule Dog Beach and Provincial Park Rules | LeashFree.ca","Source-backed guide to Restoule dog access, covering Restoule Provincial Park’s fenced leash-free pet exercise area, dog-friendly beach access, trail rules, and 2026 operating dates.","1","8536","","/search/?q=off-leash+parks; /search/?q=apartment+dog+breeds; /search/?q=dog+cost+calculator; /search/?q=puppy+names","","","0","https://leashfree.ca/dog-parks/restoule/","no","no",""
"/dog-parks/restoule-provincial-park/","Restoule Provincial Park Leash-Free Dog Park | LeashFree.ca","Restoule Provincial Park features an off-leash beach and scenic hiking trails, making it an ideal spot for adventurous dogs and their owners.","1","7477","","/search/?q=off-leash+parks; /search/?q=apartment+dog+breeds; /search/?q=dog+cost+calculator; /search/?q=puppy+names","","","0","https://leashfree.ca/dog-parks/restoule-provincial-park/","no","no",""
"/dog-parks/river-park-off-leash-area/","River Park Off-Leash Area (SW Calgary) | LeashFree.ca","River Park Off-Leash Area is a vibrant community space along the Elbow River, offering lush grass and scenic pathways for dogs and owners alike.","1","7441","","/search/?q=off-leash+parks; /search/?q=apartment+dog+breeds; /search/?q=dog+cost+calculator; /search/?q=puppy+names","","","0","https://leashfree.ca/dog-parks/river-park-off-leash-area/","no","no",""
"/dog-parks/riverain-fenced-dog-park/","Riverain Fenced Dog Park | LeashFree.ca","Located along the Rideau River, Riverain Fenced Dog Park provides a convenient leash-free space for local dogs and their owners to enjoy fresh air and social time.","1","8458","","/search/?q=off-leash+parks; /search/?q=apartment+dog+breeds; /search/?q=dog+cost+calculator; /search/?q=puppy+names","","","0","https://leashfree.ca/dog-parks/riverain-fenced-dog-park/","no","no",""
"/dog-parks/riverdale-off-leash-area/","Riverdale Off-Leash Area (Riverside Greenway) | LeashFree.ca","Riverdale’s off-leash area merges nature and city with riverside trails, trees, and open space for an immersive dog-walking experience.","1","7376","","/search/?q=off-leash+parks; /search/?q=apartment+dog+breeds; /search/?q=dog+cost+calculator; /search/?q=puppy+names","","","0","https://leashfree.ca/dog-parks/riverdale-off-leash-area/","no","no",""
"/dog-parks/riverdale-park-east/","Riverdale Park East (Leash-Free Dog Area) | LeashFree.ca","Riverdale Park East’s off-leash dog area provides generous space, downtown views, and a welcoming environment for both dogs and owners. A must-visit for Toronto’s east end pet lov...","1","9071","","/search/?q=off-leash+parks; /search/?q=apartment+dog+breeds; /search/?q=dog+cost+calculator; /search/?q=puppy+names","","","0","https://leashfree.ca/dog-parks/riverdale-park-east/","no","no",""
"/dog-parks/riverdale-park-west/","Riverdale Park West (Leash-Free Dog Area) | LeashFree.ca","Riverdale Park West combines city views and community charm, offering a fenced dog park with shaded seating just steps away from Riverdale Farm.","1","8863","","/search/?q=off-leash+parks; /search/?q=apartment+dog+breeds; /search/?q=dog+cost+calculator; /search/?q=puppy+names","","","0","https://leashfree.ca/dog-parks/riverdale-park-west/","no","no",""
"/dog-parks/riverside-park-guelph/","Riverside Park (Dogs Allowed Area) | LeashFree.ca","Riverside Park in Guelph is a beautiful green space where dogs are welcome on-leash. With expansive walking trails and riverside paths, it’s perfect for daily strolls and exercise.","1","9384","","/search/?q=off-leash+parks; /search/?q=apartment+dog+breeds; /search/?q=dog+cost+calculator; /search/?q=puppy+names","","","0","https://leashfree.ca/dog-parks/riverside-park-guelph/","no","no",""
"/dog-parks/riverstone-dog-park/","RiverStone Dog Park | LeashFree.ca","RiverStone Dog Park is a fenced neighborhood park in Lethbridge where dogs can safely run and play in a grassy, welcoming setting.","1","8488","","/search/?q=off-leash+parks; /search/?q=apartment+dog+breeds; /search/?q=dog+cost+calculator; /search/?q=puppy+names","","","0","https://leashfree.ca/dog-parks/riverstone-dog-park/","no","no",""
"/dog-parks/rj-gidluck-park/","R.J. Gidluck Park Leash-Free Dog Park | LeashFree.ca","R.J. Gidluck Park is a dog-friendly space in Warman featuring seating and a fountain, though leash rules are not clearly posted.","1","7671","","/search/?q=off-leash+parks; /search/?q=apartment+dog+breeds; /search/?q=dog+cost+calculator; /search/?q=puppy+names","","","0","https://leashfree.ca/dog-parks/rj-gidluck-park/","no","no",""
"/dog-parks/robert-burnaby-park/","Robert Burnaby Park | Burnaby Dog Off-Leash Area | LeashFree.ca","Source-backed guide to Robert Burnaby Park in Burnaby, including the official hydro-corridor off-leash trail and lawn area west of Ramsay Creek, year-round dawn-to-dusk access, parking, washrooms, and current 2026 ecosy...","1","11934","","/search/?q=off-leash+parks; /search/?q=apartment+dog+breeds; /search/?q=dog+cost+calculator; /search/?q=puppy+names","","","0","https://leashfree.ca/dog-parks/robert-burnaby-park/","no","no",""
"/dog-parks/roly-bird-park/","Roly Bird Park (Leash-Free Dog Area) | LeashFree.ca","Roly Bird Park provides a welcoming leash-free environment for dogs in Burlington. With its secure fencing, wood chip surface, and shaded seating areas, it's an ideal spot for dog...","1","7586","","/search/?q=off-leash+parks; /search/?q=apartment+dog+breeds; /search/?q=dog+cost+calculator; /search/?q=puppy+names","","","0","https://leashfree.ca/dog-parks/roly-bird-park/","no","no",""
"/dog-parks/root-street-park-ladysmith/","Root Street Park Leash-Free Area | LeashFree.ca","Root Street Park is a small, convenient dog park in Ladysmith offering off-leash green space for nearby residents.","1","8521","","/search/?q=off-leash+parks; /search/?q=apartment+dog+breeds; /search/?q=dog+cost+calculator; /search/?q=puppy+names","","","0","https://leashfree.ca/dog-parks/root-street-park-ladysmith/","no","no",""
"/dog-parks/ross-industrial-off-leash-dog-park/","Ross Industrial Off-Leash Dog Park Leash-Free Dog Park | LeashFree.ca","Ross Industrial Off-Leash Dog Park is a fenced, bowl-shaped park in Regina that provides a secure and open area for off-leash fun.","1","8748","","/search/?q=off-leash+parks; /search/?q=apartment+dog+breeds; /search/?q=dog+cost+calculator; /search/?q=puppy+names","","","0","https://leashfree.ca/dog-parks/ross-industrial-off-leash-dog-park/","no","no",""
"/dog-parks/rotary-park-ajax/","Rotary Park Leash-Free Dog Park | LeashFree.ca","Rotary Park in Ajax is a dog-friendly waterfront space where dogs can enjoy off-leash time in nature, with access to trails and Lake Ontario.","1","8159","","/search/?q=off-leash+parks; /search/?q=apartment+dog+breeds; /search/?q=dog+cost+calculator; /search/?q=puppy+names","","","0","https://leashfree.ca/dog-parks/rotary-park-ajax/","no","no",""
"/dog-parks/rotary-park-off-leash-area/","Rotary Park Off-Leash Area (NE Calgary) | LeashFree.ca","Perched atop a hillside in Calgary's northeast, Rotary Park Off-Leash Area combines scenic vistas with diverse terrains, making it a favorite spot for dog owners seeking both exer...","1","7640","","/search/?q=off-leash+parks; /search/?q=apartment+dog+breeds; /search/?q=dog+cost+calculator; /search/?q=puppy+names","","","0","https://leashfree.ca/dog-parks/rotary-park-off-leash-area/","no","no",""
"/dog-parks/rotary-park-off-leash-area-sydney/","Rotary Park Off-Leash Dog Park | LeashFree.ca","Rotary Park Off-Leash Area in Sydney is a large natural space with trails and wooded areas where dogs can explore off-leash in a marked zone.","1","7352","","/search/?q=off-leash+parks; /search/?q=apartment+dog+breeds; /search/?q=dog+cost+calculator; /search/?q=puppy+names","","","0","https://leashfree.ca/dog-parks/rotary-park-off-leash-area-sydney/","no","no",""
"/dog-parks/roth-park/","Roth Park (Leash-Free Dog Area) | LeashFree.ca","Roth Park in Woodstock features a 2.47-acre leash-free area by Pittock Lake, offering a scenic environment for dogs and their owners. With seasonal washrooms and convenient parkin...","1","8314","","/search/?q=off-leash+parks; /search/?q=apartment+dog+breeds; /search/?q=dog+cost+calculator; /search/?q=puppy+names","","","0","https://leashfree.ca/dog-parks/roth-park/","no","no",""
"/dog-parks/rowcliffe-park-kelowna/","Rowcliffe Park | Kelowna On-Leash and Off-Leash Dog Park | LeashFree.ca","Source-backed guide to Rowcliffe Park in Kelowna, including the City of Kelowna’s 536 Rowcliffe Ave listing, on-leash and off-leash dog status, 0.12-hectare size, and current park plan context.","1","10972","","/search/?q=off-leash+parks; /search/?q=apartment+dog+breeds; /search/?q=dog+cost+calculator; /search/?q=puppy+names","","","0","https://leashfree.ca/dog-parks/rowcliffe-park-kelowna/","no","no",""
"/dog-parks/roxboro-off-leash-area/","Roxboro Off-Leash Area (Near Elbow River) | LeashFree.ca","Roxboro Off-Leash Area is a quiet riverside retreat with natural shade, perfect for peaceful walks with your pup just off Calgary’s Elbow River path.","1","7380","","/search/?q=off-leash+parks; /search/?q=apartment+dog+breeds; /search/?q=dog+cost+calculator; /search/?q=puppy+names","","","0","https://leashfree.ca/dog-parks/roxboro-off-leash-area/","no","no",""
"/dog-parks/royal-oaks-neighbourhood-off-leash-area/","Royal Oaks Neighbourhood Off-Leash Area | LeashFree.ca","Royal Oaks Neighbourhood Off-Leash Area is a grassy, unfenced dog zone in Grande Prairie designed for relaxed play and socialization.","1","8162","","/search/?q=off-leash+parks; /search/?q=apartment+dog+breeds; /search/?q=dog+cost+calculator; /search/?q=puppy+names","","","0","https://leashfree.ca/dog-parks/royal-oaks-neighbourhood-off-leash-area/","no","no",""
"/dog-parks/rushdale-park/","Rushdale Park | Dog-Friendly Park in Hamilton, Ontario | LeashFree.ca","Source-backed guide to Rushdale Park in Hamilton, including the official 130 Southpark Ave location, current city-program context, and why dog owners should treat it as an on-leash neighbourhood park rather than an off-...","1","10738","","/search/?q=off-leash+parks; /search/?q=apartment+dog+breeds; /search/?q=dog+cost+calculator; /search/?q=puppy+names","","","0","https://leashfree.ca/dog-parks/rushdale-park/","no","no",""
"/dog-parks/ruth-johnson-park/","Ruth Johnson Park Leash-Free Trails | LeashFree.ca","Ruth Johnson Park offers scenic off-leash trails through the forest in White Rock, perfect for adventurous dogs and owners.","1","8510","","/search/?q=off-leash+parks; /search/?q=apartment+dog+breeds; /search/?q=dog+cost+calculator; /search/?q=puppy+names","","","0","https://leashfree.ca/dog-parks/ruth-johnson-park/","no","no",""
"/dog-parks/rutland-recreation-park-kelowna/","Rutland Recreation Park Leash-Free Area | LeashFree.ca","Rutland Recreation Park in Kelowna offers a spacious off-leash area for dogs to socialize and run freely in a well-maintained environment.","1","9145","","/search/?q=off-leash+parks; /search/?q=apartment+dog+breeds; /search/?q=dog+cost+calculator; /search/?q=puppy+names","","","0","https://leashfree.ca/dog-parks/rutland-recreation-park-kelowna/","no","no",""
"/dog-parks/sackville-lakes-provincial-park/","Sackville Lakes Provincial Park Leash-Free Dog Park | LeashFree.ca","Sackville Lakes Provincial Park is a scenic leash-free area in Lower Sackville, popular for its wooded trails and lakeside access. It offers plenty of natural space for dogs to ex...","1","6644","","/search/?q=off-leash+parks; /search/?q=apartment+dog+breeds; /search/?q=dog+cost+calculator; /search/?q=puppy+names","","","0","https://leashfree.ca/dog-parks/sackville-lakes-provincial-park/","no","no",""
"/dog-parks/sand-bay-county-park/","Sand Bay County Park Leash-Free Dog Park | LeashFree.ca","Sand Bay County Park in Athens is a peaceful, natural lakeside space where dogs can roam off-leash along trails and the shoreline.","1","6228","","/search/?q=off-leash+parks; /search/?q=apartment+dog+breeds; /search/?q=dog+cost+calculator; /search/?q=puppy+names","","","0","https://leashfree.ca/dog-parks/sand-bay-county-park/","no","no",""
"/dog-parks/sandstone-area-1-off-leash-dog-park/","Sandstone Area 1 Off-Leash Dog Park (NW Calgary) | LeashFree.ca","Sandstone Area 1 Off-Leash Dog Park offers a natural environment for dogs to enjoy off-leash freedom in Calgary's northwest.","1","7367","","/search/?q=off-leash+parks; /search/?q=apartment+dog+breeds; /search/?q=dog+cost+calculator; /search/?q=puppy+names","","","0","https://leashfree.ca/dog-parks/sandstone-area-1-off-leash-dog-park/","no","no",""
"/dog-parks/sandy-beach-off-leash-area/","Sandy Beach Off-Leash Area (SW Calgary) | LeashFree.ca","Sandy Beach Park Off-Leash Area is a well-loved riverside destination where dogs can run, play, and splash along the Elbow River in southwest Calgary.","1","7451","","/search/?q=off-leash+parks; /search/?q=apartment+dog+breeds; /search/?q=dog+cost+calculator; /search/?q=puppy+names","","","0","https://leashfree.ca/dog-parks/sandy-beach-off-leash-area/","no","no",""
"/dog-parks/sandy-bruce-park/","Sandy Bruce Park (Leash-Free Dog Area) | LeashFree.ca","Sandy Bruce Park features a modest fenced dog area with shade and seating, making it a hidden gem for dog owners in East York seeking a relaxed and local off-leash experience.","1","9064","","/search/?q=off-leash+parks; /search/?q=apartment+dog+breeds; /search/?q=dog+cost+calculator; /search/?q=puppy+names","","","0","https://leashfree.ca/dog-parks/sandy-bruce-park/","no","no",""
"/dog-parks/sandy-lake-park/","Sandy Lake Park Leash-Free Dog Park | LeashFree.ca","Sandy Lake Park is a popular leash-free dog park in Bedford, known for its wooded trails and dog-friendly beach. It’s a perfect destination for dogs who love to hike and swim.","1","6557","","/search/?q=off-leash+parks; /search/?q=apartment+dog+breeds; /search/?q=dog+cost+calculator; /search/?q=puppy+names","","","0","https://leashfree.ca/dog-parks/sandy-lake-park/","no","no",""
"/dog-parks/saratoga-dog-park/","Saratoga Dog Park | LeashFree.ca","Saratoga Dog Park in Medicine Hat is a fully fenced off-leash area with agility equipment, potable water, benches, and shade for dogs and owners.","1","8283","","/search/?q=off-leash+parks; /search/?q=apartment+dog+breeds; /search/?q=dog+cost+calculator; /search/?q=puppy+names","","","0","https://leashfree.ca/dog-parks/saratoga-dog-park/","no","no",""
"/dog-parks/saskatoon/","Dog Parks in Saskatoon, Saskatchewan | Off-Leash Guide | LeashFree.ca","Source-backed guide to dog parks in Saskatoon, Saskatchewan, covering current city rules, dog licensing, small-dog park limits, and the 2026 Silverwood construction notice.","1","12928","","/search/?q=off-leash+parks; /search/?q=apartment+dog+breeds; /search/?q=dog+cost+calculator; /search/?q=puppy+names","","","0","https://leashfree.ca/dog-parks/saskatoon/","no","no",""
"/dog-parks/scarborough-heights-park/","Scarborough Heights Park (Leash-Free Dog Area) | LeashFree.ca","Scarborough Heights Park offers a beautiful and open leash-free experience just steps from the Bluffs. Though not fenced, it’s perfect for confident off-leash dogs who love to roa...","1","9035","","/search/?q=off-leash+parks; /search/?q=apartment+dog+breeds; /search/?q=dog+cost+calculator; /search/?q=puppy+names","","","0","https://leashfree.ca/dog-parks/scarborough-heights-park/","no","no",""
"/dog-parks/scenic-drive-dog-run/","Scenic Drive Dog Run | LeashFree.ca","Scenic Drive Dog Run in Lethbridge is a convenient off-leash corridor perfect for urban dog walks along a fenced linear path.","1","8451","","/search/?q=off-leash+parks; /search/?q=apartment+dog+breeds; /search/?q=dog+cost+calculator; /search/?q=puppy+names","","","0","https://leashfree.ca/dog-parks/scenic-drive-dog-run/","no","no",""
"/dog-parks/seasonal-rink-dog-parks-regina/","Seasonal Rink Dog Parks (Various Locations) Leash-Free Dog Park | LeashFree.ca","Regina offers seasonal off-leash dog areas at boarded rink sites across the city from May through September, giving dogs a summer place to play.","1","8804","","/search/?q=off-leash+parks; /search/?q=apartment+dog+breeds; /search/?q=dog+cost+calculator; /search/?q=puppy+names","","","0","https://leashfree.ca/dog-parks/seasonal-rink-dog-parks-regina/","no","no",""
"/dog-parks/selkirk/","Dog Parks in Selkirk, Manitoba | Off-Leash Guide | LeashFree.ca","Find Selkirk dog park rules, licence requirements, and official city guidance for the Selkirk Park off-leash area. This source-backed Selkirk guide covers access, fencing, and current owner requirements.","1","8523","","/search/?q=off-leash+parks; /search/?q=apartment+dog+breeds; /search/?q=dog+cost+calculator; /search/?q=puppy+names","","","0","https://leashfree.ca/dog-parks/selkirk/","no","no",""
"/dog-parks/semiahmoo-park/","Semiahmoo Park Leash-Free Area | LeashFree.ca","Semiahmoo Park in White Rock provides a beautiful coastal experience with off-leash access along the beach and trails for dogs.","1","8660","","/search/?q=off-leash+parks; /search/?q=apartment+dog+breeds; /search/?q=dog+cost+calculator; /search/?q=puppy+names","","","0","https://leashfree.ca/dog-parks/semiahmoo-park/","no","no",""
"/dog-parks/seton-off-leash-area/","Seton Off-Leash Area | Calgary Dog Park Guide | LeashFree.ca","Source-backed guide to Seton Off-Leash Area in Calgary, covering its status on the City of Calgary off-leash list, standard off-leash rules, pathway leash requirement, and neighbourhood context near Seton’s expanding pa...","1","10984","","/search/?q=off-leash+parks; /search/?q=apartment+dog+breeds; /search/?q=dog+cost+calculator; /search/?q=puppy+names","","","0","https://leashfree.ca/dog-parks/seton-off-leash-area/","no","no",""
"/dog-parks/shaughnessy/","Shaughnessy Dog Park Leash Free Area | LeashFree.ca","Shaughnessy Dog Park is a cozy off-leash park in Coquitlam with gravel terrain and a fenced space for dogs to play safely.","1","8432","","/search/?q=off-leash+parks; /search/?q=apartment+dog+breeds; /search/?q=dog+cost+calculator; /search/?q=puppy+names","","","0","https://leashfree.ca/dog-parks/shaughnessy/","no","no",""
"/dog-parks/shearwater-flyer-off-leash-dog-park/","Shearwater Flyer Off-Leash Dog Park | LeashFree.ca","Shearwater Flyer Off-Leash Dog Park is a convenient leash-free park in Eastern Passage, featuring a fenced space with seating and trail access.","1","6542","","/search/?q=off-leash+parks; /search/?q=apartment+dog+breeds; /search/?q=dog+cost+calculator; /search/?q=puppy+names","","","0","https://leashfree.ca/dog-parks/shearwater-flyer-off-leash-dog-park/","no","no",""
"/dog-parks/sheffield-dog-off-leash-area/","Sheffield Dog Off Leash Area Leash-Free Dog Park | LeashFree.ca","Sheffield Dog Off Leash Area is a local fenced park in Chilliwack where dogs can play freely on open grassy terrain.","1","9085","","/search/?q=off-leash+parks; /search/?q=apartment+dog+breeds; /search/?q=dog+cost+calculator; /search/?q=puppy+names","","","0","https://leashfree.ca/dog-parks/sheffield-dog-off-leash-area/","no","no",""
"/dog-parks/shell-dog-park/","Shell Dog Park (Leash-Free Dog Area) | LeashFree.ca","Shell Dog Park in Oakville provides a secure and welcoming environment for dogs to play off-leash. With its separate areas for different dog sizes, ample amenities, and proximity...","1","9503","","/search/?q=off-leash+parks; /search/?q=apartment+dog+breeds; /search/?q=dog+cost+calculator; /search/?q=puppy+names","","","0","https://leashfree.ca/dog-parks/shell-dog-park/","no","no",""
"/dog-parks/sherwood-park/","Sherwood Park (Leash-Free Dog Area) | LeashFree.ca","Sherwood Park offers a rare off-leash trail experience in the city, with forested paths, scenic beauty, and space for dogs to roam naturally in a peaceful midtown setting.","1","9129","","/search/?q=off-leash+parks; /search/?q=apartment+dog+breeds; /search/?q=dog+cost+calculator; /search/?q=puppy+names","","","0","https://leashfree.ca/dog-parks/sherwood-park/","no","no",""
"/dog-parks/shubie-park/","Shubie Park Leash-Free Dog Park | LeashFree.ca","Shubie Park is a popular leash-free dog park in Dartmouth, known for wooded trails and a lakeside dog beach. It is a great spot for dogs to run, swim, and socialize in a natural s...","1","7201","","/search/?q=off-leash+parks; /search/?q=apartment+dog+breeds; /search/?q=dog+cost+calculator; /search/?q=puppy+names","","","0","https://leashfree.ca/dog-parks/shubie-park/","no","no",""
"/dog-parks/silvercreek-park/","Silvercreek Park (Leash-Free Dog Area) | LeashFree.ca","Silvercreek Park in Guelph features a tranquil leash-free area along the trail system, ideal for well-trained dogs to roam freely amidst natural surroundings.","1","9379","","/search/?q=off-leash+parks; /search/?q=apartment+dog+breeds; /search/?q=dog+cost+calculator; /search/?q=puppy+names","","","0","https://leashfree.ca/dog-parks/silvercreek-park/","no","no",""
"/dog-parks/silverwood-dog-park/","Silverwood Dog Park Leash-Free Dog Park | LeashFree.ca","Silverwood Dog Park in Saskatoon is a riverside off-leash area with scenic terrain perfect for dogs who love natural adventures.","1","8593","","/search/?q=off-leash+parks; /search/?q=apartment+dog+breeds; /search/?q=dog+cost+calculator; /search/?q=puppy+names","","","0","https://leashfree.ca/dog-parks/silverwood-dog-park/","no","no",""
"/dog-parks/sir-casimir-gzowski-park/","Sir Casimir Gzowski Park Dog Park on Toronto Waterfront | LeashFree.ca","Sir Casimir Gzowski Park offers lakefront trails, beaches, and green lawns for relaxing on-leash dog walks along Toronto’s waterfront.","1","8766","","/search/?q=off-leash+parks; /search/?q=apartment+dog+breeds; /search/?q=dog+cost+calculator; /search/?q=puppy+names","","","0","https://leashfree.ca/dog-parks/sir-casimir-gzowski-park/","no","no",""
"/dog-parks/sir-casimir-gzowski-park-etobicoke/","Sir Casimir Gzowski Park Leash-Free Dog Park | LeashFree.ca","Sir Casimir Gzowski Park is a pleasant off-leash green space along Toronto's waterfront, ideal for leisurely dog walks.","1","8253","","/search/?q=off-leash+parks; /search/?q=apartment+dog+breeds; /search/?q=dog+cost+calculator; /search/?q=puppy+names","","","0","https://leashfree.ca/dog-parks/sir-casimir-gzowski-park-etobicoke/","no","no",""
"/dog-parks/sixteen-mile-sports-complex/","Sixteen Mile Sports Complex (Leash-Free Dog Park) | LeashFree.ca","Located within the expansive Sixteen Mile Sports Complex, this leash-free dog park offers a secure and welcoming environment for dogs to enjoy off-leash play. With ample space, co...","1","7877","","/search/?q=off-leash+parks; /search/?q=apartment+dog+breeds; /search/?q=dog+cost+calculator; /search/?q=puppy+names","","","0","https://leashfree.ca/dog-parks/sixteen-mile-sports-complex/","no","no",""
"/dog-parks/skyview-ranch-off-leash-area/","Skyview Ranch Off-Leash Area (NE Calgary) | LeashFree.ca","Skyview Ranch Off-Leash Area offers a quiet, grassy space where dogs can roam freely in Calgary’s northeast.","1","7375","","/search/?q=off-leash+parks; /search/?q=apartment+dog+breeds; /search/?q=dog+cost+calculator; /search/?q=puppy+names","","","0","https://leashfree.ca/dog-parks/skyview-ranch-off-leash-area/","no","no",""
"/dog-parks/snetsinger-park-cornwall/","Snetsinger Park | Cornwall Park Rules | LeashFree.ca","Source-backed guide to Snetsinger Park in Cornwall, including current city location details and the current municipal rule that dogs are not permitted in this park.","1","10326","","/search/?q=off-leash+parks; /search/?q=apartment+dog+breeds; /search/?q=dog+cost+calculator; /search/?q=puppy+names","","","0","https://leashfree.ca/dog-parks/snetsinger-park-cornwall/","no","no",""
"/dog-parks/sorauren-avenue-park/","Sorauren Avenue Park Leash-Free Dog Park in Toronto, Ontario | LeashFree.ca","Sorauren Avenue Park offers a secure, shaded off-leash area popular with Roncesvalles residents and their energetic pups.","1","8690","","/search/?q=off-leash+parks; /search/?q=apartment+dog+breeds; /search/?q=dog+cost+calculator; /search/?q=puppy+names","","","0","https://leashfree.ca/dog-parks/sorauren-avenue-park/","no","no",""
"/dog-parks/south-bear-creek-off-leash-dog-park/","South Bear Creek Off-Leash Dog Park | LeashFree.ca","South Bear Creek Off-Leash Dog Park in Grande Prairie is a popular, fully fenced dog park featuring designated zones, trails, and shaded spots.","1","8407","","/search/?q=off-leash+parks; /search/?q=apartment+dog+breeds; /search/?q=dog+cost+calculator; /search/?q=puppy+names","","","0","https://leashfree.ca/dog-parks/south-bear-creek-off-leash-dog-park/","no","no",""
"/dog-parks/south-courtice-dog-park/","Courtice Leash-Free Dog Park | Courtice, Ontario | LeashFree.ca","Source-backed guide to Courtice Leash-Free Dog Park, including the official 1595 Prestonvale Road location, 1.5-acre fenced layout, separate dog areas, dawn-to-dusk hours, and Clarington's published rules.","1","9542","","/search/?q=off-leash+parks; /search/?q=apartment+dog+breeds; /search/?q=dog+cost+calculator; /search/?q=puppy+names","","","0","https://leashfree.ca/dog-parks/south-courtice-dog-park/","no","no",""
"/dog-parks/south-shore-vet-dog-zone/","South Shore Vet Dog Zone | Bridgewater Dog Park | LeashFree.ca","Source-backed profile for South Shore Vet Dog Zone in Bridgewater, covering its fenced off-leash setting within Generations Active Park, July 6, 2017 opening date, and the town’s published leash rule for other parks.","1","8467","","/search/?q=off-leash+parks; /search/?q=apartment+dog+breeds; /search/?q=dog+cost+calculator; /search/?q=puppy+names","","","0","https://leashfree.ca/dog-parks/south-shore-vet-dog-zone/","no","no",""
"/dog-parks/southward-community-park/","Southward Community Leash-Free Dog Park in Grimsby, Ontario | LeashFree.ca","Southward Community Park includes a fenced leash-free area with plenty of open grass for dogs to run and play off-leash in Grimsby.","1","8173","","/search/?q=off-leash+parks; /search/?q=apartment+dog+breeds; /search/?q=dog+cost+calculator; /search/?q=puppy+names","","","0","https://leashfree.ca/dog-parks/southward-community-park/","no","no",""
"/dog-parks/southwest-dog-park-saskatoon/","Southwest Dog Park Leash-Free Dog Park | LeashFree.ca","Southwest Dog Park in Saskatoon is a popular fenced off-leash area where dogs can roam safely and enjoy wide open spaces.","1","8678","","/search/?q=off-leash+parks; /search/?q=apartment+dog+breeds; /search/?q=dog+cost+calculator; /search/?q=puppy+names","","","0","https://leashfree.ca/dog-parks/southwest-dog-park-saskatoon/","no","no",""
"/dog-parks/spanish-banks-dog-park-vancouver/","Spanish Banks Park (off-leash dog park) | LeashFree.ca","Spanish Banks Park is a well-loved off-leash dog park in Vancouver. This park features a grass surface and an open space for dogs to roam freely. It provides no water access, mini...","1","7579","","/search/?q=off-leash+parks; /search/?q=apartment+dog+breeds; /search/?q=dog+cost+calculator; /search/?q=puppy+names","","","0","https://leashfree.ca/dog-parks/spanish-banks-dog-park-vancouver/","no","no",""
"/dog-parks/sparwood-dog-park-vancouver/","Sparwood Park (off-leash dog park) | LeashFree.ca","Sparwood Park is a well-loved off-leash dog park in Vancouver. This park features a grass surface and an open space for dogs to roam freely. It provides no water access, minimal s...","1","7610","","/search/?q=off-leash+parks; /search/?q=apartment+dog+breeds; /search/?q=dog+cost+calculator; /search/?q=puppy+names","","","0","https://leashfree.ca/dog-parks/sparwood-dog-park-vancouver/","no","no",""
"/dog-parks/spruce-haven-off-leash-dog-park/","Spruce Haven Off-Leash Dog Park | Melfort, Saskatchewan | LeashFree.ca","Official-source guide to Spruce Haven Off-Leash Dog Park in Melfort, including fencing, section layout, leash rules, and city licensing context.","1","7844","","/search/?q=off-leash+parks; /search/?q=apartment+dog+breeds; /search/?q=dog+cost+calculator; /search/?q=puppy+names","","","0","https://leashfree.ca/dog-parks/spruce-haven-off-leash-dog-park/","no","no",""
"/dog-parks/st-albert/","St. Albert Dog Parks and Off-Leash Rules | LeashFree.ca","Source-backed guide to St. Albert dog parks and off-leash rules, covering fenced parks, open off-leash sites, seasonal rink spaces, trail leash boundaries, dog licensing, and city contacts.","1","10800","","/search/?q=off-leash+parks; /search/?q=apartment+dog+breeds; /search/?q=dog+cost+calculator; /search/?q=puppy+names","","","0","https://leashfree.ca/dog-parks/st-albert/","no","no",""
"/dog-parks/st-andrews-playground/","St. Andrew's Playground (Leash-Free Dog Area) | LeashFree.ca","St. Andrew's Playground provides a quaint fenced dog park with mulch footing and benches, making it a cozy retreat for urban pups.","1","8561","","/search/?q=off-leash+parks; /search/?q=apartment+dog+breeds; /search/?q=dog+cost+calculator; /search/?q=puppy+names","","","0","https://leashfree.ca/dog-parks/st-andrews-playground/","no","no",""
"/dog-parks/st-catharines/","Dog Parks in St. Catharines | LeashFree.ca","Discover the best leash-free dog parks in St. Catharines, Ontario. Explore safe, off-leash areas to let your dog run and play freely.","1","8218","","/search/?q=off-leash+parks; /search/?q=apartment+dog+breeds; /search/?q=dog+cost+calculator; /search/?q=puppy+names","","","0","https://leashfree.ca/dog-parks/st-catharines/","no","no",""
"/dog-parks/st-patricks-island-off-leash-area/","St. Patrick's Island (Riverside Urban Off-Leash Space) | LeashFree.ca","St. Patrick's Island offers a downtown off-leash experience with scenic riverfront trails, grassy zones, and all the amenities of a modern urban park.","1","7504","","/search/?q=off-leash+parks; /search/?q=apartment+dog+breeds; /search/?q=dog+cost+calculator; /search/?q=puppy+names","","","0","https://leashfree.ca/dog-parks/st-patricks-island-off-leash-area/","no","no",""
"/dog-parks/stan-wadlow-park/","Stan Wadlow Park (Leash-Free Dog Area) | LeashFree.ca","Stan Wadlow Park in East York includes a modest leash-free area where dogs can safely play off-leash. Though small, it’s a handy fenced space with benches and easy parking access.","1","9217","","/search/?q=off-leash+parks; /search/?q=apartment+dog+breeds; /search/?q=dog+cost+calculator; /search/?q=puppy+names","","","0","https://leashfree.ca/dog-parks/stan-wadlow-park/","no","no",""
"/dog-parks/stanley-dog-park/","Stanley Park (off-leash dog park) | LeashFree.ca","Stanley Park is a well-loved off-leash dog park in Vancouver. This park features a gravel surface and an open space for dogs to roam freely. It provides no water access, minimal s...","1","7580","","/search/?q=off-leash+parks; /search/?q=apartment+dog+breeds; /search/?q=dog+cost+calculator; /search/?q=puppy+names","","","0","https://leashfree.ca/dog-parks/stanley-dog-park/","no","no",""
"/dog-parks/stanley-park-south-toronto/","Stanley Park South (Leash-Free Dog Area) | LeashFree.ca","Stanley Park South offers a reliable downtown leash-free park with great amenities for dogs and their owners.","1","8710","","/search/?q=off-leash+parks; /search/?q=apartment+dog+breeds; /search/?q=dog+cost+calculator; /search/?q=puppy+names","","","0","https://leashfree.ca/dog-parks/stanley-park-south-toronto/","no","no",""
"/dog-parks/steinbach/","Dog Parks in Steinbach, Manitoba | Off-Leash Guide | LeashFree.ca","Source-backed guide to dog parks in Steinbach, Manitoba, based on official City of Steinbach animal-control, dog-licensing, parks, and seasonal dog-park notice pages.","1","8211","","/search/?q=off-leash+parks; /search/?q=apartment+dog+breeds; /search/?q=dog+cost+calculator; /search/?q=puppy+names","","","0","https://leashfree.ca/dog-parks/steinbach/","no","no",""
"/dog-parks/steve-mcdonnell/","Steve McDonnell Leash Free Dog Park Leash-Free Dog Park | LeashFree.ca","Steve McDonnell Leash Free Dog Park is a spacious, fenced-in area in Grimsby where dogs can play off-leash in a secure environment.","1","8099","","/search/?q=off-leash+parks; /search/?q=apartment+dog+breeds; /search/?q=dog+cost+calculator; /search/?q=puppy+names","","","0","https://leashfree.ca/dog-parks/steve-mcdonnell/","no","no",""
"/dog-parks/steve-mcdonnell-park/","Steve McDonnell Leash-Free Dog Park in Grimsby, Ontario | LeashFree.ca","Steve McDonnell Leash-Free Dog Park offers a fully fenced grassy area for safe off-leash dog play in Grimsby.","1","8160","","/search/?q=off-leash+parks; /search/?q=apartment+dog+breeds; /search/?q=dog+cost+calculator; /search/?q=puppy+names","","","0","https://leashfree.ca/dog-parks/steve-mcdonnell-park/","no","no",""
"/dog-parks/stocking-creek-park-ladysmith/","Stocking Creek Park | CVRD Nature Park Guide | LeashFree.ca","Source-backed guide to Stocking Creek Park near Ladysmith, including CVRD trail, picnic, viewing-platform, parking, and toilet details, plus why it should not be treated as an official off-leash dog park.","1","8478","","/search/?q=off-leash+parks; /search/?q=apartment+dog+breeds; /search/?q=dog+cost+calculator; /search/?q=puppy+names","","","0","https://leashfree.ca/dog-parks/stocking-creek-park-ladysmith/","no","no",""
"/dog-parks/stoney-creek-off-leash-area/","Stoney Creek Off-Leash Dog Park | LeashFree.ca","Stoney Creek Off-Leash Dog Area in North London offers large fenced fields and separate dog-size zones. It’s a clean, accessible space for dogs to run, explore, and meet new frien...","1","9263","","/search/?q=off-leash+parks; /search/?q=apartment+dog+breeds; /search/?q=dog+cost+calculator; /search/?q=puppy+names","","","0","https://leashfree.ca/dog-parks/stoney-creek-off-leash-area/","no","no",""
"/dog-parks/stony-swamp-conservation-area/","Stony Swamp Conservation Area Leash-Free Dog Park | LeashFree.ca","Stony Swamp Conservation Area is a popular trail system in Ottawa allowing leash-free walking in designated areas under voice control.","1","8590","","/search/?q=off-leash+parks; /search/?q=apartment+dog+breeds; /search/?q=dog+cost+calculator; /search/?q=puppy+names","","","0","https://leashfree.ca/dog-parks/stony-swamp-conservation-area/","no","no",""
"/dog-parks/stouffville/","Dog Parks in Stouffville, Ontario | Off-Leash Guide | LeashFree.ca","Source-backed guide to dog parks in Stouffville, Ontario, based on official Town of Whitchurch-Stouffville dog park, dog licence, parks, animal services, and wildlife pages.","1","8390","","/search/?q=off-leash+parks; /search/?q=apartment+dog+breeds; /search/?q=dog+cost+calculator; /search/?q=puppy+names","","","0","https://leashfree.ca/dog-parks/stouffville/","no","no",""
"/dog-parks/stouffville-leash-free-dog-park/","Stouffville Leash Free Dog Park | Stouffville, Ontario | LeashFree.ca","Source-backed guide to Stouffville Leash Free Dog Park at 350 Rougeview Avenue, including the town's fenced off-leash description and current dog-licensing rules.","1","7850","","/search/?q=off-leash+parks; /search/?q=apartment+dog+breeds; /search/?q=dog+cost+calculator; /search/?q=puppy+names","","","0","https://leashfree.ca/dog-parks/stouffville-leash-free-dog-park/","no","no",""
"/dog-parks/strathcona-dog-park/","Strathcona Park (off-leash dog park) | LeashFree.ca","Strathcona Park is a well-loved off-leash dog park in Vancouver. This park features a grass surface and an open space for dogs to roam freely. It provides no water access, minimal...","1","7618","","/search/?q=off-leash+parks; /search/?q=apartment+dog+breeds; /search/?q=dog+cost+calculator; /search/?q=puppy+names","","","0","https://leashfree.ca/dog-parks/strathcona-dog-park/","no","no",""
"/dog-parks/strathcona-park-off-leash-area/","Strathcona Park Off-Leash Area (Woodsy Urban Escape) | LeashFree.ca","Strathcona Park Off-Leash Area is a forested retreat in Calgary's west end, offering tranquil trails and grassy meadows for dogs and their owners to explore.","1","7447","","/search/?q=off-leash+parks; /search/?q=apartment+dog+breeds; /search/?q=dog+cost+calculator; /search/?q=puppy+names","","","0","https://leashfree.ca/dog-parks/strathcona-park-off-leash-area/","no","no",""
"/dog-parks/sue-higgins-park/","Sue Higgins Park (Calgary’s Largest Leash-Free Zone) | LeashFree.ca","Sue Higgins Park offers Calgary’s most expansive off-leash experience, with open space, riverside trails, and dedicated areas for small and large dogs alike.","1","7584","","/search/?q=off-leash+parks; /search/?q=apartment+dog+breeds; /search/?q=dog+cost+calculator; /search/?q=puppy+names","","","0","https://leashfree.ca/dog-parks/sue-higgins-park/","no","no",""
"/dog-parks/sunalta-off-leash-area/","Sunalta Off-Leash Area (Hillside Green Escape) | LeashFree.ca","Sunalta Off-Leash Area provides a spacious hillside for dogs to enjoy unstructured play while owners take in views of Calgary’s skyline.","1","7319","","/search/?q=off-leash+parks; /search/?q=apartment+dog+breeds; /search/?q=dog+cost+calculator; /search/?q=puppy+names","","","0","https://leashfree.ca/dog-parks/sunalta-off-leash-area/","no","no",""
"/dog-parks/sunnidale-park/","Sunnidale Park Leash Free Dog Park | LeashFree.ca","Sunnidale Park DOLRA is a natural, wooded leash-free dog area in Barrie, perfect for off-leash exploration and relaxed trail walks.","1","7488","","/search/?q=off-leash+parks; /search/?q=apartment+dog+breeds; /search/?q=dog+cost+calculator; /search/?q=puppy+names","","","0","https://leashfree.ca/dog-parks/sunnidale-park/","no","no",""
"/dog-parks/sunny-mount-park/","Sunny Mount Park Leash-Free Dog Park in Milton, Ontario | LeashFree.ca","Sunny Mount Park features Milton’s largest fenced leash-free dog park, with separate areas for small dogs, plenty of open space, and park amenities for owners.","1","7954","","/search/?q=off-leash+parks; /search/?q=apartment+dog+breeds; /search/?q=dog+cost+calculator; /search/?q=puppy+names","","","0","https://leashfree.ca/dog-parks/sunny-mount-park/","no","no",""
"/dog-parks/sunnybrook-park/","Sunnybrook Park (Leash-Free Dog Area) | LeashFree.ca","Sunnybrook Park features a large, securely fenced dog area surrounded by trees and trails. With ample space and convenient amenities, it's a go-to destination for off-leash fun in...","1","9260","","/search/?q=off-leash+parks; /search/?q=apartment+dog+breeds; /search/?q=dog+cost+calculator; /search/?q=puppy+names","","","0","https://leashfree.ca/dog-parks/sunnybrook-park/","no","no",""
"/dog-parks/sunrise-dog-park-vancouver/","Sunrise Park (off-leash dog park) | LeashFree.ca","Sunrise Park is a well-loved off-leash dog park in Vancouver. This park features a grass surface and an open space for dogs to roam freely. It provides no water access, minimal sh...","1","7712","","/search/?q=off-leash+parks; /search/?q=apartment+dog+breeds; /search/?q=dog+cost+calculator; /search/?q=puppy+names","","","0","https://leashfree.ca/dog-parks/sunrise-dog-park-vancouver/","no","no",""
"/dog-parks/sunset-beach-dog-park/","Sunset Beach (off-leash dog park) | LeashFree.ca","Sunset Beach is a well-loved off-leash dog park in Vancouver. This park features a sand surface and an open space for dogs to roam freely. It provides no water access, minimal sha...","1","7564","","/search/?q=off-leash+parks; /search/?q=apartment+dog+breeds; /search/?q=dog+cost+calculator; /search/?q=puppy+names","","","0","https://leashfree.ca/dog-parks/sunset-beach-dog-park/","no","no",""
"/dog-parks/sunset-dog-park-vancouver/","Sunset Park (off-leash dog park) | LeashFree.ca","Sunset Park is a well-loved off-leash dog park in Vancouver. This park features a grass surface and an open space for dogs to roam freely. It provides no water access, minimal sha...","1","7572","","/search/?q=off-leash+parks; /search/?q=apartment+dog+breeds; /search/?q=dog+cost+calculator; /search/?q=puppy+names","","","0","https://leashfree.ca/dog-parks/sunset-dog-park-vancouver/","no","no",""
"/dog-parks/surrey/","Surrey Dog Parks and Off-Leash Rules | LeashFree.ca","Source-backed guide to Surrey dog parks and off-leash rules, covering the city's 19 official off-leash areas, fencing exceptions, current hours, beach restrictions, and dog licensing requirements.","1","12837","","/search/?q=off-leash+parks; /search/?q=apartment+dog+breeds; /search/?q=dog+cost+calculator; /search/?q=puppy+names","","","0","https://leashfree.ca/dog-parks/surrey/","no","no",""
"/dog-parks/sutherland-off-leash-dog-park/","Off-Leash Recreation Area Sutherland Leash-Free Dog Park | LeashFree.ca","Sutherland's Off-Leash Area in Saskatoon is a rustic riverside park perfect for dogs that enjoy exploring natural trails.","1","8675","","/search/?q=off-leash+parks; /search/?q=apartment+dog+breeds; /search/?q=dog+cost+calculator; /search/?q=puppy+names","","","0","https://leashfree.ca/dog-parks/sutherland-off-leash-dog-park/","no","no",""
"/dog-parks/swift-current/","Dog Parks in Swift Current, Saskatchewan | Off-Leash Guide | LeashFree.ca","Source-backed guide to dog parks in Swift Current, Saskatchewan, covering the city's official off-leash dog park, current dog licensing rules, leash requirements, and Animal Control Bylaw No. 3 - 2024.","1","8742","","/search/?q=off-leash+parks; /search/?q=apartment+dog+breeds; /search/?q=dog+cost+calculator; /search/?q=puppy+names","","","0","https://leashfree.ca/dog-parks/swift-current/","no","no",""
"/dog-parks/swift-current-off-leash-dog-park/","Swift Current Off-Leash Dog Park | Swift Current Dog Park | LeashFree.ca","Source-backed guide to Swift Current Off-Leash Dog Park, including the official location east of Highway 4 at the end of Hillcrest Drive, fenced open space, volunteer-supported development, and current city dog-owner ru...","1","9980","","/search/?q=off-leash+parks; /search/?q=apartment+dog+breeds; /search/?q=dog+cost+calculator; /search/?q=puppy+names","","","0","https://leashfree.ca/dog-parks/swift-current-off-leash-dog-park/","no","no",""
"/dog-parks/sydney/","Sydney Dog Parks and CBRM Off-Leash Rules | LeashFree.ca","Source-backed Sydney guide covering the official CBRM off-leash dog parks at Rotary Park and Open Hearth Park, plus current off-leash area rules and dog-tag requirements.","1","7849","","/search/?q=off-leash+parks; /search/?q=apartment+dog+breeds; /search/?q=dog+cost+calculator; /search/?q=puppy+names","","","0","https://leashfree.ca/dog-parks/sydney/","no","no",""
"/dog-parks/taradale-off-leash-area/","Taradale Off-Leash Area (NE Calgary) | LeashFree.ca","Located in the Taradale neighborhood, this off-leash park provides a relaxed and accessible area for dogs to play off leash.","1","7328","","/search/?q=off-leash+parks; /search/?q=apartment+dog+breeds; /search/?q=dog+cost+calculator; /search/?q=puppy+names","","","0","https://leashfree.ca/dog-parks/taradale-off-leash-area/","no","no",""
"/dog-parks/taylor-park-burnaby/","Taylor Park Leash-Free Area | LeashFree.ca","Taylor Park in Burnaby includes a small off-leash dog zone offering residents a quiet spot for nearby dog walks.","1","9016","","/search/?q=off-leash+parks; /search/?q=apartment+dog+breeds; /search/?q=dog+cost+calculator; /search/?q=puppy+names","","","0","https://leashfree.ca/dog-parks/taylor-park-burnaby/","no","no",""
"/dog-parks/tecumseh-dog-park/","Tecumseh Park (off-leash dog park) | LeashFree.ca","Tecumseh Park is a well-loved off-leash dog park in Vancouver. This park features a grass surface and an open space for dogs to roam freely. It provides no water access, minimal s...","1","7612","","/search/?q=off-leash+parks; /search/?q=apartment+dog+breeds; /search/?q=dog+cost+calculator; /search/?q=puppy+names","","","0","https://leashfree.ca/dog-parks/tecumseh-dog-park/","no","no",""
"/dog-parks/terwillegar-off-leash-dog-park/","Terwillegar Off-Leash Dog Park | Edmonton Dog Park | LeashFree.ca","Source-backed guide to Terwillegar Off-Leash Dog Park in Edmonton, including the official Rabbit Hill Road location, river valley trails, footbridge access, hours, amenities, and current off-leash rules.","1","11872","","/search/?q=off-leash+parks; /search/?q=apartment+dog+breeds; /search/?q=dog+cost+calculator; /search/?q=puppy+names","","","0","https://leashfree.ca/dog-parks/terwillegar-off-leash-dog-park/","no","no",""
"/dog-parks/the-aud-neighbourhood-dog-park/","The Aud Neighbourhood Dog Park (Leash-Free Dog Area) | LeashFree.ca","The Aud Neighbourhood Dog Park is a handy option for leash-free fun located right next to Kitchener’s iconic auditorium.","1","8487","","/search/?q=off-leash+parks; /search/?q=apartment+dog+breeds; /search/?q=dog+cost+calculator; /search/?q=puppy+names","","","0","https://leashfree.ca/dog-parks/the-aud-neighbourhood-dog-park/","no","no",""
"/dog-parks/thompson/","Dog Parks in Thompson, Manitoba | Off-Leash Guide | LeashFree.ca","Find Thompson dog park rules, licensing fees, and official city guidance for Baffin Dog Park. This source-backed guide covers Thompson’s designated off-leash dog-park option and current owner requirements.","1","8210","","/search/?q=off-leash+parks; /search/?q=apartment+dog+breeds; /search/?q=dog+cost+calculator; /search/?q=puppy+names","","","0","https://leashfree.ca/dog-parks/thompson/","no","no",""
"/dog-parks/thompson-street-parkette/","Thompson Street Parkette (Leash-Free Dog Area) | LeashFree.ca","Thompson Street Parkette offers a modest, fenced-off area in the heart of Leslieville, perfect for short, local off-leash breaks.","1","8905","","/search/?q=off-leash+parks; /search/?q=apartment+dog+breeds; /search/?q=dog+cost+calculator; /search/?q=puppy+names","","","0","https://leashfree.ca/dog-parks/thompson-street-parkette/","no","no",""
"/dog-parks/thomson-memorial-park/","Thomson Memorial Park (Leash-Free Dog Area) | LeashFree.ca","Thomson Memorial Park in Scarborough offers a spacious, well-equipped leash-free area with separate zones for large and small dogs, making it a top choice for east-end dog owners....","1","9038","","/search/?q=off-leash+parks; /search/?q=apartment+dog+breeds; /search/?q=dog+cost+calculator; /search/?q=puppy+names","","","0","https://leashfree.ca/dog-parks/thomson-memorial-park/","no","no",""
"/dog-parks/three-mile-bend-recreation-area/","Three Mile Bend Recreation Area | LeashFree.ca","Three Mile Bend Recreation Area is a dog-friendly off-leash park in Red Deer known for its trails, water features, and natural landscape.","1","8119","","/search/?q=off-leash+parks; /search/?q=apartment+dog+breeds; /search/?q=dog+cost+calculator; /search/?q=puppy+names","","","0","https://leashfree.ca/dog-parks/three-mile-bend-recreation-area/","no","no",""
"/dog-parks/thurlow-dog-park/","Thurlow Dog Park Leash Free Dog Park | LeashFree.ca","Thurlow Dog Park offers a quiet, fenced grassy space in Belleville for relaxed off-leash fun in a rural setting.","1","8204","","/search/?q=off-leash+parks; /search/?q=apartment+dog+breeds; /search/?q=dog+cost+calculator; /search/?q=puppy+names","","","0","https://leashfree.ca/dog-parks/thurlow-dog-park/","no","no",""
"/dog-parks/tiny/","Tiny Dog Parks and Beach Rules | LeashFree.ca","Source-backed guide to Tiny dog parks and beach rules, covering the township's two official off-leash parks, published hours, summer beach restrictions, and annual dog-licence requirements.","1","8520","","/search/?q=off-leash+parks; /search/?q=apartment+dog+breeds; /search/?q=dog+cost+calculator; /search/?q=puppy+names","","","0","https://leashfree.ca/dog-parks/tiny/","no","no",""
"/dog-parks/tom-campbells-hill-off-leash-area/","Tom Campbell’s Hill Off-Leash Area (NE Calgary) | LeashFree.ca","Tom Campbell’s Hill Off-Leash Area is a historic and scenic park in Calgary's northeast, offering expansive natural grasslands and panoramic views of the city skyline, making it a...","1","7762","","/search/?q=off-leash+parks; /search/?q=apartment+dog+breeds; /search/?q=dog+cost+calculator; /search/?q=puppy+names","","","0","https://leashfree.ca/dog-parks/tom-campbells-hill-off-leash-area/","no","no",""
"/dog-parks/toronto/","Dog Parks in Toronto | LeashFree.ca","Discover Toronto's top leash-free dog parks. Explore fenced, off-leash areas across the city where your dog can run and play safely.","1","31748","","/search/?q=off-leash+parks; /search/?q=apartment+dog+breeds; /search/?q=dog+cost+calculator; /search/?q=puppy+names","","","0","https://leashfree.ca/dog-parks/toronto/","no","no",""
"/dog-parks/totoredaca-dog-park/","Totoredaca Dog Park (Leash-Free Dog Park) | LeashFree.ca","Totoredaca Dog Park is a spacious and well-maintained leash-free zone in Mississauga, offering a safe and fun environment for both large and small dogs. With nearly four hectares...","1","8901","","/search/?q=off-leash+parks; /search/?q=apartment+dog+breeds; /search/?q=dog+cost+calculator; /search/?q=puppy+names","","","0","https://leashfree.ca/dog-parks/totoredaca-dog-park/","no","no",""
"/dog-parks/townsend-park-chilliwack/","Townsend Park | Chilliwack Park Guide | LeashFree.ca","Source-backed guide to Townsend Park in Chilliwack, including current city park details, sports and trail amenities, and the fact that it is not listed as an official off-leash dog park.","1","11027","","/search/?q=off-leash+parks; /search/?q=apartment+dog+breeds; /search/?q=dog+cost+calculator; /search/?q=puppy+names","","","0","https://leashfree.ca/dog-parks/townsend-park-chilliwack/","no","no",""
"/dog-parks/trafalgar-sports-park/","Trafalgar Sports Park Leash-Free Dog Park in Halton Hills, Ontario | LeashFree.ca","Trafalgar Sports Park includes a fenced leash-free area where Halton Hills dogs can safely run and play off-leash beside the sports fields.","1","8204","","/search/?q=off-leash+parks; /search/?q=apartment+dog+breeds; /search/?q=dog+cost+calculator; /search/?q=puppy+names","","","0","https://leashfree.ca/dog-parks/trafalgar-sports-park/","no","no",""
"/dog-parks/transfer-beach-park/","Transfer Beach Park Leash Free Area | LeashFree.ca","Transfer Beach Park is a scenic and spacious dog-friendly park in Ladysmith featuring open lawns and beachside off-leash access.","1","8597","","/search/?q=off-leash+parks; /search/?q=apartment+dog+breeds; /search/?q=dog+cost+calculator; /search/?q=puppy+names","","","0","https://leashfree.ca/dog-parks/transfer-beach-park/","no","no",""
"/dog-parks/trinity-bellwoods-park/","Trinity Bellwoods Park (Leash-Free Dog Bowl) | LeashFree.ca","Trinity Bellwoods’ Dog Bowl is one of Toronto’s best-known leash-free zones, with spacious grassy slopes and a vibrant dog community.","1","8669","","/search/?q=off-leash+parks; /search/?q=apartment+dog+breeds; /search/?q=dog+cost+calculator; /search/?q=puppy+names","","","0","https://leashfree.ca/dog-parks/trinity-bellwoods-park/","no","no",""
"/dog-parks/truro/","Truro Dog Park and Dog Licence Rules | LeashFree.ca","Source-backed Truro guide covering the shared Truro-Bible Hill Off-Leash Dog Park on Marshland Drive, official park rules, current Town of Truro dog licensing requirements, and the SPCA contact for dog complaints.","1","8907","","/search/?q=off-leash+parks; /search/?q=apartment+dog+breeds; /search/?q=dog+cost+calculator; /search/?q=puppy+names","","","0","https://leashfree.ca/dog-parks/truro/","no","no",""
"/dog-parks/truro-bible-hill-off-leash-dog-park/","Truro-Bible Hill Off-Leash Dog Park | Truro Dog Park | LeashFree.ca","Source-backed profile for Truro-Bible Hill Off-Leash Dog Park, covering the official 514 Marshland Drive location, small-dog area, more-than-one-hectare fenced layout, published rules, and Town of Truro licensing contex...","1","8719","","/search/?q=off-leash+parks; /search/?q=apartment+dog+breeds; /search/?q=dog+cost+calculator; /search/?q=puppy+names","","","0","https://leashfree.ca/dog-parks/truro-bible-hill-off-leash-dog-park/","no","no",""
"/dog-parks/upton-farm-off-leash-area/","Upton Farm Off-Leash Dog Park | LeashFree.ca","Upton Farm Off-Leash Area is a large wooded dog-friendly space in the New Glasgow area, offering trails and open land for dogs to enjoy off-leash freedom.","1","6440","","/search/?q=off-leash+parks; /search/?q=apartment+dog+breeds; /search/?q=dog+cost+calculator; /search/?q=puppy+names","","","0","https://leashfree.ca/dog-parks/upton-farm-off-leash-area/","no","no",""
"/dog-parks/valdez-dog-park/","Valdez Park (off-leash dog park) | LeashFree.ca","Valdez Park is a well-loved off-leash dog park in Vancouver. This park features a grass surface and an open space for dogs to roam freely. It provides no water access, minimal sha...","1","7558","","/search/?q=off-leash+parks; /search/?q=apartment+dog+breeds; /search/?q=dog+cost+calculator; /search/?q=puppy+names","","","0","https://leashfree.ca/dog-parks/valdez-dog-park/","no","no",""
"/dog-parks/vancouver/","Off Leash Dog Parks in Vancouver BC | LeashFree.ca","Discover the best off leash dog parks in Vancouver, BC. From beaches to trails, explore over 30 designated leash-free areas for dogs in one of Canada’s most pet-friendly cities.","1","21326","","/search/?q=off-leash+parks; /search/?q=apartment+dog+breeds; /search/?q=dog+cost+calculator; /search/?q=puppy+names","","","0","https://leashfree.ca/dog-parks/vancouver/","no","no",""
"/dog-parks/varsity-estates-park/","Varsity Estates Park (Leash-Free Dog Area) | LeashFree.ca","Varsity Estates Park offers a quiet off-leash escape in northwest Calgary, ideal for dogs that enjoy open grass space and shade from surrounding trees.","1","7400","","/search/?q=off-leash+parks; /search/?q=apartment+dog+breeds; /search/?q=dog+cost+calculator; /search/?q=puppy+names","","","0","https://leashfree.ca/dog-parks/varsity-estates-park/","no","no",""
"/dog-parks/vedder-park/","Vedder Park Leash-Free Dog Park | LeashFree.ca","Vedder Park is a scenic leash-free trail destination along the Vedder River in Chilliwack, offering plenty of space for dogs to roam and swim.","1","9028","","/search/?q=off-leash+parks; /search/?q=apartment+dog+breeds; /search/?q=dog+cost+calculator; /search/?q=puppy+names","","","0","https://leashfree.ca/dog-parks/vedder-park/","no","no",""
"/dog-parks/vermont-square-park/","Vermont Square Park (Leash-Free Dog Area) | LeashFree.ca","Vermont Square Park is a fenced urban dog area in the Annex with shade, benches, and a gravel surface for safe, contained play.","1","8623","","/search/?q=off-leash+parks; /search/?q=apartment+dog+breeds; /search/?q=dog+cost+calculator; /search/?q=puppy+names","","","0","https://leashfree.ca/dog-parks/vermont-square-park/","no","no",""
"/dog-parks/victoria/","Victoria Dog Parks and Off-Leash Rules | LeashFree.ca","Source-backed guide to Victoria dog parks and leash-optional rules, covering the city’s 15 off-leash areas, beach and wildlife restrictions, dog licensing, current published fee table, and animal-control contacts.","1","11130","","/search/?q=off-leash+parks; /search/?q=apartment+dog+breeds; /search/?q=dog+cost+calculator; /search/?q=puppy+names","","","0","https://leashfree.ca/dog-parks/victoria/","no","no",""
"/dog-parks/warden-woods/","Warden Woods Park (Leash-Free Trail Area) | LeashFree.ca","Warden Woods Park features an off-leash trail experience through dense forest and alongside a creek, perfect for dog owners looking for a peaceful nature escape in Toronto's east...","1","9198","","/search/?q=off-leash+parks; /search/?q=apartment+dog+breeds; /search/?q=dog+cost+calculator; /search/?q=puppy+names","","","0","https://leashfree.ca/dog-parks/warden-woods/","no","no",""
"/dog-parks/warman/","Dog Parks in Warman, Saskatchewan | Off-Leash Guide | LeashFree.ca","Source-backed guide to dog parks in Warman, Saskatchewan, based on the city's official off-leash dog park, parks, and pet-licensing pages.","1","9069","","/search/?q=off-leash+parks; /search/?q=apartment+dog+breeds; /search/?q=dog+cost+calculator; /search/?q=puppy+names","","","0","https://leashfree.ca/dog-parks/warman/","no","no",""
"/dog-parks/warman-off-leash-dog-park/","Warman Off-Leash Dog Park | Warman, Saskatchewan | LeashFree.ca","Source-backed guide to Warman Off-Leash Dog Park, including the city's Central Street location context, fenced status, published amenities, licensing rules, and acreage discrepancy note.","1","9651","","/search/?q=off-leash+parks; /search/?q=apartment+dog+breeds; /search/?q=dog+cost+calculator; /search/?q=puppy+names","","","0","https://leashfree.ca/dog-parks/warman-off-leash-dog-park/","no","no",""
"/dog-parks/warner-loat-park-burnaby/","Warner Loat Park Leash-Free Area | LeashFree.ca","Warner Loat Park in Burnaby offers a spacious and fully fenced off-leash area for dogs with scenic views of Burnaby Lake.","1","9305","","/search/?q=off-leash+parks; /search/?q=apartment+dog+breeds; /search/?q=dog+cost+calculator; /search/?q=puppy+names","","","0","https://leashfree.ca/dog-parks/warner-loat-park-burnaby/","no","no",""
"/dog-parks/wellington-off-leash-area/","Wellington Off-Leash Area | LeashFree.ca","Wellington Off-Leash Area in Edmonton is a convenient and quiet space for local dog owners to let their pets roam freely.","1","8842","","/search/?q=off-leash+parks; /search/?q=apartment+dog+breeds; /search/?q=dog+cost+calculator; /search/?q=puppy+names","","","0","https://leashfree.ca/dog-parks/wellington-off-leash-area/","no","no",""
"/dog-parks/west-hillhurst-off-leash-area/","West Hillhurst Off-Leash Area (NW Calgary) | LeashFree.ca","West Hillhurst Off-Leash Area offers a secure and accessible environment for dogs to enjoy off-leash play in Calgary's northwest.","1","7386","","/search/?q=off-leash+parks; /search/?q=apartment+dog+breeds; /search/?q=dog+cost+calculator; /search/?q=puppy+names","","","0","https://leashfree.ca/dog-parks/west-hillhurst-off-leash-area/","no","no",""
"/dog-parks/west-zwicks-island-park/","West Zwick's Island Park Leash Free Dog Park | LeashFree.ca","West Zwick's Island Park offers pet-friendly trails and open green space in Belleville, ideal for off-leash walks by the bay.","1","8160","","/search/?q=off-leash+parks; /search/?q=apartment+dog+breeds; /search/?q=dog+cost+calculator; /search/?q=puppy+names","","","0","https://leashfree.ca/dog-parks/west-zwicks-island-park/","no","no",""
"/dog-parks/westview-park/","Westview Park Dog Park Winnipeg | Off-Leash Guide | LeashFree.ca","Research-backed guide to Westview Park in Winnipeg, including official off-leash status, full-park access, multi-use considerations, and current City hours.","1","9310","","/search/?q=off-leash+parks; /search/?q=apartment+dog+breeds; /search/?q=dog+cost+calculator; /search/?q=puppy+names","","","0","https://leashfree.ca/dog-parks/westview-park/","no","no",""
"/dog-parks/westview-park-maple-ridge/","Westview Park Dog Park Maple Ridge | Off-Leash Guide | LeashFree.ca","Research-backed guide to Westview Park in Maple Ridge, including official off-leash status, municipal leash rules, address context, and practical visit notes.","1","8396","","/search/?q=off-leash+parks; /search/?q=apartment+dog+breeds; /search/?q=dog+cost+calculator; /search/?q=puppy+names","","","0","https://leashfree.ca/dog-parks/westview-park-maple-ridge/","no","no",""
"/dog-parks/westvue-dog-park/","WestVue Dog Park | LeashFree.ca","WestVue Dog Park in Medicine Hat is a massive 40-acre park with fenced zones for all dog sizes, water access, and amenities including washrooms.","1","8437","","/search/?q=off-leash+parks; /search/?q=apartment+dog+breeds; /search/?q=dog+cost+calculator; /search/?q=puppy+names","","","0","https://leashfree.ca/dog-parks/westvue-dog-park/","no","no",""
"/dog-parks/weyburn/","Dog Parks in Weyburn, Saskatchewan | Off-Leash Guide | LeashFree.ca","Source-backed guide to dog parks in Weyburn, Saskatchewan, focused on the official community dog park, published rules, and practical visit planning.","1","8805","","/search/?q=off-leash+parks; /search/?q=apartment+dog+breeds; /search/?q=dog+cost+calculator; /search/?q=puppy+names","","","0","https://leashfree.ca/dog-parks/weyburn/","no","no",""
"/dog-parks/weyburn-community-dog-park/","Weyburn Community Dog Park | Weyburn, Saskatchewan | LeashFree.ca","Source-backed guide to Weyburn Community Dog Park in Weyburn, Saskatchewan, including official location details, 2.8-acre layout, separate dog areas, and published rules.","1","7378","","/search/?q=off-leash+parks; /search/?q=apartment+dog+breeds; /search/?q=dog+cost+calculator; /search/?q=puppy+names","","","0","https://leashfree.ca/dog-parks/weyburn-community-dog-park/","no","no",""
"/dog-parks/whitby/","Dog Parks in Whitby Ontario | LeashFree.ca","Discover leash free dog parks in Whitby, Ontario. Explore fenced off-leash spaces where your dog can run, socialize, and enjoy the outdoors safely.","1","7361","","/search/?q=off-leash+parks; /search/?q=apartment+dog+breeds; /search/?q=dog+cost+calculator; /search/?q=puppy+names","","","0","https://leashfree.ca/dog-parks/whitby/","no","no",""
"/dog-parks/whitby-park-south/","Whitby Off Leash Dog Park South Leash-Free Dog Park | LeashFree.ca","Whitby Off Leash Dog Park South is a community favorite with grassy open space where dogs can safely run and play off-leash.","1","7495","","/search/?q=off-leash+parks; /search/?q=apartment+dog+breeds; /search/?q=dog+cost+calculator; /search/?q=puppy+names","","","0","https://leashfree.ca/dog-parks/whitby-park-south/","no","no",""
"/dog-parks/white-rock/","White Rock Dog Parks and Waterfront Rules | LeashFree.ca","Source-backed guide to White Rock dog parks and waterfront rules, covering Ruth Johnson Park’s fenced off-leash dog park, promenade hours, beach leash limits, no-dogs pier rule, dog licensing, and bylaw contacts.","1","11437","","/search/?q=off-leash+parks; /search/?q=apartment+dog+breeds; /search/?q=dog+cost+calculator; /search/?q=puppy+names","","","0","https://leashfree.ca/dog-parks/white-rock/","no","no",""
"/dog-parks/white-spruce-park/","White Spruce Park Leash-Free Dog Park | LeashFree.ca","White Spruce Park is one of Brampton’s largest off-leash areas, offering natural trails and open spaces for dogs to explore freely.","1","8280","","/search/?q=off-leash+parks; /search/?q=apartment+dog+breeds; /search/?q=dog+cost+calculator; /search/?q=puppy+names","","","0","https://leashfree.ca/dog-parks/white-spruce-park/","no","no",""
"/dog-parks/wiggly-field-off-leash-dog-park/","Wiggly Field Off-Leash Dog Park | Yorkton, Saskatchewan | LeashFree.ca","Source-backed guide to Wiggly Field Off-Leash Dog Park in Yorkton, Saskatchewan, covering official off-leash status, leash rules outside the park, and location context from City of Yorkton sources.","1","7867","","/search/?q=off-leash+parks; /search/?q=apartment+dog+breeds; /search/?q=dog+cost+calculator; /search/?q=puppy+names","","","0","https://leashfree.ca/dog-parks/wiggly-field-off-leash-dog-park/","no","no",""
"/dog-parks/wildwood-crescent-playground/","Wildwood Crescent Playground (Leash-Free Dog Area) | LeashFree.ca","Wildwood Crescent Playground in East Danforth provides a tidy, fenced leash-free zone with essential amenities—perfect for quick outings and casual off-leash play in a cozy neighb...","1","9240","","/search/?q=off-leash+parks; /search/?q=apartment+dog+breeds; /search/?q=dog+cost+calculator; /search/?q=puppy+names","","","0","https://leashfree.ca/dog-parks/wildwood-crescent-playground/","no","no",""
"/dog-parks/willingdon-heights-park-burnaby/","Willingdon Heights Park | Burnaby Dog Off-Leash Area | LeashFree.ca","Source-backed guide to Willingdon Heights Park in Burnaby, including the official 1491 Carleton Avenue address, fenced year-round off-leash enclosure, and current agility-course construction note.","1","11758","","/search/?q=off-leash+parks; /search/?q=apartment+dog+breeds; /search/?q=dog+cost+calculator; /search/?q=puppy+names","","","0","https://leashfree.ca/dog-parks/willingdon-heights-park-burnaby/","no","no",""
"/dog-parks/wills-brook-dog-park/","Wills Brook Dog Park Leash-Free Area | LeashFree.ca","Wills Brook Dog Park is a well-maintained off-leash area in South Surrey, just minutes from White Rock, featuring agility space and shaded rest areas.","1","8792","","/search/?q=off-leash+parks; /search/?q=apartment+dog+breeds; /search/?q=dog+cost+calculator; /search/?q=puppy+names","","","0","https://leashfree.ca/dog-parks/wills-brook-dog-park/","no","no",""
"/dog-parks/wills-brook-park/","Wills Brook Park Leash-Free Area | LeashFree.ca","Wills Brook Park features scenic walking paths and an off-leash dog area ideal for pet owners in the White Rock area.","1","8564","","/search/?q=off-leash+parks; /search/?q=apartment+dog+breeds; /search/?q=dog+cost+calculator; /search/?q=puppy+names","","","0","https://leashfree.ca/dog-parks/wills-brook-park/","no","no",""
"/dog-parks/winnipeg/","Winnipeg Dog Parks and Off-Leash Areas | LeashFree.ca","Official-source guide to Winnipeg dog parks and off-leash areas, covering where off-leash access is legal, fencing expectations, 7 a.m. to 11 p.m. standard hours, dog-licensing rules, and the July 4, 2026 opening of Bri...","1","12498","","/search/?q=off-leash+parks; /search/?q=apartment+dog+breeds; /search/?q=dog+cost+calculator; /search/?q=puppy+names","","","0","https://leashfree.ca/dog-parks/winnipeg/","no","no",""
"/dog-parks/withrow-park/","Withrow Park: Unleashed Dog Area | LeashFree.ca","Withrow Park is a favorite downtown Toronto dog park, offering a large fenced area with woodchip ground, shade, and a friendly community vibe perfect for daily visits.","1","8954","","/search/?q=off-leash+parks; /search/?q=apartment+dog+breeds; /search/?q=dog+cost+calculator; /search/?q=puppy+names","","","0","https://leashfree.ca/dog-parks/withrow-park/","no","no",""
"/dog-parks/woburn-park-north-york/","Woburn Park - North York (Leash-Free Dog Area) | LeashFree.ca","Woburn Park in North York features a secure leash-free area for dogs to run freely, with grass, benches, and partial shade for a pleasant visit.","1","8754","","/search/?q=off-leash+parks; /search/?q=apartment+dog+breeds; /search/?q=dog+cost+calculator; /search/?q=puppy+names","","","0","https://leashfree.ca/dog-parks/woburn-park-north-york/","no","no",""
"/dog-parks/woodstock/","Dog Parks in Woodstock, Ontario | Off-Leash Guide | LeashFree.ca","Source-backed guide to dog parks in Woodstock, Ontario, covering Henry Street, Roth Park, and Cowan Sportsplex, plus current leash-free park rules, dog identification requirements, and Municipal Code Chapter 0212.","1","11211","","/search/?q=off-leash+parks; /search/?q=apartment+dog+breeds; /search/?q=dog+cost+calculator; /search/?q=puppy+names","","","0","https://leashfree.ca/dog-parks/woodstock/","no","no",""
"/dog-parks/woodsworth-park/","Woodsworth Park | Winnipeg Off-Leash Area | LeashFree.ca","Source-backed guide to Woodsworth Park in Winnipeg, including the official 1850 Hekla Avenue off-leash location, access north of the parking lot, city hours, and a current 2026 athletic-field treatment notice nearby.","1","10676","","/search/?q=off-leash+parks; /search/?q=apartment+dog+breeds; /search/?q=dog+cost+calculator; /search/?q=puppy+names","","","0","https://leashfree.ca/dog-parks/woodsworth-park/","no","no",""
"/dog-parks/woolner-park/","Woolner Park Dog Park in Toronto, Ontario | LeashFree.ca","Woolner Park is a peaceful community park offering grassy space and shaded paths for on-leash dog walks in York.","1","8481","","/search/?q=off-leash+parks; /search/?q=apartment+dog+breeds; /search/?q=dog+cost+calculator; /search/?q=puppy+names","","","0","https://leashfree.ca/dog-parks/woolner-park/","no","no",""
"/dog-parks/wychwood-barns-park/","Wychwood Barns Park (Dogs Allowed Area) | LeashFree.ca","Wychwood Barns Park is a lively green space with shaded paths and open lawns, perfect for leashed dog walks in Hillcrest Village.","1","8590","","/search/?q=off-leash+parks; /search/?q=apartment+dog+breeds; /search/?q=dog+cost+calculator; /search/?q=puppy+names","","","0","https://leashfree.ca/dog-parks/wychwood-barns-park/","no","no",""
"/dog-parks/yarmouth/","Dog Parks in Yarmouth, Nova Scotia | Off-Leash Guide | LeashFree.ca","Find Yarmouth Dog Park details, dawn-to-dusk hours, Broad Brook Trail location, and Town of Yarmouth dog-bylaw context. This guide covers the town’s main source-backed off-leash option.","1","7135","","/search/?q=off-leash+parks; /search/?q=apartment+dog+breeds; /search/?q=dog+cost+calculator; /search/?q=puppy+names","","","0","https://leashfree.ca/dog-parks/yarmouth/","no","no",""
"/dog-parks/yellow-point-park-ladysmith/","Yellow Point Park | North Oyster Park Rules | LeashFree.ca","Source-backed guide to Yellow Point Park in North Oyster, including the current RDN park classification, trail-and-picnic setting, and the fact that it is not an official off-leash dog park.","1","10514","","/search/?q=off-leash+parks; /search/?q=apartment+dog+breeds; /search/?q=dog+cost+calculator; /search/?q=puppy+names","","","0","https://leashfree.ca/dog-parks/yellow-point-park-ladysmith/","no","no",""
"/dog-parks/yellowquill-provincial-park-off-leash-dog-area/","Yellowquill Provincial Park Off-Leash Dog Area Leash-Free Dog Park | LeashFree.ca","Yellowquill Provincial Park in Portage la Prairie, MB, offers a spacious fenced dog area where pets can enjoy safe off-leash freedom.","1","7793","","/search/?q=off-leash+parks; /search/?q=apartment+dog+breeds; /search/?q=dog+cost+calculator; /search/?q=puppy+names","","","0","https://leashfree.ca/dog-parks/yellowquill-provincial-park-off-leash-dog-area/","no","no",""
"/dog-parks/yonge-and-york-mills-parkette/","Yonge and York Mills Parkette (Leash-Free Dog Area) | LeashFree.ca","Tucked into a busy Toronto corridor, the Yonge and York Mills Parkette offers a convenient fenced dog park for residents looking for quick off-leash relief.","1","8978","","/search/?q=off-leash+parks; /search/?q=apartment+dog+breeds; /search/?q=dog+cost+calculator; /search/?q=puppy+names","","","0","https://leashfree.ca/dog-parks/yonge-and-york-mills-parkette/","no","no",""
"/dog-parks/yorkton/","Dog Parks in Yorkton, Saskatchewan | Off-Leash Guide | LeashFree.ca","Source-backed guide to dog parks in Yorkton, Saskatchewan, centered on Wiggly Field, the city's official off-leash dog park, plus leash rules and visit planning tips.","1","7927","","/search/?q=off-leash+parks; /search/?q=apartment+dog+breeds; /search/?q=dog+cost+calculator; /search/?q=puppy+names","","","0","https://leashfree.ca/dog-parks/yorkton/","no","no",""
"/dog-parks/zorra-park/","Zorra Park Leash-Free Dog Park in Etobicoke, Toronto, Ontario | LeashFree.ca","Zorra Park features a compact, fully fenced leash-free zone with benches and gravel surface for quick dog outings in Etobicoke.","1","8612","","/search/?q=off-leash+parks; /search/?q=apartment+dog+breeds; /search/?q=dog+cost+calculator; /search/?q=puppy+names","","","0","https://leashfree.ca/dog-parks/zorra-park/","no","no",""
"/games/dog-breed-guessing-game/","Dog Breed Guessing Game: Guess the Breed from a Photo | LeashFree.ca","Test your dog breed knowledge with 20 photo-based questions. Guess each breed, track your score, and learn more from LeashFree.ca's dog breed profiles.","1","3689","","/search/?q=off-leash+parks; /search/?q=apartment+dog+breeds; /search/?q=dog+cost+calculator; /search/?q=puppy+names","","","0","https://leashfree.ca/games/dog-breed-guessing-game/","no","no",""
"/games/","Free Dog Games & Activities | LeashFree.ca","Play free dog games and activities for Canadian dog lovers, including photo breed quizzes, breed-recognition challenges, and links to dog breed guides.","1","2311","","/search/?q=off-leash+parks; /search/?q=apartment+dog+breeds; /search/?q=dog+cost+calculator; /search/?q=puppy+names","","","0","https://leashfree.ca/games/","no","no",""
"/","LeashFree.ca | Dog Parks, Breeds, Tools & Dog Owner Resources in Canada","Find leash-free dog parks, compare dog breeds, use dog owner calculators, explore dog names, browse local pet services, and read Canadian dog care guides.","1","11556","","/search/?q=off-leash+parks; /search/?q=apartment+dog+breeds; /search/?q=dog+cost+calculator; /search/?q=puppy+names","","","0","https://leashfree.ca/","no","no",""
"/privacy-policy/","Privacy Policy | LeashFree.ca","Read how LeashFree.ca collects, uses, and protects information across dog park guides, local directories, maps, calculators, comparison tools, ads, and sponsored links.","1","6680","","/search/?q=off-leash+parks; /search/?q=apartment+dog+breeds; /search/?q=dog+cost+calculator; /search/?q=puppy+names","","","0","https://leashfree.ca/privacy-policy/","no","no",""
"/resources/dog-breed-match-quiz/","Dog Breed Match Quiz: Find the Best Dog Breed for Your Lifestyle | LeashFree.ca","Answer 8 quick questions about your home, schedule, activity level, and preferences to find dog breeds that may fit your lifestyle.","1","5441","","/search/?q=off-leash+parks; /search/?q=apartment+dog+breeds; /search/?q=dog+cost+calculator; /search/?q=puppy+names","","","0","https://leashfree.ca/resources/dog-breed-match-quiz/","no","no",""
"/resources/dog-calorie-calculator/","Dog Calorie Calculator (Vet-Standard RER/MER) | LeashFree.ca","Free dog calorie calculator for Canadian dog owners. Estimate daily calories using vet-approved RER and MER with age and activity adjustments.","1","16362","","/search/?q=off-leash+parks; /search/?q=apartment+dog+breeds; /search/?q=dog+cost+calculator; /search/?q=puppy+names","","","0","https://leashfree.ca/resources/dog-calorie-calculator/","no","no",""
"/resources/dog-cost-calculator-canada/","Dog Cost Calculator Canada | Monthly, Yearly & First-Year Costs | LeashFree.ca","Estimate the monthly, yearly, first-year, and lifetime cost of owning a dog in Canada. Adjust for size, age, food, grooming, insurance, training, and care needs.","1","11336","","/search/?q=off-leash+parks; /search/?q=apartment+dog+breeds; /search/?q=dog+cost+calculator; /search/?q=puppy+names","","","0","https://leashfree.ca/resources/dog-cost-calculator-canada/","no","no",""
"/resources/dog-gear-finder/","Dog Gear Finder | LeashFree.ca","Find the best dog gear recommendations for your dog's lifestyle, activity level, and daily routine.","1","4700","","/search/?q=off-leash+parks; /search/?q=apartment+dog+breeds; /search/?q=dog+cost+calculator; /search/?q=puppy+names","","","0","https://leashfree.ca/resources/dog-gear-finder/","no","no",""
"/resources/","Free Dog Tools & Resources for Canadian Dog Owners | LeashFree.ca","Discover free tools and resources for dog owners in Canada including our Dog Breed Match Quiz, Dog Food Comparison Tool, Dog Calorie Calculator, Dog Name Finder, and Dog Gear Finder.","1","3268","","/search/?q=off-leash+parks; /search/?q=apartment+dog+breeds; /search/?q=dog+cost+calculator; /search/?q=puppy+names; /dog-insurance-canada/","","","0","https://leashfree.ca/resources/","no","no",""
"/search/","Search LeashFree.ca","Search dog parks, breeds, dog care guides, names, services, and tools across LeashFree.ca.","1","1884","","/search/?q=off-leash+parks; /search/?q=apartment+dog+breeds; /search/?q=dog+cost+calculator; /search/?q=puppy+names; /search/?q=off-leash+parks; /search/?q=apartment+dog+breeds; /search/?q=dog+cost+calculator; /search/?q=puppy+names","","","0","","yes","no",""
"/terms-of-use/","Terms of Use | LeashFree.ca","Review the Terms of Use for LeashFree.ca, including permitted use, content accuracy, tool limitations, advertising, affiliate links, and legal disclaimers.","1","8352","","/search/?q=off-leash+parks; /search/?q=apartment+dog+breeds; /search/?q=dog+cost+calculator; /search/?q=puppy+names","","","0","https://leashfree.ca/terms-of-use/","no","no",""
