"route","title","meta_description","h1_count","text_length","broken_internal_links","redirect_covered_links","broken_images","placeholder_images","canonical","missing_from_sitemap","notes"
"/404.html","Page Not Found | LeashFree.ca","The requested LeashFree.ca page was not found.","1","852","","","","0","https://leashfree.ca/404/","no",""
"/blog/average-vet-costs-in-canada/","Average Vet Costs in Canada (2025) - How Much Does a Vet Visit Cost? | LeashFree.ca","Discover the average cost of vet visits, diagnostics, and surgery in Canada for 2025. See how dog insurance helps protect against rising veterinary expenses.","1","3724","","","","0","https://leashfree.ca/blog/average-vet-costs-in-canada/","no",""
"/blog/best-dog-leashes-for-hiking-in-canada/","Best Dog Leashes for Hiking in Canada | Adventure Dog Gear Guide | LeashFree.ca","Discover the best dog leashes for hiking in Canada. From hands-free to rope and reflective leashes, find durable gear for every trail adventure - featuring Rocky Mountain Dog.","1","2916","","","","0","https://leashfree.ca/blog/best-dog-leashes-for-hiking-in-canada/","no",""
"/blog/best-dogs-for-apartment-living-in-canada/","Best Dogs for Apartment Living in Canada: Calm & Small Breeds | LeashFree.ca","Living in a condo or apartment? Discover the best small, quiet, and low-shedding dog breeds in Canada that thrive in smaller spaces and family life.","1","4690","","/breed-groups/toy-dogs; /breed-groups/hybrid-designer-mixes","","0","https://leashfree.ca/blog/best-dogs-for-apartment-living-in-canada/","no",""
"/blog/best-family-dogs-in-canada/","Best Family Dogs in Canada: Top Breeds by Group | LeashFree.ca","Discover the best family-friendly dog breeds in Canada, from loyal retrievers to gentle toy dogs. Explore top picks by breed group and find your perfect match.","1","5350","","","","0","https://leashfree.ca/blog/best-family-dogs-in-canada/","no",""
"/blog/best-fresh-dog-food-for-labrador-retrievers-in-canada/","Best Fresh Dog Food for Labrador Retrievers in Canada | LeashFree.ca","Looking for the best fresh dog food for your Labrador Retriever? Discover vet-approved Canadian options, tailored nutrition tips, and why Labradors thrive on NutriCanine’s fresh recipes.","1","6210","","","","0","https://leashfree.ca/blog/best-fresh-dog-food-for-labrador-retrievers-in-canada/","no",""
"/blog/best-greeting-exercises-to-reduce-jumping-barking-or-biting/","Best Greeting Exercises to Stop Dog Jumping, Barking & Biting | LeashFree.ca","Discover the best greeting exercises to teach your dog calm, polite hellos. Learn how to stop jumping, barking, or nipping with positive, easy-to-follow training tips from LeashFree.ca.","1","5726","","","","0","https://leashfree.ca/blog/best-greeting-exercises-to-reduce-jumping-barking-or-biting/","no",""
"/blog/best-hypoallergenic-dog-breeds-canadian-families/","Best Hypoallergenic Dog Breeds for Canadian Families | LeashFree.ca","Discover the best hypoallergenic dog breeds for Canadian families. From Poodles to Schnauzers, explore low-shedding, allergy-friendly breeds perfect for family life.","1","4723","","","","0","https://leashfree.ca/blog/best-hypoallergenic-dog-breeds-canadian-families/","no",""
"/blog/best-male-labrador-names/","Best Male Labrador Names | Top Name Ideas for Labrador Retrievers | LeashFree.ca","Looking for the perfect name for your male Labrador? Discover classic, strong, and fun name ideas that fit your Lab’s loyal and playful personality.","1","3698","","/dog-names","","0","https://leashfree.ca/blog/best-male-labrador-names/","no",""
"/blog/blog-dog-park-etiquette-canada/","Dog Park Etiquette 101: A Canadian Guide | LeashFree.ca","Learn the do’s and don’ts of dog park etiquette in Canada. From recall training to cleanup rules, discover how to keep off-leash parks safe and fun for everyone.","1","3667","","","","0","https://leashfree.ca/blog/blog-dog-park-etiquette-canada/","no",""
"/blog/crate-training-101-puppy-guide/","Crate Training 101: Positive Puppy Training Guide | LeashFree.ca","Learn how to crate train your puppy the positive way. Step-by-step tips for Canadian families to make crate time safe, comfortable, and stress-free.","1","3997","","","","0","https://leashfree.ca/blog/crate-training-101-puppy-guide/","no",""
"/blog/dealing-with-separation-anxiety-in-dogs/","Dealing with Dog Separation Anxiety: Proven Strategies | LeashFree.ca","Learn how to spot separation anxiety and use evidence-based training, environment tweaks, and pro tips to help your dog stay calm when you’re away.","1","8037","","","","0","https://leashfree.ca/blog/dealing-with-separation-anxiety-in-dogs/","no",""
"/blog/diy-halloween-dog-costumes/","DIY Dog Halloween Costumes You Can Make at Home | LeashFree.ca","Make your own dog costume this Halloween! Discover fun, safe, and affordable DIY costume ideas for Canadian pups and their families.","1","4772","","","","0","https://leashfree.ca/blog/diy-halloween-dog-costumes/","no",""
"/blog/dog-age-calculator/","Dog Age Calculator: Convert Dog Years to Human Years | LeashFree.ca","Discover your dog’s true age in human years! Try our free, research-based Dog Age Calculator by breed or size. Fun, fast, and accurate for every pup in Canada.","1","5803","","","","0","https://leashfree.ca/blog/dog-age-calculator/","no",""
"/blog/dog-insurance-waiting-periods-canada/","Dog Insurance Waiting Periods Explained (Accident vs Illness) | LeashFree.ca","Learn how dog insurance waiting periods work in Canada. Understand accident vs illness coverage, orthopedic conditions, and why enrolling early matters.","1","7108","","/dog-insurance-canada","","0","https://leashfree.ca/blog/dog-insurance-waiting-periods-canada/","no",""
"/blog/halloween-dog-costume-ideas-2025/","Top 15 Halloween Dog Costume Ideas for 2025 | LeashFree.ca","Discover the best Halloween dog costume ideas for 2025. From classic pumpkins to superhero pups, explore safe, creative, and Canadian-friendly designs.","1","5314","","","","0","https://leashfree.ca/blog/halloween-dog-costume-ideas-2025/","no",""
"/blog/halloween-dog-safety-tips/","Halloween Safety Tips for Dogs: Keep Your Pup Calm and Safe | LeashFree.ca","Keep your dog safe and stress-free this Halloween. Discover safety tips for costumes, candy, and trick-or-treat chaos tailored for Canadian pups.","1","4376","","","","0","https://leashfree.ca/blog/halloween-dog-safety-tips/","no",""
"/blog/help-reactive-dog-stay-calm-on-walks/","How to Help a Reactive Dog Stay Calm on Walks | LeashFree.ca","Walking a reactive dog can be stressful. Learn how to manage leash reactivity, reduce anxiety, and rebuild calm, confident walks through positive training.","1","5822","","","","0","https://leashfree.ca/blog/help-reactive-dog-stay-calm-on-walks/","no",""
"/blog/how-cold-is-too-cold-for-a-dog-walk/","How Cold Is Too Cold for a Dog Walk? | Winter Safety Guide for Canadian Dogs | LeashFree.ca","Learn how cold is too cold for a dog walk with our vet-backed Canadian winter guide. Discover safe temperature limits, breed-specific tips, and cold-weather care advice to protect your pup this season.","1","4896","","","","0","https://leashfree.ca/blog/how-cold-is-too-cold-for-a-dog-walk/","no",""
"/blog/how-to-choose-the-right-dog-park-for-your-pup/","How to Choose the Right Dog Park for Your Pup | LeashFree.ca","Learn how to choose the best dog park for your pup. Discover safety tips, size considerations, and Canadian-specific advice for leash-free adventures.","1","4055","","","","0","https://leashfree.ca/blog/how-to-choose-the-right-dog-park-for-your-pup/","no",""
"/blog/how-to-potty-train-puppy-in-condo-apartment/","How to Potty Train (House Train) Your Puppy in a Condo or Apartment | LeashFree.ca","Learn how to potty train (house train) your puppy in a condo or apartment. Discover proven routines, tools, and Canadian-specific tips for successful urban training.","1","3821","","","","0","https://leashfree.ca/blog/how-to-potty-train-puppy-in-condo-apartment/","no",""
"/blog/how-to-socialize-your-puppy/","How to Socialize Your Puppy: Canadian Step-by-Step Guide | LeashFree.ca","Learn how to socialize your puppy with confidence. This Canadian step-by-step guide covers socialization stages, tips, and mistakes to avoid.","1","5947","","","","0","https://leashfree.ca/blog/how-to-socialize-your-puppy/","no",""
"/blog/","LeashFree.ca Blog","Dog park tips, breed guides, dog care articles, and practical resources for Canadian dog owners.","1","10670","","","","1","https://leashfree.ca/blog/","no",""
"/blog/is-dog-insurance-worth-it-canada/","Is Dog Insurance Worth It in Canada? (Pros, Cons & Real Scenarios) | LeashFree.ca","Wondering if dog insurance is worth it in Canada? Learn about the pros, cons, average vet costs, and real-life examples to decide if it’s right for your pup.","1","6317","","/dog-insurance-canada; /dog-insurance-canada; /dog-insurance-canada","","0","https://leashfree.ca/blog/is-dog-insurance-worth-it-canada/","no",""
"/blog/is-it-ever-too-late-to-socialize-a-dog/","Is It Ever Too Late to Socialize a Dog? | LeashFree.ca","Wondering if it’s too late to socialize your adult dog? Learn how to safely introduce new people, pets, and places — even if your dog missed early puppy socialization.","1","5525","","","","0","https://leashfree.ca/blog/is-it-ever-too-late-to-socialize-a-dog/","no",""
"/blog/keeping-your-dog-active-indoors-during-winter/","How to Keep Your Dog Active Indoors During Winter | LeashFree.ca","Learn how to keep your dog active indoors this winter with fun games, mental enrichment, and training ideas. Stay active and happy with your dog even during Canada’s coldest months.","1","5636","","","","0","https://leashfree.ca/blog/keeping-your-dog-active-indoors-during-winter/","no",""
"/blog/low-shedding-dog-breeds-for-allergy-sufferers/","Low-Shedding Dog Breeds in Canada: Best Picks for Allergy Sufferers | LeashFree.ca","Allergies? Explore the best low-shedding dog breeds in Canada - temperament, size, grooming, and care tips—plus links to detailed breed guides.","1","5362","","/breed-groups/hybrid-designer-mixes","","0","https://leashfree.ca/blog/low-shedding-dog-breeds-for-allergy-sufferers/","no",""
"/blog/most-googled-dog-questions/","15 Most Googled Dog Questions - Answered | LeashFree.ca","Why do dogs bury bones, tilt their heads, or eat grass? Discover the 15 most Googled dog questions - answered with fun, science-backed insights for Canadian dog owners.","1","8721","","","","0","https://leashfree.ca/blog/most-googled-dog-questions/","no",""
"/blog/puppy-training-independence-games/","Puppy Training 101: Independence Games to Prevent Separation Anxiety | LeashFree.ca","Teach your puppy independence from day one. Learn fun games and routines that build confidence and prevent separation anxiety later in life.","1","5170","","","","0","https://leashfree.ca/blog/puppy-training-independence-games/","no",""
"/blog/smartest-dog-breeds-in-canada-easy-to-train-and-eager-to-lear/","Smartest Dog Breeds in Canada: Easy to Train & Eager to Learn | LeashFree.ca","Discover the smartest dog breeds in Canada! Learn which breeds are easiest to train, most obedient, and best suited for active, intelligent owners.","1","5758","","/breed-groups/herding-dogs; /breed-groups/working-dogs; /breed-groups/sporting-dogs; /breed-groups/hybrid-designer-mixes","","0","https://leashfree.ca/blog/smartest-dog-breeds-in-canada-easy-to-train-and-eager-to-lear/","no",""
"/blog/the-7-7-7-rule-for-puppies/","The 7-7-7 Rule for Puppies | Early Socialization Guide | LeashFree.ca","Discover the 7-7-7 rule for puppies — a proven socialization method that helps young dogs grow into confident, friendly companions. Learn how to apply it safely at home.","1","5747","","","","0","https://leashfree.ca/blog/the-7-7-7-rule-for-puppies/","no",""
"/blog/tips-for-living-with-dogs-if-you-have-allergies/","Tips for Living with Dogs if You Have Allergies | LeashFree.ca","Learn practical tips for allergy-sensitive families living with dogs. From grooming to cleaning routines, discover how to reduce allergens and live comfortably","1","4965","","","","0","https://leashfree.ca/blog/tips-for-living-with-dogs-if-you-have-allergies/","no",""
"/blog/top-10-dog-breeds-for-canadian-families/","Top 10 Dog Breeds for Canadian Families | LeashFree.ca","Discover the best dog breeds for families in Canada. From Labs to Cavaliers, explore top breeds that are friendly, adaptable, and perfect for Canadian homes.","1","7609","","","","0","https://leashfree.ca/blog/top-10-dog-breeds-for-canadian-families/","no",""
"/blog/top-10-dog-breeds-for-condo-living-canada/","Top 10 Dog Breeds for Condo & Apartment Living in Canada | LeashFree.ca","Discover the best dog breeds for condos and apartments in Canada. Learn which small, adaptable, and low-energy dogs make perfect city companions.","1","6977","","","","0","https://leashfree.ca/blog/top-10-dog-breeds-for-condo-living-canada/","no",""
"/blog/top-10-dog-parks-in-vancouver/","Top 10 Dog Parks in Vancouver for Off-Leash Fun (2025 Guide) | LeashFree.ca","Set the stage — Vancouver is one of the most dog-friendly cities in Canada, offering mountains, beaches, and trails where dogs can safely explore. Mention that this list features...","1","3472","/parks/vanier-park","/parks/spanish-banks-beach-park; /parks/hadden-park; /parks/everett-crowley-park; /parks/fraser-river-park; /parks/queen-elizabeth-park; /parks/charleson-park; /parks/crab-park; /parks/sunset-beach-park; /parks/john-hendry-park","","1","https://leashfree.ca/blog/top-10-dog-parks-in-vancouver/","no",""
"/blog/top-10-off-leash-dog-parks-in-toronto/","Top 10 Off-Leash Dog Parks in Toronto | LeashFree.ca","Discover Toronto’s best leash-free dog parks. From High Park to Cherry Beach, explore safe, fun, and dog-friendly spaces across the city.","1","5028","","","","0","https://leashfree.ca/blog/top-10-off-leash-dog-parks-in-toronto/","no",""
"/blog/trending-dog-names-2025/","Trending Dog Names 2025: Top Picks & Pop Culture Ideas | LeashFree.ca","See the hottest dog names for 2025 - Luna, Milo, Daisy + pop culture, foodie, and human-style picks. Trainer tips, searchable list, and naming advice.","1","5307","","/dog-names/","","0","https://leashfree.ca/blog/trending-dog-names-2025/","no",""
"/blog/unlimited-vs-10000-annual-limit/","Unlimited vs $10,000 Annual Limit—Which Should You Choose? (Canada) | LeashFree.ca","Not sure if you need Unlimited pet insurance? See when $10,000 is enough, when Unlimited is smarter, and how to pick the right limit for your dog in Canada.","1","5711","","/dog-insurance-waiting-periods-canada; /per-condition-vs-annual-deductible; /average-vet-costs-in-canada","","0","https://leashfree.ca/blog/unlimited-vs-10000-annual-limit/","no",""
"/blog/winter-dog-care-tips-canada/","Winter Dog Care Tips: Keeping Your Pup Safe in the Canadian Cold | LeashFree.ca","Discover essential winter dog care tips for Canadian families. From paw protection to winter jackets, keep your pup safe and comfortable in the cold.","1","3812","","","","0","https://leashfree.ca/blog/winter-dog-care-tips-canada/","no",""
"/blog/winter-paw-care-for-canadian-dogs/","Winter Paw Care for Canadian Dogs | Salt, Ice & Boot Tips | LeashFree.ca","Protect your dog’s paws from salt, ice, and freezing temperatures this winter. Learn expert paw-care tips, best boots for Canadian winters, and natural protection methods.","1","5262","","","","0","https://leashfree.ca/blog/winter-paw-care-for-canadian-dogs/","no",""
"/directory/alberta-animal-rescue-crew-society-aarcs/","Alberta Animal Rescue Crew Society (AARCS) – Dog Rescue in Calgary | LeashFree.ca","Adopt a dog or support animal rescue efforts at Alberta Animal Rescue Crew Society (AARCS) in Calgary, Alberta, helping animals across the province find safety and care.","1","1457","","","","0","https://leashfree.ca/directory/alberta-animal-rescue-crew-society-aarcs/","no",""
"/directory/aldershot-animal-hospital-burlington/","Aldershot Animal Hospital – Veterinarian in Burlington, Ontario | LeashFree.ca","Aldershot Animal Hospital provides veterinary care in Burlington’s Aldershot community, including exams, vaccines, diagnostics and surgery.","1","1107","","","","1","https://leashfree.ca/directory/aldershot-animal-hospital-burlington/","no",""
"/directory/alderwood-veterinary-clinic/","Alderwood Veterinary Clinic – Veterinarian in South Etobicoke | LeashFree.ca","Alderwood Veterinary Clinic offers preventive and medical veterinary care for pets in south Etobicoke.","1","1105","","","","1","https://leashfree.ca/directory/alderwood-veterinary-clinic/","no",""
"/directory/animal-hospital-of-milton/","Animal Hospital of Milton – Veterinarian in Milton, Ontario | LeashFree.ca","Animal Hospital of Milton provides comprehensive veterinary care, surgery, and dentistry for dogs and cats in a friendly, community-focused setting.","1","1466","","","","1","https://leashfree.ca/directory/animal-hospital-of-milton/","no",""
"/directory/animal-hospital-of-milton-e6f9b/","Animal Hospital of Milton – Veterinarian in Milton | LeashFree.ca","Animal Hospital of Milton in downtown Milton, Ontario offers comprehensive veterinary services, including wellness care, surgery, dentistry, and diagnostics for dogs and cats.","1","1652","","","","1","https://leashfree.ca/directory/animal-hospital-of-milton-e6f9b/","no",""
"/directory/animal-hospital-of-oakville/","Animal Hospital of Oakville – Trusted Veterinarian in Oakville, Ontario | LeashFree.ca","The Animal Hospital of Oakville provides comprehensive veterinary care, surgery, and dentistry in a welcoming environment for dogs and cats.","1","1441","","","","1","https://leashfree.ca/directory/animal-hospital-of-oakville/","no",""
"/directory/applewood-veterinary-hospital-mississauga/","Applewood Veterinary Hospital – Veterinarian in Mississauga | LeashFree.ca","Applewood Veterinary Hospital in Mississauga, Ontario provides wellness care, diagnostics, surgery, and dentistry for dogs and cats in the Applewood area.","1","1612","","","","1","https://leashfree.ca/directory/applewood-veterinary-hospital-mississauga/","no",""
"/directory/aquitaine-animal-hospital-mississauga/","Aquitaine Animal Hospital – Veterinarian in Meadowvale Town Centre | LeashFree.ca","Aquitaine Animal Hospital provides full-service veterinary care for dogs and cats in the Meadowvale Town Centre area of Mississauga.","1","1285","","","","1","https://leashfree.ca/directory/aquitaine-animal-hospital-mississauga/","no",""
"/directory/bc-spca-vancouver-branch/","BC SPCA Vancouver Branch – Adopt a Pet in Vancouver | LeashFree.ca","Adopt a dog or cat from the BC SPCA Vancouver Branch. Providing animal rescue, adoption, and education services across Greater Vancouver.","1","1322","","","","0","https://leashfree.ca/directory/bc-spca-vancouver-branch/","no",""
"/directory/bristol-veterinary-hospital-mississauga/","Bristol Veterinary Hospital – Veterinarian in Mississauga | LeashFree.ca","Bristol Veterinary Hospital in Mississauga, Ontario offers extended-hours veterinary care, including wellness, diagnostics, surgery, and dentistry for dogs and cats.","1","1667","","","","1","https://leashfree.ca/directory/bristol-veterinary-hospital-mississauga/","no",""
"/directory/burlington-veterinary-emergency-and-referral-hospital/","Burlington Veterinary Emergency & Referral Hospital – Emergency Vet in Burlington, Ontario | LeashFree.ca","Emergency and specialty veterinary hospital in Burlington serving pets and primary care veterinarians across Halton.","1","1187","","","","1","https://leashfree.ca/directory/burlington-veterinary-emergency-and-referral-hospital/","no",""
"/directory/burloak-animal-hospital/","Burloak Animal Hospital – Veterinarian in Oakville, Ontario | LeashFree.ca","Burloak Animal Hospital in Oakville provides full-service veterinary care, surgery, and emergency services for dogs and cats.","1","1477","","","","1","https://leashfree.ca/directory/burloak-animal-hospital/","no",""
"/directory/credit-valley-animal-hospital-mississauga/","Credit Valley Animal Hospital – Veterinarian in Mississauga | LeashFree.ca","Credit Valley Animal Hospital in Mississauga, part of VCA Canada, provides wellness care, surgery, dentistry, and diagnostic services for local dogs and cats.","1","1638","","","","1","https://leashfree.ca/directory/credit-valley-animal-hospital-mississauga/","no",""
"/directory/derry-heights-animal-hospital-milton/","Derry Heights Animal Hospital – Veterinarian in Milton | LeashFree.ca","Derry Heights Animal Hospital in Milton, Ontario provides full-service veterinary care, including exams, diagnostics, surgery, and preventive care for dogs and cats.","1","1607","","","","1","https://leashfree.ca/directory/derry-heights-animal-hospital-milton/","no",""
"/directory/dog-tales-rescue-and-sanctuary/","Dog Tales Rescue and Sanctuary – Dog Rescue in King, Ontario | LeashFree.ca","Discover Dog Tales Rescue and Sanctuary in King, Ontario — a peaceful haven offering rehabilitation and adoption for dogs and horses in need.","1","1420","","","","0","https://leashfree.ca/directory/dog-tales-rescue-and-sanctuary/","no",""
"/directory/east-plains-animal-hospital-burlington/","East Plains Animal Hospital – Veterinarian in Burlington, Ontario | LeashFree.ca","Community veterinary clinic in Aldershot providing preventive care, surgery and pet health guidance.","1","1085","","","","1","https://leashfree.ca/directory/east-plains-animal-hospital-burlington/","no",""
"/directory/eatonville-animal-hospital/","Eatonville Animal Hospital – Veterinarian in Etobicoke | LeashFree.ca","Eatonville Animal Hospital offers exams, treatment, and surgical services for pets in Etobicoke.","1","1069","","","","1","https://leashfree.ca/directory/eatonville-animal-hospital/","no",""
"/directory/eglinton-hwy-10-veterinary-clinic-mississauga/","Eglinton-Hwy 10 Veterinary Clinic – Veterinarian in Central Mississauga | LeashFree.ca","Eglinton-Hwy 10 Veterinary Clinic provides wellness, medical, and surgical care for dogs and cats in central Mississauga near Eglinton and Hurontario.","1","1369","","","","1","https://leashfree.ca/directory/eglinton-hwy-10-veterinary-clinic-mississauga/","no",""
"/directory/erin-mills-pet-hospital-mississauga/","Erin Mills Pet Hospital – Veterinarian in Erin Mills Mississauga | LeashFree.ca","Erin Mills Pet Hospital provides full-service veterinary care including wellness exams, surgery, and dentistry for dogs and cats in the Erin Mills community of Mississauga.","1","1412","","","","1","https://leashfree.ca/directory/erin-mills-pet-hospital-mississauga/","no",""
"/directory/erindale-animal-hospital-mississauga/","Erindale Animal Hospital – Veterinarian in Mississauga | LeashFree.ca","Erindale Animal Hospital in Mississauga provides wellness exams, diagnostics, surgery, and dental care for dogs and cats in the Creditview and Erindale areas.","1","1595","","","","1","https://leashfree.ca/directory/erindale-animal-hospital-mississauga/","no",""
"/directory/etobicoke-veterinary-hospital/","Etobicoke Veterinary Hospital – Veterinarian in Etobicoke | LeashFree.ca","Etobicoke Veterinary Hospital provides medical, surgical, and preventive veterinary care for pets in Etobicoke.","1","1116","","","","1","https://leashfree.ca/directory/etobicoke-veterinary-hospital/","no",""
"/directory/glen-erin-animal-hospital-mississauga/","Glen Erin Animal Hospital – Veterinarian in Erin Mills Mississauga | LeashFree.ca","Glen Erin Animal Hospital offers AAHA-level veterinary care including wellness, dentistry, and surgery for pets in Erin Mills and central Mississauga.","1","1318","","","","1","https://leashfree.ca/directory/glen-erin-animal-hospital-mississauga/","no",""
"/directory/halton-peel-animal-hospital-milton/","Halton Peel Animal Hospital – Veterinarian in Milton | LeashFree.ca","Halton Peel Animal Hospital in Milton, Ontario offers veterinary care, preventive services, and health guidance for dogs and cats in rural and suburban areas.","1","1640","","","","1","https://leashfree.ca/directory/halton-peel-animal-hospital-milton/","no",""
"/directory/hamilton-burlington-spca/","Hamilton/Burlington SPCA – Dog Adoption & Rescue in Hamilton | LeashFree.ca","Find adoptable dogs and animal care services at the Hamilton/Burlington SPCA, helping pets across Hamilton and Burlington find safe and loving homes.","1","1449","","","","0","https://leashfree.ca/directory/hamilton-burlington-spca/","no",""
"/directory/hawkins-animal-hospital/","Hawkins Animal Hospital – Veterinarian in Milton, Ontario | LeashFree.ca","Hawkins Animal Hospital offers preventive, surgical, and dental care for dogs and cats in Milton. Trusted local veterinary clinic focused on pet wellness.","1","1461","","","","1","https://leashfree.ca/directory/hawkins-animal-hospital/","no",""
"/directory/hawkins-animal-hospital-milton/","Hawkins Animal Hospital – Veterinarian in Milton | LeashFree.ca","Hawkins Animal Hospital in downtown Milton, Ontario offers full-service veterinary care, including wellness exams, surgery, dentistry, and preventive services for dogs and cats.","1","1689","","","","1","https://leashfree.ca/directory/hawkins-animal-hospital-milton/","no",""
"/directory/heartland-pet-hospital-mississauga/","Heartland Pet Hospital – Veterinarian in Mississauga | LeashFree.ca","Heartland Pet Hospital in Mississauga provides veterinary services for dogs and cats, including wellness care, diagnostics, surgery, dentistry, and behaviour support.","1","1555","","","","1","https://leashfree.ca/directory/heartland-pet-hospital-mississauga/","no",""
"/directory/hollybank-animal-hospital-milton/","Hollybank Animal Hospital – Veterinarian in Milton | LeashFree.ca","Hollybank Animal Hospital in south Milton offers veterinary care, surgery, dentistry, and wellness services for dogs, cats, and small companion animals.","1","1576","","","","1","https://leashfree.ca/directory/hollybank-animal-hospital-milton/","no",""
"/directory/humber-bay-veterinary-hospital/","Humber Bay Veterinary Hospital – Veterinarian in Humber Bay Shores | LeashFree.ca","Humber Bay Veterinary Hospital offers full-service veterinary care for dogs and cats in Humber Bay Shores, Etobicoke.","1","1137","","","","1","https://leashfree.ca/directory/humber-bay-veterinary-hospital/","no",""
"/directory/","Dog Services Directory | LeashFree.ca","Browse converted LeashFree.ca directory listings for dog services and pet resources.","1","14970","","","","1","https://leashfree.ca/directory/","no",""
"/directory/it-takes-a-village-dog-rescue/","It Takes a Village Dog Rescue – Dog Adoption & Rescue in St. Catharines | LeashFree.ca","Discover adoptable dogs through It Takes a Village Dog Rescue, a volunteer-run organization helping dogs across Ontario find safe and loving homes.","1","1520","","","","0","https://leashfree.ca/directory/it-takes-a-village-dog-rescue/","no",""
"/directory/james-snow-animal-hospital/","James Snow Animal Hospital – Veterinarian in Milton, Ontario | LeashFree.ca","James Snow Animal Hospital provides full-service veterinary care seven days a week, including exams, surgery, and dentistry for dogs and cats in Milton.","1","1436","","","","1","https://leashfree.ca/directory/james-snow-animal-hospital/","no",""
"/directory/james-snow-animal-hospital-milton/","James Snow Animal Hospital – Veterinarian in Milton | LeashFree.ca","James Snow Animal Hospital in Milton, Ontario provides full-service veterinary care, including wellness exams, surgery, dentistry, diagnostics, and extended-hours appointments for family pets.","1","1739","","","","1","https://leashfree.ca/directory/james-snow-animal-hospital-milton/","no",""
"/directory/long-branch-animal-clinic/","Long Branch Animal Clinic – Veterinarian in Long Branch Etobicoke | LeashFree.ca","Long Branch Animal Clinic provides veterinary services for pets in the Long Branch area of Etobicoke.","1","1099","","","","1","https://leashfree.ca/directory/long-branch-animal-clinic/","no",""
"/directory/lorne-park-animal-hospital-mississauga/","Lorne Park Animal Hospital – Veterinarian in Lorne Park Mississauga | LeashFree.ca","Lorne Park Animal Hospital provides preventive, medical, and surgical care for pets in the Lorne Park and Clarkson areas of Mississauga.","1","1262","","","","1","https://leashfree.ca/directory/lorne-park-animal-hospital-mississauga/","no",""
"/directory/loved-at-last-dog-rescue/","Loved at Last Dog Rescue – Dog Adoption & Rescue in Vancouver | LeashFree.ca","Find adoptable dogs through Loved at Last Dog Rescue, connecting rescued dogs from around the world with caring homes in British Columbia.","1","1468","","","","0","https://leashfree.ca/directory/loved-at-last-dog-rescue/","no",""
"/directory/mainview-animal-hospital-milton/","Mainview Animal Hospital – Veterinarian in Milton | LeashFree.ca","Mainview Animal Hospital in Milton, Ontario provides wellness care, diagnostics, surgery, and dental services for dogs and cats in the surrounding neighbourhoods.","1","1583","","","","1","https://leashfree.ca/directory/mainview-animal-hospital-milton/","no",""
"/directory/martin-veterinary-hospital/","Martin Veterinary Hospital – Veterinarian in Etobicoke | LeashFree.ca","Martin Veterinary Hospital offers accredited veterinary services including dentistry, surgery, and diagnostics.","1","1099","","","","1","https://leashfree.ca/directory/martin-veterinary-hospital/","no",""
"/directory/mavis-road-animal-clinic-mississauga/","Mavis Road Animal Clinic – Veterinarian in Central Mississauga | LeashFree.ca","Mavis Road Animal Clinic offers wellness exams, diagnostics, and surgery for dogs and cats near Mavis Road and Wolfedale Road in Mississauga.","1","1257","","","","1","https://leashfree.ca/directory/mavis-road-animal-clinic-mississauga/","no",""
"/directory/mccleary-animal-hospital-mississauga/","McCleary Animal Hospital – Veterinarian in Mississauga | LeashFree.ca","McCleary Animal Hospital in south Mississauga offers veterinary services for dogs and cats, including wellness care, diagnostics, surgery, and dental treatments.","1","1605","","","","1","https://leashfree.ca/directory/mccleary-animal-hospital-mississauga/","no",""
"/directory/meadowvale-animal-clinic-mississauga/","Meadowvale Animal Clinic – Veterinarian in Meadowvale Mississauga | LeashFree.ca","Meadowvale Animal Clinic provides AAHA-accredited veterinary care, including wellness, dentistry, and surgery, for pets in the Meadowvale area of Mississauga.","1","1358","","","","1","https://leashfree.ca/directory/meadowvale-animal-clinic-mississauga/","no",""
"/directory/mississauga-animal-hospital/","Mississauga Animal Hospital – Veterinarian in Mississauga | LeashFree.ca","Mississauga Animal Hospital on Dundas Street East provides full-service veterinary care, including exams, diagnostics, surgery, and dentistry for dogs and cats in Mississauga.","1","1629","","","","1","https://leashfree.ca/directory/mississauga-animal-hospital/","no",""
"/directory/montreal-spca/","Montreal SPCA – Dog Adoption & Rescue in Montréal | LeashFree.ca","Adopt a dog or support animal rescue efforts at the Montreal SPCA, providing compassionate care and advocacy for pets across Quebec.","1","1422","","","","0","https://leashfree.ca/directory/montreal-spca/","no",""
"/directory/niagara-dog-rescue/","Niagara Dog Rescue – Dog Adoption & Rescue in Niagara Falls | LeashFree.ca","Find adoptable dogs and foster opportunities at Niagara Dog Rescue, helping dogs across Ontario find safe and loving homes.","1","1456","","","","0","https://leashfree.ca/directory/niagara-dog-rescue/","no",""
"/directory/niagara-spca-and-humane-society/","Niagara SPCA and Humane Society – Dog Adoption & Rescue in Niagara Falls | LeashFree.ca","Adopt a dog or support animal rescue through the Niagara SPCA and Humane Society, serving Niagara Falls and surrounding communities with care and compassion.","1","1495","","","","0","https://leashfree.ca/directory/niagara-spca-and-humane-society/","no",""
"/directory/oakville-animal-clinic/","Oakville Animal Clinic – Veterinarian in Oakville, Ontario | LeashFree.ca","Visit Oakville Animal Clinic for trusted veterinary care in Kerr Village. Offering wellness exams, diagnostics, and surgery for dogs and cats.","1","1448","","","","1","https://leashfree.ca/directory/oakville-animal-clinic/","no",""
"/directory/oakville-lakeshore-animal-hospital/","Oakville Lakeshore Animal Hospital – Veterinarian in Oakville, Ontario | LeashFree.ca","Oakville Lakeshore Animal Hospital provides personalized veterinary care, surgery, and dentistry for dogs and cats in Downtown Oakville.","1","1470","","","","1","https://leashfree.ca/directory/oakville-lakeshore-animal-hospital/","no",""
"/directory/ontario-spca-and-humane-society/","Ontario SPCA and Humane Society – Dog Adoption & Rescue in Stouffville | LeashFree.ca","Discover adoptable dogs and animal care programs at the Ontario SPCA and Humane Society, supporting animal welfare and adoption across Ontario.","1","1567","","","","0","https://leashfree.ca/directory/ontario-spca-and-humane-society/","no",""
"/directory/redemption-paws/","Redemption Paws – Dog Rescue & Adoption in Toronto | LeashFree.ca","Discover adoptable dogs through Redemption Paws, a Toronto-based foster network helping rescued dogs find safe and loving homes across Ontario.","1","1478","","","","0","https://leashfree.ca/directory/redemption-paws/","no",""
"/directory/richview-animal-hospital/","Richview Animal Hospital – Veterinarian in Etobicoke | LeashFree.ca","Richview Animal Hospital provides preventive and medical veterinary services for pets in Etobicoke.","1","1088","","","","1","https://leashfree.ca/directory/richview-animal-hospital/","no",""
"/directory/river-grove-animal-hospital-mississauga/","River Grove Animal Hospital – Veterinarian in North Mississauga | LeashFree.ca","River Grove Animal Hospital provides wellness care, diagnostics, surgery, and dentistry for pets in the River Grove and north Mississauga area.","1","1274","","","","1","https://leashfree.ca/directory/river-grove-animal-hospital-mississauga/","no",""
"/directory/robinson-pet-hospital-milton/","Robinson Pet Hospital – Veterinarian in Milton | LeashFree.ca","Robinson Pet Hospital in Milton, Ontario offers full-service veterinary care, including wellness exams, surgery, dentistry, and medical services for dogs and cats.","1","1601","","","","1","https://leashfree.ca/directory/robinson-pet-hospital-milton/","no",""
"/directory/royal-ford-veterinary-hospital/","Royal Ford Veterinary Hospital – Veterinarian in Oakville, Ontario | LeashFree.ca","Royal Ford Veterinary Hospital offers preventive care, surgery, and diagnostics in a modern facility serving Southeast Oakville.","1","1441","","","","1","https://leashfree.ca/directory/royal-ford-veterinary-hospital/","no",""
"/directory/royal-york-animal-hospital/","Royal York Animal Hospital – Veterinarian in Etobicoke | LeashFree.ca","Royal York Animal Hospital offers accredited veterinary care for cats and dogs in Etobicoke.","1","1088","","","","1","https://leashfree.ca/directory/royal-york-animal-hospital/","no",""
"/directory/second-chance-animal-rescue-society-scars/","Second Chance Animal Rescue Society (SCARS) – Dog Rescue in Edmonton, Alberta | LeashFree.ca","Adopt or foster a dog through Second Chance Animal Rescue Society (SCARS), helping neglected and homeless pets across northern Alberta find safety and care.","1","1574","","","","0","https://leashfree.ca/directory/second-chance-animal-rescue-society-scars/","no",""
"/directory/senior-animals-in-need-today-society-saints/","SAINTS Rescue – Senior Animal Sanctuary in Mission, BC | LeashFree.ca","Discover SAINTS Rescue in Mission, BC - a compassionate sanctuary providing lifelong care for senior and special needs animals across British Columbia.","1","1518","","","","0","https://leashfree.ca/directory/senior-animals-in-need-today-society-saints/","no",""
"/directory/south-etobicoke-animal-hospital/","South Etobicoke Animal Hospital – Veterinarian in Etobicoke | LeashFree.ca","South Etobicoke Animal Hospital provides wellness, surgical, and preventive veterinary services for pets in Etobicoke.","1","1165","","","","1","https://leashfree.ca/directory/south-etobicoke-animal-hospital/","no",""
"/directory/southdown-animal-clinic-mississauga/","Southdown Animal Clinic – Veterinarian in Mississauga | LeashFree.ca","Southdown Animal Clinic in Mississauga offers veterinary care for dogs, cats, and pocket pets, including wellness exams, surgery, dentistry, and diagnostics.","1","1587","","","","1","https://leashfree.ca/directory/southdown-animal-clinic-mississauga/","no",""
"/directory/southeast-oakville-vet/","Southeast Oakville Vet – Veterinarian in Oakville, Ontario | LeashFree.ca","Southeast Oakville Vet offers personalized veterinary care, diagnostics, and surgery for dogs and cats in a welcoming, modern clinic.","1","1377","","","","1","https://leashfree.ca/directory/southeast-oakville-vet/","no",""
"/directory/streetsville-animal-hospital-mississauga/","Streetsville Animal Hospital – Veterinarian in Mississauga | LeashFree.ca","Streetsville Animal Hospital in Mississauga provides preventive care, medical treatment, surgery, and dental services for dogs and cats in the Streetsville area.","1","1642","","","","1","https://leashfree.ca/directory/streetsville-animal-hospital-mississauga/","no",""
"/directory/tansley-woods-veterinary-hospital/","Tansley Woods Veterinary Hospital – Veterinarian in Burlington, Ontario | LeashFree.ca","Tansley Woods Veterinary Hospital offers wellness care, dentistry, diagnostics and surgery for pets in Burlington.","1","1103","","","","1","https://leashfree.ca/directory/tansley-woods-veterinary-hospital/","no",""
"/directory/toronto-humane-society/","Toronto Humane Society – Dog Adoption & Rescue in Toronto | LeashFree.ca","Explore dogs for adoption at Toronto Humane Society. A dedicated charity offering compassionate care, rescue, and community programs across the GTA.","1","1394","","","","0","https://leashfree.ca/directory/toronto-humane-society/","no",""
"/directory/toronto-veterinary-clinic-etobicoke/","Toronto Veterinary Clinic – Veterinarian in Etobicoke | LeashFree.ca","Toronto Veterinary Clinic offers full-service veterinary care including exams, surgery, and preventive health services in Etobicoke.","1","1120","","","","1","https://leashfree.ca/directory/toronto-veterinary-clinic-etobicoke/","no",""
"/directory/upper-middle-road-animal-hospital-burlington/","Upper Middle Road Animal Hospital – Veterinarian in Burlington, Ontario | LeashFree.ca","General practice veterinary care in Burlington including wellness exams, vaccines and client support.","1","1107","","","","1","https://leashfree.ca/directory/upper-middle-road-animal-hospital-burlington/","no",""
"/directory/upper-oakville-pet-hospital/","Upper Oakville Pet Hospital – Veterinarian in Oakville, Ontario | LeashFree.ca","Upper Oakville Pet Hospital provides veterinary care, diagnostics, and surgery for dogs and cats in Oakville. Compassionate, family-focused care.","1","1459","","","","1","https://leashfree.ca/directory/upper-oakville-pet-hospital/","no",""
"/directory/vca-canada-burlington-animal-hospital/","VCA Burlington Animal Hospital – Veterinarian in Burlington, Ontario | LeashFree.ca","Full‑service veterinary care on Guelph Line in Burlington, including exams, dentistry, diagnostics and surgery.","1","1099","","","","1","https://leashfree.ca/directory/vca-canada-burlington-animal-hospital/","no",""
"/directory/westbridge-veterinary-hospital-mississauga/","Westbridge Veterinary Hospital – Veterinarian in Mississauga | LeashFree.ca","Westbridge Veterinary Hospital in Mississauga provides comprehensive veterinary services, including wellness, surgery, diagnostics, and dentistry for dogs and cats.","1","1663","","","","1","https://leashfree.ca/directory/westbridge-veterinary-hospital-mississauga/","no",""
"/dog-breeds/affenpinscher/","Affenpinscher – Traits, Shedding & Exercise in Canada | LeashFree.ca","Affenpinscher guide for Canadian owners: temperament, exercise needs, grooming and common health issues. Learn how to care for this breed at home.","1","4967","","","","0","https://leashfree.ca/dog-breeds/affenpinscher/","no",""
"/dog-breeds/afghan-hound/","Afghan Hound – Traits, Shedding & Exercise in Canada | LeashFree.ca","Discover the Afghan Hound, a high-energy companion. Learn about temperament, low-to-moderate shedding habits, exercise and health tips to see if it fits Cana...","1","5936","","","","0","https://leashfree.ca/dog-breeds/afghan-hound/","no",""
"/dog-breeds/airedale-terrier/","Airedale Terrier – Size, Energy & Grooming in Canada | LeashFree.ca","Meet the Airedale Terrier: smart and active. Explore temperament, moderate-shedding info, training, grooming and health to decide if it suits your lifestyle...","1","5936","","","","0","https://leashfree.ca/dog-breeds/airedale-terrier/","no",""
"/dog-breeds/akita/","Akita – Traits, Shedding & Exercise in Canada | LeashFree.ca","Is the Akita right for you? We cover temperament, training, low-to-moderate shedding levels, exercise and health—plus practical advice for Canadian owners.","1","6164","","","","0","https://leashfree.ca/dog-breeds/akita/","no",""
"/dog-breeds/alaskan-klee-kai/","Alaskan Klee Kai – Size, Energy & Grooming in Canada | LeashFree.ca","Is the Alaskan Klee Kai right for you? We cover temperament, training, moderate-shedding levels, exercise and health—plus practical advice for Canadian owners.","1","5514","","","","0","https://leashfree.ca/dog-breeds/alaskan-klee-kai/","no",""
"/dog-breeds/alaskan-malamute/","Alaskan Malamute – Size, Energy & Grooming in Canada | LeashFree.ca","Meet the Alaskan Malamute: smart and adaptable. Explore temperament, low-to-moderate shedding info, training, grooming and health to decide if it suits your...","1","5618","","","","0","https://leashfree.ca/dog-breeds/alaskan-malamute/","no",""
"/dog-breeds/american-bulldog/","American Bulldog – Size, Energy & Grooming in Canada | LeashFree.ca","Is the American Bulldog right for you? We cover temperament, training, low-to-moderate shedding levels, exercise and health—plus practical advice for Canadia...","1","4945","","","","0","https://leashfree.ca/dog-breeds/american-bulldog/","no",""
"/dog-breeds/american-cocker-spaniel/","American Cocker Spaniel – Traits, Shedding & Exercise | LeashFree.ca","Is the American Cocker Spaniel right for you? We cover temperament, training, seasonal shedding levels, exercise and health—plus practical advice for Canadia...","1","4772","","","","0","https://leashfree.ca/dog-breeds/american-cocker-spaniel/","no",""
"/dog-breeds/american-english-coonhound/","American English Coonhound – Breed Facts & Care | LeashFree.ca","Discover the American English Coonhound, a moderate-energy companion. Learn about temperament, low-to-moderate shedding habits, exercise and health tips to s...","1","4844","","","","0","https://leashfree.ca/dog-breeds/american-english-coonhound/","no",""
"/dog-breeds/american-eskimo-dog/","American Eskimo Dog – Size, Energy & Grooming in Canada | LeashFree.ca","American Eskimo Dog guide for Canadian owners: temperament, exercise needs, grooming and common health issues. Learn how to care for this breed at home.","1","5224","","","","0","https://leashfree.ca/dog-breeds/american-eskimo-dog/","no",""
"/dog-breeds/american-foxhound/","American Foxhound – Size, Energy & Grooming in Canada | LeashFree.ca","Meet the American Foxhound: smart and moderate-energy. Explore temperament, low-to-moderate shedding info, training, grooming and health to decide if it suit...","1","5048","","","","0","https://leashfree.ca/dog-breeds/american-foxhound/","no",""
"/dog-breeds/american-hairless-terrier/","American Hairless Terrier – Traits, Shedding & Exercise | LeashFree.ca","Discover the American Hairless Terrier, a active companion. Learn about temperament, seasonal shedding habits, exercise and health tips to see if it fits Can...","1","5327","","","","0","https://leashfree.ca/dog-breeds/american-hairless-terrier/","no",""
"/dog-breeds/american-leopard-hound/","American Leopard Hound – Traits, Shedding & Exercise | LeashFree.ca","Thinking about a American Leopard Hound? Get clear answers on temperament, exercise, moderate-shedding and health so Canadian families can choose with confid...","1","5449","","","","0","https://leashfree.ca/dog-breeds/american-leopard-hound/","no",""
"/dog-breeds/american-staffordshire-terrier/","American Staffordshire Terrier – Breed Facts & Care | LeashFree.ca","Discover the American Staffordshire Terrier, a high-energy companion. Learn about temperament, moderate-shedding habits, exercise and health tips to see if i...","1","5590","","","","0","https://leashfree.ca/dog-breeds/american-staffordshire-terrier/","no",""
"/dog-breeds/american-water-spaniel/","American Water Spaniel – Traits, Shedding & Exercise | LeashFree.ca","Discover the American Water Spaniel, a high-energy companion. Learn about temperament, seasonal shedding habits, exercise and health tips to see if it fits C...","1","5264","","","","0","https://leashfree.ca/dog-breeds/american-water-spaniel/","no",""
"/dog-breeds/anatolian-shepherd-dog/","Anatolian Shepherd Dog – Traits, Shedding & Exercise | LeashFree.ca","Anatolian Shepherd Dog guide for Canadian owners: temperament, exercise needs, grooming and common health issues. Learn how to care for this breed at home.","1","5489","","","","0","https://leashfree.ca/dog-breeds/anatolian-shepherd-dog/","no",""
"/dog-breeds/appenzeller-sennenhund/","Appenzeller Sennenhund – Traits, Shedding & Exercise | LeashFree.ca","Appenzeller Sennenhund guide for Canadian owners: temperament, exercise needs, grooming and common health issues. Learn how to care for this breed at home.","1","5118","","","","0","https://leashfree.ca/dog-breeds/appenzeller-sennenhund/","no",""
"/dog-breeds/aussiedoodle/","Aussiedoodle – Traits, Shedding & Exercise in Canada | LeashFree.ca","Aussiedoodle guide for Canadian owners: temperament, exercise needs, grooming and common health issues. Learn how to care for this breed at home.","1","2931","","","","0","https://leashfree.ca/dog-breeds/aussiedoodle/","no",""
"/dog-breeds/aussiedor/","Aussiedor – Traits, Shedding & Exercise in Canada | LeashFree.ca","Is the Aussiedor right for you? We cover temperament, training, moderate-shedding levels, exercise and health—plus practical advice for Canadian owners.","1","3360","","","","0","https://leashfree.ca/dog-breeds/aussiedor/","no",""
"/dog-breeds/australian-cattle-dog/","Australian Cattle Dog – Traits, Shedding & Exercise | LeashFree.ca","Australian Cattle Dog guide for Canadian owners: temperament, exercise needs, grooming and common health issues. Learn how to care for this breed at home.","1","5117","","","","0","https://leashfree.ca/dog-breeds/australian-cattle-dog/","no",""
"/dog-breeds/australian-kelpie/","Australian Kelpie – Size, Energy & Grooming in Canada | LeashFree.ca","Australian Kelpie guide for Canadian owners: temperament, exercise needs, grooming and common health issues. Learn how to care for this breed at home.","1","5440","","","","0","https://leashfree.ca/dog-breeds/australian-kelpie/","no",""
"/dog-breeds/australian-shepherd/","Australian Shepherd – Size, Energy & Grooming in Canada | LeashFree.ca","Australian Shepherd guide for Canadian owners: temperament, exercise needs, grooming and common health issues. Learn how to care for this breed at home.","1","5983","","","","0","https://leashfree.ca/dog-breeds/australian-shepherd/","no",""
"/dog-breeds/australian-stumpy-tail-cattle-dog/","Australian Stumpy Tail Cattle Dog – Breed Facts & Care | LeashFree.ca","Is the Australian Stumpy Tail Cattle Dog right for you? We cover temperament, training, low-to-moderate shedding levels, exercise and health—plus practical a...","1","3966","","","","0","https://leashfree.ca/dog-breeds/australian-stumpy-tail-cattle-dog/","no",""
"/dog-breeds/australian-terrier/","Australian Terrier – Size, Energy & Grooming in Canada | LeashFree.ca","Meet the Australian Terrier: smart and moderate-energy. Explore temperament, low-to-moderate shedding info, training, grooming and health to decide if it sui...","1","4831","","","","0","https://leashfree.ca/dog-breeds/australian-terrier/","no",""
"/dog-breeds/azawakh/","Azawakh – Traits, Shedding & Exercise in Canada | LeashFree.ca","Azawakh guide for Canadian owners: temperament, exercise needs, grooming and common health issues. Learn how to care for this breed at home.","1","5409","","","","0","https://leashfree.ca/dog-breeds/azawakh/","no",""
"/dog-breeds/barbado-da-terceira/","Barbado da Terceira – Size, Energy & Grooming in Canada | LeashFree.ca","Thinking about a Barbado da Terceira? Get clear answers on temperament, exercise, moderate-shedding and health so Canadian families can choose with confidence.","1","5747","","","","0","https://leashfree.ca/dog-breeds/barbado-da-terceira/","no",""
"/dog-breeds/barbet/","Barbet – Traits, Shedding & Exercise in Canada | LeashFree.ca","Thinking about a Barbet? Get clear answers on temperament, exercise, moderate-shedding and health so Canadian families can choose with confidence.","1","5633","","","","0","https://leashfree.ca/dog-breeds/barbet/","no",""
"/dog-breeds/basenji/","Basenji – Traits, Shedding & Exercise in Canada | LeashFree.ca","Is the Basenji right for you? We cover temperament, training, seasonal shedding levels, exercise and health—plus practical advice for Canadian owners.","1","5392","","","","0","https://leashfree.ca/dog-breeds/basenji/","no",""
"/dog-breeds/basset-fauve-de-bretagne/","Basset Fauve de Bretagne – Traits, Shedding & Exercise | LeashFree.ca","Discover the Basset Fauve de Bretagne, a adaptable companion. Learn about temperament, low-to-moderate shedding habits, exercise and health tips to see if it...","1","5627","","","","0","https://leashfree.ca/dog-breeds/basset-fauve-de-bretagne/","no",""
"/dog-breeds/basset-hound/","Basset Hound – Traits, Shedding & Exercise in Canada | LeashFree.ca","Is the Basset Hound right for you? We cover temperament, training, moderate-shedding levels, exercise and health—plus practical advice for Canadian owners.","1","4880","","","","0","https://leashfree.ca/dog-breeds/basset-hound/","no",""
"/dog-breeds/beagle/","Beagle – Traits, Shedding & Exercise in Canada | LeashFree.ca","Meet the Beagle: smart and active. Explore temperament, seasonal shedding info, training, grooming and health to decide if it suits your lifestyle in Canada.","1","5280","","","","0","https://leashfree.ca/dog-breeds/beagle/","no",""
"/dog-breeds/bearded-collie/","Bearded Collie – Traits, Shedding & Exercise in Canada | LeashFree.ca","Bearded Collie guide for Canadian owners: temperament, exercise needs, grooming and common health issues. Learn how to care for this breed at home.","1","4085","","","","1","https://leashfree.ca/dog-breeds/bearded-collie/","no",""
"/dog-breeds/beauceron/","Beauceron – Traits, Shedding & Exercise in Canada | LeashFree.ca","Discover the Beauceron, a active companion. Learn about temperament, moderate-shedding habits, exercise and health tips to see if it fits Canadian families.","1","3894","","","","1","https://leashfree.ca/dog-breeds/beauceron/","no",""
"/dog-breeds/bedlington-terrier/","Bedlington Terrier – Size, Energy & Grooming in Canada | LeashFree.ca","Bedlington Terrier guide for Canadian owners: temperament, exercise needs, grooming and common health issues. Learn how to care for this breed at home.","1","3907","","","","1","https://leashfree.ca/dog-breeds/bedlington-terrier/","no",""
"/dog-breeds/belgian-laekenois/","Belgian Laekenois – Size, Energy & Grooming in Canada | LeashFree.ca","Is the Belgian Laekenois right for you? We cover temperament, training, seasonal shedding levels, exercise and health—plus practical advice for Canadian owners.","1","3928","","","","1","https://leashfree.ca/dog-breeds/belgian-laekenois/","no",""
"/dog-breeds/belgian-malinois/","Belgian Malinois – Size, Energy & Grooming in Canada | LeashFree.ca","Belgian Malinois guide for Canadian owners: temperament, exercise needs, grooming and common health issues. Learn how to care for this breed at home.","1","3723","","","","1","https://leashfree.ca/dog-breeds/belgian-malinois/","no",""
"/dog-breeds/belgian-sheepdog/","Belgian Sheepdog – Size, Energy & Grooming in Canada | LeashFree.ca","Discover the Belgian Sheepdog, a high-energy companion. Learn about temperament, moderate-shedding habits, exercise and health tips to see if it fits Canadia...","1","3333","","","","1","https://leashfree.ca/dog-breeds/belgian-sheepdog/","no",""
"/dog-breeds/belgian-tervuren/","Belgian Tervuren – Size, Energy & Grooming in Canada | LeashFree.ca","Belgian Tervuren guide for Canadian owners: temperament, exercise needs, grooming and common health issues. Learn how to care for this breed at home.","1","3184","","","","0","https://leashfree.ca/dog-breeds/belgian-tervuren/","no",""
"/dog-breeds/bergamasco-sheepdog/","Bergamasco Sheepdog – Size, Energy & Grooming in Canada | LeashFree.ca","Bergamasco Sheepdog guide for Canadian owners: temperament, exercise needs, grooming and common health issues. Learn how to care for this breed at home.","1","3694","","","","1","https://leashfree.ca/dog-breeds/bergamasco-sheepdog/","no",""
"/dog-breeds/berger-picard/","Berger Picard – Traits, Shedding & Exercise in Canada | LeashFree.ca","Berger Picard guide for Canadian owners: temperament, exercise needs, grooming and common health issues. Learn how to care for this breed at home.","1","3302","","","","0","https://leashfree.ca/dog-breeds/berger-picard/","no",""
"/dog-breeds/bernedoodle/","Bernedoodle – Traits, Shedding & Exercise in Canada | LeashFree.ca","Is the Bernedoodle right for you? We cover temperament, training, low-to-moderate shedding levels, exercise and health—plus practical advice for Canadian own...","1","3069","","","","0","https://leashfree.ca/dog-breeds/bernedoodle/","no",""
"/dog-breeds/bernese-mountain-dog/","Bernese Mountain Dog – Traits, Shedding & Exercise | LeashFree.ca","Meet the Bernese Mountain Dog: smart and active. Explore temperament, low-to-moderate shedding info, training, grooming and health to decide if it suits your...","1","4832","","","","0","https://leashfree.ca/dog-breeds/bernese-mountain-dog/","no",""
"/dog-breeds/bichon-frise/","Bichon Frise – Traits, Shedding & Exercise in Canada | LeashFree.ca","Meet the Bichon Frise: smart and high-energy. Explore temperament, low-to-moderate shedding info, training, grooming and health to decide if it suits your li...","1","3682","","","","1","https://leashfree.ca/dog-breeds/bichon-frise/","no",""
"/dog-breeds/biewer-terrier/","Biewer Terrier – Traits, Shedding & Exercise in Canada | LeashFree.ca","Thinking about a Biewer Terrier? Get clear answers on temperament, exercise, seasonal shedding and health so Canadian families can choose with confidence.","1","3471","","","","1","https://leashfree.ca/dog-breeds/biewer-terrier/","no",""
"/dog-breeds/black-and-tan-coonhound/","Black and Tan Coonhound – Traits, Shedding & Exercise | LeashFree.ca","Black and Tan Coonhound guide for Canadian owners: temperament, exercise needs, grooming and common health issues. Learn how to care for this breed at home.","1","3379","","","","1","https://leashfree.ca/dog-breeds/black-and-tan-coonhound/","no",""
"/dog-breeds/black-russian-terrier/","Black Russian Terrier – Traits, Shedding & Exercise | LeashFree.ca","Thinking about a Black Russian Terrier? Get clear answers on temperament, exercise, low-to-moderate shedding and health so Canadian families can choose with...","1","3701","","","","1","https://leashfree.ca/dog-breeds/black-russian-terrier/","no",""
"/dog-breeds/bloodhound/","Bloodhound – Traits, Shedding & Exercise in Canada | LeashFree.ca","Is the Bloodhound right for you? We cover temperament, training, low-to-moderate shedding levels, exercise and health—plus practical advice for Canadian owners.","1","4847","","","","0","https://leashfree.ca/dog-breeds/bloodhound/","no",""
"/dog-breeds/bluetick-coonhound/","Bluetick Coonhound – Size, Energy & Grooming in Canada | LeashFree.ca","Discover the Bluetick Coonhound, a active companion. Learn about temperament, seasonal shedding habits, exercise and health tips to see if it fits Canadian f...","1","3304","","","","1","https://leashfree.ca/dog-breeds/bluetick-coonhound/","no",""
"/dog-breeds/boerboel/","Boerboel – Traits, Shedding & Exercise in Canada | LeashFree.ca","Is the Boerboel right for you? We cover temperament, training, moderate-shedding levels, exercise and health—plus practical advice for Canadian owners.","1","3271","","","","1","https://leashfree.ca/dog-breeds/boerboel/","no",""
"/dog-breeds/borador/","Borador – Traits, Shedding & Exercise in Canada | LeashFree.ca","Discover the Borador, a active companion. Learn about temperament, moderate-shedding habits, exercise and health tips to see if it fits Canadian families.","1","3414","","","","0","https://leashfree.ca/dog-breeds/borador/","no",""
"/dog-breeds/border-collie/","Border Collie – Traits, Shedding & Exercise in Canada | LeashFree.ca","Border Collie guide for Canadian owners: temperament, exercise needs, grooming and common health issues. Learn how to care for this breed at home.","1","5371","","","","0","https://leashfree.ca/dog-breeds/border-collie/","no",""
"/dog-breeds/border-terrier/","Border Terrier – Traits, Shedding & Exercise in Canada | LeashFree.ca","Meet the Border Terrier: smart and high-energy. Explore temperament, seasonal shedding info, training, grooming and health to decide if it suits your lifesty...","1","3162","","","","1","https://leashfree.ca/dog-breeds/border-terrier/","no",""
"/dog-breeds/bordoodle/","Bordoodle – Traits, Shedding & Exercise in Canada | LeashFree.ca","Thinking about a Bordoodle? Get clear answers on temperament, exercise, moderate-shedding and health so Canadian families can choose with confidence.","1","2257","","","","0","https://leashfree.ca/dog-breeds/bordoodle/","no",""
"/dog-breeds/borzoi/","Borzoi – Traits, Shedding & Exercise in Canada | LeashFree.ca","Meet the Borzoi: smart and adaptable. Explore temperament, low-to-moderate shedding info, training, grooming and health to decide if it suits your lifestyle...","1","3278","","","","1","https://leashfree.ca/dog-breeds/borzoi/","no",""
"/dog-breeds/boston-terrier/","Boston Terrier – Traits, Shedding & Exercise in Canada | LeashFree.ca","Discover the Boston Terrier, a high-energy companion. Learn about temperament, low-to-moderate shedding habits, exercise and health tips to see if it fits Ca...","1","3343","","","","0","https://leashfree.ca/dog-breeds/boston-terrier/","no",""
"/dog-breeds/bouvier-des-flandres/","Bouvier des Flandres – Traits, Shedding & Exercise | LeashFree.ca","Meet the Bouvier des Flandres: smart and moderate-energy. Explore temperament, seasonal shedding info, training, grooming and health to decide if it suits yo...","1","3405","","","","1","https://leashfree.ca/dog-breeds/bouvier-des-flandres/","no",""
"/dog-breeds/boxer/","Boxer – Traits, Shedding & Exercise in Canada | LeashFree.ca","Discover the Boxer, a active companion. Learn about temperament, moderate-shedding habits, exercise and health tips to see if it fits Canadian families.","1","4532","","","","0","https://leashfree.ca/dog-breeds/boxer/","no",""
"/dog-breeds/boykin-spaniel/","Boykin Spaniel – Traits, Shedding & Exercise in Canada | LeashFree.ca","Boykin Spaniel guide for Canadian owners: temperament, exercise needs, grooming and common health issues. Learn how to care for this breed at home.","1","968","","","","1","https://leashfree.ca/dog-breeds/boykin-spaniel/","no",""
"/dog-breeds/bracco-italiano/","Bracco Italiano – Traits, Shedding & Exercise in Canada | LeashFree.ca","Is the Bracco Italiano right for you? We cover temperament, training, low-to-moderate shedding levels, exercise and health—plus practical advice for Canadian...","1","6368","","","","0","https://leashfree.ca/dog-breeds/bracco-italiano/","no",""
"/dog-breeds/braque-du-bourbonnais/","Braque du Bourbonnais – Traits, Shedding & Exercise | LeashFree.ca","Meet the Braque du Bourbonnais: smart and adaptable. Explore temperament, low-to-moderate shedding info, training, grooming and health to decide if it suits...","1","6804","","","","0","https://leashfree.ca/dog-breeds/braque-du-bourbonnais/","no",""
"/dog-breeds/briard/","Briard – Traits, Shedding & Exercise in Canada | LeashFree.ca","Is the Briard right for you? We cover temperament, training, seasonal shedding levels, exercise and health—plus practical advice for Canadian owners.","1","6696","","","","0","https://leashfree.ca/dog-breeds/briard/","no",""
"/dog-breeds/brittany/","Brittany – Traits, Shedding & Exercise in Canada | LeashFree.ca","Discover the Brittany, a adaptable companion. Learn about temperament, moderate-shedding habits, exercise and health tips to see if it fits Canadian families.","1","5287","","","","0","https://leashfree.ca/dog-breeds/brittany/","no",""
"/dog-breeds/broholmer/","Broholmer – Traits, Shedding & Exercise in Canada | LeashFree.ca","Is the Broholmer right for you? We cover temperament, training, low-to-moderate shedding levels, exercise and health—plus practical advice for Canadian owners.","1","6335","","","","0","https://leashfree.ca/dog-breeds/broholmer/","no",""
"/dog-breeds/brussels-griffon/","Brussels Griffon – Size, Energy & Grooming in Canada | LeashFree.ca","Meet the Brussels Griffon: smart and adaptable. Explore temperament, seasonal shedding info, training, grooming and health to decide if it suits your lifesty...","1","6251","","","","0","https://leashfree.ca/dog-breeds/brussels-griffon/","no",""
"/dog-breeds/bugg-pugston/","Bugg (Pugston) – Traits, Shedding & Exercise in Canada | LeashFree.ca","Is the Bugg (Pugston) right for you? We cover temperament, training, low-to-moderate shedding levels, exercise and health—plus practical advice for Canadian...","1","3110","","","","0","https://leashfree.ca/dog-breeds/bugg-pugston/","no",""
"/dog-breeds/bull-terrier/","Bull Terrier – Traits, Shedding & Exercise in Canada | LeashFree.ca","Bull Terrier guide for Canadian owners: temperament, exercise needs, grooming and common health issues. Learn how to care for this breed at home.","1","6549","","","","0","https://leashfree.ca/dog-breeds/bull-terrier/","no",""
"/dog-breeds/bulldog/","Bulldog – Traits, Shedding & Exercise in Canada | LeashFree.ca","Thinking about a Bulldog? Get clear answers on temperament, exercise, seasonal shedding and health so Canadian families can choose with confidence.","1","6289","","","","0","https://leashfree.ca/dog-breeds/bulldog/","no",""
"/dog-breeds/bullmastiff/","Bullmastiff – Traits, Shedding & Exercise in Canada | LeashFree.ca","Bullmastiff guide for Canadian owners: temperament, exercise needs, grooming and common health issues. Learn how to care for this breed at home.","1","6584","","","","0","https://leashfree.ca/dog-breeds/bullmastiff/","no",""
"/dog-breeds/cairn-terrier/","Cairn Terrier – Traits, Shedding & Exercise in Canada | LeashFree.ca","Thinking about a Cairn Terrier? Get clear answers on temperament, exercise, moderate-shedding and health so Canadian families can choose with confidence.","1","6187","","","","0","https://leashfree.ca/dog-breeds/cairn-terrier/","no",""
"/dog-breeds/canaan-dog/","Canaan Dog – Traits, Shedding & Exercise in Canada | LeashFree.ca","Discover the Canaan Dog, a moderate-energy companion. Learn about temperament, low-to-moderate shedding habits, exercise and health tips to see if it fits Ca...","1","6620","","","","0","https://leashfree.ca/dog-breeds/canaan-dog/","no",""
"/dog-breeds/cane-corso/","Cane Corso – Traits, Shedding & Exercise in Canada | LeashFree.ca","Thinking about a Cane Corso? Get clear answers on temperament, exercise, moderate-shedding and health so Canadian families can choose with confidence.","1","7443","","","","0","https://leashfree.ca/dog-breeds/cane-corso/","no",""
"/dog-breeds/cardigan-welsh-corgi/","Cardigan Welsh Corgi – Traits, Shedding & Exercise | LeashFree.ca","Discover the Cardigan Welsh Corgi, a active companion. Learn about temperament, moderate-shedding habits, exercise and health tips to see if it fits Canadian...","1","6676","","","","0","https://leashfree.ca/dog-breeds/cardigan-welsh-corgi/","no",""
"/dog-breeds/carolina-dog/","Carolina Dog – Traits, Shedding & Exercise in Canada | LeashFree.ca","Discover the Carolina Dog, a active companion. Learn about temperament, moderate-shedding habits, exercise and health tips to see if it fits Canadian families.","1","6673","","","","0","https://leashfree.ca/dog-breeds/carolina-dog/","no",""
"/dog-breeds/catahoula-leopard-dog/","Catahoula Leopard Dog – Traits, Shedding & Exercise | LeashFree.ca","Thinking about a Catahoula Leopard Dog? Get clear answers on temperament, exercise, low-to-moderate shedding and health so Canadian families can choose with...","1","7256","","","","0","https://leashfree.ca/dog-breeds/catahoula-leopard-dog/","no",""
"/dog-breeds/caucasian-shepherd-dog/","Caucasian Shepherd Dog – Traits, Shedding & Exercise | LeashFree.ca","Discover the Caucasian Shepherd Dog, a active companion. Learn about temperament, moderate-shedding habits, exercise and health tips to see if it fits Canadi...","1","7330","","","","0","https://leashfree.ca/dog-breeds/caucasian-shepherd-dog/","no",""
"/dog-breeds/cavalier-king-charles-spaniel/","Cavalier King Charles Spaniel – Breed Facts & Care | LeashFree.ca","Is the Cavalier King Charles Spaniel right for you? We cover temperament, training, seasonal shedding levels, exercise and health—plus practical advice for C...","1","4146","","","","0","https://leashfree.ca/dog-breeds/cavalier-king-charles-spaniel/","no",""
"/dog-breeds/cavapoo/","Cavapoo – Traits, Shedding & Exercise in Canada | LeashFree.ca","Meet the Cavapoo: smart and high-energy. Explore temperament, seasonal shedding info, training, grooming and health to decide if it suits your lifestyle in C...","1","2182","","","","0","https://leashfree.ca/dog-breeds/cavapoo/","no",""
"/dog-breeds/central-asian-shepherd-dog/","Central Asian Shepherd Dog – Breed Facts & Care | LeashFree.ca","Central Asian Shepherd Dog guide for Canadian owners: temperament, exercise needs, grooming and common health issues. Learn how to care for this breed at home.","1","7780","","","","0","https://leashfree.ca/dog-breeds/central-asian-shepherd-dog/","no",""
"/dog-breeds/cesky-terrier/","Cesky Terrier – Traits, Shedding & Exercise in Canada | LeashFree.ca","Thinking about a Cesky Terrier? Get clear answers on temperament, exercise, seasonal shedding and health so Canadian families can choose with confidence.","1","5777","","","","0","https://leashfree.ca/dog-breeds/cesky-terrier/","no",""
"/dog-breeds/chesapeake-bay-retriever/","Chesapeake Bay Retriever – Traits, Shedding & Exercise | LeashFree.ca","Thinking about a Chesapeake Bay Retriever? Get clear answers on temperament, exercise, low-to-moderate shedding and health so Canadian families can choose wi...","1","7142","","","","0","https://leashfree.ca/dog-breeds/chesapeake-bay-retriever/","no",""
"/dog-breeds/chihuahua/","Chihuahua – Traits, Shedding & Exercise in Canada | LeashFree.ca","Chihuahua guide for Canadian owners: temperament, exercise needs, grooming and common health issues. Learn how to care for this breed at home.","1","6653","","","","0","https://leashfree.ca/dog-breeds/chihuahua/","no",""
"/dog-breeds/chinese-crested/","Chinese Crested – Traits, Shedding & Exercise in Canada | LeashFree.ca","Chinese Crested guide for Canadian owners: temperament, exercise needs, grooming and common health issues. Learn how to care for this breed at home.","1","6944","","","","0","https://leashfree.ca/dog-breeds/chinese-crested/","no",""
"/dog-breeds/chinese-shar-pei/","Chinese Shar-Pei – Size, Energy & Grooming in Canada | LeashFree.ca","Chinese Shar-Pei guide for Canadian owners: temperament, exercise needs, grooming and common health issues. Learn how to care for this breed at home.","1","6914","","","","0","https://leashfree.ca/dog-breeds/chinese-shar-pei/","no",""
"/dog-breeds/chinook/","Chinook – Traits, Shedding & Exercise in Canada | LeashFree.ca","Thinking about a Chinook? Get clear answers on temperament, exercise, moderate-shedding and health so Canadian families can choose with confidence.","1","6921","","","","0","https://leashfree.ca/dog-breeds/chinook/","no",""
"/dog-breeds/chiweenie/","Chiweenie – Traits, Shedding & Exercise in Canada | LeashFree.ca","Chiweenie guide for Canadian owners: temperament, exercise needs, grooming and common health issues. Learn how to care for this breed at home.","1","3026","","","","0","https://leashfree.ca/dog-breeds/chiweenie/","no",""
"/dog-breeds/chow-chow/","Chow Chow – Traits, Shedding & Exercise in Canada | LeashFree.ca","Thinking about a Chow Chow? Get clear answers on temperament, exercise, moderate-shedding and health so Canadian families can choose with confidence.","1","6869","","","","0","https://leashfree.ca/dog-breeds/chow-chow/","no",""
"/dog-breeds/cirneco-delletna/","Cirneco dell’Etna – Size, Energy & Grooming in Canada | LeashFree.ca","Thinking about a Cirneco dell’Etna? Get clear answers on temperament, exercise, seasonal shedding and health so Canadian families can choose with confidence.","1","6424","","","","0","https://leashfree.ca/dog-breeds/cirneco-delletna/","no",""
"/dog-breeds/clumber-spaniel/","Clumber Spaniel – Traits, Shedding & Exercise in Canada | LeashFree.ca","Clumber Spaniel guide for Canadian owners: temperament, exercise needs, grooming and common health issues. Learn how to care for this breed at home.","1","5272","","","","0","https://leashfree.ca/dog-breeds/clumber-spaniel/","no",""
"/dog-breeds/cockapoo/","Cockapoo – Traits, Shedding & Exercise in Canada | LeashFree.ca","Discover the Cockapoo, a adaptable companion. Learn about temperament, seasonal shedding habits, exercise and health tips to see if it fits Canadian families.","1","2113","","","","0","https://leashfree.ca/dog-breeds/cockapoo/","no",""
"/dog-breeds/cocker-spaniel/","Cocker Spaniel – Traits, Shedding & Exercise in Canada | LeashFree.ca","Discover the Cocker Spaniel, a adaptable companion. Learn about temperament, seasonal shedding habits, exercise and health tips to see if it fits Canadian fa...","1","5142","","","","0","https://leashfree.ca/dog-breeds/cocker-spaniel/","no",""
"/dog-breeds/collie/","Collie – Traits, Shedding & Exercise in Canada | LeashFree.ca","Collie guide for Canadian owners: temperament, exercise needs, grooming and common health issues. Learn how to care for this breed at home.","1","5103","","","","0","https://leashfree.ca/dog-breeds/collie/","no",""
"/dog-breeds/coton-de-tulear/","Coton de Tulear – Traits, Shedding & Exercise in Canada | LeashFree.ca","Meet the Coton de Tulear: smart and adaptable. Explore temperament, moderate-shedding info, training, grooming and health to decide if it suits your lifestyl...","1","5260","","","","0","https://leashfree.ca/dog-breeds/coton-de-tulear/","no",""
"/dog-breeds/croatian-sheepdog/","Croatian Sheepdog – Size, Energy & Grooming in Canada | LeashFree.ca","Discover the Croatian Sheepdog, a active companion. Learn about temperament, low-to-moderate shedding habits, exercise and health tips to see if it fits Cana...","1","4952","","","","0","https://leashfree.ca/dog-breeds/croatian-sheepdog/","no",""
"/dog-breeds/curly-coated-retriever/","Curly-Coated Retriever – Traits, Shedding & Exercise | LeashFree.ca","Thinking about a Curly-Coated Retriever? Get clear answers on temperament, exercise, seasonal shedding and health so Canadian families can choose with confid...","1","5257","","","","0","https://leashfree.ca/dog-breeds/curly-coated-retriever/","no",""
"/dog-breeds/czechoslovakian-vlcak/","Czechoslovakian Vlcak – Traits, Shedding & Exercise | LeashFree.ca","Is the Czechoslovakian Vlcak right for you? We cover temperament, training, seasonal shedding levels, exercise and health—plus practical advice for Canadian...","1","5012","","","","0","https://leashfree.ca/dog-breeds/czechoslovakian-vlcak/","no",""
"/dog-breeds/dachshund/","Dachshund – Traits, Shedding & Exercise in Canada | LeashFree.ca","Discover the Dachshund, a moderate-energy companion. Learn about temperament, seasonal shedding habits, exercise and health tips to see if it fits Canadian f...","1","4965","","","","0","https://leashfree.ca/dog-breeds/dachshund/","no",""
"/dog-breeds/dalmatian/","Dalmatian – Traits, Shedding & Exercise in Canada | LeashFree.ca","Is the Dalmatian right for you? We cover temperament, training, moderate-shedding levels, exercise and health—plus practical advice for Canadian owners.","1","4860","","","","0","https://leashfree.ca/dog-breeds/dalmatian/","no",""
"/dog-breeds/dandie-dinmont-terrier/","Dandie Dinmont Terrier – Traits, Shedding & Exercise | LeashFree.ca","Meet the Dandie Dinmont Terrier: smart and moderate-energy. Explore temperament, moderate-shedding info, training, grooming and health to decide if it suits...","1","6781","","","","0","https://leashfree.ca/dog-breeds/dandie-dinmont-terrier/","no",""
"/dog-breeds/danish-swedish-farmdog/","Danish-Swedish Farmdog – Traits, Shedding & Exercise | LeashFree.ca","Is the Danish-Swedish Farmdog right for you? We cover temperament, training, low-to-moderate shedding levels, exercise and health—plus practical advice for C...","1","5240","","","","0","https://leashfree.ca/dog-breeds/danish-swedish-farmdog/","no",""
"/dog-breeds/deutscher-wachtelhund/","Deutscher Wachtelhund – Traits, Shedding & Exercise | LeashFree.ca","Is the Deutscher Wachtelhund right for you? We cover temperament, training, low-to-moderate shedding levels, exercise and health—plus practical advice for Ca...","1","5097","","","","0","https://leashfree.ca/dog-breeds/deutscher-wachtelhund/","no",""
"/dog-breeds/doberman-pinscher/","Doberman Pinscher – Size, Energy & Grooming in Canada | LeashFree.ca","Is the Doberman Pinscher right for you? We cover temperament, training, moderate-shedding levels, exercise and health—plus practical advice for Canadian owners.","1","4739","","","","0","https://leashfree.ca/dog-breeds/doberman-pinscher/","no",""
"/dog-breeds/dogo-argentino/","Dogo Argentino – Traits, Shedding & Exercise in Canada | LeashFree.ca","Discover the Dogo Argentino, a high-energy companion. Learn about temperament, moderate-shedding habits, exercise and health tips to see if it fits Canadian...","1","5148","","","","0","https://leashfree.ca/dog-breeds/dogo-argentino/","no",""
"/dog-breeds/dogue-de-bordeaux/","Dogue de Bordeaux – Size, Energy & Grooming in Canada | LeashFree.ca","Is the Dogue de Bordeaux right for you? We cover temperament, training, seasonal shedding levels, exercise and health—plus practical advice for Canadian owners.","1","5068","","","","0","https://leashfree.ca/dog-breeds/dogue-de-bordeaux/","no",""
"/dog-breeds/drentsche-patrijshond/","Drentsche Patrijshond – Traits, Shedding & Exercise | LeashFree.ca","Drentsche Patrijshond guide for Canadian owners: temperament, exercise needs, grooming and common health issues. Learn how to care for this breed at home.","1","5354","","","","0","https://leashfree.ca/dog-breeds/drentsche-patrijshond/","no",""
"/dog-breeds/dutch-shepherd/","Dutch Shepherd – Traits, Shedding & Exercise in Canada | LeashFree.ca","Is the Dutch Shepherd right for you? We cover temperament, training, low-to-moderate shedding levels, exercise and health—plus practical advice for Canadian...","1","5581","","","","0","https://leashfree.ca/dog-breeds/dutch-shepherd/","no",""
"/dog-breeds/english-cocker-spaniel/","English Cocker Spaniel – Traits, Shedding & Exercise | LeashFree.ca","Discover the English Cocker Spaniel, a moderate-energy companion. Learn about temperament, seasonal shedding habits, exercise and health tips to see if it fi...","1","5117","","","","0","https://leashfree.ca/dog-breeds/english-cocker-spaniel/","no",""
"/dog-breeds/english-foxhound/","English Foxhound – Size, Energy & Grooming in Canada | LeashFree.ca","Thinking about a English Foxhound? Get clear answers on temperament, exercise, moderate-shedding and health so Canadian families can choose with confidence.","1","5203","","","","0","https://leashfree.ca/dog-breeds/english-foxhound/","no",""
"/dog-breeds/english-setter/","English Setter – Traits, Shedding & Exercise in Canada | LeashFree.ca","Discover the English Setter, a moderate-energy companion. Learn about temperament, low-to-moderate shedding habits, exercise and health tips to see if it fit...","1","5402","","","","0","https://leashfree.ca/dog-breeds/english-setter/","no",""
"/dog-breeds/english-springer-spaniel/","English Springer Spaniel – Traits, Shedding & Exercise | LeashFree.ca","English Springer Spaniel guide for Canadian owners: temperament, exercise needs, grooming and common health issues. Learn how to care for this breed at home.","1","5332","","","","1","https://leashfree.ca/dog-breeds/english-springer-spaniel/","no",""
"/dog-breeds/english-toy-spaniel/","English Toy Spaniel – Size, Energy & Grooming in Canada | LeashFree.ca","Meet the English Toy Spaniel: smart and active. Explore temperament, moderate-shedding info, training, grooming and health to decide if it suits your lifesty...","1","5434","","","","0","https://leashfree.ca/dog-breeds/english-toy-spaniel/","no",""
"/dog-breeds/entlebucher-mountain-dog/","Entlebucher Mountain Dog – Traits, Shedding & Exercise | LeashFree.ca","Thinking about a Entlebucher Mountain Dog? Get clear answers on temperament, exercise, seasonal shedding and health so Canadian families can choose with conf...","1","5056","","","","0","https://leashfree.ca/dog-breeds/entlebucher-mountain-dog/","no",""
"/dog-breeds/estrela-mountain-dog/","Estrela Mountain Dog – Traits, Shedding & Exercise | LeashFree.ca","Thinking about a Estrela Mountain Dog? Get clear answers on temperament, exercise, seasonal shedding and health so Canadian families can choose with confidence.","1","5108","","","","0","https://leashfree.ca/dog-breeds/estrela-mountain-dog/","no",""
"/dog-breeds/eurasier/","Eurasier – Traits, Shedding & Exercise in Canada | LeashFree.ca","Meet the Eurasier: smart and moderate-energy. Explore temperament, low-to-moderate shedding info, training, grooming and health to decide if it suits your li...","1","5372","","","","0","https://leashfree.ca/dog-breeds/eurasier/","no",""
"/dog-breeds/field-spaniel/","Field Spaniel – Traits, Shedding & Exercise in Canada | LeashFree.ca","Meet the Field Spaniel: smart and high-energy. Explore temperament, seasonal shedding info, training, grooming and health to decide if it suits your lifestyl...","1","5664","","","","0","https://leashfree.ca/dog-breeds/field-spaniel/","no",""
"/dog-breeds/finnish-lapphund/","Finnish Lapphund – Size, Energy & Grooming in Canada | LeashFree.ca","Finnish Lapphund guide for Canadian owners: temperament, exercise needs, grooming and common health issues. Learn how to care for this breed at home.","1","5744","","","","0","https://leashfree.ca/dog-breeds/finnish-lapphund/","no",""
"/dog-breeds/finnish-spitz/","Finnish Spitz – Traits, Shedding & Exercise in Canada | LeashFree.ca","Finnish Spitz guide for Canadian owners: temperament, exercise needs, grooming and common health issues. Learn how to care for this breed at home.","1","5433","","","","0","https://leashfree.ca/dog-breeds/finnish-spitz/","no",""
"/dog-breeds/flat-coated-retriever/","Flat-Coated Retriever – Traits, Shedding & Exercise | LeashFree.ca","Flat-Coated Retriever guide for Canadian owners: temperament, exercise needs, grooming and common health issues. Learn how to care for this breed at home.","1","5355","","","","0","https://leashfree.ca/dog-breeds/flat-coated-retriever/","no",""
"/dog-breeds/french-bulldog/","French Bulldog – Traits, Shedding & Exercise in Canada | LeashFree.ca","Meet the French Bulldog: smart and high-energy. Explore temperament, low-to-moderate shedding info, training, grooming and health to decide if it suits your...","1","5477","","","","0","https://leashfree.ca/dog-breeds/french-bulldog/","no",""
"/dog-breeds/gerberian-shepsky/","Gerberian Shepsky – Size, Energy & Grooming in Canada | LeashFree.ca","Thinking about a Gerberian Shepsky? Get clear answers on temperament, exercise, moderate-shedding and health so Canadian families can choose with confidence.","1","3589","","","","0","https://leashfree.ca/dog-breeds/gerberian-shepsky/","no",""
"/dog-breeds/german-longhaired-pointer/","German Longhaired Pointer – Traits, Shedding & Exercise | LeashFree.ca","Discover the German Longhaired Pointer, a adaptable companion. Learn about temperament, moderate-shedding habits, exercise and health tips to see if it fits...","1","1015","","","","0","https://leashfree.ca/dog-breeds/german-longhaired-pointer/","no",""
"/dog-breeds/german-pinscher/","German Pinscher – Traits, Shedding & Exercise in Canada | LeashFree.ca","Meet the German Pinscher: smart and moderate-energy. Explore temperament, low-to-moderate shedding info, training, grooming and health to decide if it suits...","1","5338","","","","0","https://leashfree.ca/dog-breeds/german-pinscher/","no",""
"/dog-breeds/german-shepherd/","German Shepherd – Traits, Shedding & Exercise in Canada | LeashFree.ca","Meet the German Shepherd: smart and moderate-energy. Explore temperament, seasonal shedding info, training, grooming and health to decide if it suits your li...","1","5285","","","","0","https://leashfree.ca/dog-breeds/german-shepherd/","no",""
"/dog-breeds/german-shepherd-dog/","German Shepherd Dog – Size, Energy & Grooming in Canada | LeashFree.ca","Meet the German Shepherd Dog: smart and high-energy. Explore temperament, moderate-shedding info, training, grooming and health to decide if it suits your li...","1","5512","","","","0","https://leashfree.ca/dog-breeds/german-shepherd-dog/","no",""
"/dog-breeds/german-shorthaired-pointer/","German Shorthaired Pointer – Breed Facts & Care | LeashFree.ca","Thinking about a German Shorthaired Pointer? Get clear answers on temperament, exercise, seasonal shedding and health so Canadian families can choose with co...","1","1011","","","","0","https://leashfree.ca/dog-breeds/german-shorthaired-pointer/","no",""
"/dog-breeds/german-spitz/","German Spitz – Traits, Shedding & Exercise in Canada | LeashFree.ca","Is the German Spitz right for you? We cover temperament, training, low-to-moderate shedding levels, exercise and health—plus practical advice for Canadian ow...","1","988","","","","0","https://leashfree.ca/dog-breeds/german-spitz/","no",""
"/dog-breeds/german-wirehaired-pointer/","German Wirehaired Pointer – Traits, Shedding & Exercise | LeashFree.ca","Is the German Wirehaired Pointer right for you? We cover temperament, training, low-to-moderate shedding levels, exercise and health—plus practical advice fo...","1","1017","","","","0","https://leashfree.ca/dog-breeds/german-wirehaired-pointer/","no",""
"/dog-breeds/giant-schnauzer/","Giant Schnauzer – Traits, Shedding & Exercise in Canada | LeashFree.ca","Meet the Giant Schnauzer: smart and active. Explore temperament, low-to-moderate shedding info, training, grooming and health to decide if it suits your life...","1","997","","","","1","https://leashfree.ca/dog-breeds/giant-schnauzer/","no",""
"/dog-breeds/glen-of-imaal-terrier/","Glen of Imaal Terrier – Traits, Shedding & Exercise | LeashFree.ca","Meet the Glen of Imaal Terrier: smart and active. Explore temperament, seasonal shedding info, training, grooming and health to decide if it suits your lifes...","1","5501","","","","0","https://leashfree.ca/dog-breeds/glen-of-imaal-terrier/","no",""
"/dog-breeds/goldador/","Goldador – Traits, Shedding & Exercise in Canada | LeashFree.ca","Meet the Goldador: smart and high-energy. Explore temperament, moderate-shedding info, training, grooming and health to decide if it suits your lifestyle in...","1","3650","","","","0","https://leashfree.ca/dog-breeds/goldador/","no",""
"/dog-breeds/golden-retriever/","Golden Retriever – Size, Energy & Grooming in Canada | LeashFree.ca","Is the Golden Retriever right for you? We cover temperament, training, low-to-moderate shedding levels, exercise and health—plus practical advice for Canadia...","1","7408","","","","0","https://leashfree.ca/dog-breeds/golden-retriever/","no",""
"/dog-breeds/goldendoodle/","Goldendoodle – Traits, Shedding & Exercise in Canada | LeashFree.ca","Is the Goldendoodle right for you? We cover temperament, training, seasonal shedding levels, exercise and health—plus practical advice for Canadian owners.","1","3295","","","","0","https://leashfree.ca/dog-breeds/goldendoodle/","no",""
"/dog-breeds/gordon-setter/","Gordon Setter – Traits, Shedding & Exercise in Canada | LeashFree.ca","Thinking about a Gordon Setter? Get clear answers on temperament, exercise, low-to-moderate shedding and health so Canadian families can choose with confidence.","1","991","","","","1","https://leashfree.ca/dog-breeds/gordon-setter/","no",""
"/dog-breeds/grand-basset-griffon-vendeen/","Grand Basset Griffon Vendeen – Breed Facts & Care | LeashFree.ca","Is the Grand Basset Griffon Vendeen right for you? We cover temperament, training, seasonal shedding levels, exercise and health—plus practical advice for Ca...","1","1017","","","","1","https://leashfree.ca/dog-breeds/grand-basset-griffon-vendeen/","no",""
"/dog-breeds/great-bernese/","Great Bernese – Traits, Shedding & Exercise in Canada | LeashFree.ca","Thinking about a Great Bernese? Get clear answers on temperament, exercise, seasonal shedding and health so Canadian families can choose with confidence.","1","3376","","","","0","https://leashfree.ca/dog-breeds/great-bernese/","no",""
"/dog-breeds/great-dane/","Great Dane – Traits, Shedding & Exercise in Canada | LeashFree.ca","Meet the Great Dane: smart and adaptable. Explore temperament, moderate-shedding info, training, grooming and health to decide if it suits your lifestyle in...","1","5084","","","","0","https://leashfree.ca/dog-breeds/great-dane/","no",""
"/dog-breeds/great-pyrenees/","Great Pyrenees – Traits, Shedding & Exercise in Canada | LeashFree.ca","Great Pyrenees guide for Canadian owners: temperament, exercise needs, grooming and common health issues. Learn how to care for this breed at home.","1","968","","","","1","https://leashfree.ca/dog-breeds/great-pyrenees/","no",""
"/dog-breeds/greater-swiss-mountain-dog/","Greater Swiss Mountain Dog – Breed Facts & Care | LeashFree.ca","Meet the Greater Swiss Mountain Dog: smart and moderate-energy. Explore temperament, moderate-shedding info, training, grooming and health to decide if it su...","1","4084","","","","1","https://leashfree.ca/dog-breeds/greater-swiss-mountain-dog/","no",""
"/dog-breeds/greyhound/","Greyhound – Traits, Shedding & Exercise in Canada | LeashFree.ca","Discover the Greyhound, a moderate-energy companion. Learn about temperament, seasonal shedding habits, exercise and health tips to see if it fits Canadian f...","1","5503","","","","0","https://leashfree.ca/dog-breeds/greyhound/","no",""
"/dog-breeds/group/herding-dogs/","Herding Dogs in Canada – Smart, High‑Energy Breeds to Train | LeashFree.ca","Considering a Herding breed? Learn about intelligence, energy, shedding and training needs for Canadian homes and seasons.","1","9366","","","","0","https://leashfree.ca/dog-breeds/group/herding-dogs/","no",""
"/dog-breeds/group/hound-dogs/","Hound Dogs: Temperament, Exercise & Care in Canada | LeashFree.ca","Explore Hound breeds - scent and sight hounds with unique exercise and training needs for Canadian families and adventurers.","1","8836","","","","0","https://leashfree.ca/dog-breeds/group/hound-dogs/","no",""
"/dog-breeds/group/hybrid-designer-mixes/","Designer & Doodle Mixes in Canada – Temperament, Grooming & Family Fit | LeashFree.ca","See Canada’s popular hybrid and Doodle mixes. Compare temperament, coat care, shedding and trainability for family life.","1","7859","","","","0","https://leashfree.ca/dog-breeds/group/hybrid-designer-mixes/","no",""
"/dog-breeds/group/miscellaneous/","Miscellaneous Dog Breeds in Canada – Rare & Emerging Breeds | LeashFree.ca","Explore rare and developing dog breeds in Canada. Learn about their origins, traits, and why they’re part of the CKC Miscellaneous Class.","1","3351","","","","0","https://leashfree.ca/dog-breeds/group/miscellaneous/","no",""
"/dog-breeds/group/non-sporting-dogs/","Non‑Sporting Dog Breeds in Canada – Temperament, Size & Care | LeashFree.ca","Explore Non‑Sporting breeds with varied coats and personalities. Compare temperament, grooming and activity needs for Canadian lifestyles.","1","5023","","","","0","https://leashfree.ca/dog-breeds/group/non-sporting-dogs/","no",""
"/dog-breeds/group/sporting-dogs/","Sporting Dogs: Traits, Care & Top Breeds in Canada | LeashFree.ca","Explore Sporting dog breeds for Canadian families. Compare temperament, exercise, shedding and health to pick the right active companion.","1","9431","","","","0","https://leashfree.ca/dog-breeds/group/sporting-dogs/","no",""
"/dog-breeds/group/terrier-dogs/","Terrier Dogs: Grooming, Training & Energy Needs in Canada | LeashFree.ca","Compare Terrier breeds by temperament, grooming and exercise. Learn which Terriers fit Canadian homes and active lifestyles.","1","8007","","","","0","https://leashfree.ca/dog-breeds/group/terrier-dogs/","no",""
"/dog-breeds/group/toy-dogs/","Toy Dog Breeds for Canada: Temperament, Shedding & Care | LeashFree.ca","Discover Toy breeds suited to Canadian condos and city living. Compare temperament, grooming and daily exercise needs.","1","4638","","","","0","https://leashfree.ca/dog-breeds/group/toy-dogs/","no",""
"/dog-breeds/group/working-dogs/","Working Dogs in Canada – Guardians, Energy & Care | LeashFree.ca","Discover Working dogs built for strength and resilience. Learn about temperament, exercise and cold-weather suitability for Canadian homes.","1","10183","","","","0","https://leashfree.ca/dog-breeds/group/working-dogs/","no",""
"/dog-breeds/hamiltonstovare/","Hamiltonstovare – Traits, Shedding & Exercise in Canada | LeashFree.ca","Hamiltonstovare guide for Canadian owners: temperament, exercise needs, grooming and common health issues. Learn how to care for this breed at home.","1","3456","","","","1","https://leashfree.ca/dog-breeds/hamiltonstovare/","no",""
"/dog-breeds/harrier/","Harrier – Traits, Shedding & Exercise in Canada | LeashFree.ca","Is the Harrier right for you? We cover temperament, training, low-to-moderate shedding levels, exercise and health—plus practical advice for Canadian owners.","1","3214","","","","1","https://leashfree.ca/dog-breeds/harrier/","no",""
"/dog-breeds/havanese/","Havanese – Traits, Shedding & Exercise in Canada | LeashFree.ca","Is the Havanese right for you? We cover temperament, training, moderate-shedding levels, exercise and health—plus practical advice for Canadian owners.","1","5128","","","","0","https://leashfree.ca/dog-breeds/havanese/","no",""
"/dog-breeds/havapoo-poovanese/","Havapoo (Poovanese) – Size, Energy & Grooming in Canada | LeashFree.ca","Meet the Havapoo (Poovanese): smart and active. Explore temperament, seasonal shedding info, training, grooming and health to decide if it suits your lifesty...","1","3904","","","","0","https://leashfree.ca/dog-breeds/havapoo-poovanese/","no",""
"/dog-breeds/hokkaido/","Hokkaido – Traits, Shedding & Exercise in Canada | LeashFree.ca","Discover the Hokkaido, a adaptable companion. Learn about temperament, seasonal shedding habits, exercise and health tips to see if it fits Canadian families.","1","3524","","","","1","https://leashfree.ca/dog-breeds/hokkaido/","no",""
"/dog-breeds/hovawart/","Hovawart – Traits, Shedding & Exercise in Canada | LeashFree.ca","Thinking about a Hovawart? Get clear answers on temperament, exercise, seasonal shedding and health so Canadian families can choose with confidence.","1","5407","","","","0","https://leashfree.ca/dog-breeds/hovawart/","no",""
"/dog-breeds/husky-collie-mix/","Husky Collie Mix – Size, Energy & Grooming in Canada | LeashFree.ca","Discover the Husky Collie Mix, a adaptable companion. Learn about temperament, seasonal shedding habits, exercise and health tips to see if it fits Canadian...","1","3116","","","","0","https://leashfree.ca/dog-breeds/husky-collie-mix/","no",""
"/dog-breeds/husky-retriever-mix/","Husky Retriever Mix – Size, Energy & Grooming in Canada | LeashFree.ca","Meet the Husky Retriever Mix: smart and moderate-energy. Explore temperament, seasonal shedding info, training, grooming and health to decide if it suits you...","1","3009","","","","1","https://leashfree.ca/dog-breeds/husky-retriever-mix/","no",""
"/dog-breeds/ibizan-hound/","Ibizan Hound – Traits, Shedding & Exercise in Canada | LeashFree.ca","Is the Ibizan Hound right for you? We cover temperament, training, seasonal shedding levels, exercise and health—plus practical advice for Canadian owners.","1","3596","","","","1","https://leashfree.ca/dog-breeds/ibizan-hound/","no",""
"/dog-breeds/icelandic-sheepdog/","Icelandic Sheepdog – Size, Energy & Grooming in Canada | LeashFree.ca","Discover the Icelandic Sheepdog, a adaptable companion. Learn about temperament, seasonal shedding habits, exercise and health tips to see if it fits Canadia...","1","3610","","","","0","https://leashfree.ca/dog-breeds/icelandic-sheepdog/","no",""
"/dog-breeds/","Dog Breeds | LeashFree.ca","Browse dog breed profiles converted from LeashFree.ca Webflow CMS data.","1","63766","","","","1","https://leashfree.ca/dog-breeds/","no",""
"/dog-breeds/irish-doodle/","Irish Doodle – Traits, Shedding & Exercise in Canada | LeashFree.ca","Meet the Irish Doodle: smart and moderate-energy. Explore temperament, moderate-shedding info, training, grooming and health to decide if it suits your lifes...","1","2238","","","","0","https://leashfree.ca/dog-breeds/irish-doodle/","no",""
"/dog-breeds/irish-red-and-white-setter/","Irish Red and White Setter – Breed Facts & Care | LeashFree.ca","Thinking about a Irish Red and White Setter? Get clear answers on temperament, exercise, low-to-moderate shedding and health so Canadian families can choose...","1","3330","","","","0","https://leashfree.ca/dog-breeds/irish-red-and-white-setter/","no",""
"/dog-breeds/irish-setter/","Irish Setter – Traits, Shedding & Exercise in Canada | LeashFree.ca","Thinking about a Irish Setter? Get clear answers on temperament, exercise, seasonal shedding and health so Canadian families can choose with confidence.","1","4898","","","","0","https://leashfree.ca/dog-breeds/irish-setter/","no",""
"/dog-breeds/irish-terrier/","Irish Terrier – Traits, Shedding & Exercise in Canada | LeashFree.ca","Meet the Irish Terrier: smart and active. Explore temperament, low-to-moderate shedding info, training, grooming and health to decide if it suits your lifest...","1","3335","","","","0","https://leashfree.ca/dog-breeds/irish-terrier/","no",""
"/dog-breeds/irish-water-spaniel/","Irish Water Spaniel – Size, Energy & Grooming in Canada | LeashFree.ca","Discover the Irish Water Spaniel, a adaptable companion. Learn about temperament, low-to-moderate shedding habits, exercise and health tips to see if it fits...","1","3244","","","","0","https://leashfree.ca/dog-breeds/irish-water-spaniel/","no",""
"/dog-breeds/irish-wolfhound/","Irish Wolfhound – Traits, Shedding & Exercise in Canada | LeashFree.ca","Is the Irish Wolfhound right for you? We cover temperament, training, seasonal shedding levels, exercise and health—plus practical advice for Canadian owners.","1","3697","","","","0","https://leashfree.ca/dog-breeds/irish-wolfhound/","no",""
"/dog-breeds/italian-greyhound/","Italian Greyhound – Size, Energy & Grooming in Canada | LeashFree.ca","Meet the Italian Greyhound: smart and moderate-energy. Explore temperament, seasonal shedding info, training, grooming and health to decide if it suits your...","1","3449","","","","0","https://leashfree.ca/dog-breeds/italian-greyhound/","no",""
"/dog-breeds/italian-spinone/","Italian Spinone – Traits, Shedding & Exercise in Canada | LeashFree.ca","Discover the Italian Spinone, a adaptable companion. Learn about temperament, seasonal shedding habits, exercise and health tips to see if it fits Canadian f...","1","3335","","","","0","https://leashfree.ca/dog-breeds/italian-spinone/","no",""
"/dog-breeds/japanese-chin/","Japanese Chin – Traits, Shedding & Exercise in Canada | LeashFree.ca","Thinking about a Japanese Chin? Get clear answers on temperament, exercise, moderate-shedding and health so Canadian families can choose with confidence.","1","5070","","","","0","https://leashfree.ca/dog-breeds/japanese-chin/","no",""
"/dog-breeds/japanese-spitz/","Japanese Spitz – Traits, Shedding & Exercise in Canada | LeashFree.ca","Discover the Japanese Spitz, a moderate-energy companion. Learn about temperament, low-to-moderate shedding habits, exercise and health tips to see if it fit...","1","3229","","","","0","https://leashfree.ca/dog-breeds/japanese-spitz/","no",""
"/dog-breeds/japanese-terrier/","Japanese Terrier – Size, Energy & Grooming in Canada | LeashFree.ca","Is the Japanese Terrier right for you? We cover temperament, training, low-to-moderate shedding levels, exercise and health—plus practical advice for Canadia...","1","3032","","","","0","https://leashfree.ca/dog-breeds/japanese-terrier/","no",""
"/dog-breeds/jindo/","Jindo – Traits, Shedding & Exercise in Canada | LeashFree.ca","Is the Jindo right for you? We cover temperament, training, low-to-moderate shedding levels, exercise and health—plus practical advice for Canadian owners.","1","3270","","","","1","https://leashfree.ca/dog-breeds/jindo/","no",""
"/dog-breeds/kai-ken/","Kai Ken – Traits, Shedding & Exercise in Canada | LeashFree.ca","Is the Kai Ken right for you? We cover temperament, training, moderate-shedding levels, exercise and health—plus practical advice for Canadian owners.","1","3216","","","","0","https://leashfree.ca/dog-breeds/kai-ken/","no",""
"/dog-breeds/karelian-bear-dog/","Karelian Bear Dog – Size, Energy & Grooming in Canada | LeashFree.ca","Is the Karelian Bear Dog right for you? We cover temperament, training, seasonal shedding levels, exercise and health—plus practical advice for Canadian owners.","1","3229","","","","0","https://leashfree.ca/dog-breeds/karelian-bear-dog/","no",""
"/dog-breeds/keeshond/","Keeshond – Traits, Shedding & Exercise in Canada | LeashFree.ca","Keeshond guide for Canadian owners: temperament, exercise needs, grooming and common health issues. Learn how to care for this breed at home.","1","3132","","","","0","https://leashfree.ca/dog-breeds/keeshond/","no",""
"/dog-breeds/kerry-blue-terrier/","Kerry Blue Terrier – Size, Energy & Grooming in Canada | LeashFree.ca","Thinking about a Kerry Blue Terrier? Get clear answers on temperament, exercise, seasonal shedding and health so Canadian families can choose with confidence.","1","4900","","","","0","https://leashfree.ca/dog-breeds/kerry-blue-terrier/","no",""
"/dog-breeds/king-shepherd/","King Shepherd – Traits, Shedding & Exercise in Canada | LeashFree.ca","Is the King Shepherd right for you? We cover temperament, training, moderate-shedding levels, exercise and health—plus practical advice for Canadian owners.","1","3347","","","","0","https://leashfree.ca/dog-breeds/king-shepherd/","no",""
"/dog-breeds/komondor/","Komondor – Traits, Shedding & Exercise in Canada | LeashFree.ca","Komondor guide for Canadian owners: temperament, exercise needs, grooming and common health issues. Learn how to care for this breed at home.","1","3322","","","","0","https://leashfree.ca/dog-breeds/komondor/","no",""
"/dog-breeds/kooikerhondje/","Kooikerhondje – Traits, Shedding & Exercise in Canada | LeashFree.ca","Discover the Kooikerhondje, a active companion. Learn about temperament, moderate-shedding habits, exercise and health tips to see if it fits Canadian families.","1","3382","","","","0","https://leashfree.ca/dog-breeds/kooikerhondje/","no",""
"/dog-breeds/korean-jindo-dog/","Korean Jindo Dog – Size, Energy & Grooming in Canada | LeashFree.ca","Korean Jindo Dog guide for Canadian owners: temperament, exercise needs, grooming and common health issues. Learn how to care for this breed at home.","1","3240","","","","1","https://leashfree.ca/dog-breeds/korean-jindo-dog/","no",""
"/dog-breeds/kuvasz/","Kuvasz – Traits, Shedding & Exercise in Canada | LeashFree.ca","Meet the Kuvasz: smart and moderate-energy. Explore temperament, low-to-moderate shedding info, training, grooming and health to decide if it suits your life...","1","3299","","","","1","https://leashfree.ca/dog-breeds/kuvasz/","no",""
"/dog-breeds/l-wchen/","Löwchen – Traits, Shedding & Exercise in Canada | LeashFree.ca","Is the Löwchen right for you? We cover temperament, training, moderate-shedding levels, exercise and health—plus practical advice for Canadian owners.","1","3411","","","","0","https://leashfree.ca/dog-breeds/l-wchen/","no",""
"/dog-breeds/labradoodle/","Labradoodle – Traits, Shedding & Exercise in Canada | LeashFree.ca","Labradoodle guide for Canadian owners: temperament, exercise needs, grooming and common health issues. Learn how to care for this breed at home.","1","2890","","","","0","https://leashfree.ca/dog-breeds/labradoodle/","no",""
"/dog-breeds/labrador-retriever/","Labrador Retriever – Size, Energy & Grooming in Canada | LeashFree.ca","Is the Labrador Retriever right for you? We cover temperament, training, seasonal shedding levels, exercise and health—plus practical advice for Canadian own...","1","5589","","","","0","https://leashfree.ca/dog-breeds/labrador-retriever/","no",""
"/dog-breeds/labsky/","Labsky – Traits, Shedding & Exercise in Canada | LeashFree.ca","Thinking about a Labsky? Get clear answers on temperament, exercise, moderate-shedding and health so Canadian families can choose with confidence.","1","3328","","","","0","https://leashfree.ca/dog-breeds/labsky/","no",""
"/dog-breeds/lagotto-romagnolo/","Lagotto Romagnolo – Size, Energy & Grooming in Canada | LeashFree.ca","Thinking about a Lagotto Romagnolo? Get clear answers on temperament, exercise, seasonal shedding and health so Canadian families can choose with confidence.","1","3251","","","","0","https://leashfree.ca/dog-breeds/lagotto-romagnolo/","no",""
"/dog-breeds/lakeland-terrier/","Lakeland Terrier – Size, Energy & Grooming in Canada | LeashFree.ca","Discover the Lakeland Terrier, a moderate-energy companion. Learn about temperament, low-to-moderate shedding habits, exercise and health tips to see if it f...","1","3232","","","","0","https://leashfree.ca/dog-breeds/lakeland-terrier/","no",""
"/dog-breeds/lancashire-heeler/","Lancashire Heeler – Size, Energy & Grooming in Canada | LeashFree.ca","Meet the Lancashire Heeler: smart and adaptable. Explore temperament, low-to-moderate shedding info, training, grooming and health to decide if it suits your...","1","3219","","","","0","https://leashfree.ca/dog-breeds/lancashire-heeler/","no",""
"/dog-breeds/landseer/","Landseer – Traits, Shedding & Exercise in Canada | LeashFree.ca","Discover the Landseer, a adaptable companion. Learn about temperament, seasonal shedding habits, exercise and health tips to see if it fits Canadian families.","1","5508","","","","0","https://leashfree.ca/dog-breeds/landseer/","no",""
"/dog-breeds/lapponian-herder/","Lapponian Herder – Size, Energy & Grooming in Canada | LeashFree.ca","Meet the Lapponian Herder: smart and moderate-energy. Explore temperament, low-to-moderate shedding info, training, grooming and health to decide if it suits...","1","3274","","","","0","https://leashfree.ca/dog-breeds/lapponian-herder/","no",""
"/dog-breeds/large-munsterlander/","Large Munsterlander – Size, Energy & Grooming in Canada | LeashFree.ca","Large Munsterlander guide for Canadian owners: temperament, exercise needs, grooming and common health issues. Learn how to care for this breed at home.","1","3199","","","","0","https://leashfree.ca/dog-breeds/large-munsterlander/","no",""
"/dog-breeds/leonberger/","Leonberger – Traits, Shedding & Exercise in Canada | LeashFree.ca","Discover the Leonberger, a moderate-energy companion. Learn about temperament, moderate-shedding habits, exercise and health tips to see if it fits Canadian...","1","3647","","","","0","https://leashfree.ca/dog-breeds/leonberger/","no",""
"/dog-breeds/lhasa-apso/","Lhasa Apso – Traits, Shedding & Exercise in Canada | LeashFree.ca","Is the Lhasa Apso right for you? We cover temperament, training, low-to-moderate shedding levels, exercise and health—plus practical advice for Canadian owners.","1","3518","","","","0","https://leashfree.ca/dog-breeds/lhasa-apso/","no",""
"/dog-breeds/malshi/","Malshi – Traits, Shedding & Exercise in Canada | LeashFree.ca","Discover the Malshi, a adaptable companion. Learn about temperament, seasonal shedding habits, exercise and health tips to see if it fits Canadian families.","1","2975","","","","0","https://leashfree.ca/dog-breeds/malshi/","no",""
"/dog-breeds/maltese/","Maltese – Traits, Shedding & Exercise in Canada | LeashFree.ca","Meet the Maltese: smart and moderate-energy. Explore temperament, low-to-moderate shedding info, training, grooming and health to decide if it suits your lif...","1","3371","","","","0","https://leashfree.ca/dog-breeds/maltese/","no",""
"/dog-breeds/maltipoo/","Maltipoo – Traits, Shedding & Exercise in Canada | LeashFree.ca","Thinking about a Maltipoo? Get clear answers on temperament, exercise, moderate-shedding and health so Canadian families can choose with confidence.","1","2151","","","","0","https://leashfree.ca/dog-breeds/maltipoo/","no",""
"/dog-breeds/manchester-terrier/","Manchester Terrier – Size, Energy & Grooming in Canada | LeashFree.ca","Thinking about a Manchester Terrier? Get clear answers on temperament, exercise, moderate-shedding and health so Canadian families can choose with confidence.","1","3137","","","","0","https://leashfree.ca/dog-breeds/manchester-terrier/","no",""
"/dog-breeds/maremma-sheepdog/","Maremma Sheepdog – Size, Energy & Grooming in Canada | LeashFree.ca","Thinking about a Maremma Sheepdog? Get clear answers on temperament, exercise, moderate-shedding and health so Canadian families can choose with confidence.","1","3445","","","","0","https://leashfree.ca/dog-breeds/maremma-sheepdog/","no",""
"/dog-breeds/mastiff/","Mastiff – Traits, Shedding & Exercise in Canada | LeashFree.ca","Meet the Mastiff: smart and moderate-energy. Explore temperament, moderate-shedding info, training, grooming and health to decide if it suits your lifestyle...","1","5510","","","","0","https://leashfree.ca/dog-breeds/mastiff/","no",""
"/dog-breeds/miniature-american-shepherd/","Miniature American Shepherd – Breed Facts & Care | LeashFree.ca","Is the Miniature American Shepherd right for you? We cover temperament, training, seasonal shedding levels, exercise and health—plus practical advice for Can...","1","5478","","","","1","https://leashfree.ca/dog-breeds/miniature-american-shepherd/","no",""
"/dog-breeds/miniature-american-shepherd-2/","Miniature American Shepherd – Breed Facts & Care | LeashFree.ca","Discover the Miniature American Shepherd, a high-energy companion. Learn about temperament, seasonal shedding habits, exercise and health tips to see if it f...","1","5459","","","","0","https://leashfree.ca/dog-breeds/miniature-american-shepherd-2/","no",""
"/dog-breeds/miniature-bull-terrier/","Miniature Bull Terrier – Traits, Shedding & Exercise | LeashFree.ca","Is the Miniature Bull Terrier right for you? We cover temperament, training, low-to-moderate shedding levels, exercise and health—plus practical advice for C...","1","5152","","","","0","https://leashfree.ca/dog-breeds/miniature-bull-terrier/","no",""
"/dog-breeds/miniature-pinscher/","Miniature Pinscher – Size, Energy & Grooming in Canada | LeashFree.ca","Thinking about a Miniature Pinscher? Get clear answers on temperament, exercise, moderate-shedding and health so Canadian families can choose with confidence.","1","5263","","","","0","https://leashfree.ca/dog-breeds/miniature-pinscher/","no",""
"/dog-breeds/miniature-schnauzer/","Miniature Schnauzer – Size, Energy & Grooming in Canada | LeashFree.ca","Is the Miniature Schnauzer right for you? We cover temperament, training, low-to-moderate shedding levels, exercise and health—plus practical advice for Cana...","1","7155","","","","0","https://leashfree.ca/dog-breeds/miniature-schnauzer/","no",""
"/dog-breeds/morkie/","Morkie – Traits, Shedding & Exercise in Canada | LeashFree.ca","Is the Morkie right for you? We cover temperament, training, seasonal shedding levels, exercise and health—plus practical advice for Canadian owners.","1","2974","","","","0","https://leashfree.ca/dog-breeds/morkie/","no",""
"/dog-breeds/mountain-cur/","Mountain Cur – Traits, Shedding & Exercise in Canada | LeashFree.ca","Thinking about a Mountain Cur? Get clear answers on temperament, exercise, moderate-shedding and health so Canadian families can choose with confidence.","1","6044","","","","0","https://leashfree.ca/dog-breeds/mountain-cur/","no",""
"/dog-breeds/mudi/","Mudi – Traits, Shedding & Exercise in Canada | LeashFree.ca","Discover the Mudi, a moderate-energy companion. Learn about temperament, low-to-moderate shedding habits, exercise and health tips to see if it fits Canadian...","1","5451","","","","0","https://leashfree.ca/dog-breeds/mudi/","no",""
"/dog-breeds/neapolitan-mastiff/","Neapolitan Mastiff – Size, Energy & Grooming in Canada | LeashFree.ca","Is the Neapolitan Mastiff right for you? We cover temperament, training, moderate-shedding levels, exercise and health—plus practical advice for Canadian own...","1","6708","","","","0","https://leashfree.ca/dog-breeds/neapolitan-mastiff/","no",""
"/dog-breeds/nederlandse-kooikerhondje/","Nederlandse Kooikerhondje – Traits, Shedding & Exercise | LeashFree.ca","Thinking about a Nederlandse Kooikerhondje? Get clear answers on temperament, exercise, low-to-moderate shedding and health so Canadian families can choose w...","1","6813","","","","0","https://leashfree.ca/dog-breeds/nederlandse-kooikerhondje/","no",""
"/dog-breeds/newfoundland/","Newfoundland – Traits, Shedding & Exercise in Canada | LeashFree.ca","Meet the Newfoundland: smart and adaptable. Explore temperament, seasonal shedding info, training, grooming and health to decide if it suits your lifestyle i...","1","7119","","","","0","https://leashfree.ca/dog-breeds/newfoundland/","no",""
"/dog-breeds/newfypoo/","Newfypoo – Traits, Shedding & Exercise in Canada | LeashFree.ca","Newfypoo guide for Canadian owners: temperament, exercise needs, grooming and common health issues. Learn how to care for this breed at home.","1","5482","","","","0","https://leashfree.ca/dog-breeds/newfypoo/","no",""
"/dog-breeds/norfolk-terrier/","Norfolk Terrier – Traits, Shedding & Exercise in Canada | LeashFree.ca","Meet the Norfolk Terrier: smart and active. Explore temperament, low-to-moderate shedding info, training, grooming and health to decide if it suits your life...","1","6095","","","","0","https://leashfree.ca/dog-breeds/norfolk-terrier/","no",""
"/dog-breeds/norrbottenspets/","Norrbottenspets – Traits, Shedding & Exercise in Canada | LeashFree.ca","Discover the Norrbottenspets, a active companion. Learn about temperament, moderate-shedding habits, exercise and health tips to see if it fits Canadian fami...","1","6216","","","","0","https://leashfree.ca/dog-breeds/norrbottenspets/","no",""
"/dog-breeds/northern-arctic-mix/","Northern/Arctic Landrace Mix – Breed Facts & Care | LeashFree.ca","Northern/Arctic Landrace Mix guide for Canadian owners: temperament, exercise needs, grooming and common health issues. Learn how to care for this breed at h...","1","3263","","","","0","https://leashfree.ca/dog-breeds/northern-arctic-mix/","no",""
"/dog-breeds/norwegian-buhund/","Norwegian Buhund – Size, Energy & Grooming in Canada | LeashFree.ca","Thinking about a Norwegian Buhund? Get clear answers on temperament, exercise, low-to-moderate shedding and health so Canadian families can choose with confi...","1","6145","","","","0","https://leashfree.ca/dog-breeds/norwegian-buhund/","no",""
"/dog-breeds/norwegian-elkhound/","Norwegian Elkhound – Size, Energy & Grooming in Canada | LeashFree.ca","Meet the Norwegian Elkhound: smart and high-energy. Explore temperament, moderate-shedding info, training, grooming and health to decide if it suits your lif...","1","5292","","","","0","https://leashfree.ca/dog-breeds/norwegian-elkhound/","no",""
"/dog-breeds/norwegian-lundehund/","Norwegian Lundehund – Size, Energy & Grooming in Canada | LeashFree.ca","Thinking about a Norwegian Lundehund? Get clear answers on temperament, exercise, seasonal shedding and health so Canadian families can choose with confidence.","1","6618","","","","0","https://leashfree.ca/dog-breeds/norwegian-lundehund/","no",""
"/dog-breeds/norwich-terrier/","Norwich Terrier – Traits, Shedding & Exercise in Canada | LeashFree.ca","Thinking about a Norwich Terrier? Get clear answers on temperament, exercise, moderate-shedding and health so Canadian families can choose with confidence.","1","5000","","","","0","https://leashfree.ca/dog-breeds/norwich-terrier/","no",""
"/dog-breeds/nova-scotia-duck-tolling-retriever/","Nova Scotia Duck Tolling Retriever – Breed Facts & Care | LeashFree.ca","Is the Nova Scotia Duck Tolling Retriever right for you? We cover temperament, training, low-to-moderate shedding levels, exercise and health—plus practical...","1","6907","","","","0","https://leashfree.ca/dog-breeds/nova-scotia-duck-tolling-retriever/","no",""
"/dog-breeds/old-english-sheepdog/","Old English Sheepdog – Traits, Shedding & Exercise | LeashFree.ca","Is the Old English Sheepdog right for you? We cover temperament, training, low-to-moderate shedding levels, exercise and health—plus practical advice for Can...","1","5457","","","","0","https://leashfree.ca/dog-breeds/old-english-sheepdog/","no",""
"/dog-breeds/otterhound/","Otterhound – Traits, Shedding & Exercise in Canada | LeashFree.ca","Discover the Otterhound, a active companion. Learn about temperament, low-to-moderate shedding habits, exercise and health tips to see if it fits Canadian fa...","1","6572","","","","0","https://leashfree.ca/dog-breeds/otterhound/","no",""
"/dog-breeds/papillon/","Papillon – Traits, Shedding & Exercise in Canada | LeashFree.ca","Thinking about a Papillon? Get clear answers on temperament, exercise, moderate-shedding and health so Canadian families can choose with confidence.","1","5046","","","","0","https://leashfree.ca/dog-breeds/papillon/","no",""
"/dog-breeds/parson-russell-terrier/","Parson Russell Terrier – Traits, Shedding & Exercise | LeashFree.ca","Is the Parson Russell Terrier right for you? We cover temperament, training, low-to-moderate shedding levels, exercise and health—plus practical advice for C...","1","6247","","","","0","https://leashfree.ca/dog-breeds/parson-russell-terrier/","no",""
"/dog-breeds/pekingese/","Pekingese – Traits, Shedding & Exercise in Canada | LeashFree.ca","Meet the Pekingese: smart and moderate-energy. Explore temperament, moderate-shedding info, training, grooming and health to decide if it suits your lifestyl...","1","6360","","","","0","https://leashfree.ca/dog-breeds/pekingese/","no",""
"/dog-breeds/pembroke-welsh-corgi/","Pembroke Welsh Corgi – Traits, Shedding & Exercise | LeashFree.ca","Thinking about a Pembroke Welsh Corgi? Get clear answers on temperament, exercise, seasonal shedding and health so Canadian families can choose with confidence.","1","6004","","","","0","https://leashfree.ca/dog-breeds/pembroke-welsh-corgi/","no",""
"/dog-breeds/perro-de-presa-canario/","Perro de Presa Canario – Traits, Shedding & Exercise | LeashFree.ca","Thinking about a Perro de Presa Canario? Get clear answers on temperament, exercise, low-to-moderate shedding and health so Canadian families can choose with...","1","6392","","","","0","https://leashfree.ca/dog-breeds/perro-de-presa-canario/","no",""
"/dog-breeds/peruvian-inca-orchid/","Peruvian Inca Orchid – Traits, Shedding & Exercise | LeashFree.ca","Is the Peruvian Inca Orchid right for you? We cover temperament, training, seasonal shedding levels, exercise and health—plus practical advice for Canadian o...","1","6694","","","","0","https://leashfree.ca/dog-breeds/peruvian-inca-orchid/","no",""
"/dog-breeds/petit-basset-griffon-vendeen/","Petit Basset Griffon Vendeen – Breed Facts & Care | LeashFree.ca","Petit Basset Griffon Vendeen guide for Canadian owners: temperament, exercise needs, grooming and common health issues. Learn how to care for this breed at h...","1","6802","","","","0","https://leashfree.ca/dog-breeds/petit-basset-griffon-vendeen/","no",""
"/dog-breeds/pharaoh-hound/","Pharaoh Hound – Traits, Shedding & Exercise in Canada | LeashFree.ca","Discover the Pharaoh Hound, a moderate-energy companion. Learn about temperament, seasonal shedding habits, exercise and health tips to see if it fits Canadi...","1","6293","","","","0","https://leashfree.ca/dog-breeds/pharaoh-hound/","no",""
"/dog-breeds/plott-hound/","Plott Hound – Traits, Shedding & Exercise in Canada | LeashFree.ca","Meet the Plott Hound: smart and moderate-energy. Explore temperament, moderate-shedding info, training, grooming and health to decide if it suits your lifest...","1","6303","","","","0","https://leashfree.ca/dog-breeds/plott-hound/","no",""
"/dog-breeds/pointer/","Pointer – Traits, Shedding & Exercise in Canada | LeashFree.ca","Discover the Pointer, a adaptable companion. Learn about temperament, seasonal shedding habits, exercise and health tips to see if it fits Canadian families.","1","6007","","","","0","https://leashfree.ca/dog-breeds/pointer/","no",""
"/dog-breeds/polish-lowland-sheepdog/","Polish Lowland Sheepdog – Traits, Shedding & Exercise | LeashFree.ca","Polish Lowland Sheepdog guide for Canadian owners: temperament, exercise needs, grooming and common health issues. Learn how to care for this breed at home.","1","6351","","","","0","https://leashfree.ca/dog-breeds/polish-lowland-sheepdog/","no",""
"/dog-breeds/pomchi/","Pomchi – Traits, Shedding & Exercise in Canada | LeashFree.ca","Discover the Pomchi, a moderate-energy companion. Learn about temperament, low-to-moderate shedding habits, exercise and health tips to see if it fits Canadi...","1","2940","","","","0","https://leashfree.ca/dog-breeds/pomchi/","no",""
"/dog-breeds/pomeranian/","Pomeranian – Traits, Shedding & Exercise in Canada | LeashFree.ca","Pomeranian guide for Canadian owners: temperament, exercise needs, grooming and common health issues. Learn how to care for this breed at home.","1","5769","","","","0","https://leashfree.ca/dog-breeds/pomeranian/","no",""
"/dog-breeds/poodle/","Poodle – Traits, Shedding & Exercise in Canada | LeashFree.ca","Meet the Poodle: smart and active. Explore temperament, low-to-moderate shedding info, training, grooming and health to decide if it suits your lifestyle in...","1","5305","","","","0","https://leashfree.ca/dog-breeds/poodle/","no",""
"/dog-breeds/portuguese-podengo-pequeno/","Portuguese Podengo Pequeno – Breed Facts & Care | LeashFree.ca","Is the Portuguese Podengo Pequeno right for you? We cover temperament, training, seasonal shedding levels, exercise and health—plus practical advice for Cana...","1","6195","","","","0","https://leashfree.ca/dog-breeds/portuguese-podengo-pequeno/","no",""
"/dog-breeds/portuguese-pointer/","Portuguese Pointer – Size, Energy & Grooming in Canada | LeashFree.ca","Meet the Portuguese Pointer: smart and adaptable. Explore temperament, moderate-shedding info, training, grooming and health to decide if it suits your lifes...","1","6050","","","","0","https://leashfree.ca/dog-breeds/portuguese-pointer/","no",""
"/dog-breeds/portuguese-water-dog/","Portuguese Water Dog – Traits, Shedding & Exercise | LeashFree.ca","Meet the Portuguese Water Dog: smart and adaptable. Explore temperament, seasonal shedding info, training, grooming and health to decide if it suits your lif...","1","6636","","","","1","https://leashfree.ca/dog-breeds/portuguese-water-dog/","no",""
"/dog-breeds/presa-canario/","Presa Canario – Traits, Shedding & Exercise in Canada | LeashFree.ca","Discover the Presa Canario, a moderate-energy companion. Learn about temperament, moderate-shedding habits, exercise and health tips to see if it fits Canadi...","1","6945","","","","0","https://leashfree.ca/dog-breeds/presa-canario/","no",""
"/dog-breeds/pudelpointer/","Pudelpointer – Traits, Shedding & Exercise in Canada | LeashFree.ca","Meet the Pudelpointer: smart and moderate-energy. Explore temperament, seasonal shedding info, training, grooming and health to decide if it suits your lifes...","1","6684","","","","0","https://leashfree.ca/dog-breeds/pudelpointer/","no",""
"/dog-breeds/puggle/","Puggle – Traits, Shedding & Exercise in Canada | LeashFree.ca","Discover the Puggle, a adaptable companion. Learn about temperament, moderate-shedding habits, exercise and health tips to see if it fits Canadian families.","1","3478","","","","0","https://leashfree.ca/dog-breeds/puggle/","no",""
"/dog-breeds/puli/","Puli – Traits, Shedding & Exercise in Canada | LeashFree.ca","Puli guide for Canadian owners: temperament, exercise needs, grooming and common health issues. Learn how to care for this breed at home.","1","5954","","","","0","https://leashfree.ca/dog-breeds/puli/","no",""
"/dog-breeds/pumi/","Pumi – Traits, Shedding & Exercise in Canada | LeashFree.ca","Thinking about a Pumi? Get clear answers on temperament, exercise, seasonal shedding and health so Canadian families can choose with confidence.","1","6139","","","","0","https://leashfree.ca/dog-breeds/pumi/","no",""
"/dog-breeds/pyrador/","Pyrador – Traits, Shedding & Exercise in Canada | LeashFree.ca","Discover the Pyrador, a adaptable companion. Learn about temperament, seasonal shedding habits, exercise and health tips to see if it fits Canadian families.","1","3154","","","","0","https://leashfree.ca/dog-breeds/pyrador/","no",""
"/dog-breeds/pyredoodle/","Pyredoodle – Traits, Shedding & Exercise in Canada | LeashFree.ca","Meet the Pyredoodle: smart and moderate-energy. Explore temperament, moderate-shedding info, training, grooming and health to decide if it suits your lifesty...","1","2278","","","","0","https://leashfree.ca/dog-breeds/pyredoodle/","no",""
"/dog-breeds/pyrenean-mastiff/","Pyrenean Mastiff – Size, Energy & Grooming in Canada | LeashFree.ca","Pyrenean Mastiff guide for Canadian owners: temperament, exercise needs, grooming and common health issues. Learn how to care for this breed at home.","1","6335","","","","0","https://leashfree.ca/dog-breeds/pyrenean-mastiff/","no",""
"/dog-breeds/pyrenean-shepherd/","Pyrenean Shepherd – Size, Energy & Grooming in Canada | LeashFree.ca","Meet the Pyrenean Shepherd: smart and high-energy. Explore temperament, seasonal shedding info, training, grooming and health to decide if it suits your life...","1","6527","","","","0","https://leashfree.ca/dog-breeds/pyrenean-shepherd/","no",""
"/dog-breeds/rafeiro-do-alentejo/","Rafeiro do Alentejo – Size, Energy & Grooming in Canada | LeashFree.ca","Thinking about a Rafeiro do Alentejo? Get clear answers on temperament, exercise, low-to-moderate shedding and health so Canadian families can choose with co...","1","4626","","","","0","https://leashfree.ca/dog-breeds/rafeiro-do-alentejo/","no",""
"/dog-breeds/rat-terrier/","Rat Terrier – Traits, Shedding & Exercise in Canada | LeashFree.ca","Thinking about a Rat Terrier? Get clear answers on temperament, exercise, seasonal shedding and health so Canadian families can choose with confidence.","1","4602","","","","0","https://leashfree.ca/dog-breeds/rat-terrier/","no",""
"/dog-breeds/redbone-coonhound/","Redbone Coonhound – Size, Energy & Grooming in Canada | LeashFree.ca","Is the Redbone Coonhound right for you? We cover temperament, training, low-to-moderate shedding levels, exercise and health—plus practical advice for Canadi...","1","4731","","","","0","https://leashfree.ca/dog-breeds/redbone-coonhound/","no",""
"/dog-breeds/rhodesian-ridgeback/","Rhodesian Ridgeback – Size, Energy & Grooming in Canada | LeashFree.ca","Is the Rhodesian Ridgeback right for you? We cover temperament, training, low-to-moderate shedding levels, exercise and health—plus practical advice for Cana...","1","4912","","","","0","https://leashfree.ca/dog-breeds/rhodesian-ridgeback/","no",""
"/dog-breeds/rottweiler/","Rottweiler – Traits, Shedding & Exercise in Canada | LeashFree.ca","Rottweiler guide for Canadian owners: temperament, exercise needs, grooming and common health issues. Learn how to care for this breed at home.","1","5783","","","","0","https://leashfree.ca/dog-breeds/rottweiler/","no",""
"/dog-breeds/russian-toy/","Russian Toy – Traits, Shedding & Exercise in Canada | LeashFree.ca","Is the Russian Toy right for you? We cover temperament, training, seasonal shedding levels, exercise and health—plus practical advice for Canadian owners.","1","4940","","","","0","https://leashfree.ca/dog-breeds/russian-toy/","no",""
"/dog-breeds/russian-tsvetnaya-bolonka/","Russian Tsvetnaya Bolonka – Traits, Shedding & Exercise | LeashFree.ca","Is the Russian Tsvetnaya Bolonka right for you? We cover temperament, training, seasonal shedding levels, exercise and health—plus practical advice for Canad...","1","4766","","","","0","https://leashfree.ca/dog-breeds/russian-tsvetnaya-bolonka/","no",""
"/dog-breeds/saint-berdoodle/","Saint Berdoodle – Traits, Shedding & Exercise in Canada | LeashFree.ca","Saint Berdoodle guide for Canadian owners: temperament, exercise needs, grooming and common health issues. Learn how to care for this breed at home.","1","5668","","","","0","https://leashfree.ca/dog-breeds/saint-berdoodle/","no",""
"/dog-breeds/saint-bernard/","Saint Bernard – Traits, Shedding & Exercise in Canada | LeashFree.ca","Saint Bernard guide for Canadian owners: temperament, exercise needs, grooming and common health issues. Learn how to care for this breed at home.","1","4881","","","","0","https://leashfree.ca/dog-breeds/saint-bernard/","no",""
"/dog-breeds/saluki/","Saluki – Traits, Shedding & Exercise in Canada | LeashFree.ca","Saluki guide for Canadian owners: temperament, exercise needs, grooming and common health issues. Learn how to care for this breed at home.","1","4844","","","","0","https://leashfree.ca/dog-breeds/saluki/","no",""
"/dog-breeds/samoyed/","Samoyed – Traits, Shedding & Exercise in Canada | LeashFree.ca","Meet the Samoyed: smart and adaptable. Explore temperament, low-to-moderate shedding info, training, grooming and health to decide if it suits your lifestyle...","1","5099","","","","0","https://leashfree.ca/dog-breeds/samoyed/","no",""
"/dog-breeds/sarplaninac/","Sarplaninac – Traits, Shedding & Exercise in Canada | LeashFree.ca","Sarplaninac guide for Canadian owners: temperament, exercise needs, grooming and common health issues. Learn how to care for this breed at home.","1","5166","","","","0","https://leashfree.ca/dog-breeds/sarplaninac/","no",""
"/dog-breeds/schapendoes/","Schapendoes – Traits, Shedding & Exercise in Canada | LeashFree.ca","Schapendoes guide for Canadian owners: temperament, exercise needs, grooming and common health issues. Learn how to care for this breed at home.","1","4715","","","","0","https://leashfree.ca/dog-breeds/schapendoes/","no",""
"/dog-breeds/schipperke/","Schipperke – Traits, Shedding & Exercise in Canada | LeashFree.ca","Meet the Schipperke: smart and high-energy. Explore temperament, moderate-shedding info, training, grooming and health to decide if it suits your lifestyle i...","1","4733","","","","0","https://leashfree.ca/dog-breeds/schipperke/","no",""
"/dog-breeds/schnoodle/","Schnoodle – Traits, Shedding & Exercise in Canada | LeashFree.ca","Schnoodle guide for Canadian owners: temperament, exercise needs, grooming and common health issues. Learn how to care for this breed at home.","1","2263","","","","0","https://leashfree.ca/dog-breeds/schnoodle/","no",""
"/dog-breeds/scottish-deerhound/","Scottish Deerhound – Size, Energy & Grooming in Canada | LeashFree.ca","Is the Scottish Deerhound right for you? We cover temperament, training, seasonal shedding levels, exercise and health—plus practical advice for Canadian own...","1","4995","","","","0","https://leashfree.ca/dog-breeds/scottish-deerhound/","no",""
"/dog-breeds/scottish-terrier/","Scottish Terrier – Size, Energy & Grooming in Canada | LeashFree.ca","Thinking about a Scottish Terrier? Get clear answers on temperament, exercise, low-to-moderate shedding and health so Canadian families can choose with confi...","1","5085","","","","0","https://leashfree.ca/dog-breeds/scottish-terrier/","no",""
"/dog-breeds/sealyham-terrier/","Sealyham Terrier – Size, Energy & Grooming in Canada | LeashFree.ca","Meet the Sealyham Terrier: smart and moderate-energy. Explore temperament, low-to-moderate shedding info, training, grooming and health to decide if it suits...","1","4884","","","","0","https://leashfree.ca/dog-breeds/sealyham-terrier/","no",""
"/dog-breeds/segugio-italiano/","Segugio Italiano – Size, Energy & Grooming in Canada | LeashFree.ca","Is the Segugio Italiano right for you? We cover temperament, training, low-to-moderate shedding levels, exercise and health—plus practical advice for Canadia...","1","5045","","","","0","https://leashfree.ca/dog-breeds/segugio-italiano/","no",""
"/dog-breeds/sheepadoodle/","Sheepadoodle – Traits, Shedding & Exercise in Canada | LeashFree.ca","Meet the Sheepadoodle: smart and high-energy. Explore temperament, low-to-moderate shedding info, training, grooming and health to decide if it suits your li...","1","2973","","","","0","https://leashfree.ca/dog-breeds/sheepadoodle/","no",""
"/dog-breeds/sheprador/","Sheprador – Traits, Shedding & Exercise in Canada | LeashFree.ca","Meet the Sheprador: smart and moderate-energy. Explore temperament, moderate-shedding info, training, grooming and health to decide if it suits your lifestyl...","1","3663","","","","0","https://leashfree.ca/dog-breeds/sheprador/","no",""
"/dog-breeds/shetland-sheepdog/","Shetland Sheepdog – Size, Energy & Grooming in Canada | LeashFree.ca","Thinking about a Shetland Sheepdog? Get clear answers on temperament, exercise, moderate-shedding and health so Canadian families can choose with confidence.","1","4763","","","","0","https://leashfree.ca/dog-breeds/shetland-sheepdog/","no",""
"/dog-breeds/shiba-inu/","Shiba Inu – Traits, Shedding & Exercise in Canada | LeashFree.ca","Meet the Shiba Inu: smart and moderate-energy. Explore temperament, moderate-shedding info, training, grooming and health to decide if it suits your lifestyl...","1","5247","","","","0","https://leashfree.ca/dog-breeds/shiba-inu/","no",""
"/dog-breeds/shih-poo/","Shih-poo – Traits, Shedding & Exercise in Canada | LeashFree.ca","Discover the Shih-poo, a moderate-energy companion. Learn about temperament, low-to-moderate shedding habits, exercise and health tips to see if it fits Cana...","1","3075","","","","0","https://leashfree.ca/dog-breeds/shih-poo/","no",""
"/dog-breeds/shih-tzu/","Shih Tzu – Traits, Shedding & Exercise in Canada | LeashFree.ca","Discover the Shih Tzu, a active companion. Learn about temperament, moderate-shedding habits, exercise and health tips to see if it fits Canadian families.","1","5174","","","","0","https://leashfree.ca/dog-breeds/shih-tzu/","no",""
"/dog-breeds/shikoku/","Shikoku – Traits, Shedding & Exercise in Canada | LeashFree.ca","Discover the Shikoku, a active companion. Learn about temperament, moderate-shedding habits, exercise and health tips to see if it fits Canadian families.","1","4889","","","","0","https://leashfree.ca/dog-breeds/shikoku/","no",""
"/dog-breeds/siberian-husky/","Siberian Husky – Traits, Shedding & Exercise in Canada | LeashFree.ca","Siberian Husky guide for Canadian owners: temperament, exercise needs, grooming and common health issues. Learn how to care for this breed at home.","1","5072","","","","0","https://leashfree.ca/dog-breeds/siberian-husky/","no",""
"/dog-breeds/silky-terrier/","Silky Terrier – Traits, Shedding & Exercise in Canada | LeashFree.ca","Discover the Silky Terrier, a active companion. Learn about temperament, seasonal shedding habits, exercise and health tips to see if it fits Canadian families.","1","4907","","","","0","https://leashfree.ca/dog-breeds/silky-terrier/","no",""
"/dog-breeds/skye-terrier/","Skye Terrier – Traits, Shedding & Exercise in Canada | LeashFree.ca","Meet the Skye Terrier: smart and moderate-energy. Explore temperament, seasonal shedding info, training, grooming and health to decide if it suits your lifes...","1","5038","","","","0","https://leashfree.ca/dog-breeds/skye-terrier/","no",""
"/dog-breeds/sloughi/","Sloughi – Traits, Shedding & Exercise in Canada | LeashFree.ca","Meet the Sloughi: smart and high-energy. Explore temperament, moderate-shedding info, training, grooming and health to decide if it suits your lifestyle in C...","1","4807","","","","0","https://leashfree.ca/dog-breeds/sloughi/","no",""
"/dog-breeds/slovakian-wirehaired-pointer/","Slovakian Wirehaired Pointer – Breed Facts & Care | LeashFree.ca","Is the Slovakian Wirehaired Pointer right for you? We cover temperament, training, low-to-moderate shedding levels, exercise and health—plus practical advice...","1","4873","","","","0","https://leashfree.ca/dog-breeds/slovakian-wirehaired-pointer/","no",""
"/dog-breeds/slovensky-cuvac/","Slovensky Cuvac – Traits, Shedding & Exercise in Canada | LeashFree.ca","Is the Slovensky Cuvac right for you? We cover temperament, training, moderate-shedding levels, exercise and health—plus practical advice for Canadian owners.","1","4980","","","","0","https://leashfree.ca/dog-breeds/slovensky-cuvac/","no",""
"/dog-breeds/slovensky-kopov/","Slovensky Kopov – Traits, Shedding & Exercise in Canada | LeashFree.ca","Meet the Slovensky Kopov: smart and high-energy. Explore temperament, low-to-moderate shedding info, training, grooming and health to decide if it suits your...","1","4918","","","","0","https://leashfree.ca/dog-breeds/slovensky-kopov/","no",""
"/dog-breeds/small-munsterlander-pointer/","Small Munsterlander Pointer – Breed Facts & Care | LeashFree.ca","Discover the Small Munsterlander Pointer, a adaptable companion. Learn about temperament, seasonal shedding habits, exercise and health tips to see if it fit...","1","4966","","","","0","https://leashfree.ca/dog-breeds/small-munsterlander-pointer/","no",""
"/dog-breeds/smooth-fox-terrier/","Smooth Fox Terrier – Size, Energy & Grooming in Canada | LeashFree.ca","Thinking about a Smooth Fox Terrier? Get clear answers on temperament, exercise, moderate-shedding and health so Canadian families can choose with confidence.","1","4716","","","","0","https://leashfree.ca/dog-breeds/smooth-fox-terrier/","no",""
"/dog-breeds/soft-coated-wheaten-terrier/","Soft Coated Wheaten Terrier – Breed Facts & Care | LeashFree.ca","Soft Coated Wheaten Terrier guide for Canadian owners: temperament, exercise needs, grooming and common health issues. Learn how to care for this breed at home.","1","5019","","","","0","https://leashfree.ca/dog-breeds/soft-coated-wheaten-terrier/","no",""
"/dog-breeds/spanish-mastiff/","Spanish Mastiff – Traits, Shedding & Exercise in Canada | LeashFree.ca","Meet the Spanish Mastiff: smart and moderate-energy. Explore temperament, moderate-shedding info, training, grooming and health to decide if it suits your li...","1","4986","","","","0","https://leashfree.ca/dog-breeds/spanish-mastiff/","no",""
"/dog-breeds/spanish-water-dog/","Spanish Water Dog – Size, Energy & Grooming in Canada | LeashFree.ca","Is the Spanish Water Dog right for you? We cover temperament, training, seasonal shedding levels, exercise and health—plus practical advice for Canadian owners.","1","4989","","","","0","https://leashfree.ca/dog-breeds/spanish-water-dog/","no",""
"/dog-breeds/spinone-italiano/","Spinone Italiano – Size, Energy & Grooming in Canada | LeashFree.ca","Is the Spinone Italiano right for you? We cover temperament, training, low-to-moderate shedding levels, exercise and health—plus practical advice for Canadia...","1","5836","","","","0","https://leashfree.ca/dog-breeds/spinone-italiano/","no",""
"/dog-breeds/stabyhoun/","Stabyhoun – Traits, Shedding & Exercise in Canada | LeashFree.ca","Stabyhoun guide for Canadian owners: temperament, exercise needs, grooming and common health issues. Learn how to care for this breed at home.","1","5035","","","","0","https://leashfree.ca/dog-breeds/stabyhoun/","no",""
"/dog-breeds/staffordshire-bull-terrier/","Staffordshire Bull Terrier – Breed Facts & Care | LeashFree.ca","Meet the Staffordshire Bull Terrier: smart and active. Explore temperament, moderate-shedding info, training, grooming and health to decide if it suits your...","1","5047","","","","0","https://leashfree.ca/dog-breeds/staffordshire-bull-terrier/","no",""
"/dog-breeds/standard-schnauzer/","Standard Schnauzer – Size, Energy & Grooming in Canada | LeashFree.ca","Discover the Standard Schnauzer, a active companion. Learn about temperament, moderate-shedding habits, exercise and health tips to see if it fits Canadian f...","1","4966","","","","0","https://leashfree.ca/dog-breeds/standard-schnauzer/","no",""
"/dog-breeds/sussex-spaniel/","Sussex Spaniel – Traits, Shedding & Exercise in Canada | LeashFree.ca","Is the Sussex Spaniel right for you? We cover temperament, training, seasonal shedding levels, exercise and health—plus practical advice for Canadian owners.","1","4861","","","","0","https://leashfree.ca/dog-breeds/sussex-spaniel/","no",""
"/dog-breeds/swedish-lapphund/","Swedish Lapphund – Size, Energy & Grooming in Canada | LeashFree.ca","Is the Swedish Lapphund right for you? We cover temperament, training, low-to-moderate shedding levels, exercise and health—plus practical advice for Canadia...","1","5049","","","","0","https://leashfree.ca/dog-breeds/swedish-lapphund/","no",""
"/dog-breeds/swedish-vallhund/","Swedish Vallhund – Size, Energy & Grooming in Canada | LeashFree.ca","Is the Swedish Vallhund right for you? We cover temperament, training, moderate-shedding levels, exercise and health—plus practical advice for Canadian owners.","1","5121","","","","0","https://leashfree.ca/dog-breeds/swedish-vallhund/","no",""
"/dog-breeds/taiwan-dog/","Taiwan Dog – Traits, Shedding & Exercise in Canada | LeashFree.ca","Meet the Taiwan Dog: smart and active. Explore temperament, seasonal shedding info, training, grooming and health to decide if it suits your lifestyle in Can...","1","4905","","","","0","https://leashfree.ca/dog-breeds/taiwan-dog/","no",""
"/dog-breeds/teddy-roosevelt-terrier/","Teddy Roosevelt Terrier – Traits, Shedding & Exercise | LeashFree.ca","Is the Teddy Roosevelt Terrier right for you? We cover temperament, training, moderate-shedding levels, exercise and health—plus practical advice for Canadia...","1","5221","","","","0","https://leashfree.ca/dog-breeds/teddy-roosevelt-terrier/","no",""
"/dog-breeds/thai-ridgeback/","Thai Ridgeback – Traits, Shedding & Exercise in Canada | LeashFree.ca","Meet the Thai Ridgeback: smart and moderate-energy. Explore temperament, seasonal shedding info, training, grooming and health to decide if it suits your lif...","1","4867","","","","0","https://leashfree.ca/dog-breeds/thai-ridgeback/","no",""
"/dog-breeds/tibetan-mastiff/","Tibetan Mastiff – Traits, Shedding & Exercise in Canada | LeashFree.ca","Thinking about a Tibetan Mastiff? Get clear answers on temperament, exercise, low-to-moderate shedding and health so Canadian families can choose with confid...","1","5327","","","","0","https://leashfree.ca/dog-breeds/tibetan-mastiff/","no",""
"/dog-breeds/tibetan-spaniel/","Tibetan Spaniel – Traits, Shedding & Exercise in Canada | LeashFree.ca","Tibetan Spaniel guide for Canadian owners: temperament, exercise needs, grooming and common health issues. Learn how to care for this breed at home.","1","5030","","","","0","https://leashfree.ca/dog-breeds/tibetan-spaniel/","no",""
"/dog-breeds/tibetan-terrier/","Tibetan Terrier – Traits, Shedding & Exercise in Canada | LeashFree.ca","Tibetan Terrier guide for Canadian owners: temperament, exercise needs, grooming and common health issues. Learn how to care for this breed at home.","1","4987","","","","0","https://leashfree.ca/dog-breeds/tibetan-terrier/","no",""
"/dog-breeds/tornjak/","Tornjak – Traits, Shedding & Exercise in Canada | LeashFree.ca","Is the Tornjak right for you? We cover temperament, training, low-to-moderate shedding levels, exercise and health—plus practical advice for Canadian owners.","1","5251","","","","0","https://leashfree.ca/dog-breeds/tornjak/","no",""
"/dog-breeds/tosa/","Tosa – Traits, Shedding & Exercise in Canada | LeashFree.ca","Tosa guide for Canadian owners: temperament, exercise needs, grooming and common health issues. Learn how to care for this breed at home.","1","5281","","","","0","https://leashfree.ca/dog-breeds/tosa/","no",""
"/dog-breeds/toy-fox-terrier/","Toy Fox Terrier – Traits, Shedding & Exercise in Canada | LeashFree.ca","Toy Fox Terrier guide for Canadian owners: temperament, exercise needs, grooming and common health issues. Learn how to care for this breed at home.","1","5162","","","","0","https://leashfree.ca/dog-breeds/toy-fox-terrier/","no",""
"/dog-breeds/transylvanian-hound/","Transylvanian Hound – Size, Energy & Grooming in Canada | LeashFree.ca","Transylvanian Hound guide for Canadian owners: temperament, exercise needs, grooming and common health issues. Learn how to care for this breed at home.","1","5151","","","","0","https://leashfree.ca/dog-breeds/transylvanian-hound/","no",""
"/dog-breeds/treeing-tennessee-brindle/","Treeing Tennessee Brindle – Traits, Shedding & Exercise | LeashFree.ca","Treeing Tennessee Brindle guide for Canadian owners: temperament, exercise needs, grooming and common health issues. Learn how to care for this breed at home.","1","5026","","","","0","https://leashfree.ca/dog-breeds/treeing-tennessee-brindle/","no",""
"/dog-breeds/treeing-walker-coonhound/","Treeing Walker Coonhound – Traits, Shedding & Exercise | LeashFree.ca","Discover the Treeing Walker Coonhound, a high-energy companion. Learn about temperament, seasonal shedding habits, exercise and health tips to see if it fits...","1","5120","","","","0","https://leashfree.ca/dog-breeds/treeing-walker-coonhound/","no",""
"/dog-breeds/vizsla/","Vizsla – Traits, Shedding & Exercise in Canada | LeashFree.ca","Is the Vizsla right for you? We cover temperament, training, moderate-shedding levels, exercise and health—plus practical advice for Canadian owners.","1","4864","","","","0","https://leashfree.ca/dog-breeds/vizsla/","no",""
"/dog-breeds/volpino-italiano/","Volpino Italiano – Size, Energy & Grooming in Canada | LeashFree.ca","Volpino Italiano guide for Canadian owners: temperament, exercise needs, grooming and common health issues. Learn how to care for this breed at home.","1","5200","","","","0","https://leashfree.ca/dog-breeds/volpino-italiano/","no",""
"/dog-breeds/weimaraner/","Weimaraner – Traits, Shedding & Exercise in Canada | LeashFree.ca","Discover the Weimaraner, a active companion. Learn about temperament, low-to-moderate shedding habits, exercise and health tips to see if it fits Canadian fa...","1","6024","","","","0","https://leashfree.ca/dog-breeds/weimaraner/","no",""
"/dog-breeds/welsh-springer-spaniel/","Welsh Springer Spaniel – Traits, Shedding & Exercise | LeashFree.ca","Discover the Welsh Springer Spaniel, a moderate-energy companion. Learn about temperament, seasonal shedding habits, exercise and health tips to see if it fi...","1","5367","","","","0","https://leashfree.ca/dog-breeds/welsh-springer-spaniel/","no",""
"/dog-breeds/welsh-terrier/","Welsh Terrier – Traits, Shedding & Exercise in Canada | LeashFree.ca","Is the Welsh Terrier right for you? We cover temperament, training, moderate-shedding levels, exercise and health—plus practical advice for Canadian owners.","1","5220","","","","0","https://leashfree.ca/dog-breeds/welsh-terrier/","no",""
"/dog-breeds/west-highland-white-terrier/","West Highland White Terrier – Breed Facts & Care | LeashFree.ca","Thinking about a West Highland White Terrier? Get clear answers on temperament, exercise, seasonal shedding and health so Canadian families can choose with c...","1","5221","","","","0","https://leashfree.ca/dog-breeds/west-highland-white-terrier/","no",""
"/dog-breeds/whippet/","Whippet – Traits, Shedding & Exercise in Canada | LeashFree.ca","Discover the Whippet, a high-energy companion. Learn about temperament, seasonal shedding habits, exercise and health tips to see if it fits Canadian families.","1","4829","","","","0","https://leashfree.ca/dog-breeds/whippet/","no",""
"/dog-breeds/white-shepherd/","White Shepherd – Traits, Shedding & Exercise in Canada | LeashFree.ca","Discover the White Shepherd, a adaptable companion. Learn about temperament, seasonal shedding habits, exercise and health tips to see if it fits Canadian fa...","1","5842","","","","0","https://leashfree.ca/dog-breeds/white-shepherd/","no",""
"/dog-breeds/whoodle/","Whoodle – Traits, Shedding & Exercise in Canada | LeashFree.ca","Meet the Whoodle: smart and high-energy. Explore temperament, seasonal shedding info, training, grooming and health to decide if it suits your lifestyle in C...","1","2143","","","","0","https://leashfree.ca/dog-breeds/whoodle/","no",""
"/dog-breeds/wire-fox-terrier/","Wire Fox Terrier – Size, Energy & Grooming in Canada | LeashFree.ca","Wire Fox Terrier guide for Canadian owners: temperament, exercise needs, grooming and common health issues. Learn how to care for this breed at home.","1","5327","","","","0","https://leashfree.ca/dog-breeds/wire-fox-terrier/","no",""
"/dog-breeds/wirehaired-pointing-griffon/","Wirehaired Pointing Griffon – Breed Facts & Care | LeashFree.ca","Meet the Wirehaired Pointing Griffon: smart and moderate-energy. Explore temperament, low-to-moderate shedding info, training, grooming and health to decide...","1","5445","","","","0","https://leashfree.ca/dog-breeds/wirehaired-pointing-griffon/","no",""
"/dog-breeds/wirehaired-vizsla/","Wirehaired Vizsla – Size, Energy & Grooming in Canada | LeashFree.ca","Meet the Wirehaired Vizsla: smart and high-energy. Explore temperament, low-to-moderate shedding info, training, grooming and health to decide if it suits yo...","1","5123","","","","0","https://leashfree.ca/dog-breeds/wirehaired-vizsla/","no",""
"/dog-breeds/working-kelpie/","Working Kelpie – Traits, Shedding & Exercise in Canada | LeashFree.ca","Thinking about a Working Kelpie? Get clear answers on temperament, exercise, moderate-shedding and health so Canadian families can choose with confidence.","1","5346","","","","0","https://leashfree.ca/dog-breeds/working-kelpie/","no",""
"/dog-breeds/xoloitzcuintli/","Xoloitzcuintli – Traits, Shedding & Exercise in Canada | LeashFree.ca","Is the Xoloitzcuintli right for you? We cover temperament, training, seasonal shedding levels, exercise and health—plus practical advice for Canadian owners.","1","5532","","","","0","https://leashfree.ca/dog-breeds/xoloitzcuintli/","no",""
"/dog-breeds/yakutian-laika/","Yakutian Laika – Traits, Shedding & Exercise in Canada | LeashFree.ca","Thinking about a Yakutian Laika? Get clear answers on temperament, exercise, low-to-moderate shedding and health so Canadian families can choose with confide...","1","5328","","","","0","https://leashfree.ca/dog-breeds/yakutian-laika/","no",""
"/dog-breeds/yorkipoo/","Yorkipoo – Traits, Shedding & Exercise in Canada | LeashFree.ca","Yorkipoo guide for Canadian owners: temperament, exercise needs, grooming and common health issues. Learn how to care for this breed at home.","1","2079","","","","0","https://leashfree.ca/dog-breeds/yorkipoo/","no",""
"/dog-breeds/yorkshire-terrier/","Yorkshire Terrier – Size, Energy & Grooming in Canada | LeashFree.ca","Is the Yorkshire Terrier right for you? We cover temperament, training, seasonal shedding levels, exercise and health—plus practical advice for Canadian owners.","1","4941","","","","0","https://leashfree.ca/dog-breeds/yorkshire-terrier/","no",""
"/dog-breeds/zuchon-teddy-bear/","Zuchon (Teddy Bear) – Size, Energy & Grooming in Canada | LeashFree.ca","Discover the Zuchon (Teddy Bear), a moderate-energy companion. Learn about temperament, low-to-moderate shedding habits, exercise and health tips to see if i...","1","3100","","","","0","https://leashfree.ca/dog-breeds/zuchon-teddy-bear/","no",""
"/dog-parks/ab/","Alberta | LeashFree.ca","Browse dog parks and city dog park guides for Alberta.","1","19285","","","","1","https://leashfree.ca/dog-parks/ab/","no",""
"/dog-parks/adams-park-cornwall/","Adams Park Leash Free Dog Park | LeashFree.ca","Adams Park in Cornwall is a local park where on-leash dogs can enjoy the green space with their owners.","1","1425","","","","1","https://leashfree.ca/dog-parks/adams-park-cornwall/","no",""
"/dog-parks/aitken-place-park/","Aitken Place Park (Dogs Allowed Area) | LeashFree.ca","Aitken Place Park is a cozy riverside green space ideal for peaceful on-leash dog walks near Toronto’s East Bayfront.","1","1660","","","","1","https://leashfree.ca/dog-parks/aitken-place-park/","no",""
"/dog-parks/ajax/","Dog Parks in Ajax Ontario | LeashFree.ca","Looking for leash-free dog parks in Ajax, Ontario? Explore fenced off-leash areas where dogs can socialize, exercise, and play safely.","1","2904","","","","0","https://leashfree.ca/dog-parks/ajax/","no",""
"/dog-parks/ajax-waterfront-park/","Ajax Waterfront Park Leash-Free Dog Park | LeashFree.ca","Ajax Waterfront Park offers scenic lakeside trails and open off-leash zones, perfect for dogs that love nature and water access.","1","1530","","","","1","https://leashfree.ca/dog-parks/ajax-waterfront-park/","no",""
"/dog-parks/albert-park-radisson-heights-off-leash-area/","Albert Park/Radisson Heights (Off-Leash Area) | LeashFree.ca","The Albert Park/Radisson Heights Off-Leash Area provides a basic yet valuable space for local dogs and their owners to enjoy fresh air and exercise close to home.","1","1642","","","","1","https://leashfree.ca/dog-parks/albert-park-radisson-heights-off-leash-area/","no",""
"/dog-parks/albion-fairgrounds-maple-ridge/","Albion Fairgrounds Leash-Free Dog Park | LeashFree.ca","Albion Fairgrounds is a popular leash-free dog park in Maple Ridge, known for its large space, shade, and separate area for small dogs.","1","1454","","","","1","https://leashfree.ca/dog-parks/albion-fairgrounds-maple-ridge/","no",""
"/dog-parks/alexander-park-victoria/","Alexander Park Leash-Free Area | LeashFree.ca","Alexander Park is a quiet community park in Victoria where dogs can play off-leash in a grassy setting.","1","1427","","","","1","https://leashfree.ca/dog-parks/alexander-park-victoria/","no",""
"/dog-parks/alguire-park-cornwall/","Alguire Park Leash Free Dog Park | LeashFree.ca","Alguire Park in Cornwall provides a peaceful, tree-lined setting where leashed dogs can enjoy a relaxing outdoor visit.","1","1493","","","","1","https://leashfree.ca/dog-parks/alguire-park-cornwall/","no",""
"/dog-parks/allan-gardens/","Allan Gardens (Dogs Allowed Area) | LeashFree.ca","Allan Gardens offers dog owners a scenic, shaded spot for on-leash walks through its downtown botanical park setting.","1","1727","","","","1","https://leashfree.ca/dog-parks/allan-gardens/","no",""
"/dog-parks/allan-hogg-rotary-park/","Dr. R. J. Allan Hogg Rotary Park Leash-Free Area | LeashFree.ca","Dr. R. J. Allan Hogg Rotary Park is a small scenic off-leash dog area in White Rock with panoramic ocean views.","1","1533","","","","1","https://leashfree.ca/dog-parks/allan-hogg-rotary-park/","no",""
"/dog-parks/amherst/","Amherst Off-Leash Dog Park | LeashFree.ca","Visit the off-leash dog park in Amherst, Nova Scotia, located near Dickey Park. A great place for dogs to play and socialize safely.","1","1811","","","","1","https://leashfree.ca/dog-parks/amherst/","no",""
"/dog-parks/andy-livingstone-dog-park/","Andy Livingstone (off-leash dog park) | LeashFree.ca","Andy Livingstone is a well-loved off-leash dog park in Vancouver. This park features a grass surface and an open space for dogs to roam freely. It provides no water access, minima...","1","1709","","","","1","https://leashfree.ca/dog-parks/andy-livingstone-dog-park/","no",""
"/dog-parks/antigonish-dog-park/","Antigonish Dog Park Leash-Free Dog Park | LeashFree.ca","Antigonish Dog Park is a fenced leash-free dog park in Antigonish, offering grassy play areas and benches for the community. It’s a safe and convenient spot for dogs to socialize...","1","1572","","","","1","https://leashfree.ca/dog-parks/antigonish-dog-park/","no",""
"/dog-parks/apollo-crater-park/","Apollo Crater Park Leash-Free Dog Park | LeashFree.ca","Apollo Crater Park is a small leash-free dog park in Ottawa, popular among local residents for casual dog play and walks.","1","1484","","","","1","https://leashfree.ca/dog-parks/apollo-crater-park/","no",""
"/dog-parks/ardmore-park-service-dog-park/","Ardmore Park Service Dog Park Leash-Free Dog Park | LeashFree.ca","Ardmore Park Service Dog Park is a neighborhood leash-free dog park in Halifax, offering a safe fenced space for dogs to play and socialize close to home.","1","1622","","","","1","https://leashfree.ca/dog-parks/ardmore-park-service-dog-park/","no",""
"/dog-parks/auburn-bay-off-leash-area/","Auburn Bay Dog Park (Community Off-Leash Greenspace) | LeashFree.ca","Auburn Bay Dog Park is a spacious grassy field perfect for suburban dog owners looking for off-leash fun within their community.","1","1590","","","","1","https://leashfree.ca/dog-parks/auburn-bay-off-leash-area/","no",""
"/dog-parks/audley-recreation-centre/","Audley Recreation Centre Off-Leash Area Leash-Free Dog Park | LeashFree.ca","Audley Recreation Centre Off-Leash Area is a community dog park in Ajax offering a grassy, fenced-in space for local pups to play safely.","1","1530","","","","1","https://leashfree.ca/dog-parks/audley-recreation-centre/","no",""
"/dog-parks/avalon-dog-park/","Avalon Dog Park Leash-Free Dog Park | LeashFree.ca","Avalon Dog Park in Saskatoon is a secure fenced area for dogs to play, run, and meet other pups in a friendly neighbourhood setting.","1","1462","","","","1","https://leashfree.ca/dog-parks/avalon-dog-park/","no",""
"/dog-parks/awenda-pet-beach-area/","Awenda Pet Beach Area Leash-Free Dog Park | LeashFree.ca","Awenda Pet Beach Area is a scenic off-leash beach in Awenda Provincial Park where dogs can swim, play, and explore the shoreline freely.","1","1632","","","","1","https://leashfree.ca/dog-parks/awenda-pet-beach-area/","no",""
"/dog-parks/baffin-dog-park/","Baffin Dog Park Leash-Free Dog Park | LeashFree.ca","Baffin Dog Park in Thompson, MB, is a secure fenced area where dogs can exercise off-leash in a safe and open space.","1","1420","","","","1","https://leashfree.ca/dog-parks/baffin-dog-park/","no",""
"/dog-parks/bakerview-park-surrey/","Bakerview Park Leash-Free Area | LeashFree.ca","Bakerview Park in Surrey is a versatile green space frequently used by locals as an informal off-leash dog area.","1","1513","","","","1","https://leashfree.ca/dog-parks/bakerview-park-surrey/","no",""
"/dog-parks/balaclava-dog-park/","Andy Livingstone (off-leash dog park) | LeashFree.ca","Balaclava Park is a well-loved off-leash dog park in Vancouver. This park features a grass surface and an open space for dogs to roam freely. It provides no water access, minimal...","1","1755","","","","1","https://leashfree.ca/dog-parks/balaclava-dog-park/","no",""
"/dog-parks/ballantyne-park/","Ballantyne Park Leash-Free Dog Park | LeashFree.ca","Ballantyne Park is a tranquil neighborhood dog park in Ottawa offering leash-free play space for nearby residents.","1","1480","","","","1","https://leashfree.ca/dog-parks/ballantyne-park/","no",""
"/dog-parks/balmoral-park-chilliwack/","Balmoral Park Leash-Free Dog Park | LeashFree.ca","Balmoral Park in Chilliwack is a small neighborhood green space perfect for off-leash fun close to home.","1","1452","","","","1","https://leashfree.ca/dog-parks/balmoral-park-chilliwack/","no",""
"/dog-parks/balmy-beach-park/","Balmy Beach Park (Leash-Free Dog Area) | LeashFree.ca","Balmy Beach Park is one of Toronto’s rare leash-free waterfront escapes, offering sand, water, and endless space for pups to play and swim along the shoreline.","1","1753","","","","1","https://leashfree.ca/dog-parks/balmy-beach-park/","no",""
"/dog-parks/banfield-park-victoria/","Banfield Park Leash-Free Area | LeashFree.ca","Banfield Park in Vic West offers dogs a mix of open space and scenic waterfront trails for off-leash fun.","1","1438","","","","1","https://leashfree.ca/dog-parks/banfield-park-victoria/","no",""
"/dog-parks/barbara-hall-park/","Barbara Hall Park (Leash-Free Dog Area) | LeashFree.ca","Barbara Hall Park’s fenced dog area offers a welcoming green retreat in Toronto’s Church-Wellesley Village, ideal for quick off-leash play.","1","1716","","","","1","https://leashfree.ca/dog-parks/barbara-hall-park/","no",""
"/dog-parks/barber-park-chilliwack/","Barber Park Leash-Free Dog Park | LeashFree.ca","Barber Park offers a casual and convenient off-leash space in Chilliwack, perfect for local dog walks.","1","1450","","","","1","https://leashfree.ca/dog-parks/barber-park-chilliwack/","no",""
"/dog-parks/barkwood-forest/","Barkwood Forest Leash-Free Dog Park | LeashFree.ca","Barkwood Forest is a private leash-free dog park in Ottawa’s Stittsville area, known for its vast 100-acre forest trails and secure membership-only environment.","1","1536","","","","1","https://leashfree.ca/dog-parks/barkwood-forest/","no",""
"/dog-parks/barnet-marine-park-burnaby/","Barnet Marine Park Leash-Free Area | LeashFree.ca","Barnet Marine Park in Burnaby offers dogs a scenic off-leash area with beach access and trails along the Burrard Inlet shoreline.","1","1470","","","","1","https://leashfree.ca/dog-parks/barnet-marine-park-burnaby/","no",""
"/dog-parks/barrie/","Dog Parks in Barrie Ontario | LeashFree.ca","Discover the top dog parks in Barrie, Ontario. Explore fenced off-leash areas where your dog can run, play, and socialize in a safe, natural setting.","1","2098","","","","0","https://leashfree.ca/dog-parks/barrie/","no",""
"/dog-parks/base-plein-air-de-sainte-foy-dog-park/","Base Plein-Air de Sainte-Foy Dog Park Leash-Free Dog Park | LeashFree.ca","Base Plein-Air de Sainte-Foy Dog Park is a leash-free dog park in Quebec City, known for its natural setting and access to trails. It’s ideal for adventurous dogs who enjoy more t...","1","1689","","","","1","https://leashfree.ca/dog-parks/base-plein-air-de-sainte-foy-dog-park/","no",""
"/dog-parks/battleford/","Off-Leash Dog Park in Battleford SK | LeashFree.ca","Discover the off-leash dog park in Battleford, SK — a safe, fenced area where dogs can run free and socialize in west-central Saskatchewan.","1","1766","","","","0","https://leashfree.ca/dog-parks/battleford/","no",""
"/dog-parks/bayview-arena-park/","Bayview Arena Park (Dogs Allowed Area) | LeashFree.ca","Bayview Arena Park offers a pet-friendly green space beside the arena, great for on-leash walks in a quieter neighborhood park.","1","1644","","","","1","https://leashfree.ca/dog-parks/bayview-arena-park/","no",""
"/dog-parks/bayview-drive/","Bayview Drive Leash Free Dog Park | LeashFree.ca","Bayview Drive DOLRA is a large, fully fenced leash-free dog park in Barrie featuring open grassy areas and separate zones for small dogs.","1","1530","","","","1","https://leashfree.ca/dog-parks/bayview-drive/","no",""
"/dog-parks/bayview-park/","Bayview Park (Leash Free Dog Park) | LeashFree.ca","Located in the Aldershot area, Bayview Park features a spacious leash-free area with grass and wood chip surfaces. A great spot for dogs to socialize and exercise in a natural set...","1","1843","","","","1","https://leashfree.ca/dog-parks/bayview-park/","no",""
"/dog-parks/bc/","British Columbia | LeashFree.ca","Browse dog parks and city dog park guides for British Columbia.","1","17277","","","","1","https://leashfree.ca/dog-parks/bc/","no",""
"/dog-parks/beacon-hill-park-victoria/","Beacon Hill Park Leash-Free Area | LeashFree.ca","Beacon Hill Park is one of Victoria","1","1492","","","","1","https://leashfree.ca/dog-parks/beacon-hill-park-victoria/","no",""
"/dog-parks/bearspaw-off-leash-area/","Bearspaw Off-Leash Area | LeashFree.ca","Bearspaw Off-Leash Area in Edmonton offers a peaceful environment for dogs and owners who enjoy quiet nature walks.","1","1440","","","","1","https://leashfree.ca/dog-parks/bearspaw-off-leash-area/","no",""
"/dog-parks/beckett-park-maple-ridge/","Beckett Park Leash-Free Dog Park | LeashFree.ca","Beckett Park is a quiet off-leash dog park in Maple Ridge, perfect for local pet owners looking for a relaxed dog-friendly space.","1","1405","","","","1","https://leashfree.ca/dog-parks/beckett-park-maple-ridge/","no",""
"/dog-parks/beddington-heights-off-leash-area/","Beddington Heights Off-Leash Area (NW Calgary Dog Park) | LeashFree.ca","Beddington Heights Off-Leash Area provides a spacious and natural setting for dogs to roam freely in Calgary","1","1680","","","","1","https://leashfree.ca/dog-parks/beddington-heights-off-leash-area/","no",""
"/dog-parks/bell-park-burnaby/","Bell Park Leash-Free Area | LeashFree.ca","Bell Park in Burnaby features a small fenced off-leash dog area tucked into a quiet neighborhood, perfect for local pups.","1","1414","","","","1","https://leashfree.ca/dog-parks/bell-park-burnaby/","no",""
"/dog-parks/belleville/","Dog Parks in Belleville Ontario | LeashFree.ca","Explore Belleville’s leash-free dog parks. Find fenced off-leash areas where your dog can exercise, socialize, and enjoy the outdoors.","1","2618","","","","0","https://leashfree.ca/dog-parks/belleville/","no",""
"/dog-parks/bickford-park/","Bickford Park (Leash-Free Dog Area) | LeashFree.ca","Bickford Park features an inviting off-leash area with ample shade and open play space, ideal for dogs to socialize and unwind.","1","1652","","","","1","https://leashfree.ca/dog-parks/bickford-park/","no",""
"/dog-parks/bishops-park/","Bishop's Park Dog Park in Hamilton, Ontario | LeashFree.ca","Bishop","1","1599","","","","1","https://leashfree.ca/dog-parks/bishops-park/","no",""
"/dog-parks/blackie-spit-surrey/","Blackie Spit Leash-Free Dog Area | LeashFree.ca","Blackie Spit Park offers White Rock-area dog owners an expansive leash-free beach and trail area just minutes away in Surrey.","1","1547","","","","1","https://leashfree.ca/dog-parks/blackie-spit-surrey/","no",""
"/dog-parks/blue-heron-park-ladysmith/","Blue Heron Park Leash-Free Area | LeashFree.ca","Blue Heron Park in Ladysmith is a scenic coastal area where dogs can roam off-leash and enjoy ocean breezes.","1","1471","","","","1","https://leashfree.ca/dog-parks/blue-heron-park-ladysmith/","no",""
"/dog-parks/bob-hunter-park/","Bob Hunter Park Dog Park in Toronto, Ontario | LeashFree.ca","Bob Hunter Park provides extensive nature trails and meadows for scenic on-leash dog walks in one of Toronto","1","1674","","","","1","https://leashfree.ca/dog-parks/bob-hunter-park/","no",""
"/dog-parks/bonavista/","Bonavista Park (Off-Leash Area) | LeashFree.ca","Bonavista Off-Leash Area is a neighborhood favorite with open grassy fields and ample tree cover, offering dogs a delightful place to play and explore.","1","1565","","","","1","https://leashfree.ca/dog-parks/bonavista/","no",""
"/dog-parks/bonnycastle-park/","Bonnycastle Park Leash-Free Dog Park | LeashFree.ca","Bonnycastle Park is a small downtown Winnipeg dog park offering off-leash access in a scenic riverside setting.","1","1459","","","","1","https://leashfree.ca/dog-parks/bonnycastle-park/","no",""
"/dog-parks/borers-falls-conservation-area/","Borer's Falls Conservation Area Dog Park in Flamborough, Ontario | LeashFree.ca","Borer","1","1758","","","","1","https://leashfree.ca/dog-parks/borers-falls-conservation-area/","no",""
"/dog-parks/botany-hill-park/","Botany Hill Park (Dogs Allowed Area) | LeashFree.ca","Botany Hill Park provides a relaxed, dog-friendly setting with trails and open space, ideal for peaceful on-leash strolls.","1","1608","","","","1","https://leashfree.ca/dog-parks/botany-hill-park/","no",""
"/dog-parks/bourkevale-park/","Bourkevale Park Leash-Free Dog Park | LeashFree.ca","Bourkevale Park in Winnipeg offers a peaceful off-leash dog area perfect for local dog owners looking for an accessible green space.","1","1420","","","","1","https://leashfree.ca/dog-parks/bourkevale-park/","no",""
"/dog-parks/bowmont-park/","Bowmont Park (Leash-Free Dog Area) | LeashFree.ca","Bowmont Park is a favorite for Calgary dog owners who want variety—open trails, river swims, and shady paths all in one off-leash zone.","1","1579","","","","1","https://leashfree.ca/dog-parks/bowmont-park/","no",""
"/dog-parks/braeside-off-leash-area/","Braeside Off-Leash Area (South Calgary) | LeashFree.ca","Braeside Off-Leash Area in South Calgary provides a large grassy space with walking paths where dogs can run freely and explore year-round.","1","1554","","","","1","https://leashfree.ca/dog-parks/braeside-off-leash-area/","no",""
"/dog-parks/bramalea-community-park/","Bramalea Ltd Community Park Leash-Free Dog Park | LeashFree.ca","Bramalea Ltd Community Park is a popular leash-free dog park in Brampton, conveniently located off North Park Drive. With its fenced area and green space, it’s a trusted neighborh...","1","2096","","","","1","https://leashfree.ca/dog-parks/bramalea-community-park/","no",""
"/dog-parks/brampton/","Dog Parks in Brampton | LeashFree.ca","Explore leash-free dog parks in Brampton, Ontario. Find fenced off-leash areas where your dog can play, exercise, and socialize safely.","1","2491","","","","0","https://leashfree.ca/dog-parks/brampton/","no",""
"/dog-parks/brandon/","Off-Leash Dog Parks in Brandon MB | LeashFree.ca","Explore the top off-leash dog parks in Brandon Manitoba. Enjoy fenced parks and scenic prairie trails where your dog can roam free and play safely.","1","2432","","","","0","https://leashfree.ca/dog-parks/brandon/","no",""
"/dog-parks/brenda-leipsic-park/","Brenda Leipsic Park Leash-Free Dog Park | LeashFree.ca","Brenda Leipsic Park in Winnipeg features an open off-leash trail that loops through natural green space, ideal for active dogs.","1","1477","","","","1","https://leashfree.ca/dog-parks/brenda-leipsic-park/","no",""
"/dog-parks/brewer-park/","Brewer Park Leash-Free Dog Park | LeashFree.ca","Brewer Park is a central Ottawa destination for dog owners, with a fenced leash-free zone near sports fields and walking paths.","1","1466","","","","1","https://leashfree.ca/dog-parks/brewer-park/","no",""
"/dog-parks/bridgeland-riverside-off-leash-area/","Bridgeland Riverside Off-Leash Area (NE Calgary) | LeashFree.ca","Nestled in the vibrant heart of Bridgeland-Riverside, this off-leash area offers an urban retreat for dogs and their owners, with stunning views of downtown Calgary and a mix of n...","1","1971","","","","1","https://leashfree.ca/dog-parks/bridgeland-riverside-off-leash-area/","no",""
"/dog-parks/bridgewater/","Off-Leash Dog Park in Bridgewater, NS | LeashFree.ca","Visit Bridgewater’s fully fenced South Shore Vet Dog Zone for off-leash dog fun. Safe, clean, and community-supported dog park in Generations Active Park.","1","2222","","","","1","https://leashfree.ca/dog-parks/bridgewater/","no",""
"/dog-parks/britannia-slopes-off-leash-area/","Britannia Slopes Off-Leash Area (SW Calgary) | LeashFree.ca","Britannia Slopes Off-Leash Area offers a quiet, grassy hillside with sweeping river views — ideal for dogs who enjoy exploring in a more relaxed setting.","1","1672","","","","1","https://leashfree.ca/dog-parks/britannia-slopes-off-leash-area/","no",""
"/dog-parks/bronte-creek-provincial-park/","Bronte Creek Provincial Park (Leash-Free Trails) | LeashFree.ca","Bronte Creek Provincial Park provides dog owners with two distinct leash-free areas set amidst natural landscapes. Whether strolling through the open fields of the Day Use Area or...","1","2142","","","","1","https://leashfree.ca/dog-parks/bronte-creek-provincial-park/","no",""
"/dog-parks/broughton-east-park/","Broughton East Park Dog Park in Hamilton, Ontario | LeashFree.ca","Broughton East Park provides a small, quiet green space ideal for short on-leash dog walks in east Hamilton.","1","1629","","","","1","https://leashfree.ca/dog-parks/broughton-east-park/","no",""
"/dog-parks/bruce-pit/","Bruce Pit Leash-Free Dog Park | LeashFree.ca","Bruce Pit is a popular leash-free dog park in Ottawa, featuring open grassy slopes and wooded trails for dogs to roam and socialize safely.","1","1502","","","","1","https://leashfree.ca/dog-parks/bruce-pit/","no",""
"/dog-parks/buena-vista-park-off-leash-dog-park/","Buena Vista Park Off-Leash Dog Park | LeashFree.ca","Buena Vista Park is a beloved off-leash destination in Edmonton, offering riverside trails and wide green areas for dogs to explore.","1","1476","","","","1","https://leashfree.ca/dog-parks/buena-vista-park-off-leash-dog-park/","no",""
"/dog-parks/burgoyne-woods-park/","Burgoyne Woods Leash-Free Dog Park (St. Catharines) | LeashFree.ca","Located in the heart of St. Catharines, Burgoyne Woods Leash-Free Dog Park offers a large natural space for dogs to roam off-leash among trees and trails. It’s a peaceful, shaded...","1","1938","","","","1","https://leashfree.ca/dog-parks/burgoyne-woods-park/","no",""
"/dog-parks/burlington/","Dog Parks in Burlington Ontario | LeashFree.ca","Discover top leash-free dog parks in Burlington, Ontario. Find safe, fenced, off-leash areas to exercise your dog and explore Burlington’s best green spaces.","1","4882","","","","0","https://leashfree.ca/dog-parks/burlington/","no",""
"/dog-parks/burnaby/","Off-Leash Dog Parks in Burnaby BC | LeashFree.ca","Explore Burnaby’s best off-leash dog parks and pet-friendly trails. Discover where your dog can play, run, and enjoy fenced parks or nature paths in Burnaby BC.","1","3518","","","","0","https://leashfree.ca/dog-parks/burnaby/","no",""
"/dog-parks/burnaby-fraser-foreshore-park/","Burnaby Fraser Foreshore Park Leash-Free Area | LeashFree.ca","Burnaby Fraser Foreshore Park offers dogs a large off-leash riverside area with trails and open natural spaces.","1","1485","","","","1","https://leashfree.ca/dog-parks/burnaby-fraser-foreshore-park/","no",""
"/dog-parks/burnaby-heights-park/","Burnaby Heights Park Leash-Free Area | LeashFree.ca","Burnaby Heights Park provides a fenced off-leash area for dogs to enjoy alongside family-friendly amenities and scenic views.","1","1461","","","","1","https://leashfree.ca/dog-parks/burnaby-heights-park/","no",""
"/dog-parks/burrard-view-dog-park-vancouver/","Burrard View Park (off-leash dog park) | LeashFree.ca","Burrard View Park is a well-loved off-leash dog park in Vancouver. This park features a grass surface and an open space for dogs to roam freely. It provides no water access, minim...","1","1697","","","","1","https://leashfree.ca/dog-parks/burrard-view-dog-park-vancouver/","no",""
"/dog-parks/caesars-off-leash-area/","Caesar’s Off-Leash Dog Park | LeashFree.ca","Caesar’s Off-Leash Area in London is a well-loved fenced park with mature trees, open space, and a friendly community vibe. It’s one of the city’s top destinations for off-leash f...","1","1687","","","","1","https://leashfree.ca/dog-parks/caesars-off-leash-area/","no",""
"/dog-parks/calgary/","Off-Leash Dog Parks in Calgary | LeashFree.ca","Discover Calgary’s best off-leash dog parks. From fenced enclosures to riverside trails and natural meadows, explore where your pup can roam free across the city.","1","13782","","","","1","https://leashfree.ca/dog-parks/calgary/","no",""
"/dog-parks/callingwood-park-off-leash-area/","Callingwood Park Off-Leash Area | LeashFree.ca","Callingwood Park is a convenient off-leash area in Edmonton with a fenced grassy enclosure and nearby community facilities.","1","1467","","","","1","https://leashfree.ca/dog-parks/callingwood-park-off-leash-area/","no",""
"/dog-parks/campbell-memorial-park-dog-off-leash-area/","Campbell Memorial Park Dog Off-Leash Area | LeashFree.ca","Campbell Memorial Park Dog Off-Leash Area is a popular leash-free spot in East London, featuring fenced open space and tree cover for comfort. It’s a great place for dogs to play...","1","1737","","","","1","https://leashfree.ca/dog-parks/campbell-memorial-park-dog-off-leash-area/","no",""
"/dog-parks/campbellford/","Dog Parks in Campbellford Ontario | LeashFree.ca","Discover the leash-free dog park in Campbellford, Ontario. A great space for your dog to run, play, and socialize in a safe and fenced environment.","1","1961","","","","0","https://leashfree.ca/dog-parks/campbellford/","no",""
"/dog-parks/campbellford-dog-park/","Campbellford Dog Park Leash-Free Dog Park | LeashFree.ca","Campbellford Dog Park is a welcoming off-leash space in Campbellford where dogs can run freely in a secure, grassy environment.","1","1510","","","","1","https://leashfree.ca/dog-parks/campbellford-dog-park/","no",""
"/dog-parks/canoe-landing-park/","Canoe Landing Park (Leash-Free Dog Area) | LeashFree.ca","Canoe Landing Park’s leash-free zone is a standout downtown dog destination, equipped with artificial turf and agility features.","1","1671","","","","1","https://leashfree.ca/dog-parks/canoe-landing-park/","no",""
"/dog-parks/canyon-meadows-off-leash-area/","Canyon Meadows Off-Leash Area (South Calgary) | LeashFree.ca","Canyon Meadows Off-Leash Area in South Calgary offers a large grassy space for dogs to run freely and socialize with plenty of room to roam.","1","1626","","","","1","https://leashfree.ca/dog-parks/canyon-meadows-off-leash-area/","no",""
"/dog-parks/captain-cornelius-park/","Captain Cornelius Park Dog Park in Hamilton, Ontario | LeashFree.ca","Captain Cornelius Park is a small neighborhood park offering open grass and seating for relaxed on-leash walks with your dog.","1","1665","","","","1","https://leashfree.ca/dog-parks/captain-cornelius-park/","no",""
"/dog-parks/carburn-park-off-leash-area/","Carburn Park (Scenic Off-Leash Trails by the River) | LeashFree.ca","Carburn Park offers scenic, peaceful riverside trails and green space in southeast Calgary for dogs to roam freely and safely off leash.","1","1609","","","","1","https://leashfree.ca/dog-parks/carburn-park-off-leash-area/","no",""
"/dog-parks/carmel-park-chilliwack/","Carmel Park Leash-Free Dog Park | LeashFree.ca","Carmel Park is a small community park in Chilliwack where dogs can enjoy some off-leash exercise.","1","1437","","","","1","https://leashfree.ca/dog-parks/carmel-park-chilliwack/","no",""
"/dog-parks/carol-disher-park/","Carol Disher Leash-Free Dog Park (Catherine Street Park) | LeashFree.ca","Carol Disher Leash-Free Dog Park provides a compact and accessible space for dog lovers in central St. Catharines. Nestled in Catherine Street Park, it’s ideal for quick visits an...","1","1907","","","","1","https://leashfree.ca/dog-parks/carol-disher-park/","no",""
"/dog-parks/cassels-avenue-playground/","Cassels Avenue Playground (Leash-Free Dog Area) | LeashFree.ca","Cassels Avenue Playground provides a compact, fenced leash-free area nestled in the Upper Beaches. It’s a peaceful option for neighborhood dog owners looking for a safe, local spo...","1","1921","","","","1","https://leashfree.ca/dog-parks/cassels-avenue-playground/","no",""
"/dog-parks/castle-park/","Castle Park Off Leash Dog Area | LeashFree.ca","Castle Park offers a small off-leash dog area in Coquitlam with fenced perimeter and stunning scenic surroundings.","1","1444","","","","1","https://leashfree.ca/dog-parks/castle-park/","no",""
"/dog-parks/caswell-mayfair-dog-park/","Caswell (Mayfair) Dog Park Leash-Free Dog Park | LeashFree.ca","Caswell (Mayfair) Dog Park in Saskatoon offers a centrally located, fully fenced off-leash space perfect for city dog owners.","1","1507","","","","1","https://leashfree.ca/dog-parks/caswell-mayfair-dog-park/","no",""
"/dog-parks/cathy-lauritsen-memorial-off-leash-dog-park/","Cathy Lauritsen Memorial Off-Leash Dog Park Leash-Free Dog Park | LeashFree.ca","Cathy Lauritsen Memorial Off-Leash Dog Park in Regina features a large grassy area along Wascana Creek, offering space for dogs to explore and play.","1","1610","","","","1","https://leashfree.ca/dog-parks/cathy-lauritsen-memorial-off-leash-dog-park/","no",""
"/dog-parks/cedar-creek-park-kelowna/","Cedar Creek Park Leash-Free Beach Area | LeashFree.ca","Cedar Creek Park in Kelowna is a popular dog-friendly beach offering off-leash lake access for dogs to swim and play.","1","1425","","","","1","https://leashfree.ca/dog-parks/cedar-creek-park-kelowna/","no",""
"/dog-parks/cedar-hedge-park-west/","Cedar Hedge Park West Leash-Free Dog Park in Milton, Ontario | LeashFree.ca","Cedar Hedge Park West features a fully fenced leash-free area with grassy space for dogs to run and play off-leash in Milton.","1","1716","","","","1","https://leashfree.ca/dog-parks/cedar-hedge-park-west/","no",""
"/dog-parks/cedarvale-park/","Cedarvale Park (Leash-Free Dog Area) | LeashFree.ca","Cedarvale Park provides a natural off-leash environment with wooded trails and grassy terrain, perfect for active dogs and nature-loving owners.","1","1704","","","","1","https://leashfree.ca/dog-parks/cedarvale-park/","no",""
"/dog-parks/cedarvale-park-halton-hills/","Cedarvale Park Leash-Free Dog Park in Halton Hills, Ontario | LeashFree.ca","Cedarvale Park’s leash-free dog area offers a spacious fenced space with shade, seating, and ample room for dogs to run off-leash in Halton Hills.","1","1719","","","","1","https://leashfree.ca/dog-parks/cedarvale-park-halton-hills/","no",""
"/dog-parks/centennial-park-white-rock/","Centennial Park Leash-Free Dog Area | LeashFree.ca","Centennial Park in White Rock includes a grassy off-leash dog zone perfect for exercise and play in a central location.","1","1487","","","","1","https://leashfree.ca/dog-parks/centennial-park-white-rock/","no",""
"/dog-parks/central-bark-dog-park/","Central Bark Dog Park Leash-Free Dog Park | LeashFree.ca","Central Bark Dog Park in Prince Albert is a fenced, off-leash space offering dogs a safe place to run and play.","1","1475","","","","1","https://leashfree.ca/dog-parks/central-bark-dog-park/","no",""
"/dog-parks/central-park/","Central Park (Leash-Free Dog Area) | LeashFree.ca","Central Park","1","1687","","","","1","https://leashfree.ca/dog-parks/central-park/","no",""
"/dog-parks/charleson-dog-park/","Charleson Park (off-leash dog park) | LeashFree.ca","Charleson Park is a well-loved off-leash dog park in Vancouver. This park features a grass surface and an open space for dogs to roam freely. It provides no water access, minimal...","1","1706","","","","1","https://leashfree.ca/dog-parks/charleson-dog-park/","no",""
"/dog-parks/charleson-dog-park-8fc05/","Charleson Park (off-leash dog park) | LeashFree.ca","Charleson Park is a well-loved off-leash dog park in Vancouver. This park features a grass surface and an open space for dogs to roam freely. It provides no water access, minimal...","1","1735","","","","1","https://leashfree.ca/dog-parks/charleson-dog-park-8fc05/","no",""
"/dog-parks/charleston-lake/","Dog-Friendly Trails at Charleston Lake Ontario | LeashFree.ca","Discover dog-friendly hiking trails at Charleston Lake, Ontario. While there’s no fenced dog park, dogs on leash are welcome to explore scenic park trails and lakeside routes.","1","2119","","","","0","https://leashfree.ca/dog-parks/charleston-lake/","no",""
"/dog-parks/charleston-lake-provincial-park/","Charleston Lake Provincial Park Leash-Free Dog Park | LeashFree.ca","Charleston Lake Provincial Park offers dog-friendly beach access and wooded trails, ideal for off-leash fun in a natural setting.","1","1673","","","","1","https://leashfree.ca/dog-parks/charleston-lake-provincial-park/","no",""
"/dog-parks/charleswood-dog-park/","Charleswood Dog Park Leash-Free Dog Park | LeashFree.ca","Charleswood Dog Park in Winnipeg is a beloved forested dog park with scenic trails and wide-open space for off-leash fun.","1","1437","","","","1","https://leashfree.ca/dog-parks/charleswood-dog-park/","no",""
"/dog-parks/chemainus-lake-park-ladysmith/","Chemainus Lake Park Leash-Free Area | LeashFree.ca","Chemainus Lake Park near Ladysmith offers a scenic off-leash trail loop around the lake, perfect for dog exercise and nature time.","1","1504","","","","1","https://leashfree.ca/dog-parks/chemainus-lake-park-ladysmith/","no",""
"/dog-parks/cherry-beach-clarke-beach-park/","Cherry Beach/Clarke Beach Park (Leash-Free Dog Area) | LeashFree.ca","Cherry Beach is a unique leash-free area where dogs can run along the sand and swim in Lake Ontario, making it a favorite summer destination for pet owners.","1","1715","","","","1","https://leashfree.ca/dog-parks/cherry-beach-clarke-beach-park/","no",""
"/dog-parks/chevrier-park-cornwall/","Chevrier Park Leash Free Dog Park | LeashFree.ca","Chevrier Park is a small neighborhood park in Cornwall where dogs are welcome on-leash for a stroll or a play session on the grass.","1","1518","","","","1","https://leashfree.ca/dog-parks/chevrier-park-cornwall/","no",""
"/dog-parks/chief-whitecap-park/","Chief Whitecap Park Leash-Free Dog Park | LeashFree.ca","Chief Whitecap Park in Saskatoon offers a natural riverside setting for dogs to explore off-leash across scenic trails.","1","1516","","","","1","https://leashfree.ca/dog-parks/chief-whitecap-park/","no",""
"/dog-parks/chilliwack/","Dog Parks in Chilliwack BC | LeashFree.ca","Explore off-leash dog parks in Chilliwack, BC. From fenced dog runs to scenic trails, discover the best places to exercise your dog in this outdoor-loving Fraser Valley city.","1","4855","","","","0","https://leashfree.ca/dog-parks/chilliwack/","no",""
"/dog-parks/chilliwack-community-forest/","Chilliwack Community Forest Leash-Free Dog Park | LeashFree.ca","Chilliwack Community Forest offers a natural off-leash experience through scenic trails surrounded by forest in Chilliwack.","1","1494","","","","1","https://leashfree.ca/dog-parks/chilliwack-community-forest/","no",""
"/dog-parks/chris-gibson-park/","Chris Gibson Park Leash-Free Dog Park | LeashFree.ca","Chris Gibson Park in Brampton offers a convenient fenced dog park near the recreation centre, ideal for quick off-leash visits.","1","1535","","","","1","https://leashfree.ca/dog-parks/chris-gibson-park/","no",""
"/dog-parks/churchill-park/","Churchill Park Dog Park in Hamilton, Ontario | LeashFree.ca","Churchill Park offers wide open fields and scenic trails for on-leash dog walks right beside Hamilton","1","1664","","","","1","https://leashfree.ca/dog-parks/churchill-park/","no",""
"/dog-parks/clarence-square-park/","Clarence Square Park (Leash-Free Dog Area) | LeashFree.ca","Clarence Square Park is a charming downtown off-leash area, shaded and secure, catering to Toronto’s condo-dwelling dog lovers.","1","1675","","","","1","https://leashfree.ca/dog-parks/clarence-square-park/","no",""
"/dog-parks/coach-hill-off-leash-area/","Coach Hill Off-Leash Area (Scenic Southwest Trail) | LeashFree.ca","The Coach Hill Off-Leash Area is a peaceful, tree-lined green space in southwest Calgary where dogs can explore grassy slopes and trails off-leash.","1","1645","","","","1","https://leashfree.ca/dog-parks/coach-hill-off-leash-area/","no",""
"/dog-parks/colin-alton-parkette/","Colin Alton Parkette (Leash-Free Dog Area) | LeashFree.ca","Colin Alton Parkette provides a thoughtfully designed leash-free area in Burlington","1","1726","","","","1","https://leashfree.ca/dog-parks/colin-alton-parkette/","no",""
"/dog-parks/colonel-danforth-park/","Colonel Danforth Park Dog Park in Scarborough, Ontario | LeashFree.ca","Colonel Danforth Park offers extensive nature trails along Highland Creek for peaceful on-leash adventures with your dog.","1","1668","","","","1","https://leashfree.ca/dog-parks/colonel-danforth-park/","no",""
"/dog-parks/colonel-samuel-smith-park/","Colonel Samuel Smith Park Leash-Free Dog Park on Toronto Waterfront | LeashFree.ca","Colonel Samuel Smith Park features a scenic leash-free area with access to Toronto","1","1747","","","","1","https://leashfree.ca/dog-parks/colonel-samuel-smith-park/","no",""
"/dog-parks/colonel-samuel-smith-park-etobicoke/","Colonel Samuel Smith Park Leash-Free Dog Park | LeashFree.ca","Colonel Samuel Smith Park offers a large off-leash waterfront experience with scenic trails and abundant wildlife.","1","1537","","","","1","https://leashfree.ca/dog-parks/colonel-samuel-smith-park-etobicoke/","no",""
"/dog-parks/community-common/","Community Common (Urban Leash-Free Zone) | LeashFree.ca","Community Common provides a convenient leash-free area in downtown Mississauga, perfect for quick visits and socializing your dog during a busy day.","1","1793","","","","1","https://leashfree.ca/dog-parks/community-common/","no",""
"/dog-parks/confederation-park/","Confederation Park (Leash-Free Dog Area) | LeashFree.ca","Confederation Park is a charming off-leash destination in northwest Calgary, where dogs can explore scenic trails surrounded by mature trees and green space.","1","1619","","","","1","https://leashfree.ca/dog-parks/confederation-park/","no",""
"/dog-parks/confederation-park-075b6/","Confederation Park (Leash-Free Dog Area) | LeashFree.ca","Confederation Park features a spacious, fenced leash-free zone with benches and shade, making it a great gathering spot for local dog owners.","1","1683","","","","1","https://leashfree.ca/dog-parks/confederation-park-075b6/","no",""
"/dog-parks/confederation-park-burnaby/","Confederation Park Leash-Free Area | LeashFree.ca","Confederation Park in Burnaby provides a clean and friendly off-leash area ideal for community dog play and family visits.","1","1466","","","","1","https://leashfree.ca/dog-parks/confederation-park-burnaby/","no",""
"/dog-parks/connaught-off-leash-area/","Connaught Off-Leash Area (Compact Green Pocket) | LeashFree.ca","Connaught’s off-leash pocket park provides a practical green space in the Beltline for urban dog owners looking for a quick and convenient outing.","1","1607","","","","1","https://leashfree.ca/dog-parks/connaught-off-leash-area/","no",""
"/dog-parks/conrose-park/","Conrose Park Leash-Free Dog Park | LeashFree.ca","Conrose Park is a seasonal leash-free dog park in Halifax, known for its large sports fields open to dogs in the winter. It provides plenty of room for dogs to run off-leash close...","1","1651","","","","1","https://leashfree.ca/dog-parks/conrose-park/","no",""
"/dog-parks/conroy-pit/","Conroy Pit Leash-Free Dog Park | LeashFree.ca","Conroy Pit is a large public leash-free area in Ottawa with diverse trails and open spaces ideal for running and exploring safely.","1","1459","","","","1","https://leashfree.ca/dog-parks/conroy-pit/","no",""
"/dog-parks/coopers-dog-park/","Coopers' Park (off-leash dog park) | LeashFree.ca","Coopers","1","1768","","","","1","https://leashfree.ca/dog-parks/coopers-dog-park/","no",""
"/dog-parks/coquitlam/","Dog Parks in Coquitlam BC | LeashFree.ca","Explore Coquitlam’s best off-leash dog parks and trails. Discover fenced zones, open fields, and scenic forest paths where dogs can safely run and play.","1","2577","","","","0","https://leashfree.ca/dog-parks/coquitlam/","no",""
"/dog-parks/corbetts-park/","Corbett's Park Leash-Free Dog Park | LeashFree.ca","Corbett","1","1515","","","","1","https://leashfree.ca/dog-parks/corbetts-park/","no",""
"/dog-parks/cornwall/","Dog Parks in Cornwall Ontario | LeashFree.ca","Discover leash-free dog parks in Cornwall, Ontario. Explore safe, fenced areas where your dog can run, play, and socialize with others year-round.","1","3040","","","","0","https://leashfree.ca/dog-parks/cornwall/","no",""
"/dog-parks/cottonwood-falls-park-nelson/","Cottonwood Falls Park Leash-Free Area | LeashFree.ca","Cottonwood Falls Park is a peaceful green space in Nelson where dogs can enjoy a leash-free experience near the sound of waterfalls.","1","1474","","","","1","https://leashfree.ca/dog-parks/cottonwood-falls-park-nelson/","no",""
"/dog-parks/courtice/","Dog Parks in Courtice Ontario | LeashFree.ca","Find leash-free dog parks in Courtice, Ontario. Explore safe, fenced off-leash areas where your dog can run, play, and socialize year-round.","1","2147","","","","0","https://leashfree.ca/dog-parks/courtice/","no",""
"/dog-parks/cowan-sportsplex-dog-park/","Cowan Sportsplex Dog Park (Leash-Free Dog Area) | LeashFree.ca","Cowan Sportsplex Dog Park in Woodstock is a convenient off-leash space for dog owners looking to combine walking and play. Adjacent to the Sportsplex and featuring a walking path...","1","1721","","","","1","https://leashfree.ca/dog-parks/cowan-sportsplex-dog-park/","no",""
"/dog-parks/coxwell-ravine-park/","Coxwell Ravine Park (Leash-Free Dog Area) | LeashFree.ca","Coxwell Ravine Park offers a unique leash-free trail experience along Toronto’s Taylor Creek. Surrounded by trees and natural terrain, it","1","1923","","","","1","https://leashfree.ca/dog-parks/coxwell-ravine-park/","no",""
"/dog-parks/crab-park-at-portside-dog-park/","CRAB Park at Portside (off-leash dog park) | LeashFree.ca","CRAB Park at Portside is a well-loved off-leash dog park in Vancouver. This park features a grass surface and an open space for dogs to roam freely. It provides no water access, m...","1","1780","","","","1","https://leashfree.ca/dog-parks/crab-park-at-portside-dog-park/","no",""
"/dog-parks/craigleigh-gardens/","Craigleigh Gardens (Leash-Free Dog Area) | LeashFree.ca","Craigleigh Gardens is a scenic, partially wooded park offering a tranquil off-leash experience among mature trees and winding paths in Rosedale.","1","1802","","","","1","https://leashfree.ca/dog-parks/craigleigh-gardens/","no",""
"/dog-parks/crimson-ridge-park-chilliwack/","Crimson Ridge Park Leash-Free Dog Park | LeashFree.ca","Crimson Ridge Park provides local dog owners in Chilliwack with a simple off-leash space in a quiet residential area.","1","1485","","","","1","https://leashfree.ca/dog-parks/crimson-ridge-park-chilliwack/","no",""
"/dog-parks/crystal-ridge-neighbourhood-off-leash-area/","Crystal Ridge Neighbourhood Off-Leash Area | LeashFree.ca","Crystal Ridge Off-Leash Area in Grande Prairie offers an unfenced green space where dogs can roam freely under supervision in a relaxed setting.","1","1576","","","","1","https://leashfree.ca/dog-parks/crystal-ridge-neighbourhood-off-leash-area/","no",""
"/dog-parks/currie-bark-park/","Currie Bark Park (Fenced Dog Park) | LeashFree.ca","Currie Bark Park offers a secure, urban-friendly off-leash zone with agility structures and lighting, perfect for dogs to play safely day or night.","1","1610","","","","1","https://leashfree.ca/dog-parks/currie-bark-park/","no",""
"/dog-parks/dale-hodges-park/","Dale Hodges Park (Leash-Free Dog Area) | LeashFree.ca","Dale Hodges Park offers Calgary dog owners a stunning mix of art, nature, and off-leash adventure along the Bow River’s edge.","1","1607","","","","1","https://leashfree.ca/dog-parks/dale-hodges-park/","no",""
"/dog-parks/dartmouth-common/","Dartmouth Common Leash-Free Dog Park | LeashFree.ca","Dartmouth Common is a popular leash-free dog park in Dartmouth, known for its open lawns and central location. It is a convenient spot for dogs to run and socialize with great vie...","1","1556","","","","1","https://leashfree.ca/dog-parks/dartmouth-common/","no",""
"/dog-parks/david-bartlett-park/","David Bartlett Park Leash-Free Dog Park | LeashFree.ca","David Bartlett Park is a public leash-free area in Manotick featuring trails, open space, and Rideau River access for dogs to explore and play.","1","1514","","","","1","https://leashfree.ca/dog-parks/david-bartlett-park/","no",""
"/dog-parks/david-crombie-park/","David Crombie Park (Dogs Allowed Area) | LeashFree.ca","David Crombie Park provides a quiet urban escape with benches and green space for on-leash dog walks through downtown Toronto.","1","1710","","","","1","https://leashfree.ca/dog-parks/david-crombie-park/","no",""
"/dog-parks/david-gray-park-burnaby/","David Gray Park Leash-Free Area | LeashFree.ca","David Gray Park in Burnaby offers a cozy off-leash dog area in a quiet residential neighborhood.","1","1413","","","","1","https://leashfree.ca/dog-parks/david-gray-park-burnaby/","no",""
"/dog-parks/dawson-park-off-leash-area/","Dawson Park Off-Leash Area | LeashFree.ca","Dawson Park Off-Leash Area in Edmonton offers tranquil riverside trails and grassy spaces for dogs and their owners to explore together.","1","1469","","","","1","https://leashfree.ca/dog-parks/dawson-park-off-leash-area/","no",""
"/dog-parks/deer-ridge-park/","Deer Ridge Park (Off-Leash Area) | LeashFree.ca","The Deer Ridge Off-Leash Area provides a relaxed setting with peaceful trails, perfect for a quiet walk with your pup in south Calgary.","1","1572","","","","1","https://leashfree.ca/dog-parks/deer-ridge-park/","no",""
"/dog-parks/deveaux-woods-state-park-dog-park/","DeVeaux Woods State Park Dog Park Leash-Free Dog Park | LeashFree.ca","DeVeaux Woods State Park Dog Park is a fully fenced off-leash area just across the border from Niagara Falls, perfect for international dog-friendly visits.","1","1619","","","","1","https://leashfree.ca/dog-parks/deveaux-woods-state-park-dog-park/","no",""
"/dog-parks/devonian-harbour-dog-park/","Devonian Harbour (Leash Free Dog Park) | LeashFree.ca","Devonian Harbour is a well-loved off-leash dog park in Vancouver. This park features a grass surface and an open space for dogs to roam freely. It provides no water access, minima...","1","1750","","","","1","https://leashfree.ca/dog-parks/devonian-harbour-dog-park/","no",""
"/dog-parks/diamond-jubilee-park/","Diamond Jubilee Park Leash-Free Dog Park | LeashFree.ca","Diamond Jubilee Park in Ottawa offers a small fenced leash-free zone for neighborhood dog play and quick outings.","1","1498","","","","1","https://leashfree.ca/dog-parks/diamond-jubilee-park/","no",""
"/dog-parks/diana-princess-of-wales-park-ladysmith/","Diana, Princess of Wales Park Leash-Free Area | LeashFree.ca","Diana, Princess of Wales Park is a green space in Ladysmith offering off-leash dog play alongside family-friendly amenities.","1","1493","","","","1","https://leashfree.ca/dog-parks/diana-princess-of-wales-park-ladysmith/","no",""
"/dog-parks/dodger-dog-park/","Dodger Dog Park | LeashFree.ca","Dodger Dog Park in St. Albert is a fenced dog park honoring a service dog, providing a safe, open space for dogs to roam off-leash.","1","1459","","","","1","https://leashfree.ca/dog-parks/dodger-dog-park/","no",""
"/dog-parks/dog-beach-white-rock/","Dog Off-leash Swimming Beach | LeashFree.ca","The Dog Off-leash Swimming Beach near White Rock gives dogs a rare chance to swim freely and play in the water off-leash.","1","1563","","","","1","https://leashfree.ca/dog-parks/dog-beach-white-rock/","no",""
"/dog-parks/dog-friendly-beach-island-22/","Dog-Friendly Beach (Island 22 Riverside) Leash-Free Dog Park | LeashFree.ca","This riverside dog-friendly beach in Island 22 Regional Park is a great off-leash spot in Chilliwack for dogs who love to swim and run in open areas.","1","1600","","","","1","https://leashfree.ca/dog-parks/dog-friendly-beach-island-22/","no",""
"/dog-parks/dog-park-at-selkirk-park/","Dog Park at Selkirk Park Leash-Free Dog Park | LeashFree.ca","Dog Park at Selkirk Park is a large, fully fenced off-leash dog park in Selkirk, MB, offering safe and open space for dogs to play.","1","1467","","","","1","https://leashfree.ca/dog-parks/dog-park-at-selkirk-park/","no",""
"/dog-parks/dog-relief-station-new-westminster/","Dog Relief Station Leash Free Area | LeashFree.ca","The Dog Relief Station in downtown New Westminster provides a convenient fenced space for dogs to enjoy a quick off-leash break.","1","1502","","","","1","https://leashfree.ca/dog-parks/dog-relief-station-new-westminster/","no",""
"/dog-parks/doggy-diamond-off-leash-park/","Doggy Diamond Off-Leash Park Leash-Free Dog Park | LeashFree.ca","Doggy Diamond is a popular off-leash dog park in Brandon, MB, known for its secure fencing and large open space for dogs to run and play.","1","1485","","","","1","https://leashfree.ca/dog-parks/doggy-diamond-off-leash-park/","no",""
"/dog-parks/dogwood-park/","Dogwood Park Leash-Free Dog Park | LeashFree.ca","Dogwood Park is a top destination in White Rock for off-leash dog walking, featuring wooded trails and a peaceful setting.","1","1490","","","","1","https://leashfree.ca/dog-parks/dogwood-park/","no",""
"/dog-parks/don-bayer-park/","Don Bayer Park Leash-Free Dog Park | LeashFree.ca","Don Bayer Park is a growing leash-free dog park in Dartmouth, appreciated for its fenced space and easy access near Burnside. It is a great spot for energetic dogs to run and soci...","1","1558","","","","1","https://leashfree.ca/dog-parks/don-bayer-park/","no",""
"/dog-parks/don-boudria-park/","Don Boudria Park Leash-Free Dog Park | LeashFree.ca","Don Boudria Park is a neighborhood leash-free dog park in Ottawa, ideal for short walks and fenced play sessions.","1","1460","","","","1","https://leashfree.ca/dog-parks/don-boudria-park/","no",""
"/dog-parks/don-russell-memorial-park/","Don Russell Memorial Park Dog Park in Etobicoke, Ontario | LeashFree.ca","Don Russell Memorial Park offers a simple on-leash green space for quiet neighborhood dog walks.","1","1642","","","","1","https://leashfree.ca/dog-parks/don-russell-memorial-park/","no",""
"/dog-parks/don-russell-memorial-park-etobicoke/","Don Russell Memorial Park Leash-Free Dog Park | LeashFree.ca","Don Russell Memorial Park provides a friendly community off-leash space near Etobicoke’s waterfront, ideal for casual dog walks.","1","1548","","","","1","https://leashfree.ca/dog-parks/don-russell-memorial-park-etobicoke/","no",""
"/dog-parks/don-valley-brick-works/","Don Valley Brick Works Park (Leash-Free Dog Area) | LeashFree.ca","Don Valley Brick Works Park is a lush, green retreat in the city that offers dog owners a scenic, informal off-leash trail experience. While not fenced, it’s beloved for peaceful...","1","1906","","","","1","https://leashfree.ca/dog-parks/don-valley-brick-works/","no",""
"/dog-parks/douglasdale-off-leash-area/","Douglasdale Park (Off-Leash Pathway Loop) | LeashFree.ca","Douglasdale Off-Leash Area offers a simple loop pathway and grassy area for neighborhood dogs to stretch their legs in a peaceful setting.","1","1604","","","","1","https://leashfree.ca/dog-parks/douglasdale-off-leash-area/","no",""
"/dog-parks/duggan-park/","Duggan Park Leash-Free Dog Park | LeashFree.ca","Duggan Park is a peaceful leash-free dog park in Brampton, perfect for relaxed visits with shaded areas and street access.","1","1471","","","","1","https://leashfree.ca/dog-parks/duggan-park/","no",""
"/dog-parks/duggan-park-kelowna/","Duggan Park Leash-Free Area | LeashFree.ca","Duggan Park is a small community park in Kelowna with a fenced off-leash area perfect for casual dog play.","1","1409","","","","1","https://leashfree.ca/dog-parks/duggan-park-kelowna/","no",""
"/dog-parks/dunmoore-park-pickering/","Dunmoore Park Leash-Free Dog Park | LeashFree.ca","Dunmoore Park is a fenced leash-free dog park in Pickering, perfect for letting your pup run and socialize.","1","1424","","","","1","https://leashfree.ca/dog-parks/dunmoore-park-pickering/","no",""
"/dog-parks/dusty-greenwell-dog-park-vancouver/","Dusty Greenwell Park (off-leash dog park) | LeashFree.ca","Dusty Greenwell Park is a well-loved off-leash dog park in Vancouver. This park features a grass surface and an open space for dogs to roam freely. It provides no water access, mi...","1","1819","","","","1","https://leashfree.ca/dog-parks/dusty-greenwell-dog-park-vancouver/","no",""
"/dog-parks/earl-bales-park/","Earl Bales Park (Leash-Free Dog Area) | LeashFree.ca","Earl Bales Park provides a secure off-leash zone surrounded by a large parkland, ideal for energetic dogs and nature-loving owners.","1","1650","","","","1","https://leashfree.ca/dog-parks/earl-bales-park/","no",""
"/dog-parks/east-end-paw-park/","East End Paw Park Leash-Free Dog Park | LeashFree.ca","East End Paw Park is an off-leash dog park in Brandon, MB, offering dogs and their owners a fenced green space to enjoy in a quiet neighborhood setting.","1","1529","","","","1","https://leashfree.ca/dog-parks/east-end-paw-park/","no",""
"/dog-parks/east-village-dog-park/","East Village Dog Park (Urban Core Leash-Free Zone) | LeashFree.ca","Located in the heart of Calgary’s East Village, this modern dog park offers a safe and clean off-leash experience for downtown residents and their pups.","1","1652","","","","1","https://leashfree.ca/dog-parks/east-village-dog-park/","no",""
"/dog-parks/east-zwicks-centennial-park/","East Zwick's Centennial Park Leash Free Dog Park | LeashFree.ca","East Zwick","1","1606","","","","1","https://leashfree.ca/dog-parks/east-zwicks-centennial-park/","no",""
"/dog-parks/eastview-community-park-guelph/","Eastview Community Park (Leash-Free Dog Area) | LeashFree.ca","Eastview Community Park’s leash-free zone is well-known in Guelph for its accessibility, space, and surrounding trails. It’s ideal for energetic dogs who love to explore.","1","1641","","","","1","https://leashfree.ca/dog-parks/eastview-community-park-guelph/","no",""
"/dog-parks/echo-dale-regional-park/","Echo Dale Regional Park | LeashFree.ca","Echo Dale Regional Park offers a scenic off-leash experience in Medicine Hat, complete with trails, swim lake, and picnic areas.","1","1557","","","","1","https://leashfree.ca/dog-parks/echo-dale-regional-park/","no",""
"/dog-parks/edgemont-area-1-off-leash-dog-park/","Edgemont Area 1 Off-Leash Dog Park (Dog Park in NW Calgary) | LeashFree.ca","Edgemont Area 1 Off-Leash Dog Park provides northwest Calgary dog owners with a serene trail network and sloped green spaces perfect for off-leash adventures.","1","1707","","","","1","https://leashfree.ca/dog-parks/edgemont-area-1-off-leash-dog-park/","no",""
"/dog-parks/edmonton/","Off-Leash Dog Parks in Edmonton | LeashFree.ca","Explore Edmonton’s top off-leash dog parks and trails. From river valley routes to fenced dog zones, discover where your dog can run and play in Edmonton AB.","1","4534","","","","0","https://leashfree.ca/dog-parks/edmonton/","no",""
"/dog-parks/edworthy-park/","Edworthy Park (Leash-Free Dog Area) | LeashFree.ca","Edworthy Park is a popular destination for Calgary families and their dogs, offering a blend of river walks, wooded trails, and leash-free adventure.","1","1588","","","","1","https://leashfree.ca/dog-parks/edworthy-park/","no",""
"/dog-parks/elbow-park-off-leash-area/","Elbow Park Off-Leash Area (Inner SW Calgary) | LeashFree.ca","Elbow Park’s off-leash area blends inner-city charm with accessible green space, making it a convenient and scenic spot for daily dog walks.","1","1616","","","","1","https://leashfree.ca/dog-parks/elbow-park-off-leash-area/","no",""
"/dog-parks/elboya-off-leash-area/","Elboya Off-Leash Area (SW Calgary) | LeashFree.ca","Located near Stanley Park, Elboya Off-Leash Area provides a convenient, open green space for dogs to explore off-leash in Calgary’s southwest.","1","1546","","","","1","https://leashfree.ca/dog-parks/elboya-off-leash-area/","no",""
"/dog-parks/elliots-beach-park-ladysmith/","Elliots Beach Park Leash-Free Area | LeashFree.ca","Elliots Beach Park in Ladysmith is a waterfront destination where dogs can run and splash freely off-leash.","1","1469","","","","1","https://leashfree.ca/dog-parks/elliots-beach-park-ladysmith/","no",""
"/dog-parks/ellison-dog-park-kelowna/","Ellison Dog Park Leash-Free Area | LeashFree.ca","Ellison Dog Park provides a spacious, fenced off-leash area near Kelowna’s airport—perfect for dogs needing open space.","1","1439","","","","1","https://leashfree.ca/dog-parks/ellison-dog-park-kelowna/","no",""
"/dog-parks/emery-barnes-dog-park/","Emery Barnes (off-leash dog park) | LeashFree.ca","Emery Barnes is a well-loved off-leash dog park in Vancouver. This park features a gravel surface and an open space for dogs to roam freely. It provides no water access, minimal s...","1","1745","","","","1","https://leashfree.ca/dog-parks/emery-barnes-dog-park/","no",""
"/dog-parks/estevan/","Off-Leash Dog Park in Estevan SK | LeashFree.ca","Discover Estevan’s fenced off-leash dog park — a safe and open space for dogs to play and exercise freely in Saskatchewan’s southeast.","1","1815","","","","0","https://leashfree.ca/dog-parks/estevan/","no",""
"/dog-parks/etobicoke/","Dog Parks in Etobicoke | LeashFree.ca","Find the best leash-free dog parks in Etobicoke, Ontario. Explore fenced off-leash areas and dog-friendly green spaces to let your pup run and play.","1","2939","","","","0","https://leashfree.ca/dog-parks/etobicoke/","no",""
"/dog-parks/etobicoke-valley-dog-park/","Etobicoke Valley Dog Park (Leash-Free Dog Park) | LeashFree.ca","Nestled in a scenic ravine along Etobicoke Creek, Etobicoke Valley Dog Park offers dogs a unique off-leash adventure through wooded trails and natural terrain. With space to roam...","1","2259","","","","1","https://leashfree.ca/dog-parks/etobicoke-valley-dog-park/","no",""
"/dog-parks/evanston-dog-park/","Evanston Dog Park (NW Calgary) | LeashFree.ca","Evanston Dog Park provides a modern and scenic off-leash area for dogs to enjoy in Calgary","1","1616","","","","1","https://leashfree.ca/dog-parks/evanston-dog-park/","no",""
"/dog-parks/everett-crowley-dog-park/","Everett Crowley (off-leash dog park) | LeashFree.ca","Everett Crowley is a well-loved off-leash dog park in Vancouver. This park features a gravel trails surface and an open space for dogs to roam freely. It provides no water access,...","1","1755","","","","1","https://leashfree.ca/dog-parks/everett-crowley-dog-park/","no",""
"/dog-parks/fairfield-park-chilliwack/","Fairfield Park Leash-Free Dog Park | LeashFree.ca","Fairfield Park offers a well-maintained fenced dog park in Chilliwack perfect for dogs to safely play off-leash.","1","1439","","","","1","https://leashfree.ca/dog-parks/fairfield-park-chilliwack/","no",""
"/dog-parks/falaise-dog-park/","Falaise Park (off-leash dog park) | LeashFree.ca","Falaise Park is a well-loved off-leash dog park in Vancouver. This park features a grass surface and an open space for dogs to roam freely. It provides no water access, minimal sh...","1","1746","","","","1","https://leashfree.ca/dog-parks/falaise-dog-park/","no",""
"/dog-parks/falaise-dog-park-vancouver/","Falaise Park (off-leash dog park) | LeashFree.ca","Falaise Park is a well-loved off-leash dog park in Vancouver. This park features a grass surface and an open space for dogs to roam freely. It provides no water access, minimal sh...","1","1772","","","","1","https://leashfree.ca/dog-parks/falaise-dog-park-vancouver/","no",""
"/dog-parks/falaise-park-dog-park/","Falaise Park (off-leash dog park) | LeashFree.ca","Falaise Park is a well-loved off-leash dog park in Vancouver. This park features a grass surface and an open space for dogs to roam freely. It provides no water access, minimal sh...","1","1756","","","","1","https://leashfree.ca/dog-parks/falaise-park-dog-park/","no",""
"/dog-parks/firemens-park/","Firemen's Park Leash-Free Dog Park | LeashFree.ca","Firemen","1","1581","","","","1","https://leashfree.ca/dog-parks/firemens-park/","no",""
"/dog-parks/fish-creek-marshall-votiers/","Fish Creek Park (Marshall Springs & Votiers Flats Off-Leash Zones) | LeashFree.ca","Fish Creek Provincial Park","1","1778","","","","1","https://leashfree.ca/dog-parks/fish-creek-marshall-votiers/","no",""
"/dog-parks/fish-creek-provincial-park-off-leash-area/","Fish Creek Provincial Park (Expansive Natural Off-Leash Zones) | LeashFree.ca","Fish Creek Park offers a massive network of off-leash zones where dogs can explore meadows, forested paths, and even dip into the creek on hot days.","1","1692","","","","1","https://leashfree.ca/dog-parks/fish-creek-provincial-park-off-leash-area/","no",""
"/dog-parks/fort-needham-memorial-park/","Fort Needham Memorial Park Leash-Free Dog Park | LeashFree.ca","Fort Needham Memorial Park is a central leash-free dog park in Halifax, known for its historic setting and open lawns. It offers a mix of green space and city views where dogs can...","1","1653","","","","1","https://leashfree.ca/dog-parks/fort-needham-memorial-park/","no",""
"/dog-parks/frank-faubert-wood-lot/","Frank Faubert Wood Lot (Dogs Allowed Area) | LeashFree.ca","Frank Faubert Wood Lot provides on-leash wooded trails in Scarborough, ideal for calm dog walks away from busy streets.","1","1629","","","","1","https://leashfree.ca/dog-parks/frank-faubert-wood-lot/","no",""
"/dog-parks/fraser-river-dog-park/","Fraser River Park (off-leash dog park) | LeashFree.ca","Fraser River Park is a well-loved off-leash dog park in Vancouver. This park features a various surfaces surface and an open space for dogs to roam freely. It provides no water ac...","1","1833","","","","1","https://leashfree.ca/dog-parks/fraser-river-dog-park/","no",""
"/dog-parks/fraserview-golf-course-vancouver/","Fraserview Golf Course (off-leash dog park) | LeashFree.ca","Fraserview Golf Course is a well-loved off-leash dog park in Vancouver. This park features a wood chip path surface and an open space for dogs to roam freely. It provides no water...","1","1845","","","","1","https://leashfree.ca/dog-parks/fraserview-golf-course-vancouver/","no",""
"/dog-parks/fred-mendel-dog-park/","Fred Mendel Dog Park Leash-Free Dog Park | LeashFree.ca","Fred Mendel Dog Park in Saskatoon features a fenced hillside space where dogs can explore and enjoy an elevated off-leash experience.","1","1499","","","","1","https://leashfree.ca/dog-parks/fred-mendel-dog-park/","no",""
"/dog-parks/gallinger-park-cornwall/","Gallinger Park Leash Free Dog Park | LeashFree.ca","Gallinger Park is a quiet neighborhood park in Cornwall ideal for leashed dog walks under the trees.","1","1421","","","","1","https://leashfree.ca/dog-parks/gallinger-park-cornwall/","no",""
"/dog-parks/garnetwood-park/","Garnetwood Park (Leash-Free Dog Park) | LeashFree.ca","Garnetwood Park’s leash-free area offers a calm, grassy space for dog owners seeking a safe and welcoming park in east Mississauga. The mature trees and seating areas make it a pl...","1","1950","","","","1","https://leashfree.ca/dog-parks/garnetwood-park/","no",""
"/dog-parks/gatineau/","Gatineau Dog Parks | LeashFree.ca","Explore Gatineau","1","1744","","","","0","https://leashfree.ca/dog-parks/gatineau/","no",""
"/dog-parks/george-dog-park-vancouver/","George Park (off-leash dog park) | LeashFree.ca","George Park is a well-loved off-leash dog park in Vancouver. This park features a grass surface and an open space for dogs to roam freely. It provides no water access, minimal sha...","1","1758","","","","1","https://leashfree.ca/dog-parks/george-dog-park-vancouver/","no",""
"/dog-parks/george-lippert-park/","George Lippert Park (Leash-Free Dog Area) | LeashFree.ca","Located in the heart of Kitchener, George Lippert Park provides a casual off-leash experience with shaded spots and grassy terrain for your dog to explore.","1","1699","","","","1","https://leashfree.ca/dog-parks/george-lippert-park/","no",""
"/dog-parks/gerrard-carlaw-parkette/","Gerrard – Carlaw Parkette (Leash-Free Dog Area) | LeashFree.ca","Gerrard – Carlaw Parkette is a convenient downtown dog parkette offering a small but secure leash-free zone for quick breaks and socializing in the heart of the city.","1","1829","","","","1","https://leashfree.ca/dog-parks/gerrard-carlaw-parkette/","no",""
"/dog-parks/gimli/","Off-Leash Dog Park in Gimli MB | LeashFree.ca","Discover Gimli’s off-leash dog park. A safe, fenced space near the lake for dogs to run, play, and socialize in the heart of Manitoba’s Interlake region.","1","1951","","","","0","https://leashfree.ca/dog-parks/gimli/","no",""
"/dog-parks/gimli-off-leash-dog-park/","Gimli Off-Leash Dog Park Leash-Free Dog Park | LeashFree.ca","Gimli Off-Leash Dog Park is a fenced space in Gimli, MB, where dogs can enjoy some freedom in a safe and relaxed environment.","1","1525","","","","1","https://leashfree.ca/dog-parks/gimli-off-leash-dog-park/","no",""
"/dog-parks/glamorgan-off-leash-area/","Glamorgan Off-Leash Area (West Calgary) | LeashFree.ca","Glamorgan Off-Leash Area offers a quiet, green retreat in west Calgary where dogs can explore grassy terrain and enjoy peaceful outdoor time.","1","1576","","","","1","https://leashfree.ca/dog-parks/glamorgan-off-leash-area/","no",""
"/dog-parks/glen-park/","Glen Park Off Leash Dog Area | LeashFree.ca","Glen Park offers a natural, shaded off-leash dog area in Coquitlam ideal for relaxed dog socialization.","1","1438","","","","1","https://leashfree.ca/dog-parks/glen-park/","no",""
"/dog-parks/glenashton-park/","Glenashton Park (Leash-Free Dog Area) | LeashFree.ca","Located in the heart of Oakville, Glenashton Park offers a secure and friendly leash-free zone for dogs to roam freely. Its accessible layout, nearby amenities, and community appe...","1","1825","","","","1","https://leashfree.ca/dog-parks/glenashton-park/","no",""
"/dog-parks/glenmore-dam-off-leash-area/","Glenmore Dam Off-Leash Area (Reservoir Trail) | LeashFree.ca","The Glenmore Dam Off-Leash Area combines natural beauty with long walking paths, making it an ideal spot for dogs and owners who enjoy active outdoor adventures.","1","1644","","","","1","https://leashfree.ca/dog-parks/glenmore-dam-off-leash-area/","no",""
"/dog-parks/gold-bar-park-off-leash-area/","Gold Bar Park Off-Leash Area | LeashFree.ca","Gold Bar Park is a sprawling natural off-leash area in Edmonton with scenic views, river access, and well-maintained trails.","1","1463","","","","1","https://leashfree.ca/dog-parks/gold-bar-park-off-leash-area/","no",""
"/dog-parks/gourlay-janes-park/","Gourlay-Janes Park Leash Free Area | LeashFree.ca","Gourlay-Janes Park is a peaceful wooded dog park in Ladysmith where dogs can enjoy scenic trails off-leash.","1","1472","","","","1","https://leashfree.ca/dog-parks/gourlay-janes-park/","no",""
"/dog-parks/grand-avenue-park/","Grand Avenue Park Leash-Free Dog Park in Etobicoke, Toronto, Ontario | LeashFree.ca","Grand Avenue Park offers a small but fully fenced leash-free area for Etobicoke dog owners looking for secure off-leash play.","1","1696","","","","1","https://leashfree.ca/dog-parks/grand-avenue-park/","no",""
"/dog-parks/grand-valley-park-pickering/","Grand Valley Park Leash-Free Dog Park | LeashFree.ca","Grand Valley Park is one of Pickering’s premier off-leash dog parks, featuring a large fenced area and forest trails for dogs to explore safely.","1","1520","","","","1","https://leashfree.ca/dog-parks/grand-valley-park-pickering/","no",""
"/dog-parks/grande-prairie/","Off-Leash Dog Parks in Grande Prairie AB | LeashFree.ca","Explore off-leash dog parks in Grande Prairie Alberta. Find fenced runs, open fields, and accessible trails where dogs can play safely and freely.","1","2584","","","","1","https://leashfree.ca/dog-parks/grande-prairie/","no",""
"/dog-parks/grange-park/","Grange Park (Dogs Allowed Area) | LeashFree.ca","Grange Park offers a scenic, art-filled downtown space for on-leash walks through tree-lined paths and grassy lawns.","1","1679","","","","1","https://leashfree.ca/dog-parks/grange-park/","no",""
"/dog-parks/greenhill-bowl-park/","Greenhill Bowl Park Dog Park in Hamilton, Ontario | LeashFree.ca","Greenhill Bowl Park offers scenic open green space for peaceful on-leash dog walks while enjoying escarpment views in Hamilton.","1","1638","","","","1","https://leashfree.ca/dog-parks/greenhill-bowl-park/","no",""
"/dog-parks/greenwood-conservation-area/","Greenwood Conservation Area Leash-Free Dog Park | LeashFree.ca","Greenwood Conservation Area is a scenic natural park in Ajax with off-leash trail access for dogs and plenty of space to explore.","1","1554","","","","1","https://leashfree.ca/dog-parks/greenwood-conservation-area/","no",""
"/dog-parks/greenwood-park/","Greenwood Park (Leash-Free Dog Area) | LeashFree.ca","Greenwood Park is a lively community park in East Toronto with a convenient fenced-off dog area, making it a perfect destination for locals looking for social play and easy access.","1","1819","","","","1","https://leashfree.ca/dog-parks/greenwood-park/","no",""
"/dog-parks/grimsby/","Dog Parks in Grimsby | LeashFree.ca","Discover Grimsby","1","2594","","","","0","https://leashfree.ca/dog-parks/grimsby/","no",""
"/dog-parks/guelph/","Dog Parks in Guelph | LeashFree.ca","Explore the best dog parks in Guelph, Ontario — including fenced off-leash zones and leash-free trails where your dog can run, play, and socialize year-round.","1","3818","","","","0","https://leashfree.ca/dog-parks/guelph/","no",""
"/dog-parks/guindon-park-cornwall/","Guindon Park Leash Free Dog Park | LeashFree.ca","Guindon Park in Cornwall is a large wooded escape with natural trails where dogs are welcome on leash for outdoor adventures.","1","1522","","","","1","https://leashfree.ca/dog-parks/guindon-park-cornwall/","no",""
"/dog-parks/hadden-dog-park/","Hadden Park (off-leash dog park) | LeashFree.ca","Hadden Park is a well-loved off-leash dog park in Vancouver. This park features a sand and grass surface and an open space for dogs to roam freely. It provides no water access, mi...","1","1851","","","","1","https://leashfree.ca/dog-parks/hadden-dog-park/","no",""
"/dog-parks/halifax/","Off-Leash Dog Parks in Halifax | LeashFree.ca","Explore the best off-leash dog parks in Halifax, Nova Scotia. From Point Pleasant Park to Mainland Common, find the top fenced and leash-optional spaces for your dog.","1","4236","","","","1","https://leashfree.ca/dog-parks/halifax/","no",""
"/dog-parks/halifax-common/","Halifax Common Leash-Free Dog Park | LeashFree.ca","Halifax Common is a well-known leash-free spot in Halifax, offering open lawns and a central location. It is a convenient gathering place for dogs and their owners in the heart of...","1","1634","","","","1","https://leashfree.ca/dog-parks/halifax-common/","no",""
"/dog-parks/halton-hills-dog-parks/","Dog Parks in Halton Hills | LeashFree.ca","Find the best leash-free dog parks in Halton Hills, Ontario. Explore Trafalgar Sports Park, Cedarvale Park, Prospect Park, and more safe off-leash areas for your dog.","1","2321","","","","0","https://leashfree.ca/dog-parks/halton-hills-dog-parks/","no",""
"/dog-parks/hamilton/","Dog Parks in Hamilton | LeashFree.ca","Explore Hamilton","1","4020","","","","0","https://leashfree.ca/dog-parks/hamilton/","no",""
"/dog-parks/hamilton-beach/","Hamilton Beach Dog Park in Hamilton, Ontario | LeashFree.ca","Hamilton Beach offers waterfront boardwalks, paved trails, and peaceful on-leash beach walking along Lake Ontario.","1","1694","","","","1","https://leashfree.ca/dog-parks/hamilton-beach/","no",""
"/dog-parks/hammond-dog-off-leash-area/","Hammond Dog Off‑Leash Area Leash-Free Dog Park | LeashFree.ca","Hammond Dog Off‑Leash Area is a community-favorite leash-free park in Maple Ridge, located near the Fraser River with plenty of green space.","1","1484","","","","1","https://leashfree.ca/dog-parks/hammond-dog-off-leash-area/","no",""
"/dog-parks/hampton-dog-park/","Hampton Dog Park (Leash-Free) | LeashFree.ca","Hampton Dog Park is a compact but lively spot where dogs can enjoy leash-free fun under the shade of mature trees in west-central Ottawa.","1","1469","","","","1","https://leashfree.ca/dog-parks/hampton-dog-park/","no",""
"/dog-parks/hampton-dog-park-89f0c/","Hampton Dog Park Leash-Free Dog Park | LeashFree.ca","Hampton Dog Park in Saskatoon provides an unfenced grassy space for dogs to play and run freely in a calm neighbourhood.","1","1444","","","","1","https://leashfree.ca/dog-parks/hampton-dog-park-89f0c/","no",""
"/dog-parks/hanbury-hill-pooch-park/","Hanbury Hill Pooch Park Leash-Free Dog Park | LeashFree.ca","Hanbury Hill Pooch Park is a fenced off-leash dog park in Brandon, MB, offering a great workout for dogs with hilly terrain and open green space.","1","1489","","","","1","https://leashfree.ca/dog-parks/hanbury-hill-pooch-park/","no",""
"/dog-parks/hanna-park-dog-park-quinte-west/","Hanna Park & Dog Park Leash-Free Dog Park | LeashFree.ca","Hanna Park &amp; Dog Park offers an inviting leash-free area within a larger community park, making it a convenient stop for dog owners in Quinte West.","1","1546","","","","1","https://leashfree.ca/dog-parks/hanna-park-dog-park-quinte-west/","no",""
"/dog-parks/harbourview-park/","Harbourview Park Leash Free Area | LeashFree.ca","Harbourview Park is a beautiful waterfront leash-free dog park in Ladysmith with trails and scenic surroundings.","1","1459","","","","1","https://leashfree.ca/dog-parks/harbourview-park/","no",""
"/dog-parks/harmony-valley-park/","Harmony Valley Park and Off-Leash Dog Park | LeashFree.ca","Harmony Valley Park is a large, well-loved leash-free dog park near Courtice, with scenic trails and open space for dogs of all sizes.","1","1596","","","","1","https://leashfree.ca/dog-parks/harmony-valley-park/","no",""
"/dog-parks/harvey-park/","Harvey Park Dog Park in Hamilton, Ontario | LeashFree.ca","Harvey Park offers scenic walking trails and open fields for peaceful on-leash dog walks with views of Cootes Paradise.","1","1633","","","","1","https://leashfree.ca/dog-parks/harvey-park/","no",""
"/dog-parks/hawrelak-trail-off-leash-area/","Hawrelak Trail Off-Leash Area | LeashFree.ca","Hawrelak Trail Off-Leash Area in Edmonton is a favorite for active dog walkers with its picturesque trails and natural surroundings.","1","1469","","","","1","https://leashfree.ca/dog-parks/hawrelak-trail-off-leash-area/","no",""
"/dog-parks/heber-down-conservation-area/","Heber Down Conservation Area Leash-Free Dog Park | LeashFree.ca","Heber Down Conservation Area is a large natural escape in Whitby where dogs on leash can explore trails, meadows, and wooded areas.","1","1591","","","","1","https://leashfree.ca/dog-parks/heber-down-conservation-area/","no",""
"/dog-parks/hemlock-ravine-park/","Hemlock Ravine Park Leash-Free Dog Park | LeashFree.ca","Hemlock Ravine Park is a scenic leash-free dog park in Halifax, known for forested trails and quiet natural surroundings. It’s a great place for dogs to enjoy off-leash exploratio...","1","1619","","","","1","https://leashfree.ca/dog-parks/hemlock-ravine-park/","no",""
"/dog-parks/henry-street-dog-park/","Henry Street Dog Park (Leash-Free Dog Area) | LeashFree.ca","Henry Street Dog Park in Woodstock is a spacious 6.4-acre off-leash park with dedicated areas for both large and small dogs. It features a reforested natural setting, a seasonal w...","1","1761","","","","1","https://leashfree.ca/dog-parks/henry-street-dog-park/","no",""
"/dog-parks/hermitage-park/","Hermitage Park Leash-Free Dog Park | LeashFree.ca","Hermitage Park offers a peaceful trail system and grassy areas in Ajax where dogs can enjoy nature with their owners.","1","1493","","","","1","https://leashfree.ca/dog-parks/hermitage-park/","no",""
"/dog-parks/hermitage-park-off-leash-area/","Hermitage Park Off-Leash Area | LeashFree.ca","Hermitage Park is a popular riverside off-leash park in Edmonton featuring winding trails and grassy open areas for exploration.","1","1443","","","","1","https://leashfree.ca/dog-parks/hermitage-park-off-leash-area/","no",""
"/dog-parks/hidden-valley-area-2-off-leash-dog-park/","Hidden Valley Area 2 Off-Leash Dog Park (North Calgary Dog Park) | LeashFree.ca","Tucked away in Calgary","1","1713","","","","1","https://leashfree.ca/dog-parks/hidden-valley-area-2-off-leash-dog-park/","no",""
"/dog-parks/hidden-valley-park/","Hidden Valley Park (Leash-Free Dog Area) | LeashFree.ca","Hidden Valley Park provides a tranquil setting for dogs to enjoy off-leash play in Burlington","1","1730","","","","1","https://leashfree.ca/dog-parks/hidden-valley-park/","no",""
"/dog-parks/hideaway-park/","Hideaway Park (Leash-Free Dog Area) | LeashFree.ca","Hideaway Park offers a secluded leash-free space in the heart of Leslieville, perfect for quick play sessions in a quiet, tree-covered setting.","1","1724","","","","1","https://leashfree.ca/dog-parks/hideaway-park/","no",""
"/dog-parks/high-park/","High Park Leash-Free Dog Park | LeashFree.ca","High Park is Toronto’s premier city dog park, featuring large off-leash areas, wooded trails, and seasonal fenced zones.","1","1483","","","","1","https://leashfree.ca/dog-parks/high-park/","no",""
"/dog-parks/hillcrest-park/","Hillcrest Park (Leash-Free Dog Area) | LeashFree.ca","Hillcrest Park includes a shaded, partially fenced leash-free zone with gravel terrain, ideal for city dog owners seeking a scenic and social space.","1","1653","","","","1","https://leashfree.ca/dog-parks/hillcrest-park/","no",""
"/dog-parks/hinge-park-dog-park/","Hinge Park (Southeast False Creek) - off-leash dog park | LeashFree.ca","Hinge Park (Southeast False Creek) is a well-loved off-leash dog park in Vancouver. This park features a gravel surface and an open space for dogs to roam freely. It provides no w...","1","1815","","","","1","https://leashfree.ca/dog-parks/hinge-park-dog-park/","no",""
"/dog-parks/holland-creek-trail-head-ladysmith/","Holland Creek Trail Head Leash-Free Area | LeashFree.ca","Holland Creek Trail Head in Ladysmith is a forested leash-free trail perfect for dogs that love nature and adventure.","1","1507","","","","1","https://leashfree.ca/dog-parks/holland-creek-trail-head-ladysmith/","no",""
"/dog-parks/horizon-station-off-leash-dog-park/","Horizon Station Off-Leash Dog Park Leash-Free Dog Park | LeashFree.ca","Horizon Station Off-Leash Dog Park in Regina is a fully fenced space where dogs can run, play, and enjoy the outdoors in a safe environment.","1","1515","","","","1","https://leashfree.ca/dog-parks/horizon-station-off-leash-dog-park/","no",""
"/dog-parks/horovitz-park-cornwall/","Horovitz Park Leash Free Dog Park | LeashFree.ca","Horovitz Park is a local favorite in Cornwall where dogs on leash can enjoy peaceful green space.","1","1417","","","","1","https://leashfree.ca/dog-parks/horovitz-park-cornwall/","no",""
"/dog-parks/humber-bay-park-west/","Humber Bay Park West Off-Leash Dog Park on Toronto Waterfront | LeashFree.ca","Humber Bay Park West offers scenic waterfront off-leash access with room to swim and roam along the shores of Lake Ontario.","1","1674","","","","1","https://leashfree.ca/dog-parks/humber-bay-park-west/","no",""
"/dog-parks/humber-bay-park-west-etobicoke/","Humber Bay Park West Leash-Free Dog Park | LeashFree.ca","Humber Bay Park West is a spacious leash-free dog park in Etobicoke, offering scenic lakefront trails and ample room for dogs to roam.","1","1537","","","","1","https://leashfree.ca/dog-parks/humber-bay-park-west-etobicoke/","no",""
"/dog-parks/humboldt/","Off-Leash Dog Park in Humboldt SK | LeashFree.ca","Explore Humboldt’s fenced off-leash dog park, offering a secure and welcoming environment for dogs to play and socialize in central Saskatchewan.","1","1701","","","","0","https://leashfree.ca/dog-parks/humboldt/","no",""
"/dog-parks/hume-park/","Hume Park Leash Free Dog Park | LeashFree.ca","Hume Park offers a relaxed leash-free dog park experience in New Westminster, complete with shade and trails for walking.","1","1493","","","","1","https://leashfree.ca/dog-parks/hume-park/","no",""
"/dog-parks/hyde-park-dog-park/","Hyde Park Off-Leash Dog Park Leash-Free Dog Park | LeashFree.ca","Hyde Park Dog Park in Saskatoon features a fenced 4-acre space with a dedicated area for small dogs, ideal for safe and friendly play.","1","1496","","","","1","https://leashfree.ca/dog-parks/hyde-park-dog-park/","no",""
"/dog-parks/idlewood-park/","Idlewood Park (Leash-Free Dog Area) | LeashFree.ca","Idlewood Park in Kitchener features a lush, wooded trail where dogs can roam leash-free in a natural setting.","1","1552","","","","1","https://leashfree.ca/dog-parks/idlewood-park/","no",""
"/dog-parks/","Find Leash-Free Dog Parks in Canada | LeashFree.ca","Browse leash-free dog parks across Canada by province, city, and park page.","1","15454","","","","1","https://leashfree.ca/dog-parks/","no",""
"/dog-parks/irving-big-stop-bark-park/","Irving Big Stop Bark Park Leash-Free Dog Park | LeashFree.ca","Irving Big Stop Bark Park is a chain of leash-free dog parks across Nova Scotia, providing fenced play areas, agility features, and travel-friendly amenities for dogs on the go.","1","1665","","","","1","https://leashfree.ca/dog-parks/irving-big-stop-bark-park/","no",""
"/dog-parks/island-22-dog-park/","Island 22 Dog Park Leash-Free Dog Park | LeashFree.ca","Island 22 Dog Park is a natural leash-free park in Chilliwack with riverside access and forest trails perfect for adventurous dogs.","1","1538","","","","1","https://leashfree.ca/dog-parks/island-22-dog-park/","no",""
"/dog-parks/jack-darling-park/","Jack Darling Park (Leash-Free Dog Park) | LeashFree.ca","Jack Darling Park’s expansive leash-free area is a canine paradise. With 22 acres of natural terrain and lakeside access, it’s a go-to for Mississauga dog owners looking to give t...","1","1927","","","","1","https://leashfree.ca/dog-parks/jack-darling-park/","no",""
"/dog-parks/jack-purcell-dog-park/","Jack Purcell Dog Park (Leash-Free) | LeashFree.ca","Nestled downtown, Jack Purcell Dog Park offers a secure, leash-free escape for busy city dogs looking to play and mingle in a cozy urban setting.","1","1528","","","","1","https://leashfree.ca/dog-parks/jack-purcell-dog-park/","no",""
"/dog-parks/jackie-parker-park-off-leash-area/","Jackie Parker Park Off-Leash Area | LeashFree.ca","Jackie Parker Park is a large and secure off-leash park in Edmonton with open space, shade, and trail options for active dogs.","1","1458","","","","1","https://leashfree.ca/dog-parks/jackie-parker-park-off-leash-area/","no",""
"/dog-parks/jerome-neighbourhood-park/","Jerome Neighbourhood Park Dog Park in Hamilton, Ontario | LeashFree.ca","Jerome Neighbourhood Park offers open green space and paved walking paths perfect for on-leash walks with your dog in Hamilton.","1","1679","","","","1","https://leashfree.ca/dog-parks/jerome-neighbourhood-park/","no",""
"/dog-parks/jerry-sulina-park-maple-ridge/","Jerry Sulina Park Leash-Free Dog Park | LeashFree.ca","Jerry Sulina Park in Maple Ridge is a scenic off-leash area along the dikes, perfect for dogs that love long walks and nature.","1","1439","","","","1","https://leashfree.ca/dog-parks/jerry-sulina-park-maple-ridge/","no",""
"/dog-parks/jinkerson-dog-park/","Jinkerson Dog Park Leash-Free Dog Park | LeashFree.ca","Jinkerson Dog Park is a peaceful fenced space in Chilliwack offering dogs a safe place to play and roam off-leash.","1","1480","","","","1","https://leashfree.ca/dog-parks/jinkerson-dog-park/","no",""
"/dog-parks/joe-veroni-park/","Joe Veroni Park (Leash-Free Dog Area) | LeashFree.ca","Joe Veroni Park in Guelph is a neighborhood park that includes an off-leash area where dogs can enjoy some freedom. It’s appreciated for its quiet surroundings and green space, th...","1","1741","","","","1","https://leashfree.ca/dog-parks/joe-veroni-park/","no",""
"/dog-parks/john-hendry-dog-park/","John Hendry (off-leash dog park) | LeashFree.ca","John Hendry is a well-loved off-leash dog park in Vancouver. This park features a sand and grass surface and an open space for dogs to roam freely. It provides no water access, mi...","1","1734","","","","1","https://leashfree.ca/dog-parks/john-hendry-dog-park/","no",""
"/dog-parks/john-rebecca-park/","John Rebecca Park Dog Park in Hamilton, Ontario | LeashFree.ca","John Rebecca Park offers a small urban green space perfect for brief on-leash dog walks in downtown Hamilton.","1","1659","","","","1","https://leashfree.ca/dog-parks/john-rebecca-park/","no",""
"/dog-parks/jones-dog-park-vancouver/","Jones Park (off-leash dog park) | LeashFree.ca","Jones Park is a well-loved off-leash dog park in Vancouver. This park features a grass surface and an open space for dogs to roam freely. It provides no water access, minimal shad...","1","1724","","","","1","https://leashfree.ca/dog-parks/jones-dog-park-vancouver/","no",""
"/dog-parks/kelowna/","Dog Parks in Kelowna BC | LeashFree.ca","Explore the top off-leash dog parks in Kelowna BC. Find fenced play areas, dog-friendly beaches, and scenic trails perfect for active pets.","1","2988","","","","0","https://leashfree.ca/dog-parks/kelowna/","no",""
"/dog-parks/kentville/","Off-Leash Dog Park in Kentville, NS | LeashFree.ca","Discover Kentville","1","2071","","","","1","https://leashfree.ca/dog-parks/kentville/","no",""
"/dog-parks/kew-gardens/","Kew Gardens (Leash-Free Dog Area) | LeashFree.ca","Kew Gardens blends community and canine fun with a secure leash-free area, shaded seating, and beachside vibes just steps away from Toronto’s waterfront.","1","1806","","","","1","https://leashfree.ca/dog-parks/kew-gardens/","no",""
"/dog-parks/kilcona-park/","Kilcona Park Leash-Free Dog Park | LeashFree.ca","Kilcona Park in Winnipeg offers one of the city’s largest off-leash dog areas, with ponds, trails, and ample space to roam.","1","1501","","","","1","https://leashfree.ca/dog-parks/kilcona-park/","no",""
"/dog-parks/killarney-off-leash-area/","Killarney Off-Leash Area (Inner West Calgary) | LeashFree.ca","The Killarney Off-Leash Area is a cozy neighborhood park in Calgary’s inner west, providing a welcoming space for dogs and owners looking for a quick outdoor break.","1","1599","","","","1","https://leashfree.ca/dog-parks/killarney-off-leash-area/","no",""
"/dog-parks/killarney-park-dog-park/","Killarney Park (off-leash dog park) | LeashFree.ca","Killarney Park is a well-loved off-leash dog park in Vancouver. This park features a grass surface and an open space for dogs to roam freely. It provides no water access, minimal...","1","1783","","","","1","https://leashfree.ca/dog-parks/killarney-park-dog-park/","no",""
"/dog-parks/kin-coulee-park/","Kin Coulee Park | LeashFree.ca","Kin Coulee Park in Medicine Hat allows off-leash access on specific trails, making it a perfect destination for dogs and their walking companions.","1","1562","","","","1","https://leashfree.ca/dog-parks/kin-coulee-park/","no",""
"/dog-parks/king-city/","King city | LeashFree.ca","Browse off-leash dog parks and dog-friendly information for King city.","1","1017","","","","1","https://leashfree.ca/dog-parks/king-city/","no",""
"/dog-parks/king-george-park-cornwall/","King George Park Leash Free Dog Park | LeashFree.ca","King George Park in Cornwall is a neighborhood green space where leashed dogs are welcome for walks and fresh air.","1","1460","","","","1","https://leashfree.ca/dog-parks/king-george-park-cornwall/","no",""
"/dog-parks/king-road/","King Road Leash-Free Dog Park (Bayview Park) | LeashFree.ca","King Road Leash-Free Dog Park, located within Bayview Park in Burlington, provides a secure and welcoming environment for dogs of all sizes to play off-leash. With its separate en...","1","2144","","","","1","https://leashfree.ca/dog-parks/king-road/","no",""
"/dog-parks/kingcrest-dog-park-vancouver/","Kingcrest Park (off-leash dog park) | LeashFree.ca","Kingcrest Park is a well-loved off-leash dog park in Vancouver. This park features a grass surface and an open space for dogs to roam freely. It provides no water access, minimal...","1","1763","","","","1","https://leashfree.ca/dog-parks/kingcrest-dog-park-vancouver/","no",""
"/dog-parks/kings-mill-park/","King's Mill Park Dog Park in Toronto, Ontario | LeashFree.ca","King","1","1639","","","","1","https://leashfree.ca/dog-parks/kings-mill-park/","no",""
"/dog-parks/kings-mill-park-etobicoke/","King's Mill Park Leash-Free Dog Park | LeashFree.ca","King’s Mill Park offers a tranquil off-leash retreat within Toronto’s Humber river valley, perfect for nature-loving dogs.","1","1524","","","","1","https://leashfree.ca/dog-parks/kings-mill-park-etobicoke/","no",""
"/dog-parks/kings-park/","Kings Park Leash-Free Dog Park | LeashFree.ca","Kings Park is a scenic off-leash area in Winnipeg offering dogs a chance to run free along riverside trails and grassy open spaces.","1","1418","","","","1","https://leashfree.ca/dog-parks/kings-park/","no",""
"/dog-parks/kingsford-gardens/","Kingsford Gardens (Leash-Free Dog Area) | LeashFree.ca","Kingsford Gardens provides Oakville residents with a secure and tranquil leash-free area for their dogs. Its combination of natural shade, comfortable surfaces, and nearby walking...","1","1922","","","","1","https://leashfree.ca/dog-parks/kingsford-gardens/","no",""
"/dog-parks/kinsmen-dog-park-quinte-west/","Kinsmen Dog Park Leash-Free Dog Park | LeashFree.ca","Kinsmen Dog Park is a popular leash-free space in Quinte West, offering dogs a safe, fenced-in area to run and play.","1","1470","","","","1","https://leashfree.ca/dog-parks/kinsmen-dog-park-quinte-west/","no",""
"/dog-parks/kinsmen-park-chilliwack/","Kinsmen Park Leash-Free Dog Park | LeashFree.ca","Kinsmen Park provides dog owners in Chilliwack with a spacious grassy area where pets can enjoy off-leash time.","1","1457","","","","1","https://leashfree.ca/dog-parks/kinsmen-park-chilliwack/","no",""
"/dog-parks/kinsmen-park-playground-ladysmith/","Kinsmen Park & Playground Leash-Free Area | LeashFree.ca","Kinsmen Park in Ladysmith offers a mix of family features and open areas for dogs to run off-leash.","1","1526","","","","1","https://leashfree.ca/dog-parks/kinsmen-park-playground-ladysmith/","no",""
"/dog-parks/kitchener/","Dog Parks in Kitchener | LeashFree.ca","Explore leash-free dog parks in Kitchener, Ontario. Find fenced off-leash areas where your dog can play, exercise, and socialize safely.","1","4214","","","","0","https://leashfree.ca/dog-parks/kitchener/","no",""
"/dog-parks/kiwanis-park/","Kiwanis Park (Leash-Free Dog Area) | LeashFree.ca","Kiwanis Park is a riverside gem in Kitchener offering a large, secure off-leash space with amenities for both dogs and their humans.","1","1654","","","","1","https://leashfree.ca/dog-parks/kiwanis-park/","no",""
"/dog-parks/klarvatten-off-leash-area/","Klarvatten Off-Leash Area | LeashFree.ca","Klarvatten Off-Leash Area in Edmonton is a grassy open space enjoyed by locals and their pups for casual outdoor play.","1","1422","","","","1","https://leashfree.ca/dog-parks/klarvatten-off-leash-area/","no",""
"/dog-parks/knox-mountain-dog-park-kelowna/","Knox Mountain Park Leash-Free Area | LeashFree.ca","Knox Mountain Park offers an off-leash trail network for active dogs and owners who love nature in the heart of Kelowna.","1","1511","","","","1","https://leashfree.ca/dog-parks/knox-mountain-dog-park-kelowna/","no",""
"/dog-parks/kortright-hills-park/","Kortright Hills Park (Leash-Free Dog Park) | LeashFree.ca","Kortright Hills Park in Guelph offers dog owners a serene and wooded environment for off-leash adventures. This natural setting provides a great space for dogs to explore under th...","1","1750","","","","1","https://leashfree.ca/dog-parks/kortright-hills-park/","no",""
"/dog-parks/la-barkman-park-off-leash-area/","L.A. Barkman Park Off-Leash Area Leash-Free Dog Park | LeashFree.ca","L.A. Barkman Park Off-Leash Area in Steinbach is a well-maintained park with designated spaces for small and large dogs, plus water access and seating.","1","1535","","","","1","https://leashfree.ca/dog-parks/la-barkman-park-off-leash-area/","no",""
"/dog-parks/lacombe-lake-dog-park/","Lacombe Lake Dog Park | LeashFree.ca","Lacombe Lake Dog Park is a popular fenced dog park in St. Albert featuring lake views, a small dog area, and plenty of space for play.","1","1492","","","","1","https://leashfree.ca/dog-parks/lacombe-lake-dog-park/","no",""
"/dog-parks/ladysmith/","Dog Parks in Ladysmith BC | LeashFree.ca","Looking for dog parks in Ladysmith BC? Discover fenced off-leash zones and pet-friendly trails in this scenic Vancouver Island town.","1","4100","","","","0","https://leashfree.ca/dog-parks/ladysmith/","no",""
"/dog-parks/ladysmith-leash-free-dog-park/","Ladysmith Leash-Free Dog Park | LeashFree.ca","Ladysmith Leash-Free Dog Park is the town’s primary fenced dog park, offering a safe and open space for off-leash fun.","1","1482","","","","1","https://leashfree.ca/dog-parks/ladysmith-leash-free-dog-park/","no",""
"/dog-parks/lake-bonavista/","Lake Bonavista (Off-Leash Area) | LeashFree.ca","Lake Bonavista Off-Leash Area is a peaceful green space nestled in one of Calgary’s most iconic neighborhoods, great for quiet strolls with your dog.","1","1602","","","","1","https://leashfree.ca/dog-parks/lake-bonavista/","no",""
"/dog-parks/lakefront-walkway-dog-park-nelson/","Lakefront Walkway Dog Park Leash-Free Area | LeashFree.ca","Lakefront Walkway Dog Park in Nelson is a scenic off-leash area along the lake, perfect for relaxed walks and social pups.","1","1512","","","","1","https://leashfree.ca/dog-parks/lakefront-walkway-dog-park-nelson/","no",""
"/dog-parks/lakeland-neighbourhood-off-leash-area/","Lakeland Neighbourhood Off-Leash Area | LeashFree.ca","Lakeland Neighbourhood Off-Leash Area is a designated green space in Grande Prairie where dogs can play freely, though advisories may be posted.","1","1609","","","","1","https://leashfree.ca/dog-parks/lakeland-neighbourhood-off-leash-area/","no",""
"/dog-parks/lakeside-park/","Lakeside Park (Leash-Free Dog Park) | LeashFree.ca","Tucked beside the shores of Lake Ontario, Lakeside Park’s leash-free area is a hidden gem. It’s fully fenced, shaded, and perfect for dogs that enjoy a quieter, scenic setting.","1","1913","","","","1","https://leashfree.ca/dog-parks/lakeside-park/","no",""
"/dog-parks/lamoreaux-north-park/","L'Amoreaux North Park (Leash-Free Dog Area) | LeashFree.ca","L","1","1687","","","","1","https://leashfree.ca/dog-parks/lamoreaux-north-park/","no",""
"/dog-parks/larkspur-off-leash-dog-park/","Larkspur Off-Leash Dog Park | LeashFree.ca","Larkspur Off-Leash Dog Park in Edmonton is a spacious fenced park with grassy hills that provide plenty of exercise and fun for dogs.","1","1437","","","","1","https://leashfree.ca/dog-parks/larkspur-off-leash-dog-park/","no",""
"/dog-parks/lauderdale-dog-park/","Lauderdale Dog Park | LeashFree.ca","Lauderdale Dog Park in Edmonton is a small, secure off-leash area perfect for local pet owners looking for an easy-access dog run.","1","1435","","","","1","https://leashfree.ca/dog-parks/lauderdale-dog-park/","no",""
"/dog-parks/laval/","Dog parks in Laval, Quebec | LeashFree.ca","Find Laval","1","1749","","","","0","https://leashfree.ca/dog-parks/laval/","no",""
"/dog-parks/lee-street-park/","Lee Street Park (Leash-Free Dog Area) | LeashFree.ca","Lee Street Park in Guelph offers a scenic leash-free zone where dogs can explore open grassy areas and trails. Though the space is not fenced, it provides ample room for dogs unde...","1","1711","","","","1","https://leashfree.ca/dog-parks/lee-street-park/","no",""
"/dog-parks/lee-street-park-202b1/","Lee Street Park (Leash-Free Dog Area) | LeashFree.ca","Lee Street Park serves Guelph’s east end as a neighborhood leash-free area, providing a welcoming space for dogs and their owners to enjoy off-leash time in a calm setting.","1","1684","","","","1","https://leashfree.ca/dog-parks/lee-street-park-202b1/","no",""
"/dog-parks/legacy-park/","Legacy Park (Off-Leash Area) | LeashFree.ca","Legacy Off-Leash Area offers a peaceful, open field for dog lovers in one of Calgary’s fastest-growing communities.","1","1570","","","","1","https://leashfree.ca/dog-parks/legacy-park/","no",""
"/dog-parks/leigh-park/","Leigh Park Off Leash Dog Area | LeashFree.ca","Leigh Park is a popular leash-free dog park in Coquitlam with ample space, separate zones, and convenient amenities.","1","1440","","","","1","https://leashfree.ca/dog-parks/leigh-park/","no",""
"/dog-parks/lethbridge/","Off-Leash Dog Parks in Lethbridge AB | LeashFree.ca","Discover the top off-leash dog parks in Lethbridge Alberta. Explore fenced parks, natural trails, and wide-open spaces where your dog can play safely.","1","2715","","","","0","https://leashfree.ca/dog-parks/lethbridge/","no",""
"/dog-parks/linkwood-lane-park/","Linkwood Lane Park (Leash-Free Dog Area) | LeashFree.ca","Linkwood Lane Park in Toronto provides a small but secure leash-free area perfect for neighborhood dog owners seeking a quick and quiet spot for their dogs to stretch their legs o...","1","1852","","","","1","https://leashfree.ca/dog-parks/linkwood-lane-park/","no",""
"/dog-parks/lions-park/","Lion's Park Leash-Free Dog Park | LeashFree.ca","Lion","1","1437","","","","1","https://leashfree.ca/dog-parks/lions-park/","no",""
"/dog-parks/lions-park-belleville/","Lion's Park Leash Free Dog Park | LeashFree.ca","Lion","1","1495","","","","1","https://leashfree.ca/dog-parks/lions-park-belleville/","no",""
"/dog-parks/little-mountain-park/","Little Mountain Park Leash-Free Dog Park | LeashFree.ca","Little Mountain Park is a beautiful natural dog park in Winnipeg, offering off-leash trails, quarry ponds, and serene wooded paths.","1","1547","","","","1","https://leashfree.ca/dog-parks/little-mountain-park/","no",""
"/dog-parks/lloydminster/","Off-Leash Dog Park in Lloydminster | LeashFree.ca","Explore the off-leash dog park in Lloydminster, located in Bud Miller All Seasons Park. A safe, fenced space for dogs to run freely on the SK/AB border.","1","1787","","","","0","https://leashfree.ca/dog-parks/lloydminster/","no",""
"/dog-parks/locarno-beach-dog-park-vancouver/","Locarno Beach Park (off-leash dog park) | LeashFree.ca","Locarno Beach Park is a well-loved off-leash dog park in Vancouver. This park features a grass surface and an open space for dogs to roam freely. It provides no water access, mini...","1","1736","","","","1","https://leashfree.ca/dog-parks/locarno-beach-dog-park-vancouver/","no",""
"/dog-parks/london/","Find dog parks in London Onatio | Leashfree.ca | LeashFree.ca","Explore the best leash-free dog parks in London, Ontario. Discover safe, fenced off-leash spaces for your pup to run, play, and socialize year-round.","1","3174","","","","1","https://leashfree.ca/dog-parks/london/","no",""
"/dog-parks/long-lake-provincial-park/","Long Lake Provincial Park Leash-Free Dog Park | LeashFree.ca","Long Lake Provincial Park is a popular destination in Halifax for dog owners, offering vast trails and lakeside views. While dogs are welcome, official rules require leashes despi...","1","1717","","","","1","https://leashfree.ca/dog-parks/long-lake-provincial-park/","no",""
"/dog-parks/love-park/","Love Park (Dogs Allowed Area) | LeashFree.ca","Love Park is a dog-friendly public space near the waterfront, offering lush greenery and modern design for peaceful on-leash strolls.","1","1690","","","","1","https://leashfree.ca/dog-parks/love-park/","no",""
"/dog-parks/maccaud-park/","Maccaud Park Leash-Free Dog Area | LeashFree.ca","Maccaud Park provides a convenient off-leash area in a quiet White Rock neighborhood for relaxed dog walks.","1","1458","","","","1","https://leashfree.ca/dog-parks/maccaud-park/","no",""
"/dog-parks/mahogany-wetlands-off-leash-area/","Mahogany Wetlands (Off-Leash Trails & Views) | LeashFree.ca","The Mahogany Wetlands Off-Leash Area provides a scenic and natural trail setting for dog owners seeking a relaxing stroll with their pets.","1","1603","","","","1","https://leashfree.ca/dog-parks/mahogany-wetlands-off-leash-area/","no",""
"/dog-parks/mainland-common-dedicated-off-leash-park/","Mainland Common Dedicated Off-Leash Park Leash-Free Dog Park | LeashFree.ca","Mainland Common Dedicated Off-Leash Park is a favorite leash-free dog park in Halifax, featuring two fenced fields with separate areas for large and small dogs. It is an easy, acc...","1","1770","","","","1","https://leashfree.ca/dog-parks/mainland-common-dedicated-off-leash-park/","no",""
"/dog-parks/malvern-park-burnaby/","Malvern Park Leash-Free Area | LeashFree.ca","Malvern Park in Burnaby offers a fenced leash-free area in a peaceful residential neighborhood, ideal for dog exercise and socialization.","1","1456","","","","1","https://leashfree.ca/dog-parks/malvern-park-burnaby/","no",""
"/dog-parks/mamowimiweyitamowin-park-off-leash-area/","Māmowimīwēyitamōwin Park Off-Leash Area Leash-Free Dog Park | LeashFree.ca","Māmowimīwēyitamōwin Park is a local off-leash dog area in Regina, offering a secure environment for neighbourhood dogs to roam freely.","1","1596","","","","1","https://leashfree.ca/dog-parks/mamowimiweyitamowin-park-off-leash-area/","no",""
"/dog-parks/maple-grove-park/","Maple Grove Park Leash-Free Dog Park | LeashFree.ca","Maple Grove Park in Winnipeg is a spacious off-leash area with trails and wooded paths, perfect for dogs to explore and socialize.","1","1454","","","","1","https://leashfree.ca/dog-parks/maple-grove-park/","no",""
"/dog-parks/maple-ridge-upper-park/","Maple Ridge Upper Park Leash-Free Dog Park | LeashFree.ca","Maple Ridge Upper Park features an off-leash area with wide green space for dogs to play and enjoy the outdoors freely.","1","1446","","","","1","https://leashfree.ca/dog-parks/maple-ridge-upper-park/","no",""
"/dog-parks/margaret-greene-park/","Margaret Greene Park (Leash-Free Dog Area) | LeashFree.ca","Margaret Greene Park offers a convenient leash-free space in Guelph","1","1726","","","","1","https://leashfree.ca/dog-parks/margaret-greene-park/","no",""
"/dog-parks/marie-curtis-park/","Marie Curtis Park Leash-Free Dog Park on Toronto Waterfront | LeashFree.ca","Marie Curtis Park offers a large fenced leash-free zone with access to the beach, making it a destination for off-leash fun along Lake Ontario.","1","1677","","","","1","https://leashfree.ca/dog-parks/marie-curtis-park/","no",""
"/dog-parks/marie-curtis-park-etobicoke/","Marie Curtis Park Leash-Free Dog Park | LeashFree.ca","Marie Curtis Park is a scenic off-leash riverside destination with trails, open spaces, and family amenities.","1","1473","","","","1","https://leashfree.ca/dog-parks/marie-curtis-park-etobicoke/","no",""
"/dog-parks/marshview-dog-park-kentville/","Marshview Dog Park Leash-Free Dog Park | LeashFree.ca","Marshview Dog Park in Kentville is a newly established fenced dog park with separate areas for large and small dogs. It offers a safe, structured environment for dogs to socialize.","1","1633","","","","1","https://leashfree.ca/dog-parks/marshview-dog-park-kentville/","no",""
"/dog-parks/martensville/","Off-Leash Dog Park in Martensville SK | LeashFree.ca","Explore Martensville’s off-leash dog park, a fully fenced and open space where dogs can play and socialize safely just minutes from Saskatoon.","1","1796","","","","0","https://leashfree.ca/dog-parks/martensville/","no",""
"/dog-parks/martindale-off-leash-area/","Martindale Off-Leash Area (NE Calgary) | LeashFree.ca","Martindale Off-Leash Area offers a secure and spacious environment for dogs to enjoy off-leash activities in Calgary","1","1705","","","","1","https://leashfree.ca/dog-parks/martindale-off-leash-area/","no",""
"/dog-parks/mattamy-sports-park/","Mattamy Sports Park (Leash-Free Dog Park) | LeashFree.ca","Mattamy Sports Park","1","1776","","","","1","https://leashfree.ca/dog-parks/mattamy-sports-park/","no",""
"/dog-parks/mayland-heights-off-leash-area/","Mayland Heights Off-Leash Area (NE Calgary) | LeashFree.ca","Nestled in Calgary","1","1713","","","","1","https://leashfree.ca/dog-parks/mayland-heights-off-leash-area/","no",""
"/dog-parks/mazenod-park/","Mazenod Park Leash-Free Dog Park | LeashFree.ca","Mazenod Park in Winnipeg is a quiet local off-leash park ideal for relaxed playtime in a grassy open space.","1","1398","","","","1","https://leashfree.ca/dog-parks/mazenod-park/","no",""
"/dog-parks/mccall-lake-off-leash-area/","McCall Lake Off-Leash Area (NE Calgary) | LeashFree.ca","McCall Lake Off-Leash Area provides a convenient green space near the golf course for dogs to enjoy some freedom in northeast Calgary.","1","1636","","","","1","https://leashfree.ca/dog-parks/mccall-lake-off-leash-area/","no",""
"/dog-parks/mccowan-park/","McCowan Park (Leash-Free Dog Area) | LeashFree.ca","McCowan Park provides Scarborough residents with a well-maintained fenced dog area, offering plenty of space and shade for relaxed off-leash time.","1","1723","","","","1","https://leashfree.ca/dog-parks/mccowan-park/","no",""
"/dog-parks/mcintosh-run-off-leash-dog-park/","McIntosh Run Off-Leash Dog Park Leash-Free Dog Park | LeashFree.ca","McIntosh Run Off-Leash Dog Park is a community leash-free dog park in Halifax, featuring a fenced play space for dogs to socialize safely near Spryfield.","1","1640","","","","1","https://leashfree.ca/dog-parks/mcintosh-run-off-leash-dog-park/","no",""
"/dog-parks/mcknight-falconridge-off-leash-area/","McKnight-Falconridge Off-Leash Area (NE Calgary) | LeashFree.ca","The McKnight-Falconridge Off-Leash Area offers a wide open space with grassy fields for dogs to stretch their legs and enjoy off-leash freedom in northeast Calgary.","1","1635","","","","1","https://leashfree.ca/dog-parks/mcknight-falconridge-off-leash-area/","no",""
"/dog-parks/mclaren-park/","McLaren Park Dog Park in Hamilton, Ontario | LeashFree.ca","McLaren Park offers a compact green space downtown with grass and benches for short on-leash dog walks in Hamilton.","1","1592","","","","1","https://leashfree.ca/dog-parks/mclaren-park/","no",""
"/dog-parks/mclennan-park/","McLennan Park (Leash-Free Dog Area) | LeashFree.ca","Located near Ottawa Street, McLennan Park’s leash-free area is a convenient and well-maintained space for dogs to burn off energy.","1","1597","","","","1","https://leashfree.ca/dog-parks/mclennan-park/","no",""
"/dog-parks/mcmaster-forest-nature-preserve/","McMaster Forest Nature Preserve Dog Park in Hamilton, Ontario | LeashFree.ca","McMaster Forest Nature Preserve offers extensive wooded trails perfect for peaceful, strictly on-leash walks with your dog through protected habitat.","1","1737","","","","1","https://leashfree.ca/dog-parks/mcmaster-forest-nature-preserve/","no",""
"/dog-parks/meadow-lake/","Off-Leash Dog Park in Meadow Lake SK | LeashFree.ca","Visit the fenced off-leash dog park in Meadow Lake, SK — a safe and friendly space where dogs can run free and socialize in northwest Saskatchewan.","1","1785","","","","1","https://leashfree.ca/dog-parks/meadow-lake/","no",""
"/dog-parks/medicine-hat/","Off-Leash Dog Parks in Medicine Hat AB | LeashFree.ca","Explore the best off-leash dog parks in Medicine Hat Alberta. Discover fenced areas, scenic trails, and open fields where your dog can safely enjoy the outdoors.","1","2605","","","","0","https://leashfree.ca/dog-parks/medicine-hat/","no",""
"/dog-parks/melfort/","Off-Leash Dog Park in Melfort SK | LeashFree.ca","Discover Melfort’s off-leash dog park, a fenced and welcoming space in northeast Saskatchewan where dogs can enjoy safe, off-leash play.","1","1787","","","","0","https://leashfree.ca/dog-parks/melfort/","no",""
"/dog-parks/melville/","Off-Leash Dog Park in Melville SK | LeashFree.ca","Visit the off-leash dog park in Melville, Saskatchewan. A quiet, fenced park offering dogs a safe and open space to run, play, and socialize.","1","1861","","","","0","https://leashfree.ca/dog-parks/melville/","no",""
"/dog-parks/melville-dog-park/","Melville Dog Park Leash-Free Dog Park | LeashFree.ca","Melville Dog Park is a well-equipped fenced area featuring water fountains, benches, and double-gated access for safe play.","1","1441","","","","1","https://leashfree.ca/dog-parks/melville-dog-park/","no",""
"/dog-parks/memorial-park/","Memorial Park (Leash-Free Dog Area) | LeashFree.ca","Memorial Park in Oakville offers a spacious and secure environment for dogs of all sizes to play off-leash. With its divided areas catering to both large and small breeds, along w...","1","1994","","","","1","https://leashfree.ca/dog-parks/memorial-park/","no",""
"/dog-parks/memorial-park-white-rock/","Memorial Park Leash-Free Area | LeashFree.ca","Memorial Park in White Rock offers stunning waterfront views and limited leash-free access for dogs in the early morning hours.","1","1582","","","","1","https://leashfree.ca/dog-parks/memorial-park-white-rock/","no",""
"/dog-parks/merrill-bridge-road-park/","Merrill Bridge Road Park (Leash-Free Dog Area) | LeashFree.ca","Merrill Bridge Road Park provides a well-used leash-free zone in Toronto’s East End, complete with fencing, shaded areas, and community charm—perfect for daily dog walks and socia...","1","1875","","","","1","https://leashfree.ca/dog-parks/merrill-bridge-road-park/","no",""
"/dog-parks/mill-creek-ravine-south-off-leash/","Mill Creek Ravine South Off-Leash Area | LeashFree.ca","Mill Creek Ravine South is a scenic off-leash trail system in Edmonton, ideal for dog owners looking for forested adventures.","1","1463","","","","1","https://leashfree.ca/dog-parks/mill-creek-ravine-south-off-leash/","no",""
"/dog-parks/miller-park/","Miller Park Off Leash Dog Park | LeashFree.ca","Miller Park is a wooded off-leash dog park in Coquitlam with scenic trails and a natural forested environment for dogs to explore.","1","1495","","","","1","https://leashfree.ca/dog-parks/miller-park/","no",""
"/dog-parks/millers-creek-park/","Millers Creek Park Leash-Free Dog Park | LeashFree.ca","Millers Creek Park in Ajax is a nature-filled retreat for dogs with wooded trails and informal leash-free spaces by the creek.","1","1536","","","","1","https://leashfree.ca/dog-parks/millers-creek-park/","no",""
"/dog-parks/milton/","Dog Parks in Milton | LeashFree.ca","Explore Milton","1","2128","","","","0","https://leashfree.ca/dog-parks/milton/","no",""
"/dog-parks/mission/","Mission | LeashFree.ca","Browse off-leash dog parks and dog-friendly information for Mission.","1","1007","","","","1","https://leashfree.ca/dog-parks/mission/","no",""
"/dog-parks/mission-recreation-park-kelowna/","Mission Recreation Park Leash-Free Area | LeashFree.ca","Mission Recreation Park is one of Kelowna","1","1497","","","","1","https://leashfree.ca/dog-parks/mission-recreation-park-kelowna/","no",""
"/dog-parks/mississauga/","Mississauga Leash-Free Dog Parks | Find Off-Leash Areas Near You | LeashFree.ca","Explore the best leash-free dog parks in Mississauga, Ontario. Find fenced parks, trails, and open spaces perfect for your pup to play and socialize safely.","1","5150","","","","1","https://leashfree.ca/dog-parks/mississauga/","no",""
"/dog-parks/monarch-park/","Monarch Park (Leash-Free Dog Area) | LeashFree.ca","Monarch Park’s fenced dog area offers a shaded, secure space for off-leash fun right in the heart of Toronto’s east end. It’s a favorite for local residents combining park time wi...","1","1838","","","","1","https://leashfree.ca/dog-parks/monarch-park/","no",""
"/dog-parks/montgomery-park/","Montgomery Park Dog Park in Hamilton, Ontario | LeashFree.ca","Montgomery Park provides open fields and paved trails for relaxing on-leash dog walks in Hamilton’s east end.","1","1661","","","","1","https://leashfree.ca/dog-parks/montgomery-park/","no",""
"/dog-parks/montreal/","Montreal Dog Parks | LeashFree.ca","Discover the best dog parks in Montreal. Enjoy secure, fenced parcs à chiens where your pup can run, play, and socialize off-leash across boroughs.","1","2891","","","","1","https://leashfree.ca/dog-parks/montreal/","no",""
"/dog-parks/moody-park-new-westminster/","Moody Park Leash Free Dog Park | LeashFree.ca","Moody Park is a central off-leash dog park in New Westminster with gravel terrain and a fenced area for safe play.","1","1465","","","","1","https://leashfree.ca/dog-parks/moody-park-new-westminster/","no",""
"/dog-parks/moose-jaw/","Off-Leash Dog Park in Moose Jaw SK | LeashFree.ca","Visit Moose Jaw’s off-leash dog park — a safe, fully fenced space for dogs to run and play freely in southern Saskatchewan. Ideal for social dogs and active owners.","1","1941","","","","0","https://leashfree.ca/dog-parks/moose-jaw/","no",""
"/dog-parks/moose-jaw-dog-park/","Moose Jaw Dog Park Leash-Free Dog Park | LeashFree.ca","Moose Jaw Dog Park is a popular off-leash destination with separate fenced areas for small and large dogs, grassy play zones, and water access.","1","1484","","","","1","https://leashfree.ca/dog-parks/moose-jaw-dog-park/","no",""
"/dog-parks/morden/","Off-Leash Dog Park in Morden MB | LeashFree.ca","Explore Morden’s fenced off-leash dog park in Manitoba. A welcoming and secure place where your dog can play, run, and socialize off-leash.","1","1873","","","","0","https://leashfree.ca/dog-parks/morden/","no",""
"/dog-parks/morden-dog-park/","Morden Dog Park Leash-Free Dog Park | LeashFree.ca","Morden Dog Park in Morden, MB, provides a secure fenced area for off-leash fun and exercise, close to Steppler Park.","1","1486","","","","1","https://leashfree.ca/dog-parks/morden-dog-park/","no",""
"/dog-parks/morgan-crossing-dog-park/","Morgan Crossing Dog Park Leash-Free Area | LeashFree.ca","Morgan Crossing Dog Park is a convenient fenced off-leash area in South Surrey, great for quick exercise breaks near shops.","1","1492","","","","1","https://leashfree.ca/dog-parks/morgan-crossing-dog-park/","no",""
"/dog-parks/mount-pleasant-off-leash-dog-park/","Mount Pleasant Off-Leash Dog Park Leash-Free Dog Park | LeashFree.ca","Mount Pleasant Off-Leash Dog Park in Regina is a secure space with separate areas for small and large dogs, ideal for safe play.","1","1497","","","","1","https://leashfree.ca/dog-parks/mount-pleasant-off-leash-dog-park/","no",""
"/dog-parks/musqueam-dog-park-vancouver/","Musqueam Park (off-leash dog park) | LeashFree.ca","Musqueam Park is a well-loved off-leash dog park in Vancouver. This park features a various surfaces surface and an open space for dogs to roam freely. It provides no water access...","1","1743","","","","1","https://leashfree.ca/dog-parks/musqueam-dog-park-vancouver/","no",""
"/dog-parks/nat-bailey-stadium-dog-park/","Nat Bailey Stadium Park (off-leash dog park) | LeashFree.ca","Nat Bailey Stadium Park is a well-loved off-leash dog park in Vancouver. This park features a gravel and asphalt surface and an open space for dogs to roam freely. It provides no...","1","1844","","","","1","https://leashfree.ca/dog-parks/nat-bailey-stadium-dog-park/","no",""
"/dog-parks/nelson/","Dog Parks in Nelson BC | LeashFree.ca","Discover the best off-leash dog park in Nelson BC. Learn where dogs can run freely, explore forested trails, and enjoy pet-friendly spaces in this Kootenay town.","1","2336","","","","0","https://leashfree.ca/dog-parks/nelson/","no",""
"/dog-parks/nelson-dog-park/","Nelson Park (off-leash dog park) | LeashFree.ca","Nelson Park is a well-loved off-leash dog park in Vancouver. This park features a gravel surface and an open space for dogs to roam freely. It provides no water access, minimal sh...","1","1717","","","","1","https://leashfree.ca/dog-parks/nelson-dog-park/","no",""
"/dog-parks/nelson-dog-walk-lakeside-path/","Nelson Dog Walk Lakeside Leash-Free Path | LeashFree.ca","Nelson","1","1558","","","","1","https://leashfree.ca/dog-parks/nelson-dog-walk-lakeside-path/","no",""
"/dog-parks/new-brighton-dog-park-vancouver/","New Brighton Park (off-leash dog park) | LeashFree.ca","New Brighton Park is a well-loved off-leash dog park in Vancouver. This park features a sand surface and an open space for dogs to roam freely. It provides no water access, minima...","1","1780","","","","1","https://leashfree.ca/dog-parks/new-brighton-dog-park-vancouver/","no",""
"/dog-parks/new-brighton-dog-park-vancouver-65262/","New Brighton Park (off-leash dog park) | LeashFree.ca","New Brighton Park is a well-loved off-leash dog park in Vancouver. This park features a grass surface and an open space for dogs to roam freely. It provides no water access, minim...","1","1701","","","","1","https://leashfree.ca/dog-parks/new-brighton-dog-park-vancouver-65262/","no",""
"/dog-parks/new-westminster/","Dog Parks in New Westminster BC | LeashFree.ca","Discover off-leash dog parks in New Westminster, BC. From fenced enclosures to riverside trails, explore the best dog-friendly areas in the Royal City.","1","2655","","","","0","https://leashfree.ca/dog-parks/new-westminster/","no",""
"/dog-parks/niagara-falls/","Dog Parks in Niagara Falls Ontario | LeashFree.ca","Discover the best dog parks in Niagara Falls, Ontario. Explore safe, fenced off-leash areas where your dog can run, play, and socialize year-round.","1","2561","","","","0","https://leashfree.ca/dog-parks/niagara-falls/","no",""
"/dog-parks/niagara-falls-bark-park/","Niagara Falls Bark Park Leash-Free Dog Park | LeashFree.ca","Niagara Falls Bark Park is a neighborhood leash-free space with fenced grassy areas, great for socializing dogs in a quiet setting.","1","1574","","","","1","https://leashfree.ca/dog-parks/niagara-falls-bark-park/","no",""
"/dog-parks/niagara-falls-dog-park/","Niagara Falls Dog Park Leash-Free Dog Park | LeashFree.ca","Niagara Falls Dog Park is a fully fenced, leash-free destination featuring a small dog area and open space for off-leash fun.","1","1563","","","","1","https://leashfree.ca/dog-parks/niagara-falls-dog-park/","no",""
"/dog-parks/nicomekl-dog-area/","Nicomekl Dog Off-Leash Area | LeashFree.ca","The Nicomekl Dog Off-Leash Area offers dogs in Surrey wide open space to roam along scenic trail systems.","1","1443","","","","1","https://leashfree.ca/dog-parks/nicomekl-dog-area/","no",""
"/dog-parks/nipawin/","Off-Leash Dog Park in Nipawin SK | LeashFree.ca","Visit Nipawin’s fenced off-leash dog park in Saskatchewan. A safe and friendly space for your dog to run free, socialize, and enjoy outdoor playtime.","1","1808","","","","0","https://leashfree.ca/dog-parks/nipawin/","no",""
"/dog-parks/nipawin-dog-park/","Nipawin Dog Park Leash-Free Dog Park | LeashFree.ca","Nipawin Dog Park is a fully fenced dog park providing open space for pets to explore and socialize in Nipawin.","1","1448","","","","1","https://leashfree.ca/dog-parks/nipawin-dog-park/","no",""
"/dog-parks/no-3-road-dog-off-leash-park/","No. 3 Road Dog Off-Leash Park Leash-Free Dog Park | LeashFree.ca","No. 3 Road Dog Off-Leash Park is a convenient fenced dog area in Chilliwack where dogs can run freely in a safe, open space.","1","1517","","","","1","https://leashfree.ca/dog-parks/no-3-road-dog-off-leash-park/","no",""
"/dog-parks/north-battleford/","Off-Leash Dog Park in North Battleford SK | LeashFree.ca","Explore North Battleford’s fenced off-leash dog park — a secure and welcoming green space where your dog can run freely and safely in northwest Saskatchewan.","1","1837","","","","0","https://leashfree.ca/dog-parks/north-battleford/","no",""
"/dog-parks/north-battleford-off-leash-dog-park/","North Battleford Off-Leash Dog Park Leash-Free Dog Park | LeashFree.ca","North Battleford Off-Leash Dog Park is a fully fenced space where dogs can run, play, and socialize safely.","1","1523","","","","1","https://leashfree.ca/dog-parks/north-battleford-off-leash-dog-park/","no",""
"/dog-parks/north-whitby-off-leash-dog-park/","North Whitby Off-Leash Dog Park Leash-Free Dog Park | LeashFree.ca","North Whitby Off-Leash Dog Park is a fenced green space where local dogs can enjoy off-leash fun and make furry friends.","1","1468","","","","1","https://leashfree.ca/dog-parks/north-whitby-off-leash-dog-park/","no",""
"/dog-parks/norton-park/","Norton Park (Leash-Free Dog Area) | LeashFree.ca","Norton Park provides a well-equipped and secure environment for dogs to enjoy off-leash play in Burlington","1","1769","","","","1","https://leashfree.ca/dog-parks/norton-park/","no",""
"/dog-parks/norwood-park/","Norwood Park (Leash-Free Dog Area) | LeashFree.ca","Norwood Park offers a tidy, enclosed leash-free area in Toronto’s Upper Beaches, providing local dog owners with a safe and practical space for everyday dog exercise.","1","1820","","","","1","https://leashfree.ca/dog-parks/norwood-park/","no",""
"/dog-parks/nose-hill-park/","Nose Hill Park (Leash-Free Dog Area) | LeashFree.ca","Nose Hill Park offers Calgary dog owners a vast open space to roam. Its leash-free zones stretch across prairie grasslands and winding trails with views of the Rockies and city sk...","1","1642","","","","1","https://leashfree.ca/dog-parks/nose-hill-park/","no",""
"/dog-parks/oak-meadows-dog-park/","Oak Meadows Park (off-leash dog park) | LeashFree.ca","Oak Meadows Park is a well-loved off-leash dog park in Vancouver. This park features a grass surface and an open space for dogs to roam freely. It provides no water access, minima...","1","1729","","","","1","https://leashfree.ca/dog-parks/oak-meadows-dog-park/","no",""
"/dog-parks/oakcrest-parkette/","Oakcrest Parkette (Leash-Free Dog Area) | LeashFree.ca","Oakcrest Parkette is a quaint, fenced off-leash area nestled in East Danforth, offering a low-key, safe space for nearby residents to let their dogs play and socialize.","1","1834","","","","1","https://leashfree.ca/dog-parks/oakcrest-parkette/","no",""
"/dog-parks/oakes-road-dog-run/","Oakes Road Dog Run Leash-Free Dog Park in Grimsby, Ontario | LeashFree.ca","Oakes Road Dog Run features a long, secure, fully fenced dog run perfect for off-leash play in Grimsby.","1","1668","","","","1","https://leashfree.ca/dog-parks/oakes-road-dog-run/","no",""
"/dog-parks/oakes-road-north/","Oakes Road North Leash-Free Dog Park Leash-Free Dog Park | LeashFree.ca","Oakes Road North Leash-Free Dog Park is a fenced grassy area in Grimsby, perfect for safe off-leash playtime and exercise.","1","1520","","","","1","https://leashfree.ca/dog-parks/oakes-road-north/","no",""
"/dog-parks/oakville/","Dog Parks in Oakville, Ontario | Best Leash and leash Free Dog Parks | LeashFree.ca","Explore the best off-leash dog parks in Oakville, Ontario. Find fenced and unfenced leash-free zones, parking, and dog-friendly trails where pets can run, play, and socialize safely.","1","5016","","","","1","https://leashfree.ca/dog-parks/oakville/","no",""
"/dog-parks/on/","Ontario | LeashFree.ca","Browse dog parks and city dog park guides for Ontario.","1","28738","","","","1","https://leashfree.ca/dog-parks/on/","no",""
"/dog-parks/orphans-green/","Orphan's Green (Leash-Free Dog Area) | LeashFree.ca","Orphan","1","1680","","","","1","https://leashfree.ca/dog-parks/orphans-green/","no",""
"/dog-parks/oshawa/","Dog Parks in Oshawa Ontario | LeashFree.ca","Explore leash-free dog parks in Oshawa, Ontario. Find fenced off-leash spaces where your dog can play, socialize, and enjoy the outdoors safely.","1","1941","","","","1","https://leashfree.ca/dog-parks/oshawa/","no",""
"/dog-parks/oshawa-harmony-valley-park/","Harmony Valley Park Leash-Free Dog Park | LeashFree.ca","Harmony Valley Park in Oshawa is a large, popular leash-free destination with wooded trails, open meadows, and a dedicated area for small dogs.","1","1564","","","","1","https://leashfree.ca/dog-parks/oshawa-harmony-valley-park/","no",""
"/dog-parks/oswald-park-victoria/","Oswald Park Leash-Free Area | LeashFree.ca","Oswald Park is a low-key park in Victoria where dogs can enjoy off-leash play in a green and friendly setting.","1","1410","","","","1","https://leashfree.ca/dog-parks/oswald-park-victoria/","no",""
"/dog-parks/ottawa/","Dog Parks in Ottawa | LeashFree.ca","Discover the top leash-free dog parks in Ottawa. Explore fully fenced off-leash areas, wooded trails, and wide-open dog parks across the city.","1","4681","","","","0","https://leashfree.ca/dog-parks/ottawa/","no",""
"/dog-parks/oxbows-off-leash-dog-park/","Oxbows Off Leash Dog Park | LeashFree.ca","Oxbows Off Leash Dog Park is Red Deer","1","1518","","","","1","https://leashfree.ca/dog-parks/oxbows-off-leash-dog-park/","no",""
"/dog-parks/paisley-dog-park/","Paisley Dog Park | LeashFree.ca","Paisley Dog Park in Edmonton is a large, fully enclosed dog park that includes a small dog area and plenty of room for exercise.","1","1427","","","","1","https://leashfree.ca/dog-parks/paisley-dog-park/","no",""
"/dog-parks/palermo-park/","Palermo Park (Leash-Free Dog Area) | LeashFree.ca","Palermo Park offers Oakville residents a generous off-leash area within a larger multi-use park. With its expansive space, safety features, and surrounding walking trails, it","1","2105","","","","1","https://leashfree.ca/dog-parks/palermo-park/","no",""
"/dog-parks/pandora-dog-park-vancouver/","Pandora Park (off-leash dog park) | LeashFree.ca","Pandora Park is a well-loved off-leash dog park in Vancouver. This park features a grass surface and an open space for dogs to roam freely. It provides no water access, minimal sh...","1","1728","","","","1","https://leashfree.ca/dog-parks/pandora-dog-park-vancouver/","no",""
"/dog-parks/parc-canin-de-la-pente-douce/","Parc canin de la Pente-Douce Leash-Free Dog Park | LeashFree.ca","Parc canin de la Pente-Douce is a popular leash-free dog park in Quebec City, known for its spacious green area and friendly community. It’s a great spot for dogs to socialize and...","1","1677","","","","1","https://leashfree.ca/dog-parks/parc-canin-de-la-pente-douce/","no",""
"/dog-parks/parc-canin-saint-augustin-de-desmaures/","Parc canin Saint-Augustin-de-Desmaures Leash-Free Dog Park | LeashFree.ca","Parc canin Saint-Augustin-de-Desmaures is a large off-leash dog park near Quebec City, known for its calm surroundings and open space. It’s a great retreat for dogs and their owne...","1","1603","","","","1","https://leashfree.ca/dog-parks/parc-canin-saint-augustin-de-desmaures/","no",""
"/dog-parks/parc-de-duberger/","Parc de Duberger Leash-Free Dog Park | LeashFree.ca","Parc de Duberger is a designated off-leash dog park in Quebec City, known for its mix of wooded areas and open zones. Dogs can enjoy off-leash play while exploring nearby trails.","1","1599","","","","1","https://leashfree.ca/dog-parks/parc-de-duberger/","no",""
"/dog-parks/parc-de-la-louisianne-dog-park/","Parc de la Louisianne Dog Park | LeashFree.ca","Parc de la Louisianne Dog Park is a large leash-free area in Montreal, known for its green space and relaxed vibe. It’s ideal for energetic dogs looking to burn off steam.","1","1511","","","","1","https://leashfree.ca/dog-parks/parc-de-la-louisianne-dog-park/","no",""
"/dog-parks/parc-du-sault-au-recollet-dog-park/","Parc du Sault-au-Récollet Dog Park | LeashFree.ca","Parc du Sault-au-Récollet Dog Park is a charming leash-free area in Montreal, known for its tranquil setting near the river. It’s a hidden gem for dog lovers seeking peace and spa...","1","1534","","","","1","https://leashfree.ca/dog-parks/parc-du-sault-au-recollet-dog-park/","no",""
"/dog-parks/parc-jeanne-mance-dog-park/","Parc Jeanne-Mance Dog Park Leash-Free Dog Park | LeashFree.ca","Parc Jeanne-Mance Dog Park is a popular off-leash space in Montreal, loved for its downtown convenience and shaded spots. Dogs can roam freely while owners relax nearby.","1","1554","","","","1","https://leashfree.ca/dog-parks/parc-jeanne-mance-dog-park/","no",""
"/dog-parks/parc-laurier-dog-run/","Parc Laurier Dog Run Leash-Free Dog Park | LeashFree.ca","Parc Laurier Dog Run is a beloved leash-free dog park in Montreal, known for its lively atmosphere and central location. It’s a great place for dogs to play and socialize year-rou...","1","1524","","","","1","https://leashfree.ca/dog-parks/parc-laurier-dog-run/","no",""
"/dog-parks/parc-sir-wilfrid-laurier-dog-park/","Parc Sir-Wilfrid-Laurier Dog Park | LeashFree.ca","Parc Sir-Wilfrid-Laurier Dog Park is a popular leash-free dog park in Montreal, known for its vibrant atmosphere and convenient Plateau location. It’s a great spot for dogs to run...","1","1555","","","","1","https://leashfree.ca/dog-parks/parc-sir-wilfrid-laurier-dog-park/","no",""
"/dog-parks/park-n-bark-off-leash-dog-area/","Park ’n’ Bark Off-Leash Dog Area | LeashFree.ca","Park ’n’ Bark Off-Leash Dog Area in North Lethbridge is a compact, fenced space where dogs can safely exercise and socialize.","1","1509","","","","1","https://leashfree.ca/dog-parks/park-n-bark-off-leash-dog-area/","no",""
"/dog-parks/parkway-belt-dog-park/","Parkway Belt Park (Leash-Free Dog Area) | LeashFree.ca","Parkway Belt Leash-Free Dog Park offers a large, grassy space where dogs can run and socialize off-leash. Conveniently located near major roads, it’s a great option for both short...","1","1841","","","","1","https://leashfree.ca/dog-parks/parkway-belt-dog-park/","no",""
"/dog-parks/pathfinder-park/","Pathfinder Park (Leash-Free Dog Area) | LeashFree.ca","Pathfinder Park offers a dedicated leash-free area in Burlington","1","1676","","","","1","https://leashfree.ca/dog-parks/pathfinder-park/","no",""
"/dog-parks/paul-coffey-park/","Paul Coffey Park (Leash-Free Dog Park) | LeashFree.ca","Set within the dynamic Paul Coffey Park in Malton, the leash-free area provides a secure environment for dogs to roam and play while owners relax and connect with fellow pet lover...","1","1792","","","","1","https://leashfree.ca/dog-parks/paul-coffey-park/","no",""
"/dog-parks/paul-mostoway-dog-park/","Paul Mostoway Dog Park Leash-Free Dog Park | LeashFree.ca","Paul Mostoway Dog Park in Saskatoon provides an open off-leash area in a peaceful suburban setting, great for regular dog walks.","1","1467","","","","1","https://leashfree.ca/dog-parks/paul-mostoway-dog-park/","no",""
"/dog-parks/peach-park-chilliwack/","Peach Park Leash-Free Dog Park | LeashFree.ca","Peach Park is a cozy neighborhood leash-free dog park in Chilliwack, ideal for dogs to stretch their legs and play.","1","1483","","","","1","https://leashfree.ca/dog-parks/peach-park-chilliwack/","no",""
"/dog-parks/pearce-estate-park-off-leash-area/","Pearce Estate Park (Leash-Free Riverside Nature) | LeashFree.ca","Pearce Estate Park provides a beautiful riverside setting for dogs and owners to enjoy nature walks and off-leash time amid wetlands and trails.","1","1646","","","","1","https://leashfree.ca/dog-parks/pearce-estate-park-off-leash-area/","no",""
"/dog-parks/pearson-park-chilliwack/","Pearson Park Leash-Free Dog Park | LeashFree.ca","Pearson Park in Chilliwack is a quiet green space where dogs can enjoy some leash-free time in the neighborhood.","1","1460","","","","1","https://leashfree.ca/dog-parks/pearson-park-chilliwack/","no",""
"/dog-parks/peenaquim-park-off-leash-area/","Peenaquim Park Off-Leash Area | LeashFree.ca","Peenaquim Park Off-Leash Area is the largest dog park in Lethbridge, offering wide-open space and scenic trails along the river valley.","1","1529","","","","1","https://leashfree.ca/dog-parks/peenaquim-park-off-leash-area/","no",""
"/dog-parks/pemberton-park-victoria/","Pemberton Park Leash-Free Area | LeashFree.ca","Pemberton Park in Victoria is a welcoming green space where dogs can enjoy off-leash play in a peaceful setting.","1","1437","","","","1","https://leashfree.ca/dog-parks/pemberton-park-victoria/","no",""
"/dog-parks/peter-misersky-park/","Peter Misersky Park (Leash-Free Dog Area) | LeashFree.ca","Peter Misersky Park in Guelph is a popular destination for dog owners looking to let their pets roam in a large, leash-free environment. While unfenced, the area is surrounded by...","1","1696","","","","1","https://leashfree.ca/dog-parks/peter-misersky-park/","no",""
"/dog-parks/pickering/","Dog Parks in Pickering Ontario | LeashFree.ca","Looking for leash-free dog parks in Pickering, Ontario? Discover safe, fenced spaces where dogs can run, play, and socialize off-leash year-round.","1","2223","","","","0","https://leashfree.ca/dog-parks/pickering/","no",""
"/dog-parks/pickering-dog-park/","Pickering Dog Park Leash-Free Dog Park | LeashFree.ca","Pickering Dog Park is a friendly, fenced-in area for local dog owners to enjoy off-leash fun with their pets.","1","1444","","","","1","https://leashfree.ca/dog-parks/pickering-dog-park/","no",""
"/dog-parks/pocket-designated-off-leash-area/","The Pocket – Phin Avenue Parkette (Leash-Free Dog Area) | LeashFree.ca","The Pocket’s Phin Avenue Parkette offers a charming, neighborhood-centric leash-free zone with just the right amount of space and shade for relaxed, off-leash outings.","1","1842","","","","1","https://leashfree.ca/dog-parks/pocket-designated-off-leash-area/","no",""
"/dog-parks/point-pleasant-park/","Point Pleasant Park Leash-Free Dog Park | LeashFree.ca","Point Pleasant Park is a beloved leash-free dog park in Halifax, known for coastal scenery and well-marked off-leash trails. It is a great place for dogs to explore wide paths and...","1","1718","","","","1","https://leashfree.ca/dog-parks/point-pleasant-park/","no",""
"/dog-parks/popson-park-off-leash-area/","Popson Park Off-Leash Area | LeashFree.ca","Popson Park Off-Leash Area in Lethbridge is a nature-filled park with river access and winding trails perfect for adventurous dogs.","1","1474","","","","1","https://leashfree.ca/dog-parks/popson-park-off-leash-area/","no",""
"/dog-parks/portage-la-prairie/","Off-Leash Dog Parks in Portage la Prairie MB | LeashFree.ca","Discover off-leash dog parks in Portage la Prairie Manitoba. Explore fenced parks and scenic trails where your dog can run freely and safely.","1","1993","","","","0","https://leashfree.ca/dog-parks/portage-la-prairie/","no",""
"/dog-parks/post-park/","Post Park (Leash-Free Dog Area) | LeashFree.ca","Post Park offers Oakville residents a serene and secure environment for off-leash dog play. With its shaded areas, separate sections for different dog sizes, and additional family...","1","1982","","","","1","https://leashfree.ca/dog-parks/post-park/","no",""
"/dog-parks/pottersburg-fido-off-leash-dog-area/","Pottersburg-FIDO Off-Leash Dog Area | LeashFree.ca","Pottersburg-FIDO Off-Leash Dog Area in London is a large, well-maintained park with shaded trails and separate spaces for small and large dogs. It’s ideal for safe play and commun...","1","1722","","","","1","https://leashfree.ca/dog-parks/pottersburg-fido-off-leash-dog-area/","no",""
"/dog-parks/powell-park/","Powell Park Dog Park in Hamilton, Ontario | LeashFree.ca","Powell Park provides a small neighborhood green space with paved walking paths for quick on-leash dog walks in Hamilton.","1","1607","","","","1","https://leashfree.ca/dog-parks/powell-park/","no",""
"/dog-parks/primrose-park/","Primrose Park Leash-Free Dog Park | LeashFree.ca","Primrose Park offers a compact leash-free space for downtown Ottawa residents, perfect for quick dog play breaks.","1","1454","","","","1","https://leashfree.ca/dog-parks/primrose-park/","no",""
"/dog-parks/prince-albert/","Off-Leash Dog Park in Prince Albert SK | LeashFree.ca","Explore Prince Albert’s fenced off-leash dog park — a safe space in northern Saskatchewan where dogs can run freely and socialize outdoors.","1","1782","","","","0","https://leashfree.ca/dog-parks/prince-albert/","no",""
"/dog-parks/prospect-park-halton-hills/","Prospect Park Leash Free Dog Park in Halton Hills, Ontario | LeashFree.ca","Prospect Park provides a fully fenced off-leash dog park with grass surface and easy access for Acton and Halton Hills residents.","1","1696","","","","1","https://leashfree.ca/dog-parks/prospect-park-halton-hills/","no",""
"/dog-parks/pump-hill-off-leash-area/","Pump Hill Off-Leash Area (Quiet Residential Trail) | LeashFree.ca","The Pump Hill Off-Leash Area offers a peaceful tree-lined walking path in a quiet residential neighborhood, perfect for dogs that enjoy a relaxed stroll.","1","1664","","","","1","https://leashfree.ca/dog-parks/pump-hill-off-leash-area/","no",""
"/dog-parks/qc/","Quebec | LeashFree.ca","Browse dog parks and city dog park guides for Quebec.","1","3844","","","","1","https://leashfree.ca/dog-parks/qc/","no",""
"/dog-parks/qoqolem-park-chilliwack/","Qoqó:lem Park Leash-Free Dog Park | LeashFree.ca","Qoqólem Park is a scenic leash-free dog park in Chilliwack featuring a 3 km gravel trail loop with sweeping views of the Vedder River Valley. It’s a local favorite for hiking with...","1","2249","","","","1","https://leashfree.ca/dog-parks/qoqolem-park-chilliwack/","no",""
"/dog-parks/quebec-city/","Dog Parks in Quebec City | LeashFree.ca","Explore Quebec City’s many dog parks and off-leash areas — fenced spaces for safe canine play, with options throughout the city’s beautiful boroughs.","1","2418","","","","0","https://leashfree.ca/dog-parks/quebec-city/","no",""
"/dog-parks/queen-elizabeth-dog-park/","Queen Elizabeth Park (off-leash dog park) | LeashFree.ca","Queen Elizabeth Park is a well-loved off-leash dog park in Vancouver. This park features a grass surface and an open space for dogs to roam freely. It provides no water access, mi...","1","1756","","","","1","https://leashfree.ca/dog-parks/queen-elizabeth-dog-park/","no",""
"/dog-parks/queens-park/","Queens Park Leash Free Area | LeashFree.ca","Queens Park is a low-key dog park in Ladysmith, perfect for casual off-leash fun in a green open space.","1","1440","","","","1","https://leashfree.ca/dog-parks/queens-park/","no",""
"/dog-parks/queens-park-new-westminster/","Queen's Park Leash Free Dog Park | LeashFree.ca","Queen","1","1508","","","","1","https://leashfree.ca/dog-parks/queens-park-new-westminster/","no",""
"/dog-parks/queensborough-new-westminster/","Queensborough Dog Park Leash Free Area | LeashFree.ca","Queensborough Dog Park offers a quiet, fenced-off leash area in New Westminster for safe and social canine outings.","1","1498","","","","1","https://leashfree.ca/dog-parks/queensborough-new-westminster/","no",""
"/dog-parks/queensland-off-leash-area/","Queensland Park (Off-Leash Area) | LeashFree.ca","Queensland Off-Leash Area offers wooded trails and natural beauty for dogs and their owners who prefer a more rustic walking experience.","1","1519","","","","1","https://leashfree.ca/dog-parks/queensland-off-leash-area/","no",""
"/dog-parks/quenippenon-park/","Quenippenon Park (Leash-Free Dog Park) | LeashFree.ca","Tucked inside the busy Quenippenon Park, this leash-free area is a favorite among nearby dog owners for its convenience and secure play space.","1","1795","","","","1","https://leashfree.ca/dog-parks/quenippenon-park/","no",""
"/dog-parks/quilchena-dog-park/","Quilchena Park (off-leash dog park) | LeashFree.ca","Quilchena Park is a well-loved off-leash dog park in Vancouver. This park features a grass surface and an open space for dogs to roam freely. It provides no water access, minimal...","1","1715","","","","1","https://leashfree.ca/dog-parks/quilchena-dog-park/","no",""
"/dog-parks/quinte-dog-park/","Quinte Dog Park Leash Free Dog Park | LeashFree.ca","Quinte Dog Park is a beloved fenced dog park in Belleville, offering shaded areas and open grassy fields for dogs to run and socialize.","1","1534","","","","1","https://leashfree.ca/dog-parks/quinte-dog-park/","no",""
"/dog-parks/quinte-west/","Dog Parks in Quinte West Ontario | LeashFree.ca","Find off-leash dog parks and scenic trails in Quinte West, Ontario. Enjoy fenced spaces and pet-friendly paths throughout this welcoming community.","1","2216","","","","0","https://leashfree.ca/dog-parks/quinte-west/","no",""
"/dog-parks/ramsay-off-leash-area/","Ramsay Off-Leash Area (Community Hilltop Zone) | LeashFree.ca","Set atop a gentle hill, Ramsay’s off-leash zone provides panoramic views and open space for dog owners seeking a natural city escape.","1","1613","","","","1","https://leashfree.ca/dog-parks/ramsay-off-leash-area/","no",""
"/dog-parks/ramsden-park/","Ramsden Park (Leash-Free Dog Area) | LeashFree.ca","Ramsden Park offers a feature-rich leash-free dog area with separate zones for small and large dogs, all within a central downtown green space.","1","1712","","","","1","https://leashfree.ca/dog-parks/ramsden-park/","no",""
"/dog-parks/raven-park-ladysmith/","Raven Park Leash-Free Area | LeashFree.ca","Raven Park in Ladysmith is a peaceful off-leash space for neighborhood dogs to stretch their legs and enjoy the outdoors.","1","1449","","","","1","https://leashfree.ca/dog-parks/raven-park-ladysmith/","no",""
"/dog-parks/raymore-park/","Raymore Park Leash-Free Dog Park | LeashFree.ca","Raymore Park is a modest community off-leash park in Etobicoke, offering open grassy areas for dogs to play.","1","1467","","","","1","https://leashfree.ca/dog-parks/raymore-park/","no",""
"/dog-parks/red-deer/","Off-Leash Dog Parks in Red Deer AB | LeashFree.ca","Discover the top off-leash dog parks in Red Deer Alberta. Explore fenced areas, wooded trails, and natural green spaces where your dog can roam freely.","1","2203","","","","0","https://leashfree.ca/dog-parks/red-deer/","no",""
"/dog-parks/regent-park/","Regent Park (Leash-Free Dog Area) | LeashFree.ca","Regent Park features a compact, fully fenced dog park in the heart of downtown Toronto, ideal for quick visits and city pup socialization.","1","1651","","","","1","https://leashfree.ca/dog-parks/regent-park/","no",""
"/dog-parks/regina/","Off-Leash Dog Parks in Regina SK | LeashFree.ca","Discover Regina’s top off-leash dog parks, including naturalized trails and fenced spaces. Explore where your dog can safely play across Saskatchewan’s capital city.","1","3017","","","","0","https://leashfree.ca/dog-parks/regina/","no",""
"/dog-parks/renfrew-community-dog-park/","Renfrew Community Park (off-leash dog park) | LeashFree.ca","Renfrew Community Park is a well-loved off-leash dog park in Vancouver. This park features a grass,sand, wood surface and an open space for dogs to roam freely. It provides no wat...","1","1790","","","","1","https://leashfree.ca/dog-parks/renfrew-community-dog-park/","no",""
"/dog-parks/renfrew-off-leash-park/","Renfrew Off-Leash Park (NE Calgary) | LeashFree.ca","Renfrew Off-Leash Park is a spacious area in Calgary","1","1715","","","","1","https://leashfree.ca/dog-parks/renfrew-off-leash-park/","no",""
"/dog-parks/reservoir-park-wolfville/","Reservoir Park Leash-Free Dog Park | LeashFree.ca","Reservoir Park in Wolfville is a scenic leash-free destination with a dog-friendly beach and surrounding trails. It’s a great spot for dogs to swim, explore, and socialize.","1","1554","","","","1","https://leashfree.ca/dog-parks/reservoir-park-wolfville/","no",""
"/dog-parks/restoule/","Dog-Friendly Spaces in Restoule Ontario | LeashFree.ca","Explore dog-friendly spaces in Restoule, Ontario. While there’s no fenced dog park, discover off-leash-friendly trails and nature areas in and around Restoule Provincial Park.","1","2049","","","","0","https://leashfree.ca/dog-parks/restoule/","no",""
"/dog-parks/restoule-provincial-park/","Restoule Provincial Park Leash-Free Dog Park | LeashFree.ca","Restoule Provincial Park features an off-leash beach and scenic hiking trails, making it an ideal spot for adventurous dogs and their owners.","1","1656","","","","1","https://leashfree.ca/dog-parks/restoule-provincial-park/","no",""
"/dog-parks/river-park-off-leash-area/","River Park Off-Leash Area (SW Calgary) | LeashFree.ca","River Park Off-Leash Area is a vibrant community space along the Elbow River, offering lush grass and scenic pathways for dogs and owners alike.","1","1633","","","","1","https://leashfree.ca/dog-parks/river-park-off-leash-area/","no",""
"/dog-parks/riverain-fenced-dog-park/","Riverain Fenced Dog Park | LeashFree.ca","Located along the Rideau River, Riverain Fenced Dog Park provides a convenient leash-free space for local dogs and their owners to enjoy fresh air and social time.","1","1507","","","","1","https://leashfree.ca/dog-parks/riverain-fenced-dog-park/","no",""
"/dog-parks/riverdale-off-leash-area/","Riverdale Off-Leash Area (Riverside Greenway) | LeashFree.ca","Riverdale’s off-leash area merges nature and city with riverside trails, trees, and open space for an immersive dog-walking experience.","1","1611","","","","1","https://leashfree.ca/dog-parks/riverdale-off-leash-area/","no",""
"/dog-parks/riverdale-park-east/","Riverdale Park East (Leash-Free Dog Area) | LeashFree.ca","Riverdale Park East’s off-leash dog area provides generous space, downtown views, and a welcoming environment for both dogs and owners. A must-visit for Toronto’s east end pet lov...","1","1823","","","","1","https://leashfree.ca/dog-parks/riverdale-park-east/","no",""
"/dog-parks/riverdale-park-west/","Riverdale Park West (Leash-Free Dog Area) | LeashFree.ca","Riverdale Park West combines city views and community charm, offering a fenced dog park with shaded seating just steps away from Riverdale Farm.","1","1752","","","","1","https://leashfree.ca/dog-parks/riverdale-park-west/","no",""
"/dog-parks/riverside-park-guelph/","Riverside Park (Dogs Allowed Area) | LeashFree.ca","Riverside Park in Guelph is a beautiful green space where dogs are welcome on-leash. With expansive walking trails and riverside paths, it’s perfect for daily strolls and exercise.","1","1730","","","","1","https://leashfree.ca/dog-parks/riverside-park-guelph/","no",""
"/dog-parks/riverstone-dog-park/","RiverStone Dog Park | LeashFree.ca","RiverStone Dog Park is a fenced neighborhood park in Lethbridge where dogs can safely run and play in a grassy, welcoming setting.","1","1465","","","","1","https://leashfree.ca/dog-parks/riverstone-dog-park/","no",""
"/dog-parks/rj-gidluck-park/","R.J. Gidluck Park Leash-Free Dog Park | LeashFree.ca","R.J. Gidluck Park is a dog-friendly space in Warman featuring seating and a fountain, though leash rules are not clearly posted.","1","1535","","","","1","https://leashfree.ca/dog-parks/rj-gidluck-park/","no",""
"/dog-parks/robert-burnaby-park/","Robert Burnaby Park Leash-Free Area | LeashFree.ca","Robert Burnaby Park features a natural, wooded setting with off-leash trails and wide open spaces for adventurous dogs.","1","1446","","","","1","https://leashfree.ca/dog-parks/robert-burnaby-park/","no",""
"/dog-parks/roly-bird-park/","Roly Bird Park (Leash-Free Dog Area) | LeashFree.ca","Roly Bird Park provides a welcoming leash-free environment for dogs in Burlington. With its secure fencing, wood chip surface, and shaded seating areas, it","1","1732","","","","1","https://leashfree.ca/dog-parks/roly-bird-park/","no",""
"/dog-parks/root-street-park-ladysmith/","Root Street Park Leash-Free Area | LeashFree.ca","Root Street Park is a small, convenient dog park in Ladysmith offering off-leash green space for nearby residents.","1","1464","","","","1","https://leashfree.ca/dog-parks/root-street-park-ladysmith/","no",""
"/dog-parks/ross-industrial-off-leash-dog-park/","Ross Industrial Off-Leash Dog Park Leash-Free Dog Park | LeashFree.ca","Ross Industrial Off-Leash Dog Park is a fenced, bowl-shaped park in Regina that provides a secure and open area for off-leash fun.","1","1554","","","","1","https://leashfree.ca/dog-parks/ross-industrial-off-leash-dog-park/","no",""
"/dog-parks/rotary-park-ajax/","Rotary Park Leash-Free Dog Park | LeashFree.ca","Rotary Park in Ajax is a dog-friendly waterfront space where dogs can enjoy off-leash time in nature, with access to trails and Lake Ontario.","1","1523","","","","1","https://leashfree.ca/dog-parks/rotary-park-ajax/","no",""
"/dog-parks/rotary-park-off-leash-area/","Rotary Park Off-Leash Area (NE Calgary) | LeashFree.ca","Perched atop a hillside in Calgary","1","1798","","","","1","https://leashfree.ca/dog-parks/rotary-park-off-leash-area/","no",""
"/dog-parks/rotary-park-off-leash-area-sydney/","Rotary Park Off-Leash Dog Park | LeashFree.ca","Rotary Park Off-Leash Area in Sydney is a large natural space with trails and wooded areas where dogs can explore off-leash in a marked zone.","1","1575","","","","1","https://leashfree.ca/dog-parks/rotary-park-off-leash-area-sydney/","no",""
"/dog-parks/roth-park/","Roth Park (Leash-Free Dog Area) | LeashFree.ca","Roth Park in Woodstock features a 2.47-acre leash-free area by Pittock Lake, offering a scenic environment for dogs and their owners. With seasonal washrooms and convenient parkin...","1","1696","","","","1","https://leashfree.ca/dog-parks/roth-park/","no",""
"/dog-parks/rowcliffe-park-kelowna/","Rowcliffe Park Leash-Free Area | LeashFree.ca","Rowcliffe Park in downtown Kelowna provides a convenient fenced dog run for local residents and their pets.","1","1411","","","","1","https://leashfree.ca/dog-parks/rowcliffe-park-kelowna/","no",""
"/dog-parks/roxboro-off-leash-area/","Roxboro Off-Leash Area (Near Elbow River) | LeashFree.ca","Roxboro Off-Leash Area is a quiet riverside retreat with natural shade, perfect for peaceful walks with your pup just off Calgary’s Elbow River path.","1","1619","","","","1","https://leashfree.ca/dog-parks/roxboro-off-leash-area/","no",""
"/dog-parks/royal-oaks-neighbourhood-off-leash-area/","Royal Oaks Neighbourhood Off-Leash Area | LeashFree.ca","Royal Oaks Neighbourhood Off-Leash Area is a grassy, unfenced dog zone in Grande Prairie designed for relaxed play and socialization.","1","1546","","","","1","https://leashfree.ca/dog-parks/royal-oaks-neighbourhood-off-leash-area/","no",""
"/dog-parks/rushdale-park/","Rushdale Park Dog Park in Hamilton, Ontario | LeashFree.ca","Rushdale Park offers open space and paved paths for relaxing on-leash walks with your dog in Hamilton","1","1598","","","","1","https://leashfree.ca/dog-parks/rushdale-park/","no",""
"/dog-parks/ruth-johnson-park/","Ruth Johnson Park Leash-Free Trails | LeashFree.ca","Ruth Johnson Park offers scenic off-leash trails through the forest in White Rock, perfect for adventurous dogs and owners.","1","1496","","","","1","https://leashfree.ca/dog-parks/ruth-johnson-park/","no",""
"/dog-parks/rutland-recreation-park-kelowna/","Rutland Recreation Park Leash-Free Area | LeashFree.ca","Rutland Recreation Park in Kelowna offers a spacious off-leash area for dogs to socialize and run freely in a well-maintained environment.","1","1512","","","","1","https://leashfree.ca/dog-parks/rutland-recreation-park-kelowna/","no",""
"/dog-parks/sackville-lakes-provincial-park/","Sackville Lakes Provincial Park Leash-Free Dog Park | LeashFree.ca","Sackville Lakes Provincial Park is a scenic leash-free area in Lower Sackville, popular for its wooded trails and lakeside access. It offers plenty of natural space for dogs to ex...","1","1619","","","","1","https://leashfree.ca/dog-parks/sackville-lakes-provincial-park/","no",""
"/dog-parks/sand-bay-county-park/","Sand Bay County Park Leash-Free Dog Park | LeashFree.ca","Sand Bay County Park in Athens is a peaceful, natural lakeside space where dogs can roam off-leash along trails and the shoreline.","1","1540","","","","1","https://leashfree.ca/dog-parks/sand-bay-county-park/","no",""
"/dog-parks/sandstone-area-1-off-leash-dog-park/","Sandstone Area 1 Off-Leash Dog Park (NW Calgary) | LeashFree.ca","Sandstone Area 1 Off-Leash Dog Park offers a natural environment for dogs to enjoy off-leash freedom in Calgary","1","1590","","","","1","https://leashfree.ca/dog-parks/sandstone-area-1-off-leash-dog-park/","no",""
"/dog-parks/sandy-beach-off-leash-area/","Sandy Beach Off-Leash Area (SW Calgary) | LeashFree.ca","Sandy Beach Park Off-Leash Area is a well-loved riverside destination where dogs can run, play, and splash along the Elbow River in southwest Calgary.","1","1602","","","","1","https://leashfree.ca/dog-parks/sandy-beach-off-leash-area/","no",""
"/dog-parks/sandy-bruce-park/","Sandy Bruce Park (Leash-Free Dog Area) | LeashFree.ca","Sandy Bruce Park features a modest fenced dog area with shade and seating, making it a hidden gem for dog owners in East York seeking a relaxed and local off-leash experience.","1","1767","","","","1","https://leashfree.ca/dog-parks/sandy-bruce-park/","no",""
"/dog-parks/sandy-lake-park/","Sandy Lake Park Leash-Free Dog Park | LeashFree.ca","Sandy Lake Park is a popular leash-free dog park in Bedford, known for its wooded trails and dog-friendly beach. It’s a perfect destination for dogs who love to hike and swim.","1","1572","","","","1","https://leashfree.ca/dog-parks/sandy-lake-park/","no",""
"/dog-parks/saratoga-dog-park/","Saratoga Dog Park | LeashFree.ca","Saratoga Dog Park in Medicine Hat is a fully fenced off-leash area with agility equipment, potable water, benches, and shade for dogs and owners.","1","1474","","","","1","https://leashfree.ca/dog-parks/saratoga-dog-park/","no",""
"/dog-parks/saskatoon/","Off-Leash Dog Parks in Saskatoon SK | LeashFree.ca","Find the best off-leash dog parks in Saskatoon, Saskatchewan. Explore fenced play areas, open trails, and dog-friendly parks across the city.","1","3488","","","","0","https://leashfree.ca/dog-parks/saskatoon/","no",""
"/dog-parks/scarborough-heights-park/","Scarborough Heights Park (Leash-Free Dog Area) | LeashFree.ca","Scarborough Heights Park offers a beautiful and open leash-free experience just steps from the Bluffs. Though not fenced, it’s perfect for confident off-leash dogs who love to roa...","1","1829","","","","1","https://leashfree.ca/dog-parks/scarborough-heights-park/","no",""
"/dog-parks/scenic-drive-dog-run/","Scenic Drive Dog Run | LeashFree.ca","Scenic Drive Dog Run in Lethbridge is a convenient off-leash corridor perfect for urban dog walks along a fenced linear path.","1","1484","","","","1","https://leashfree.ca/dog-parks/scenic-drive-dog-run/","no",""
"/dog-parks/seasonal-rink-dog-parks-regina/","Seasonal Rink Dog Parks (Various Locations) Leash-Free Dog Park | LeashFree.ca","Regina offers seasonal off-leash dog areas at boarded rink sites across the city from May through September, giving dogs a summer place to play.","1","1664","","","","1","https://leashfree.ca/dog-parks/seasonal-rink-dog-parks-regina/","no",""
"/dog-parks/selkirk/","Off-Leash Dog Parks in Selkirk MB | LeashFree.ca","Discover off-leash dog parks in Selkirk Manitoba. Explore fenced spaces and local walking trails where your dog can play safely near Winnipeg.","1","1946","","","","0","https://leashfree.ca/dog-parks/selkirk/","no",""
"/dog-parks/semiahmoo-park/","Semiahmoo Park Leash-Free Area | LeashFree.ca","Semiahmoo Park in White Rock provides a beautiful coastal experience with off-leash access along the beach and trails for dogs.","1","1550","","","","1","https://leashfree.ca/dog-parks/semiahmoo-park/","no",""
"/dog-parks/seton-off-leash-area/","Seton Park (Off-Leash Area) | LeashFree.ca","Seton Off-Leash Area gives residents in southeast Calgary a designated space to enjoy outdoor time with their furry friends.","1","1516","","","","1","https://leashfree.ca/dog-parks/seton-off-leash-area/","no",""
"/dog-parks/shaughnessy/","Shaughnessy Dog Park Leash Free Area | LeashFree.ca","Shaughnessy Dog Park is a cozy off-leash park in Coquitlam with gravel terrain and a fenced space for dogs to play safely.","1","1457","","","","1","https://leashfree.ca/dog-parks/shaughnessy/","no",""
"/dog-parks/shearwater-flyer-off-leash-dog-park/","Shearwater Flyer Off-Leash Dog Park | LeashFree.ca","Shearwater Flyer Off-Leash Dog Park is a convenient leash-free park in Eastern Passage, featuring a fenced space with seating and trail access.","1","1557","","","","1","https://leashfree.ca/dog-parks/shearwater-flyer-off-leash-dog-park/","no",""
"/dog-parks/sheffield-dog-off-leash-area/","Sheffield Dog Off Leash Area Leash-Free Dog Park | LeashFree.ca","Sheffield Dog Off Leash Area is a local fenced park in Chilliwack where dogs can play freely on open grassy terrain.","1","1553","","","","1","https://leashfree.ca/dog-parks/sheffield-dog-off-leash-area/","no",""
"/dog-parks/shell-dog-park/","Shell Dog Park (Leash-Free Dog Area) | LeashFree.ca","Shell Dog Park in Oakville provides a secure and welcoming environment for dogs to play off-leash. With its separate areas for different dog sizes, ample amenities, and proximity...","1","2115","","","","1","https://leashfree.ca/dog-parks/shell-dog-park/","no",""
"/dog-parks/sherwood-park/","Sherwood Park (Leash-Free Dog Area) | LeashFree.ca","Sherwood Park offers a rare off-leash trail experience in the city, with forested paths, scenic beauty, and space for dogs to roam naturally in a peaceful midtown setting.","1","1862","","","","1","https://leashfree.ca/dog-parks/sherwood-park/","no",""
"/dog-parks/shubie-park/","Shubie Park Leash-Free Dog Park | LeashFree.ca","Shubie Park is a popular leash-free dog park in Dartmouth, known for wooded trails and a lakeside dog beach. It is a great spot for dogs to run, swim, and socialize in a natural s...","1","1606","","","","1","https://leashfree.ca/dog-parks/shubie-park/","no",""
"/dog-parks/silvercreek-park/","Silvercreek Park (Leash-Free Dog Area) | LeashFree.ca","Silvercreek Park in Guelph features a tranquil leash-free area along the trail system, ideal for well-trained dogs to roam freely amidst natural surroundings.","1","1761","","","","1","https://leashfree.ca/dog-parks/silvercreek-park/","no",""
"/dog-parks/silverwood-dog-park/","Silverwood Dog Park Leash-Free Dog Park | LeashFree.ca","Silverwood Dog Park in Saskatoon is a riverside off-leash area with scenic terrain perfect for dogs who love natural adventures.","1","1462","","","","1","https://leashfree.ca/dog-parks/silverwood-dog-park/","no",""
"/dog-parks/sir-casimir-gzowski-park/","Sir Casimir Gzowski Park Dog Park on Toronto Waterfront | LeashFree.ca","Sir Casimir Gzowski Park offers lakefront trails, beaches, and green lawns for relaxing on-leash dog walks along Toronto’s waterfront.","1","1725","","","","1","https://leashfree.ca/dog-parks/sir-casimir-gzowski-park/","no",""
"/dog-parks/sir-casimir-gzowski-park-etobicoke/","Sir Casimir Gzowski Park Leash-Free Dog Park | LeashFree.ca","Sir Casimir Gzowski Park is a pleasant off-leash green space along Toronto","1","1538","","","","1","https://leashfree.ca/dog-parks/sir-casimir-gzowski-park-etobicoke/","no",""
"/dog-parks/sixteen-mile-sports-complex/","Sixteen Mile Sports Complex (Leash-Free Dog Park) | LeashFree.ca","Located within the expansive Sixteen Mile Sports Complex, this leash-free dog park offers a secure and welcoming environment for dogs to enjoy off-leash play. With ample space, co...","1","1903","","","","1","https://leashfree.ca/dog-parks/sixteen-mile-sports-complex/","no",""
"/dog-parks/skyview-ranch-off-leash-area/","Skyview Ranch Off-Leash Area (NE Calgary) | LeashFree.ca","Skyview Ranch Off-Leash Area offers a quiet, grassy space where dogs can roam freely in Calgary’s northeast.","1","1614","","","","1","https://leashfree.ca/dog-parks/skyview-ranch-off-leash-area/","no",""
"/dog-parks/snetsinger-park-cornwall/","Snetsinger Park Leash Free Dog Park | LeashFree.ca","Snetsinger Park in Cornwall is a peaceful green space perfect for leashed dog walks among trees and grassy areas.","1","1425","","","","1","https://leashfree.ca/dog-parks/snetsinger-park-cornwall/","no",""
"/dog-parks/sorauren-avenue-park/","Sorauren Avenue Park Leash-Free Dog Park in Toronto, Ontario | LeashFree.ca","Sorauren Avenue Park offers a secure, shaded off-leash area popular with Roncesvalles residents and their energetic pups.","1","1664","","","","1","https://leashfree.ca/dog-parks/sorauren-avenue-park/","no",""
"/dog-parks/south-bear-creek-off-leash-dog-park/","South Bear Creek Off-Leash Dog Park | LeashFree.ca","South Bear Creek Off-Leash Dog Park in Grande Prairie is a popular, fully fenced dog park featuring designated zones, trails, and shaded spots.","1","1550","","","","1","https://leashfree.ca/dog-parks/south-bear-creek-off-leash-dog-park/","no",""
"/dog-parks/south-courtice-dog-park/","South Courtice Dog Park | LeashFree.ca","South Courtice Dog Park is a new and open off-leash space for local pet owners, featuring grassy play areas and easy parking.","1","1525","","","","1","https://leashfree.ca/dog-parks/south-courtice-dog-park/","no",""
"/dog-parks/south-shore-vet-dog-zone/","South Shore Vet Dog Zone Leash-Free Dog Park | LeashFree.ca","South Shore Vet Dog Zone is a popular leash-free dog park in Bridgewater, known for its fully fenced space and separate small-dog area. It is a convenient spot for dogs to run, so...","1","1686","","","","1","https://leashfree.ca/dog-parks/south-shore-vet-dog-zone/","no",""
"/dog-parks/southward-community-park/","Southward Community Leash-Free Dog Park in Grimsby, Ontario | LeashFree.ca","Southward Community Park includes a fenced leash-free area with plenty of open grass for dogs to run and play off-leash in Grimsby.","1","1688","","","","1","https://leashfree.ca/dog-parks/southward-community-park/","no",""
"/dog-parks/southwest-dog-park-saskatoon/","Southwest Dog Park Leash-Free Dog Park | LeashFree.ca","Southwest Dog Park in Saskatoon is a popular fenced off-leash area where dogs can roam safely and enjoy wide open spaces.","1","1465","","","","1","https://leashfree.ca/dog-parks/southwest-dog-park-saskatoon/","no",""
"/dog-parks/spanish-banks-dog-park-vancouver/","Spanish Banks Park (off-leash dog park) | LeashFree.ca","Spanish Banks Park is a well-loved off-leash dog park in Vancouver. This park features a grass surface and an open space for dogs to roam freely. It provides no water access, mini...","1","1728","","","","1","https://leashfree.ca/dog-parks/spanish-banks-dog-park-vancouver/","no",""
"/dog-parks/sparwood-dog-park-vancouver/","Sparwood Park (off-leash dog park) | LeashFree.ca","Sparwood Park is a well-loved off-leash dog park in Vancouver. This park features a grass surface and an open space for dogs to roam freely. It provides no water access, minimal s...","1","1774","","","","1","https://leashfree.ca/dog-parks/sparwood-dog-park-vancouver/","no",""
"/dog-parks/spruce-haven-off-leash-dog-park/","Spruce Haven Off-Leash Dog Park Leash-Free Dog Park | LeashFree.ca","Spruce Haven Off-Leash Dog Park in Melfort offers secure fenced areas for both small and large dogs to play safely.","1","1476","","","","1","https://leashfree.ca/dog-parks/spruce-haven-off-leash-dog-park/","no",""
"/dog-parks/st-albert/","Off-Leash Dog Parks in St. Albert AB | LeashFree.ca","Discover off-leash dog parks in St. Albert Alberta. Find fenced parks, river trail access, and wide-open spaces where your dog can roam free near Edmonton.","1","2132","","","","0","https://leashfree.ca/dog-parks/st-albert/","no",""
"/dog-parks/st-andrews-playground/","St. Andrew's Playground (Leash-Free Dog Area) | LeashFree.ca","St. Andrew","1","1696","","","","1","https://leashfree.ca/dog-parks/st-andrews-playground/","no",""
"/dog-parks/st-catharines/","Dog Parks in St. Catharines | LeashFree.ca","Discover the best leash-free dog parks in St. Catharines, Ontario. Explore safe, off-leash areas to let your dog run and play freely.","1","2216","","","","0","https://leashfree.ca/dog-parks/st-catharines/","no",""
"/dog-parks/st-patricks-island-off-leash-area/","St. Patrick's Island (Riverside Urban Off-Leash Space) | LeashFree.ca","St. Patrick","1","1645","","","","1","https://leashfree.ca/dog-parks/st-patricks-island-off-leash-area/","no",""
"/dog-parks/stan-wadlow-park/","Stan Wadlow Park (Leash-Free Dog Area) | LeashFree.ca","Stan Wadlow Park in East York includes a modest leash-free area where dogs can safely play off-leash. Though small, it’s a handy fenced space with benches and easy parking access.","1","1833","","","","1","https://leashfree.ca/dog-parks/stan-wadlow-park/","no",""
"/dog-parks/stanley-dog-park/","Stanley Park (off-leash dog park) | LeashFree.ca","Stanley Park is a well-loved off-leash dog park in Vancouver. This park features a gravel surface and an open space for dogs to roam freely. It provides no water access, minimal s...","1","1713","","","","1","https://leashfree.ca/dog-parks/stanley-dog-park/","no",""
"/dog-parks/stanley-park-south-toronto/","Stanley Park South (Leash-Free Dog Area) | LeashFree.ca","Stanley Park South offers a reliable downtown leash-free park with great amenities for dogs and their owners.","1","1629","","","","1","https://leashfree.ca/dog-parks/stanley-park-south-toronto/","no",""
"/dog-parks/steinbach/","Off-Leash Dog Park in Steinbach MB | LeashFree.ca","Explore Steinbach’s fenced off-leash dog park. A safe, well-kept area for dogs to run freely, socialize, and enjoy the outdoors near Winnipeg.","1","1921","","","","0","https://leashfree.ca/dog-parks/steinbach/","no",""
"/dog-parks/steve-mcdonnell/","Steve McDonnell Leash Free Dog Park Leash-Free Dog Park | LeashFree.ca","Steve McDonnell Leash Free Dog Park is a spacious, fenced-in area in Grimsby where dogs can play off-leash in a secure environment.","1","1520","","","","1","https://leashfree.ca/dog-parks/steve-mcdonnell/","no",""
"/dog-parks/steve-mcdonnell-park/","Steve McDonnell Leash-Free Dog Park in Grimsby, Ontario | LeashFree.ca","Steve McDonnell Leash-Free Dog Park offers a fully fenced grassy area for safe off-leash dog play in Grimsby.","1","1631","","","","1","https://leashfree.ca/dog-parks/steve-mcdonnell-park/","no",""
"/dog-parks/stocking-creek-park-ladysmith/","Stocking Creek Park Leash-Free Area | LeashFree.ca","Stocking Creek Park near Ladysmith features lush forest trails and a peaceful creek perfect for off-leash dog adventures.","1","1507","","","","1","https://leashfree.ca/dog-parks/stocking-creek-park-ladysmith/","no",""
"/dog-parks/stoney-creek-off-leash-area/","Stoney Creek Off-Leash Dog Park | LeashFree.ca","Stoney Creek Off-Leash Dog Area in North London offers large fenced fields and separate dog-size zones. It’s a clean, accessible space for dogs to run, explore, and meet new frien...","1","1764","","","","1","https://leashfree.ca/dog-parks/stoney-creek-off-leash-area/","no",""
"/dog-parks/stony-swamp-conservation-area/","Stony Swamp Conservation Area Leash-Free Dog Park | LeashFree.ca","Stony Swamp Conservation Area is a popular trail system in Ottawa allowing leash-free walking in designated areas under voice control.","1","1580","","","","1","https://leashfree.ca/dog-parks/stony-swamp-conservation-area/","no",""
"/dog-parks/stouffville/","Dog Parks in Stouffville Ontario | Leashfree.ca | LeashFree.ca","Discover Stouffville’s top off-leash dog park in Memorial Park. Safe, fenced, and surrounded by trails - perfect for your dog to run, play, and socialize.","1","2026","","","","1","https://leashfree.ca/dog-parks/stouffville/","no",""
"/dog-parks/strathcona-dog-park/","Strathcona Park (off-leash dog park) | LeashFree.ca","Strathcona Park is a well-loved off-leash dog park in Vancouver. This park features a grass surface and an open space for dogs to roam freely. It provides no water access, minimal...","1","1803","","","","1","https://leashfree.ca/dog-parks/strathcona-dog-park/","no",""
"/dog-parks/strathcona-park-off-leash-area/","Strathcona Park Off-Leash Area (Woodsy Urban Escape) | LeashFree.ca","Strathcona Park Off-Leash Area is a forested retreat in Calgary","1","1658","","","","1","https://leashfree.ca/dog-parks/strathcona-park-off-leash-area/","no",""
"/dog-parks/sue-higgins-park/","Sue Higgins Park (Calgary’s Largest Leash-Free Zone) | LeashFree.ca","Sue Higgins Park offers Calgary’s most expansive off-leash experience, with open space, riverside trails, and dedicated areas for small and large dogs alike.","1","1726","","","","1","https://leashfree.ca/dog-parks/sue-higgins-park/","no",""
"/dog-parks/sunalta-off-leash-area/","Sunalta Off-Leash Area (Hillside Green Escape) | LeashFree.ca","Sunalta Off-Leash Area provides a spacious hillside for dogs to enjoy unstructured play while owners take in views of Calgary’s skyline.","1","1577","","","","1","https://leashfree.ca/dog-parks/sunalta-off-leash-area/","no",""
"/dog-parks/sunnidale-park/","Sunnidale Park Leash Free Dog Park | LeashFree.ca","Sunnidale Park DOLRA is a natural, wooded leash-free dog area in Barrie, perfect for off-leash exploration and relaxed trail walks.","1","1502","","","","1","https://leashfree.ca/dog-parks/sunnidale-park/","no",""
"/dog-parks/sunny-mount-park/","Sunny Mount Park Leash-Free Dog Park in Milton, Ontario | LeashFree.ca","Sunny Mount Park features Milton’s largest fenced leash-free dog park, with separate areas for small dogs, plenty of open space, and park amenities for owners.","1","1727","","","","1","https://leashfree.ca/dog-parks/sunny-mount-park/","no",""
"/dog-parks/sunnybrook-park/","Sunnybrook Park (Leash-Free Dog Area) | LeashFree.ca","Sunnybrook Park features a large, securely fenced dog area surrounded by trees and trails. With ample space and convenient amenities, it","1","1903","","","","1","https://leashfree.ca/dog-parks/sunnybrook-park/","no",""
"/dog-parks/sunrise-dog-park-vancouver/","Sunrise Park (off-leash dog park) | LeashFree.ca","Sunrise Park is a well-loved off-leash dog park in Vancouver. This park features a grass surface and an open space for dogs to roam freely. It provides no water access, minimal sh...","1","1818","","","","1","https://leashfree.ca/dog-parks/sunrise-dog-park-vancouver/","no",""
"/dog-parks/sunset-beach-dog-park/","Sunset Beach (off-leash dog park) | LeashFree.ca","Sunset Beach is a well-loved off-leash dog park in Vancouver. This park features a sand surface and an open space for dogs to roam freely. It provides no water access, minimal sha...","1","1735","","","","1","https://leashfree.ca/dog-parks/sunset-beach-dog-park/","no",""
"/dog-parks/sunset-dog-park-vancouver/","Sunset Park (off-leash dog park) | LeashFree.ca","Sunset Park is a well-loved off-leash dog park in Vancouver. This park features a grass surface and an open space for dogs to roam freely. It provides no water access, minimal sha...","1","1709","","","","1","https://leashfree.ca/dog-parks/sunset-dog-park-vancouver/","no",""
"/dog-parks/surrey/","Off-Leash Dog Parks in Surrey BC | LeashFree.ca","Discover Surrey’s top off-leash dog parks, from fenced fields to beach trails. Explore the best spots for dogs to run, play, and socialize across BC’s second-largest city.","1","3053","","","","0","https://leashfree.ca/dog-parks/surrey/","no",""
"/dog-parks/sutherland-off-leash-dog-park/","Off-Leash Recreation Area Sutherland Leash-Free Dog Park | LeashFree.ca","Sutherland","1","1533","","","","1","https://leashfree.ca/dog-parks/sutherland-off-leash-dog-park/","no",""
"/dog-parks/swift-current/","Off-Leash Dog Park in Swift Current SK | LeashFree.ca","Discover Swift Current’s fenced off-leash dog park — a safe, green space where dogs can run, socialize, and enjoy the outdoors in Southwest Saskatchewan.","1","1929","","","","0","https://leashfree.ca/dog-parks/swift-current/","no",""
"/dog-parks/swift-current-off-leash-dog-park/","Swift Current Off-Leash Dog Park Leash-Free Dog Park | LeashFree.ca","Swift Current Off-Leash Dog Park is a fully fenced grassy area ideal for safe and active dog outings in Swift Current.","1","1484","","","","1","https://leashfree.ca/dog-parks/swift-current-off-leash-dog-park/","no",""
"/dog-parks/sydney/","Off-Leash Dog Parks in Sydney, NS | LeashFree.ca","Explore off-leash dog parks in Sydney, Nova Scotia. Find the best spaces for your dog to run, play, and socialize safely.","1","2010","","","","1","https://leashfree.ca/dog-parks/sydney/","no",""
"/dog-parks/taradale-off-leash-area/","Taradale Off-Leash Area (NE Calgary) | LeashFree.ca","Located in the Taradale neighborhood, this off-leash park provides a relaxed and accessible area for dogs to play off leash.","1","1577","","","","1","https://leashfree.ca/dog-parks/taradale-off-leash-area/","no",""
"/dog-parks/taylor-park-burnaby/","Taylor Park Leash-Free Area | LeashFree.ca","Taylor Park in Burnaby includes a small off-leash dog zone offering residents a quiet spot for nearby dog walks.","1","1429","","","","1","https://leashfree.ca/dog-parks/taylor-park-burnaby/","no",""
"/dog-parks/tecumseh-dog-park/","Tecumseh Park (off-leash dog park) | LeashFree.ca","Tecumseh Park is a well-loved off-leash dog park in Vancouver. This park features a grass surface and an open space for dogs to roam freely. It provides no water access, minimal s...","1","1776","","","","1","https://leashfree.ca/dog-parks/tecumseh-dog-park/","no",""
"/dog-parks/terwillegar-off-leash-dog-park/","Terwillegar Off-Leash Dog Park | LeashFree.ca","Terwillegar Off-Leash Dog Park in Edmonton is a vast and natural riverside park where dogs can roam freely through fields and forest trails.","1","1487","","","","1","https://leashfree.ca/dog-parks/terwillegar-off-leash-dog-park/","no",""
"/dog-parks/the-aud-neighbourhood-dog-park/","The Aud Neighbourhood Dog Park (Leash-Free Dog Area) | LeashFree.ca","The Aud Neighbourhood Dog Park is a handy option for leash-free fun located right next to Kitchener’s iconic auditorium.","1","1624","","","","1","https://leashfree.ca/dog-parks/the-aud-neighbourhood-dog-park/","no",""
"/dog-parks/thompson/","Off-Leash Dog Park in Thompson MB | LeashFree.ca","Discover Thompson’s off-leash dog park in northern Manitoba. A safe, fenced green space for dogs to run and play year-round in the heart of the north.","1","1935","","","","0","https://leashfree.ca/dog-parks/thompson/","no",""
"/dog-parks/thompson-street-parkette/","Thompson Street Parkette (Leash-Free Dog Area) | LeashFree.ca","Thompson Street Parkette offers a modest, fenced-off area in the heart of Leslieville, perfect for short, local off-leash breaks.","1","1749","","","","1","https://leashfree.ca/dog-parks/thompson-street-parkette/","no",""
"/dog-parks/thomson-memorial-park/","Thomson Memorial Park (Leash-Free Dog Area) | LeashFree.ca","Thomson Memorial Park in Scarborough offers a spacious, well-equipped leash-free area with separate zones for large and small dogs, making it a top choice for east-end dog owners....","1","1779","","","","1","https://leashfree.ca/dog-parks/thomson-memorial-park/","no",""
"/dog-parks/three-mile-bend-recreation-area/","Three Mile Bend Recreation Area | LeashFree.ca","Three Mile Bend Recreation Area is a dog-friendly off-leash park in Red Deer known for its trails, water features, and natural landscape.","1","1513","","","","1","https://leashfree.ca/dog-parks/three-mile-bend-recreation-area/","no",""
"/dog-parks/thurlow-dog-park/","Thurlow Dog Park Leash Free Dog Park | LeashFree.ca","Thurlow Dog Park offers a quiet, fenced grassy space in Belleville for relaxed off-leash fun in a rural setting.","1","1501","","","","1","https://leashfree.ca/dog-parks/thurlow-dog-park/","no",""
"/dog-parks/tiny/","Dog Parks in Tiny Ontario | LeashFree.ca","Explore dog-friendly beaches and trails in Tiny, Ontario. While no fenced dog park exists, leashed dogs are welcome at select beaches and natural areas.","1","2068","","","","0","https://leashfree.ca/dog-parks/tiny/","no",""
"/dog-parks/tom-campbells-hill-off-leash-area/","Tom Campbell’s Hill Off-Leash Area (NE Calgary) | LeashFree.ca","Tom Campbell’s Hill Off-Leash Area is a historic and scenic park in Calgary","1","1950","","","","1","https://leashfree.ca/dog-parks/tom-campbells-hill-off-leash-area/","no",""
"/dog-parks/toronto/","Dog Parks in Toronto | LeashFree.ca","Discover Toronto","1","14731","","","","1","https://leashfree.ca/dog-parks/toronto/","no",""
"/dog-parks/totoredaca-dog-park/","Totoredaca Dog Park (Leash-Free Dog Park) | LeashFree.ca","Totoredaca Dog Park is a spacious and well-maintained leash-free zone in Mississauga, offering a safe and fun environment for both large and small dogs. With nearly four hectares...","1","1938","","","","1","https://leashfree.ca/dog-parks/totoredaca-dog-park/","no",""
"/dog-parks/townsend-park-chilliwack/","Townsend Park Leash-Free Dog Park | LeashFree.ca","Townsend Park is one of Chilliwack","1","1478","","","","1","https://leashfree.ca/dog-parks/townsend-park-chilliwack/","no",""
"/dog-parks/trafalgar-sports-park/","Trafalgar Sports Park Leash-Free Dog Park in Halton Hills, Ontario | LeashFree.ca","Trafalgar Sports Park includes a fenced leash-free area where Halton Hills dogs can safely run and play off-leash beside the sports fields.","1","1751","","","","1","https://leashfree.ca/dog-parks/trafalgar-sports-park/","no",""
"/dog-parks/transfer-beach-park/","Transfer Beach Park Leash Free Area | LeashFree.ca","Transfer Beach Park is a scenic and spacious dog-friendly park in Ladysmith featuring open lawns and beachside off-leash access.","1","1506","","","","1","https://leashfree.ca/dog-parks/transfer-beach-park/","no",""
"/dog-parks/trinity-bellwoods-park/","Trinity Bellwoods Park (Leash-Free Dog Bowl) | LeashFree.ca","Trinity Bellwoods’ Dog Bowl is one of Toronto’s best-known leash-free zones, with spacious grassy slopes and a vibrant dog community.","1","1666","","","","1","https://leashfree.ca/dog-parks/trinity-bellwoods-park/","no",""
"/dog-parks/truro/","Off-Leash Dog Park in Truro | LeashFree.ca","Discover Truro’s fully fenced off-leash dog park in Bible Hill, Nova Scotia. Safe, clean, and perfect for dogs of all sizes with space to run and explore.","1","2188","","","","1","https://leashfree.ca/dog-parks/truro/","no",""
"/dog-parks/truro-bible-hill-off-leash-dog-park/","Truro-Bible Hill Off-Leash Dog Park | LeashFree.ca","Truro-Bible Hill Off-Leash Dog Park is the main leash-free dog park in Truro, offering large fenced play areas with separate spaces for big and small dogs. It’s a welcoming commun...","1","1696","","","","1","https://leashfree.ca/dog-parks/truro-bible-hill-off-leash-dog-park/","no",""
"/dog-parks/upton-farm-off-leash-area/","Upton Farm Off-Leash Dog Park | LeashFree.ca","Upton Farm Off-Leash Area is a large wooded dog-friendly space in the New Glasgow area, offering trails and open land for dogs to enjoy off-leash freedom.","1","1565","","","","1","https://leashfree.ca/dog-parks/upton-farm-off-leash-area/","no",""
"/dog-parks/valdez-dog-park/","Valdez Park (off-leash dog park) | LeashFree.ca","Valdez Park is a well-loved off-leash dog park in Vancouver. This park features a grass surface and an open space for dogs to roam freely. It provides no water access, minimal sha...","1","1722","","","","1","https://leashfree.ca/dog-parks/valdez-dog-park/","no",""
"/dog-parks/vancouver/","Off Leash Dog Parks in Vancouver BC | LeashFree.ca","Discover the best off leash dog parks in Vancouver, BC. From beaches to trails, explore over 30 designated leash-free areas for dogs in one of Canada’s most pet-friendly cities.","1","13075","","","","1","https://leashfree.ca/dog-parks/vancouver/","no",""
"/dog-parks/varsity-estates-park/","Varsity Estates Park (Leash-Free Dog Area) | LeashFree.ca","Varsity Estates Park offers a quiet off-leash escape in northwest Calgary, ideal for dogs that enjoy open grass space and shade from surrounding trees.","1","1573","","","","1","https://leashfree.ca/dog-parks/varsity-estates-park/","no",""
"/dog-parks/vedder-park/","Vedder Park Leash-Free Dog Park | LeashFree.ca","Vedder Park is a scenic leash-free trail destination along the Vedder River in Chilliwack, offering plenty of space for dogs to roam and swim.","1","1592","","","","1","https://leashfree.ca/dog-parks/vedder-park/","no",""
"/dog-parks/vermont-square-park/","Vermont Square Park (Leash-Free Dog Area) | LeashFree.ca","Vermont Square Park is a fenced urban dog area in the Annex with shade, benches, and a gravel surface for safe, contained play.","1","1661","","","","1","https://leashfree.ca/dog-parks/vermont-square-park/","no",""
"/dog-parks/victoria/","Dog Parks in Victoria BC | LeashFree.ca","Discover Victoria’s best off-leash dog parks and pet-friendly trails. Explore fenced areas, coastal walks, and scenic green spaces for dogs in BC’s capital.","1","2596","","","","0","https://leashfree.ca/dog-parks/victoria/","no",""
"/dog-parks/warden-woods/","Warden Woods Park (Leash-Free Trail Area) | LeashFree.ca","Warden Woods Park features an off-leash trail experience through dense forest and alongside a creek, perfect for dog owners looking for a peaceful nature escape in Toronto","1","1903","","","","1","https://leashfree.ca/dog-parks/warden-woods/","no",""
"/dog-parks/warman/","Off-Leash Dog Park in Warman SK | LeashFree.ca","Visit Warman’s fenced off-leash dog park in Saskatchewan. A clean and open space where your dog can run freely and safely, just minutes from Saskatoon.","1","2028","","","","0","https://leashfree.ca/dog-parks/warman/","no",""
"/dog-parks/warman-off-leash-dog-park/","Warman Off-Leash Dog Park Leash-Free Dog Park | LeashFree.ca","Warman Off-Leash Dog Park is a spacious 20-acre area with walking trails, a pond for swimming, and designated waste stations.","1","1464","","","","1","https://leashfree.ca/dog-parks/warman-off-leash-dog-park/","no",""
"/dog-parks/warner-loat-park-burnaby/","Warner Loat Park Leash-Free Area | LeashFree.ca","Warner Loat Park in Burnaby offers a spacious and fully fenced off-leash area for dogs with scenic views of Burnaby Lake.","1","1440","","","","1","https://leashfree.ca/dog-parks/warner-loat-park-burnaby/","no",""
"/dog-parks/wellington-off-leash-area/","Wellington Off-Leash Area | LeashFree.ca","Wellington Off-Leash Area in Edmonton is a convenient and quiet space for local dog owners to let their pets roam freely.","1","1437","","","","1","https://leashfree.ca/dog-parks/wellington-off-leash-area/","no",""
"/dog-parks/west-hillhurst-off-leash-area/","West Hillhurst Off-Leash Area (NW Calgary) | LeashFree.ca","West Hillhurst Off-Leash Area offers a secure and accessible environment for dogs to enjoy off-leash play in Calgary","1","1578","","","","1","https://leashfree.ca/dog-parks/west-hillhurst-off-leash-area/","no",""
"/dog-parks/west-zwicks-island-park/","West Zwick's Island Park Leash Free Dog Park | LeashFree.ca","West Zwick","1","1592","","","","1","https://leashfree.ca/dog-parks/west-zwicks-island-park/","no",""
"/dog-parks/westview-park/","Westview Park Leash-Free Dog Park | LeashFree.ca","Westview Park in Winnipeg, also known as Garbage Hill, offers a unique off-leash experience with panoramic views and open space.","1","1484","","","","1","https://leashfree.ca/dog-parks/westview-park/","no",""
"/dog-parks/westview-park-chilliwack/","Westview Park Leash-Free Dog Park | LeashFree.ca","Westview Park is a simple neighbourhood park in Chilliwack offering off-leash space for nearby dog owners.","1","1444","","","","1","https://leashfree.ca/dog-parks/westview-park-chilliwack/","no",""
"/dog-parks/westview-park-maple-ridge/","Westview Park Leash-Free Dog Park | LeashFree.ca","Westview Park in Maple Ridge offers a small, fully fenced off-leash area ideal for nearby residents looking for quick dog outings.","1","1430","","","","1","https://leashfree.ca/dog-parks/westview-park-maple-ridge/","no",""
"/dog-parks/westvue-dog-park/","WestVue Dog Park | LeashFree.ca","WestVue Dog Park in Medicine Hat is a massive 40-acre park with fenced zones for all dog sizes, water access, and amenities including washrooms.","1","1467","","","","1","https://leashfree.ca/dog-parks/westvue-dog-park/","no",""
"/dog-parks/weyburn/","Off-Leash Dog Park in Weyburn SK | LeashFree.ca","Visit Weyburn’s fenced off-leash dog park — a clean, friendly space where dogs can run free and socialize in southeast Saskatchewan.","1","1761","","","","0","https://leashfree.ca/dog-parks/weyburn/","no",""
"/dog-parks/weyburn-community-dog-park/","Weyburn Community Dog Park Leash-Free Dog Park | LeashFree.ca","Weyburn Community Dog Park is a local off-leash park with fencing, allowing safe and enjoyable outings for dogs and their owners.","1","1475","","","","1","https://leashfree.ca/dog-parks/weyburn-community-dog-park/","no",""
"/dog-parks/whitby/","Dog Parks in Whitby Ontario | LeashFree.ca","Discover leash free dog parks in Whitby, Ontario. Explore fenced off-leash spaces where your dog can run, socialize, and enjoy the outdoors safely.","1","2274","","","","0","https://leashfree.ca/dog-parks/whitby/","no",""
"/dog-parks/whitby-park-south/","Whitby Off Leash Dog Park South Leash-Free Dog Park | LeashFree.ca","Whitby Off Leash Dog Park South is a community favorite with grassy open space where dogs can safely run and play off-leash.","1","1475","","","","1","https://leashfree.ca/dog-parks/whitby-park-south/","no",""
"/dog-parks/white-rock/","Dog Parks in White Rock BC | LeashFree.ca","Explore White Rock","1","2918","","","","0","https://leashfree.ca/dog-parks/white-rock/","no",""
"/dog-parks/white-spruce-park/","White Spruce Park Leash-Free Dog Park | LeashFree.ca","White Spruce Park is one of Brampton’s largest off-leash areas, offering natural trails and open spaces for dogs to explore freely.","1","1498","","","","1","https://leashfree.ca/dog-parks/white-spruce-park/","no",""
"/dog-parks/wildwood-crescent-playground/","Wildwood Crescent Playground (Leash-Free Dog Area) | LeashFree.ca","Wildwood Crescent Playground in East Danforth provides a tidy, fenced leash-free zone with essential amenities—perfect for quick outings and casual off-leash play in a cozy neighb...","1","1934","","","","1","https://leashfree.ca/dog-parks/wildwood-crescent-playground/","no",""
"/dog-parks/willingdon-heights-park-burnaby/","Willingdon Heights Park Leash-Free Area | LeashFree.ca","Willingdon Heights Park in Burnaby features a compact off-leash area for dogs surrounded by community amenities.","1","1460","","","","1","https://leashfree.ca/dog-parks/willingdon-heights-park-burnaby/","no",""
"/dog-parks/wills-brook-dog-park/","Wills Brook Dog Park Leash-Free Area | LeashFree.ca","Wills Brook Dog Park is a well-maintained off-leash area in South Surrey, just minutes from White Rock, featuring agility space and shaded rest areas.","1","1584","","","","1","https://leashfree.ca/dog-parks/wills-brook-dog-park/","no",""
"/dog-parks/wills-brook-park/","Wills Brook Park Leash-Free Area | LeashFree.ca","Wills Brook Park features scenic walking paths and an off-leash dog area ideal for pet owners in the White Rock area.","1","1475","","","","1","https://leashfree.ca/dog-parks/wills-brook-park/","no",""
"/dog-parks/winnipeg/","Off-Leash Dog Parks in Winnipeg MB | LeashFree.ca","Discover Winnipeg’s best off-leash dog parks. From fenced dog runs to scenic forest trails, explore safe and accessible spaces for your dog to play.","1","3587","","","","0","https://leashfree.ca/dog-parks/winnipeg/","no",""
"/dog-parks/withrow-park/","Withrow Park: Unleashed Dog Area | LeashFree.ca","Withrow Park is a favorite downtown Toronto dog park, offering a large fenced area with woodchip ground, shade, and a friendly community vibe perfect for daily visits.","1","1747","","","","1","https://leashfree.ca/dog-parks/withrow-park/","no",""
"/dog-parks/woburn-park-north-york/","Woburn Park - North York (Leash-Free Dog Area) | LeashFree.ca","Woburn Park in North York features a secure leash-free area for dogs to run freely, with grass, benches, and partial shade for a pleasant visit.","1","1715","","","","1","https://leashfree.ca/dog-parks/woburn-park-north-york/","no",""
"/dog-parks/woodstock/","Dog Parks in Woodstock Ontario | LeashFree.ca","Discover leash-free dog parks in Woodstock, Ontario. Explore safe, fenced off-leash areas where your dog can run, play, and socialize.","1","2542","","","","0","https://leashfree.ca/dog-parks/woodstock/","no",""
"/dog-parks/woodsworth-park/","Woodsworth Park Leash-Free Dog Park | LeashFree.ca","Woodsworth Park in Winnipeg is a peaceful community off-leash area with open fields and tree-lined green space.","1","1406","","","","1","https://leashfree.ca/dog-parks/woodsworth-park/","no",""
"/dog-parks/woolner-park/","Woolner Park Dog Park in Toronto, Ontario | LeashFree.ca","Woolner Park is a peaceful community park offering grassy space and shaded paths for on-leash dog walks in York.","1","1602","","","","1","https://leashfree.ca/dog-parks/woolner-park/","no",""
"/dog-parks/wychwood-barns-park/","Wychwood Barns Park (Dogs Allowed Area) | LeashFree.ca","Wychwood Barns Park is a lively green space with shaded paths and open lawns, perfect for leashed dog walks in Hillcrest Village.","1","1660","","","","1","https://leashfree.ca/dog-parks/wychwood-barns-park/","no",""
"/dog-parks/yarmouth/","Yarmouth Off-Leash Dog Parks | LeashFree.ca","Discover the Yarmouth Dog Park in Nova Scotia – a fully fenced, two-zone dog park along the scenic Broad Brook Trail. Perfect for safe off-leash play.","1","1925","","","","1","https://leashfree.ca/dog-parks/yarmouth/","no",""
"/dog-parks/yellow-point-park-ladysmith/","Yellow Point Park Leash-Free Area | LeashFree.ca","Yellow Point Park offers shaded forest trails and space for off-leash dogs to explore nature near Ladysmith.","1","1475","","","","1","https://leashfree.ca/dog-parks/yellow-point-park-ladysmith/","no",""
"/dog-parks/yellowquill-provincial-park-off-leash-dog-area/","Yellowquill Provincial Park Off-Leash Dog Area Leash-Free Dog Park | LeashFree.ca","Yellowquill Provincial Park in Portage la Prairie, MB, offers a spacious fenced dog area where pets can enjoy safe off-leash freedom.","1","1595","","","","1","https://leashfree.ca/dog-parks/yellowquill-provincial-park-off-leash-dog-area/","no",""
"/dog-parks/yonge-and-york-mills-parkette/","Yonge and York Mills Parkette (Leash-Free Dog Area) | LeashFree.ca","Tucked into a busy Toronto corridor, the Yonge and York Mills Parkette offers a convenient fenced dog park for residents looking for quick off-leash relief.","1","1785","","","","1","https://leashfree.ca/dog-parks/yonge-and-york-mills-parkette/","no",""
"/dog-parks/yorkton/","Off-Leash Dog Park in Yorkton SK | LeashFree.ca","Discover Yorkton’s fenced off-leash dog park — a spacious and friendly environment where your dog can enjoy off-leash fun in eastern Saskatchewan.","1","1684","","","","0","https://leashfree.ca/dog-parks/yorkton/","no",""
"/dog-parks/zorra-park/","Zorra Park Leash-Free Dog Park in Etobicoke, Toronto, Ontario | LeashFree.ca","Zorra Park features a compact, fully fenced leash-free zone with benches and gravel surface for quick dog outings in Etobicoke.","1","1640","","","","1","https://leashfree.ca/dog-parks/zorra-park/","no",""
"/","LeashFree.ca | Discover Dog Parks, Breeds & Pet Guides Across Canada","Find leash-free dog parks in Canada, browse dog breed profiles, and read practical guides for dog owners.","1","5187","","","","1","https://leashfree.ca/","no",""
