"priority_score","section","content_type","route","name","risk_level","review_age_days","word_count","quality_status","quality_completion_score","issue_classifications","canonical_risk_type","recommended_action","recommended_canonical_url","duplicate_group_key","duplicate_group_size","canonical_confidence_score","missing_source_url","missing_required_fields","data_quality_flags","reasons"
"110","dog-park-locations","City Pages","/dog-parks/estevan/","Estevan","High","313","377","missing-source","64","needs-source-research; needs-content-expansion; needs-human-review","","","","","","","yes","rules; officialSource; reviewedOn; parkListingGrid","","stale 313 days; thin content 377 words; missing official/source URL; missing city fields: rules, officialSource, reviewedOn, parkListingGrid"
"110","dog-park-locations","City Pages","/dog-parks/gatineau/","Gatineau","High","313","364","missing-source","64","needs-source-research; needs-content-expansion; needs-human-review","","","","","","","yes","rules; officialSource; reviewedOn; parkListingGrid","","stale 313 days; thin content 364 words; missing official/source URL; missing city fields: rules, officialSource, reviewedOn, parkListingGrid"
"110","dog-park-locations","City Pages","/dog-parks/laval/","Laval","High","313","364","missing-source","64","needs-source-research; needs-content-expansion; needs-human-review","","","","","","","yes","rules; officialSource; reviewedOn; parkListingGrid","","stale 313 days; thin content 364 words; missing official/source URL; missing city fields: rules, officialSource, reviewedOn, parkListingGrid"
"107","dog-park-locations","City Pages","/dog-parks/amherst/","Amherst","High","313","323","missing-source","73","needs-source-research; needs-content-expansion; needs-human-review","","","","","","","yes","officialSource; reviewedOn; parkListingGrid","","stale 313 days; thin content 323 words; missing official/source URL; missing city fields: officialSource, reviewedOn, parkListingGrid"
"107","dog-park-locations","City Pages","/dog-parks/barrie/","Barrie","High","313","435","missing-source","73","needs-source-research; needs-content-expansion; needs-human-review","","","","","","","yes","rules; officialSource; reviewedOn","","stale 313 days; thin content 435 words; missing official/source URL; missing city fields: rules, officialSource, reviewedOn"
"107","dog-park-locations","City Pages","/dog-parks/belleville/","Belleville","High","313","384","missing-source","73","needs-source-research; needs-content-expansion; needs-human-review","","","","","","","yes","rules; officialSource; reviewedOn","","stale 313 days; thin content 384 words; missing official/source URL; missing city fields: rules, officialSource, reviewedOn"
"107","dog-park-locations","City Pages","/dog-parks/brampton/","Brampton","High","313","394","missing-source","73","needs-source-research; needs-content-expansion; needs-human-review","","","","","","","yes","rules; officialSource; reviewedOn","","stale 313 days; thin content 394 words; missing official/source URL; missing city fields: rules, officialSource, reviewedOn"
"107","dog-park-locations","City Pages","/dog-parks/brandon/","Brandon","High","313","425","missing-source","73","needs-source-research; needs-content-expansion; needs-human-review","","","","","","","yes","rules; officialSource; reviewedOn","","stale 313 days; thin content 425 words; missing official/source URL; missing city fields: rules, officialSource, reviewedOn"
"107","dog-park-locations","City Pages","/dog-parks/burnaby/","Burnaby","High","313","419","missing-source","73","needs-source-research; needs-content-expansion; needs-human-review","","","","","","","yes","rules; officialSource; reviewedOn","","stale 313 days; thin content 419 words; missing official/source URL; missing city fields: rules, officialSource, reviewedOn"
"107","dog-park-locations","City Pages","/dog-parks/campbellford/","Campbellford","High","313","389","missing-source","73","needs-source-research; needs-content-expansion; needs-human-review","","","","","","","yes","rules; officialSource; reviewedOn","","stale 313 days; thin content 389 words; missing official/source URL; missing city fields: rules, officialSource, reviewedOn"
"107","dog-park-locations","City Pages","/dog-parks/coquitlam/","Coquitlam","High","313","413","missing-source","73","needs-source-research; needs-content-expansion; needs-human-review","","","","","","","yes","rules; officialSource; reviewedOn","","stale 313 days; thin content 413 words; missing official/source URL; missing city fields: rules, officialSource, reviewedOn"
"107","dog-park-locations","City Pages","/dog-parks/courtice/","Courtice","High","313","359","missing-source","73","needs-source-research; needs-content-expansion; needs-human-review","","","","","","","yes","rules; officialSource; reviewedOn","","stale 313 days; thin content 359 words; missing official/source URL; missing city fields: rules, officialSource, reviewedOn"
"107","dog-park-locations","City Pages","/dog-parks/edmonton/","Edmonton","High","313","429","missing-source","73","needs-source-research; needs-content-expansion; needs-human-review","","","","","","","yes","rules; officialSource; reviewedOn","","stale 313 days; thin content 429 words; missing official/source URL; missing city fields: rules, officialSource, reviewedOn"
"107","dog-park-locations","City Pages","/dog-parks/etobicoke/","Etobicoke","High","313","423","missing-source","73","needs-source-research; needs-content-expansion; needs-human-review","","","","","","","yes","rules; officialSource; reviewedOn","","stale 313 days; thin content 423 words; missing official/source URL; missing city fields: rules, officialSource, reviewedOn"
"107","dog-park-locations","City Pages","/dog-parks/gimli/","Gimli","High","313","411","missing-source","73","needs-source-research; needs-content-expansion; needs-human-review","","","","","","","yes","rules; officialSource; reviewedOn","","stale 313 days; thin content 411 words; missing official/source URL; missing city fields: rules, officialSource, reviewedOn"
"107","dog-park-locations","City Pages","/dog-parks/grande-prairie/","Grande Prairie","High","313","398","missing-source","73","needs-source-research; needs-content-expansion; needs-human-review","","","","","","","yes","rules; officialSource; reviewedOn","","stale 313 days; thin content 398 words; missing official/source URL; missing city fields: rules, officialSource, reviewedOn"
"107","dog-park-locations","City Pages","/dog-parks/grimsby/","Grimsby","High","313","396","missing-source","73","needs-source-research; needs-content-expansion; needs-human-review","","","","","","","yes","rules; officialSource; reviewedOn","","stale 313 days; thin content 396 words; missing official/source URL; missing city fields: rules, officialSource, reviewedOn"
"107","dog-park-locations","City Pages","/dog-parks/guelph/","Guelph","High","313","423","missing-source","73","needs-source-research; needs-content-expansion; needs-human-review","","","","","","","yes","rules; officialSource; reviewedOn","","stale 313 days; thin content 423 words; missing official/source URL; missing city fields: rules, officialSource, reviewedOn"
"107","dog-park-locations","City Pages","/dog-parks/halton-hills-dog-parks/","Halton Hills","High","313","411","missing-source","73","needs-source-research; needs-content-expansion; needs-human-review","","","","","","","yes","rules; officialSource; reviewedOn","","stale 313 days; thin content 411 words; missing official/source URL; missing city fields: rules, officialSource, reviewedOn"
"107","dog-park-locations","City Pages","/dog-parks/hamilton/","Hamilton","High","313","412","missing-source","73","needs-source-research; needs-content-expansion; needs-human-review","","","","","","","yes","rules; officialSource; reviewedOn","","stale 313 days; thin content 412 words; missing official/source URL; missing city fields: rules, officialSource, reviewedOn"
"107","dog-park-locations","City Pages","/dog-parks/ladysmith/","Ladysmith","High","313","402","missing-source","73","needs-source-research; needs-content-expansion; needs-human-review","","","","","","","yes","rules; officialSource; reviewedOn","","stale 313 days; thin content 402 words; missing official/source URL; missing city fields: rules, officialSource, reviewedOn"
"107","dog-park-locations","City Pages","/dog-parks/lethbridge/","Lethbridge","High","313","430","missing-source","73","needs-source-research; needs-content-expansion; needs-human-review","","","","","","","yes","rules; officialSource; reviewedOn","","stale 313 days; thin content 430 words; missing official/source URL; missing city fields: rules, officialSource, reviewedOn"
"107","dog-park-locations","City Pages","/dog-parks/medicine-hat/","Medicine Hat","High","313","409","missing-source","73","needs-source-research; needs-content-expansion; needs-human-review","","","","","","","yes","rules; officialSource; reviewedOn","","stale 313 days; thin content 409 words; missing official/source URL; missing city fields: rules, officialSource, reviewedOn"
"107","dog-park-locations","City Pages","/dog-parks/melfort/","Melfort","High","313","299","missing-source","73","needs-source-research; needs-content-expansion; needs-human-review","","","","","","","yes","rules; officialSource; reviewedOn","","stale 313 days; thin content 299 words; missing official/source URL; missing city fields: rules, officialSource, reviewedOn"
"107","dog-park-locations","City Pages","/dog-parks/melville/","Melville","High","313","354","missing-source","73","needs-source-research; needs-content-expansion; needs-human-review","","","","","","","yes","rules; officialSource; reviewedOn","","stale 313 days; thin content 354 words; missing official/source URL; missing city fields: rules, officialSource, reviewedOn"
"107","dog-park-locations","City Pages","/dog-parks/milton/","Milton","High","313","399","missing-source","73","needs-source-research; needs-content-expansion; needs-human-review","","","","","","","yes","rules; officialSource; reviewedOn","","stale 313 days; thin content 399 words; missing official/source URL; missing city fields: rules, officialSource, reviewedOn"
"107","dog-park-locations","City Pages","/dog-parks/montreal/","Montreal","High","313","378","missing-source","73","needs-source-research; needs-content-expansion; needs-human-review","","","","","","","yes","seasonalTips; officialSource; reviewedOn","","stale 313 days; thin content 378 words; missing official/source URL; missing city fields: seasonalTips, officialSource, reviewedOn"
"107","dog-park-locations","City Pages","/dog-parks/moose-jaw/","Moose Jaw","High","313","402","missing-source","73","needs-source-research; needs-content-expansion; needs-human-review","","","","","","","yes","rules; officialSource; reviewedOn","","stale 313 days; thin content 402 words; missing official/source URL; missing city fields: rules, officialSource, reviewedOn"
"107","dog-park-locations","City Pages","/dog-parks/morden/","Morden","High","313","372","missing-source","73","needs-source-research; needs-content-expansion; needs-human-review","","","","","","","yes","rules; officialSource; reviewedOn","","stale 313 days; thin content 372 words; missing official/source URL; missing city fields: rules, officialSource, reviewedOn"
"107","dog-park-locations","City Pages","/dog-parks/nelson/","Nelson","High","313","421","missing-source","73","needs-source-research; needs-content-expansion; needs-human-review","","","","","","","yes","rules; officialSource; reviewedOn","","stale 313 days; thin content 421 words; missing official/source URL; missing city fields: rules, officialSource, reviewedOn"
"107","dog-park-locations","City Pages","/dog-parks/new-westminster/","New Westminster","High","313","426","missing-source","73","needs-source-research; needs-content-expansion; needs-human-review","","","","","","","yes","rules; officialSource; reviewedOn","","stale 313 days; thin content 426 words; missing official/source URL; missing city fields: rules, officialSource, reviewedOn"
"107","dog-park-locations","City Pages","/dog-parks/niagara-falls/","Niagara Falls","High","313","396","missing-source","73","needs-source-research; needs-content-expansion; needs-human-review","","","","","","","yes","rules; officialSource; reviewedOn","","stale 313 days; thin content 396 words; missing official/source URL; missing city fields: rules, officialSource, reviewedOn"
"107","dog-park-locations","City Pages","/dog-parks/nipawin/","Nipawin","High","313","336","missing-source","73","needs-source-research; needs-content-expansion; needs-human-review","","","","","","","yes","rules; officialSource; reviewedOn","","stale 313 days; thin content 336 words; missing official/source URL; missing city fields: rules, officialSource, reviewedOn"
"107","dog-park-locations","City Pages","/dog-parks/north-battleford/","North Battleford","High","313","338","missing-source","73","needs-source-research; needs-content-expansion; needs-human-review","","","","","","","yes","rules; officialSource; reviewedOn","","stale 313 days; thin content 338 words; missing official/source URL; missing city fields: rules, officialSource, reviewedOn"
"107","dog-park-locations","City Pages","/dog-parks/oshawa/","Oshawa","High","313","404","missing-source","73","needs-source-research; needs-content-expansion; needs-human-review","","","","","","","yes","rules; officialSource; reviewedOn","","stale 313 days; thin content 404 words; missing official/source URL; missing city fields: rules, officialSource, reviewedOn"
"107","dog-park-locations","City Pages","/dog-parks/portage-la-prairie/","Portage la Prairie","High","313","394","missing-source","73","needs-source-research; needs-content-expansion; needs-human-review","","","","","","","yes","rules; officialSource; reviewedOn","","stale 313 days; thin content 394 words; missing official/source URL; missing city fields: rules, officialSource, reviewedOn"
"107","dog-park-locations","City Pages","/dog-parks/prince-albert/","Prince Albert","High","313","325","missing-source","73","needs-source-research; needs-content-expansion; needs-human-review","","","","","","","yes","rules; officialSource; reviewedOn","","stale 313 days; thin content 325 words; missing official/source URL; missing city fields: rules, officialSource, reviewedOn"
"107","dog-park-locations","City Pages","/dog-parks/quebec-city/","Quebec City","High","313","375","missing-source","73","needs-source-research; needs-content-expansion; needs-human-review","","","","","","","yes","rules; officialSource; reviewedOn","","stale 313 days; thin content 375 words; missing official/source URL; missing city fields: rules, officialSource, reviewedOn"
"107","dog-park-locations","City Pages","/dog-parks/quinte-west/","Quinte West","High","313","441","missing-source","73","needs-source-research; needs-content-expansion; needs-human-review","","","","","","","yes","rules; officialSource; reviewedOn","","stale 313 days; thin content 441 words; missing official/source URL; missing city fields: rules, officialSource, reviewedOn"
"107","dog-park-locations","City Pages","/dog-parks/red-deer/","Red Deer","High","313","420","missing-source","73","needs-source-research; needs-content-expansion; needs-human-review","","","","","","","yes","rules; officialSource; reviewedOn","","stale 313 days; thin content 420 words; missing official/source URL; missing city fields: rules, officialSource, reviewedOn"
"107","dog-park-locations","City Pages","/dog-parks/regina/","Regina","High","313","402","missing-source","73","needs-source-research; needs-content-expansion; needs-human-review","","","","","","","yes","rules; officialSource; reviewedOn","","stale 313 days; thin content 402 words; missing official/source URL; missing city fields: rules, officialSource, reviewedOn"
"107","dog-park-locations","City Pages","/dog-parks/restoule/","Restoule","High","313","441","missing-source","73","needs-source-research; needs-content-expansion; needs-human-review","","","","","","","yes","rules; officialSource; reviewedOn","","stale 313 days; thin content 441 words; missing official/source URL; missing city fields: rules, officialSource, reviewedOn"
"107","dog-park-locations","City Pages","/dog-parks/saskatoon/","Saskatoon","High","313","400","missing-source","73","needs-source-research; needs-content-expansion; needs-human-review","","","","","","","yes","rules; officialSource; reviewedOn","","stale 313 days; thin content 400 words; missing official/source URL; missing city fields: rules, officialSource, reviewedOn"
"107","dog-park-locations","City Pages","/dog-parks/selkirk/","Selkirk","High","313","384","missing-source","73","needs-source-research; needs-content-expansion; needs-human-review","","","","","","","yes","rules; officialSource; reviewedOn","","stale 313 days; thin content 384 words; missing official/source URL; missing city fields: rules, officialSource, reviewedOn"
"107","dog-park-locations","City Pages","/dog-parks/st-albert/","St. Albert","High","313","424","missing-source","73","needs-source-research; needs-content-expansion; needs-human-review","","","","","","","yes","rules; officialSource; reviewedOn","","stale 313 days; thin content 424 words; missing official/source URL; missing city fields: rules, officialSource, reviewedOn"
"107","dog-park-locations","City Pages","/dog-parks/steinbach/","Steinbach","High","313","364","missing-source","73","needs-source-research; needs-content-expansion; needs-human-review","","","","","","","yes","rules; officialSource; reviewedOn","","stale 313 days; thin content 364 words; missing official/source URL; missing city fields: rules, officialSource, reviewedOn"
"107","dog-park-locations","City Pages","/dog-parks/stouffville/","Stouffville","High","267","367","missing-source","73","needs-source-research; needs-content-expansion; needs-human-review","","","","","","","yes","officialSource; reviewedOn; parkListingGrid","","stale 267 days; thin content 367 words; missing official/source URL; missing city fields: officialSource, reviewedOn, parkListingGrid"
"107","dog-park-locations","City Pages","/dog-parks/surrey/","Surrey","High","313","437","missing-source","73","needs-source-research; needs-content-expansion; needs-human-review","","","","","","","yes","rules; officialSource; reviewedOn","","stale 313 days; thin content 437 words; missing official/source URL; missing city fields: rules, officialSource, reviewedOn"
"107","dog-park-locations","City Pages","/dog-parks/swift-current/","Swift Current","High","313","394","missing-source","73","needs-source-research; needs-content-expansion; needs-human-review","","","","","","","yes","rules; officialSource; reviewedOn","","stale 313 days; thin content 394 words; missing official/source URL; missing city fields: rules, officialSource, reviewedOn"
"107","dog-park-locations","City Pages","/dog-parks/thompson/","Thompson","High","313","383","missing-source","73","needs-source-research; needs-content-expansion; needs-human-review","","","","","","","yes","rules; officialSource; reviewedOn","","stale 313 days; thin content 383 words; missing official/source URL; missing city fields: rules, officialSource, reviewedOn"
"107","dog-park-locations","City Pages","/dog-parks/tiny/","Tiny","High","313","440","missing-source","73","needs-source-research; needs-content-expansion; needs-human-review","","","","","","","yes","rules; officialSource; reviewedOn","","stale 313 days; thin content 440 words; missing official/source URL; missing city fields: rules, officialSource, reviewedOn"
"107","dog-park-locations","City Pages","/dog-parks/victoria/","Victoria","High","313","426","missing-source","73","needs-source-research; needs-content-expansion; needs-human-review","","","","","","","yes","rules; officialSource; reviewedOn","","stale 313 days; thin content 426 words; missing official/source URL; missing city fields: rules, officialSource, reviewedOn"
"107","dog-park-locations","City Pages","/dog-parks/warman/","Warman","High","313","357","missing-source","73","needs-source-research; needs-content-expansion; needs-human-review","","","","","","","yes","rules; officialSource; reviewedOn","","stale 313 days; thin content 357 words; missing official/source URL; missing city fields: rules, officialSource, reviewedOn"
"107","dog-park-locations","City Pages","/dog-parks/weyburn/","Weyburn","High","313","320","missing-source","73","needs-source-research; needs-content-expansion; needs-human-review","","","","","","","yes","rules; officialSource; reviewedOn","","stale 313 days; thin content 320 words; missing official/source URL; missing city fields: rules, officialSource, reviewedOn"
"107","dog-park-locations","City Pages","/dog-parks/white-rock/","White Rock","High","313","427","missing-source","73","needs-source-research; needs-content-expansion; needs-human-review","","","","","","","yes","rules; officialSource; reviewedOn","","stale 313 days; thin content 427 words; missing official/source URL; missing city fields: rules, officialSource, reviewedOn"
"107","dog-park-locations","City Pages","/dog-parks/winnipeg/","Winnipeg","High","313","418","missing-source","73","needs-source-research; needs-content-expansion; needs-human-review","","","","","","","yes","rules; officialSource; reviewedOn","","stale 313 days; thin content 418 words; missing official/source URL; missing city fields: rules, officialSource, reviewedOn"
"107","dog-park-locations","City Pages","/dog-parks/woodstock/","Woodstock","High","313","398","missing-source","73","needs-source-research; needs-content-expansion; needs-human-review","","","","","","","yes","rules; officialSource; reviewedOn","","stale 313 days; thin content 398 words; missing official/source URL; missing city fields: rules, officialSource, reviewedOn"
"107","dog-park-locations","City Pages","/dog-parks/yarmouth/","Yarmouth","High","313","379","missing-source","73","needs-source-research; needs-content-expansion; needs-human-review","","","","","","","yes","officialSource; reviewedOn; parkListingGrid","","stale 313 days; thin content 379 words; missing official/source URL; missing city fields: officialSource, reviewedOn, parkListingGrid"
"104","dog-park-locations","City Pages","/dog-parks/bridgewater/","Bridgewater","High","313","387","missing-source","82","needs-source-research; needs-content-expansion; needs-human-review","","","","","","","yes","officialSource; reviewedOn","","stale 313 days; thin content 387 words; missing official/source URL; missing city fields: officialSource, reviewedOn"
"104","dog-park-locations","City Pages","/dog-parks/kentville/","Kentville","High","313","336","missing-source","82","needs-source-research; needs-content-expansion; needs-human-review","","","","","","","yes","officialSource; reviewedOn","","stale 313 days; thin content 336 words; missing official/source URL; missing city fields: officialSource, reviewedOn"
"104","dog-park-locations","City Pages","/dog-parks/london/","London","High","284","444","missing-source","82","needs-source-research; needs-content-expansion; needs-human-review","","","","","","","yes","officialSource; reviewedOn","","stale 284 days; thin content 444 words; missing official/source URL; missing city fields: officialSource, reviewedOn"
"104","dog-park-locations","City Pages","/dog-parks/sydney/","Sydney","High","313","360","missing-source","82","needs-source-research; needs-content-expansion; needs-human-review","","","","","","","yes","officialSource; reviewedOn","","stale 313 days; thin content 360 words; missing official/source URL; missing city fields: officialSource, reviewedOn"
"104","dog-park-locations","City Pages","/dog-parks/truro/","Truro","High","313","395","missing-source","82","needs-source-research; needs-content-expansion; needs-human-review","","","","","","","yes","officialSource; reviewedOn","","stale 313 days; thin content 395 words; missing official/source URL; missing city fields: officialSource, reviewedOn"
"103","dog-parks","Dog Parks","/dog-parks/rushdale-park/","Rushdale Park","Very high","399","100","missing-source","79","needs-source-research; needs-content-expansion; needs-human-review","","","","","","","yes","latitude; longitude; officialSource; reviewedOn","","stale 399 days; thin content 100 words; missing official/source URL; missing park fields: latitude, longitude, officialSource, reviewedOn"
"99","dog-parks","Dog Parks","/dog-parks/apollo-crater-park/","Apollo Crater Park","Very high","389","86","missing-source","89","needs-source-research; needs-content-expansion; needs-human-review","","","","","","","yes","officialSource; reviewedOn","","stale 389 days; thin content 86 words; missing official/source URL; missing park fields: officialSource, reviewedOn"
"89","dog-parks","Dog Parks","/dog-parks/colin-alton-parkette/","Colin Alton Parkette","Very high","414","160","thin-content","63","needs-content-expansion; needs-human-review","","","","","","","no","latitude; longitude; smallDogArea; surface; parking; rules; reviewedOn","","stale 414 days; thin content 160 words; missing park fields: latitude, longitude, smallDogArea, surface, parking, rules"
"87","dog-parks","Dog Parks","/dog-parks/bowmont-park/","Bowmont Park","Very high","413","120","thin-content","68","needs-content-expansion; needs-human-review","","","","","","","no","latitude; longitude; parkType; smallDogArea; parking; reviewedOn","","stale 413 days; thin content 120 words; missing park fields: latitude, longitude, parkType, smallDogArea, parking, reviewedOn"
"87","dog-parks","Dog Parks","/dog-parks/central-park/","Central Park","Very high","414","166","thin-content","68","needs-content-expansion; needs-human-review","","","","","","","no","latitude; longitude; smallDogArea; parking; rules; reviewedOn","","stale 414 days; thin content 166 words; missing park fields: latitude, longitude, smallDogArea, parking, rules, reviewedOn"
"87","dog-parks","Dog Parks","/dog-parks/edworthy-park/","Edworthy Park","Very high","413","124","thin-content","68","needs-content-expansion; needs-human-review","","","","","","","no","latitude; longitude; parkType; smallDogArea; parking; reviewedOn","","stale 413 days; thin content 124 words; missing park fields: latitude, longitude, parkType, smallDogArea, parking, reviewedOn"
"87","dog-parks","Dog Parks","/dog-parks/nose-hill-park/","Nose Hill Park","Very high","413","150","thin-content","68","needs-content-expansion; needs-human-review","","","","","","","no","latitude; longitude; parkType; smallDogArea; parking; reviewedOn","","stale 413 days; thin content 150 words; missing park fields: latitude, longitude, parkType, smallDogArea, parking, reviewedOn"
"86","dog-parks","Dog Parks","/dog-parks/fraser-river-dog-park/","Fraser River Park","Very high","415","225","missing-source","58","needs-source-research; needs-content-expansion; needs-human-review","","","","","","","yes","latitude; longitude; officialSource; fenced; smallDogArea; parking; rules; reviewedOn","","stale 415 days; missing official/source URL; missing park fields: latitude, longitude, officialSource, fenced, smallDogArea, parking"
"86","dog-parks","Dog Parks","/dog-parks/hadden-dog-park/","Hadden Park","Very high","415","229","missing-source","58","needs-source-research; needs-content-expansion; needs-human-review","","","","","","","yes","latitude; longitude; officialSource; fenced; smallDogArea; parking; rules; reviewedOn","","stale 415 days; missing official/source URL; missing park fields: latitude, longitude, officialSource, fenced, smallDogArea, parking"
"86","dog-parks","Dog Parks","/dog-parks/valdez-dog-park/","Valdez Park","Very high","415","213","missing-source","58","needs-source-research; needs-content-expansion; needs-human-review","","","","","","","yes","latitude; longitude; officialSource; fenced; smallDogArea; parking; rules; reviewedOn","","stale 415 days; missing official/source URL; missing park fields: latitude, longitude, officialSource, fenced, smallDogArea, parking"
"85","dog-parks","Dog Parks","/dog-parks/hidden-valley-park/","Hidden Valley Park","Very high","414","164","thin-content","74","needs-content-expansion; needs-human-review","","","","","","","no","latitude; longitude; parking; rules; reviewedOn","","stale 414 days; thin content 164 words; missing park fields: latitude, longitude, parking, rules, reviewedOn"
"85","dog-parks","Dog Parks","/dog-parks/pathfinder-park/","Pathfinder Park","Very high","414","159","thin-content","74","needs-content-expansion; needs-human-review","","","","","","","no","latitude; longitude; parking; rules; reviewedOn","","stale 414 days; thin content 159 words; missing park fields: latitude, longitude, parking, rules, reviewedOn"
"85","dog-parks","Dog Parks","/dog-parks/roly-bird-park/","Roly Bird Park","Very high","406","174","thin-content","74","needs-content-expansion; needs-human-review","","","","","","","no","latitude; longitude; parking; rules; reviewedOn","","stale 406 days; thin content 174 words; missing park fields: latitude, longitude, parking, rules, reviewedOn"
"84","dog-park-locations","City Pages","/dog-parks/ajax/","Ajax","High","313","360","thin-content","82","needs-content-expansion; needs-human-review","","","","","","","no","rules; reviewedOn","","stale 313 days; thin content 360 words; missing city fields: rules, reviewedOn"
"84","dog-parks","Dog Parks","/dog-parks/andy-livingstone-dog-park/","Andy Livingstone","Very high","415","203","missing-source","63","needs-source-research; needs-content-expansion; needs-human-review","","","","","","","yes","latitude; longitude; officialSource; smallDogArea; parking; rules; reviewedOn","","stale 415 days; missing official/source URL; missing park fields: latitude, longitude, officialSource, smallDogArea, parking, rules"
"84","dog-parks","Dog Parks","/dog-parks/burrard-view-dog-park-vancouver/","Burrard View Park","Very high","415","205","missing-source","63","needs-source-research; needs-content-expansion; needs-human-review","","","","","","","yes","latitude; longitude; officialSource; smallDogArea; parking; rules; reviewedOn","","stale 415 days; missing official/source URL; missing park fields: latitude, longitude, officialSource, smallDogArea, parking, rules"
"84","dog-parks","Dog Parks","/dog-parks/charleson-dog-park/","Charleson Park","Very high","415","206","missing-source","63","needs-source-research; needs-content-expansion; needs-human-review","","","","","","","yes","latitude; longitude; officialSource; smallDogArea; parking; rules; reviewedOn","","stale 415 days; missing official/source URL; missing park fields: latitude, longitude, officialSource, smallDogArea, parking, rules"
"84","dog-parks","Dog Parks","/dog-parks/coopers-dog-park/","Coopers' Park","Very high","415","216","missing-source","63","needs-source-research; needs-content-expansion; needs-human-review","","","","","","","yes","latitude; longitude; officialSource; smallDogArea; parking; rules; reviewedOn","","stale 415 days; missing official/source URL; missing park fields: latitude, longitude, officialSource, smallDogArea, parking, rules"
"84","dog-park-locations","City Pages","/dog-parks/cornwall/","Cornwall","High","313","416","thin-content","82","needs-content-expansion; needs-human-review","","","","","","","no","rules; reviewedOn","","stale 313 days; thin content 416 words; missing city fields: rules, reviewedOn"
"84","dog-parks","Dog Parks","/dog-parks/crab-park-at-portside-dog-park/","CRAB Park at Portside","Very high","415","222","missing-source","63","needs-source-research; needs-content-expansion; needs-human-review","","","","","","","yes","latitude; longitude; officialSource; smallDogArea; parking; rules; reviewedOn","","stale 415 days; missing official/source URL; missing park fields: latitude, longitude, officialSource, smallDogArea, parking, rules"
"84","dog-parks","Dog Parks","/dog-parks/devonian-harbour-dog-park/","Devonian Harbour","Very high","415","208","missing-source","63","needs-source-research; needs-content-expansion; needs-human-review","","","","","","","yes","latitude; longitude; officialSource; smallDogArea; parking; rules; reviewedOn","","stale 415 days; missing official/source URL; missing park fields: latitude, longitude, officialSource, smallDogArea, parking, rules"
"84","dog-parks","Dog Parks","/dog-parks/dusty-greenwell-dog-park-vancouver/","Dusty Greenwell Park","Very high","415","229","missing-source","63","needs-source-research; needs-content-expansion; needs-human-review","","","","","","","yes","latitude; longitude; officialSource; smallDogArea; parking; rules; reviewedOn","","stale 415 days; missing official/source URL; missing park fields: latitude, longitude, officialSource, smallDogArea, parking, rules"
"84","dog-parks","Dog Parks","/dog-parks/emery-barnes-dog-park/","Emery Barnes","Very high","415","212","missing-source","63","needs-source-research; needs-content-expansion; needs-human-review","","","","","","","yes","latitude; longitude; officialSource; smallDogArea; parking; rules; reviewedOn","","stale 415 days; missing official/source URL; missing park fields: latitude, longitude, officialSource, smallDogArea, parking, rules"
"84","dog-parks","Dog Parks","/dog-parks/everett-crowley-dog-park/","Everett Crowley","Very high","415","211","missing-source","63","needs-source-research; needs-content-expansion; needs-human-review","","","","","","","yes","latitude; longitude; officialSource; smallDogArea; parking; rules; reviewedOn","","stale 415 days; missing official/source URL; missing park fields: latitude, longitude, officialSource, smallDogArea, parking, rules"
"84","dog-parks","Dog Parks","/dog-parks/falaise-park-dog-park/","Falaise Park","Very high","415","215","missing-source","63","needs-source-research; needs-content-expansion; needs-human-review","","","","","","","yes","latitude; longitude; officialSource; smallDogArea; parking; rules; reviewedOn","","stale 415 days; missing official/source URL; missing park fields: latitude, longitude, officialSource, smallDogArea, parking, rules"
"84","dog-parks","Dog Parks","/dog-parks/fraserview-golf-course-vancouver/","Fraserview Golf Course","Very high","415","232","missing-source","63","needs-source-research; needs-content-expansion; needs-human-review","","","","","","","yes","latitude; longitude; officialSource; smallDogArea; parking; rules; reviewedOn","","stale 415 days; missing official/source URL; missing park fields: latitude, longitude, officialSource, smallDogArea, parking, rules"
"84","dog-parks","Dog Parks","/dog-parks/george-dog-park-vancouver/","George Park","Very high","415","216","missing-source","63","needs-source-research; needs-content-expansion; needs-human-review","","","","","","","yes","latitude; longitude; officialSource; smallDogArea; parking; rules; reviewedOn","","stale 415 days; missing official/source URL; missing park fields: latitude, longitude, officialSource, smallDogArea, parking, rules"
"84","dog-parks","Dog Parks","/dog-parks/hinge-park-dog-park/","Hinge Park (Southeast False Creek)","Very high","415","228","missing-source","63","needs-source-research; needs-content-expansion; needs-human-review","","","","","","","yes","latitude; longitude; officialSource; smallDogArea; parking; rules; reviewedOn","","stale 415 days; missing official/source URL; missing park fields: latitude, longitude, officialSource, smallDogArea, parking, rules"
"84","dog-parks","Dog Parks","/dog-parks/john-hendry-dog-park/","John Hendry","Very high","415","215","missing-source","63","needs-source-research; needs-content-expansion; needs-human-review","","","","","","","yes","latitude; longitude; officialSource; smallDogArea; parking; rules; reviewedOn","","stale 415 days; missing official/source URL; missing park fields: latitude, longitude, officialSource, smallDogArea, parking, rules"
"84","dog-parks","Dog Parks","/dog-parks/jones-dog-park-vancouver/","Jones Park","Very high","415","209","missing-source","63","needs-source-research; needs-content-expansion; needs-human-review","","","","","","","yes","latitude; longitude; officialSource; smallDogArea; parking; rules; reviewedOn","","stale 415 days; missing official/source URL; missing park fields: latitude, longitude, officialSource, smallDogArea, parking, rules"
"84","dog-parks","Dog Parks","/dog-parks/killarney-park-dog-park/","Killarney Park","Very high","415","208","missing-source","63","needs-source-research; needs-content-expansion; needs-human-review","","","","","","","yes","latitude; longitude; officialSource; smallDogArea; parking; rules; reviewedOn","","stale 415 days; missing official/source URL; missing park fields: latitude, longitude, officialSource, smallDogArea, parking, rules"
"84","dog-parks","Dog Parks","/dog-parks/kingcrest-dog-park-vancouver/","Kingcrest Park","Very high","415","213","missing-source","63","needs-source-research; needs-content-expansion; needs-human-review","","","","","","","yes","latitude; longitude; officialSource; smallDogArea; parking; rules; reviewedOn","","stale 415 days; missing official/source URL; missing park fields: latitude, longitude, officialSource, smallDogArea, parking, rules"
"84","dog-parks","Dog Parks","/dog-parks/locarno-beach-dog-park-vancouver/","Locarno Beach Park","Very high","415","215","missing-source","63","needs-source-research; needs-content-expansion; needs-human-review","","","","","","","yes","latitude; longitude; officialSource; smallDogArea; parking; rules; reviewedOn","","stale 415 days; missing official/source URL; missing park fields: latitude, longitude, officialSource, smallDogArea, parking, rules"
"84","dog-parks","Dog Parks","/dog-parks/musqueam-dog-park-vancouver/","Musqueam Park","Very high","415","211","missing-source","63","needs-source-research; needs-content-expansion; needs-human-review","","","","","","","yes","latitude; longitude; officialSource; smallDogArea; parking; rules; reviewedOn","","stale 415 days; missing official/source URL; missing park fields: latitude, longitude, officialSource, smallDogArea, parking, rules"
"84","dog-parks","Dog Parks","/dog-parks/nat-bailey-stadium-dog-park/","Nat Bailey Stadium Park","Very high","415","227","missing-source","63","needs-source-research; needs-content-expansion; needs-human-review","","","","","","","yes","latitude; longitude; officialSource; smallDogArea; parking; rules; reviewedOn","","stale 415 days; missing official/source URL; missing park fields: latitude, longitude, officialSource, smallDogArea, parking, rules"
"84","dog-parks","Dog Parks","/dog-parks/nelson-dog-park/","Nelson Park","Very high","415","210","missing-source","63","needs-source-research; needs-content-expansion; needs-human-review","","","","","","","yes","latitude; longitude; officialSource; smallDogArea; parking; rules; reviewedOn","","stale 415 days; missing official/source URL; missing park fields: latitude, longitude, officialSource, smallDogArea, parking, rules"
"84","dog-parks","Dog Parks","/dog-parks/new-brighton-dog-park-vancouver/","New Brighton Park","Very high","415","217","missing-source","63","needs-source-research; needs-content-expansion; needs-human-review","","","","","","","yes","latitude; longitude; officialSource; smallDogArea; parking; rules; reviewedOn","","stale 415 days; missing official/source URL; missing park fields: latitude, longitude, officialSource, smallDogArea, parking, rules"
"84","dog-parks","Dog Parks","/dog-parks/oak-meadows-dog-park/","Oak Meadows Park","Very high","415","213","missing-source","63","needs-source-research; needs-content-expansion; needs-human-review","","","","","","","yes","latitude; longitude; officialSource; smallDogArea; parking; rules; reviewedOn","","stale 415 days; missing official/source URL; missing park fields: latitude, longitude, officialSource, smallDogArea, parking, rules"
"84","dog-parks","Dog Parks","/dog-parks/pandora-dog-park-vancouver/","Pandora Park","Very high","415","212","missing-source","63","needs-source-research; needs-content-expansion; needs-human-review","","","","","","","yes","latitude; longitude; officialSource; smallDogArea; parking; rules; reviewedOn","","stale 415 days; missing official/source URL; missing park fields: latitude, longitude, officialSource, smallDogArea, parking, rules"
"84","dog-park-locations","City Pages","/dog-parks/pickering/","Pickering","High","313","382","thin-content","82","needs-content-expansion; needs-human-review","","","","","","","no","rules; reviewedOn","","stale 313 days; thin content 382 words; missing city fields: rules, reviewedOn"
"84","dog-parks","Dog Parks","/dog-parks/queen-elizabeth-dog-park/","Queen Elizabeth Park","Very high","415","213","missing-source","63","needs-source-research; needs-content-expansion; needs-human-review","","","","","","","yes","latitude; longitude; officialSource; smallDogArea; parking; rules; reviewedOn","","stale 415 days; missing official/source URL; missing park fields: latitude, longitude, officialSource, smallDogArea, parking, rules"
"84","dog-parks","Dog Parks","/dog-parks/quilchena-dog-park/","Quilchena Park","Very high","415","210","missing-source","63","needs-source-research; needs-content-expansion; needs-human-review","","","","","","","yes","latitude; longitude; officialSource; smallDogArea; parking; rules; reviewedOn","","stale 415 days; missing official/source URL; missing park fields: latitude, longitude, officialSource, smallDogArea, parking, rules"
"84","dog-parks","Dog Parks","/dog-parks/renfrew-community-dog-park/","Renfrew Community Park","Very high","415","217","missing-source","63","needs-source-research; needs-content-expansion; needs-human-review","","","","","","","yes","latitude; longitude; officialSource; smallDogArea; parking; rules; reviewedOn","","stale 415 days; missing official/source URL; missing park fields: latitude, longitude, officialSource, smallDogArea, parking, rules"
"84","dog-parks","Dog Parks","/dog-parks/spanish-banks-dog-park-vancouver/","Spanish Banks Park","Very high","415","215","missing-source","63","needs-source-research; needs-content-expansion; needs-human-review","","","","","","","yes","latitude; longitude; officialSource; smallDogArea; parking; rules; reviewedOn","","stale 415 days; missing official/source URL; missing park fields: latitude, longitude, officialSource, smallDogArea, parking, rules"
"84","dog-parks","Dog Parks","/dog-parks/sparwood-dog-park-vancouver/","Sparwood Park","Very high","415","223","missing-source","63","needs-source-research; needs-content-expansion; needs-human-review","","","","","","","yes","latitude; longitude; officialSource; smallDogArea; parking; rules; reviewedOn","","stale 415 days; missing official/source URL; missing park fields: latitude, longitude, officialSource, smallDogArea, parking, rules"
"84","dog-parks","Dog Parks","/dog-parks/stanley-dog-park/","Stanley Park","Very high","415","207","missing-source","63","needs-source-research; needs-content-expansion; needs-human-review","","","","","","","yes","latitude; longitude; officialSource; smallDogArea; parking; rules; reviewedOn","","stale 415 days; missing official/source URL; missing park fields: latitude, longitude, officialSource, smallDogArea, parking, rules"
"84","dog-parks","Dog Parks","/dog-parks/strathcona-dog-park/","Strathcona Park","Very high","415","217","missing-source","63","needs-source-research; needs-content-expansion; needs-human-review","","","","","","","yes","latitude; longitude; officialSource; smallDogArea; parking; rules; reviewedOn","","stale 415 days; missing official/source URL; missing park fields: latitude, longitude, officialSource, smallDogArea, parking, rules"
"84","dog-parks","Dog Parks","/dog-parks/sunset-beach-dog-park/","Sunset Beach","Very high","415","216","missing-source","63","needs-source-research; needs-content-expansion; needs-human-review","","","","","","","yes","latitude; longitude; officialSource; smallDogArea; parking; rules; reviewedOn","","stale 415 days; missing official/source URL; missing park fields: latitude, longitude, officialSource, smallDogArea, parking, rules"
"84","dog-parks","Dog Parks","/dog-parks/sunset-dog-park-vancouver/","Sunset Park","Very high","415","210","missing-source","63","needs-source-research; needs-content-expansion; needs-human-review","","","","","","","yes","latitude; longitude; officialSource; smallDogArea; parking; rules; reviewedOn","","stale 415 days; missing official/source URL; missing park fields: latitude, longitude, officialSource, smallDogArea, parking, rules"
"84","dog-parks","Dog Parks","/dog-parks/tecumseh-dog-park/","Tecumseh Park","Very high","415","221","missing-source","63","needs-source-research; needs-content-expansion; needs-human-review","","","","","","","yes","latitude; longitude; officialSource; smallDogArea; parking; rules; reviewedOn","","stale 415 days; missing official/source URL; missing park fields: latitude, longitude, officialSource, smallDogArea, parking, rules"
"84","dog-park-locations","City Pages","/dog-parks/whitby/","Whitby","High","313","389","thin-content","82","needs-content-expansion; needs-human-review","","","","","","","no","rules; reviewedOn","","stale 313 days; thin content 389 words; missing city fields: rules, reviewedOn"
"83","dog-parks","Dog Parks","/dog-parks/albert-park-radisson-heights-off-leash-area/","Albert Park/Radisson Heights Off-Leash Area","Very high","413","122","thin-content","79","needs-content-expansion; needs-human-review","","","","","","","no","latitude; longitude; shade; reviewedOn","","stale 413 days; thin content 122 words; missing park fields: latitude, longitude, shade, reviewedOn"
"83","dog-parks","Dog Parks","/dog-parks/auburn-bay-off-leash-area/","Auburn Bay Off-Leash Area","Very high","413","107","thin-content","79","needs-content-expansion; needs-human-review","","","","","","","no","latitude; longitude; shade; reviewedOn","","stale 413 days; thin content 107 words; missing park fields: latitude, longitude, shade, reviewedOn"
"83","dog-parks","Dog Parks","/dog-parks/beddington-heights-off-leash-area/","Beddington Heights Off-Leash Area","Very high","413","110","thin-content","79","needs-content-expansion; needs-human-review","","","","","","","no","latitude; longitude; shade; reviewedOn","","stale 413 days; thin content 110 words; missing park fields: latitude, longitude, shade, reviewedOn"
"83","dog-parks","Dog Parks","/dog-parks/bonavista/","Bonavista","Very high","413","112","thin-content","79","needs-content-expansion; needs-human-review","","","","","","","no","latitude; longitude; shade; reviewedOn","","stale 413 days; thin content 112 words; missing park fields: latitude, longitude, shade, reviewedOn"
"83","dog-parks","Dog Parks","/dog-parks/braeside-off-leash-area/","Braeside Off-Leash Area","Very high","413","107","thin-content","79","needs-content-expansion; needs-human-review","","","","","","","no","latitude; longitude; shade; reviewedOn","","stale 413 days; thin content 107 words; missing park fields: latitude, longitude, shade, reviewedOn"
"83","dog-parks","Dog Parks","/dog-parks/bridgeland-riverside-off-leash-area/","Bridgeland Riverside Off-Leash Area","Very high","413","176","thin-content","79","needs-content-expansion; needs-human-review","","","","","","","no","latitude; longitude; shade; reviewedOn","","stale 413 days; thin content 176 words; missing park fields: latitude, longitude, shade, reviewedOn"
"83","dog-parks","Dog Parks","/dog-parks/britannia-slopes-off-leash-area/","Britannia Slopes Off-Leash Area","Very high","413","123","thin-content","79","needs-content-expansion; needs-human-review","","","","","","","no","latitude; longitude; shade; reviewedOn","","stale 413 days; thin content 123 words; missing park fields: latitude, longitude, shade, reviewedOn"
"83","dog-parks","Dog Parks","/dog-parks/canyon-meadows-off-leash-area/","Canyon Meadows Off-Leash Area","Very high","413","126","thin-content","79","needs-content-expansion; needs-human-review","","","","","","","no","latitude; longitude; shade; reviewedOn","","stale 413 days; thin content 126 words; missing park fields: latitude, longitude, shade, reviewedOn"
"83","dog-parks","Dog Parks","/dog-parks/carburn-park-off-leash-area/","Carburn Park Off-Leash Area","Very high","413","110","thin-content","79","needs-content-expansion; needs-human-review","","","","","","","no","latitude; longitude; shade; reviewedOn","","stale 413 days; thin content 110 words; missing park fields: latitude, longitude, shade, reviewedOn"
"83","dog-parks","Dog Parks","/dog-parks/coach-hill-off-leash-area/","Coach Hill Off-Leash Area","Very high","413","113","thin-content","79","needs-content-expansion; needs-human-review","","","","","","","no","latitude; longitude; shade; reviewedOn","","stale 413 days; thin content 113 words; missing park fields: latitude, longitude, shade, reviewedOn"
"83","dog-parks","Dog Parks","/dog-parks/confederation-park/","Confederation Park","Very high","413","114","thin-content","79","needs-content-expansion; needs-human-review","","","","","","","no","latitude; longitude; shade; reviewedOn","","stale 413 days; thin content 114 words; missing park fields: latitude, longitude, shade, reviewedOn"
"83","dog-parks","Dog Parks","/dog-parks/connaught-off-leash-area/","Connaught Off-Leash Area","Very high","413","111","thin-content","79","needs-content-expansion; needs-human-review","","","","","","","no","latitude; longitude; shade; reviewedOn","","stale 413 days; thin content 111 words; missing park fields: latitude, longitude, shade, reviewedOn"
"83","dog-parks","Dog Parks","/dog-parks/currie-bark-park/","Currie Bark Park","Very high","413","121","thin-content","79","needs-content-expansion; needs-human-review","","","","","","","no","latitude; longitude; shade; reviewedOn","","stale 413 days; thin content 121 words; missing park fields: latitude, longitude, shade, reviewedOn"
"83","dog-parks","Dog Parks","/dog-parks/dale-hodges-park/","Dale Hodges Park","Very high","413","115","thin-content","79","needs-content-expansion; needs-human-review","","","","","","","no","latitude; longitude; parking; reviewedOn","","stale 413 days; thin content 115 words; missing park fields: latitude, longitude, parking, reviewedOn"
"83","dog-parks","Dog Parks","/dog-parks/deer-ridge-park/","Deer Ridge Park","Very high","413","113","thin-content","79","needs-content-expansion; needs-human-review","","","","","","","no","latitude; longitude; shade; reviewedOn","","stale 413 days; thin content 113 words; missing park fields: latitude, longitude, shade, reviewedOn"
"83","dog-parks","Dog Parks","/dog-parks/douglasdale-off-leash-area/","Douglasdale Off-Leash Area","Very high","413","110","thin-content","79","needs-content-expansion; needs-human-review","","","","","","","no","latitude; longitude; shade; reviewedOn","","stale 413 days; thin content 110 words; missing park fields: latitude, longitude, shade, reviewedOn"
"83","dog-parks","Dog Parks","/dog-parks/east-village-dog-park/","East Village Dog Park","Very high","413","124","thin-content","79","needs-content-expansion; needs-human-review","","","","","","","no","latitude; longitude; shade; reviewedOn","","stale 413 days; thin content 124 words; missing park fields: latitude, longitude, shade, reviewedOn"
"83","dog-parks","Dog Parks","/dog-parks/edgemont-area-1-off-leash-dog-park/","Edgemont Area 1 Off-Leash Dog Park","Very high","413","132","thin-content","79","needs-content-expansion; needs-human-review","","","","","","","no","latitude; longitude; shade; reviewedOn","","stale 413 days; thin content 132 words; missing park fields: latitude, longitude, shade, reviewedOn"
"83","dog-parks","Dog Parks","/dog-parks/elbow-park-off-leash-area/","Elbow Park Off-Leash Area","Very high","413","110","thin-content","79","needs-content-expansion; needs-human-review","","","","","","","no","latitude; longitude; shade; reviewedOn","","stale 413 days; thin content 110 words; missing park fields: latitude, longitude, shade, reviewedOn"
"83","dog-parks","Dog Parks","/dog-parks/elboya-off-leash-area/","Elboya Off-Leash Area","Very high","413","104","thin-content","79","needs-content-expansion; needs-human-review","","","","","","","no","latitude; longitude; shade; reviewedOn","","stale 413 days; thin content 104 words; missing park fields: latitude, longitude, shade, reviewedOn"
"83","dog-parks","Dog Parks","/dog-parks/evanston-dog-park/","Evanston Dog Park","Very high","413","100","thin-content","79","needs-content-expansion; needs-human-review","","","","","","","no","latitude; longitude; shade; reviewedOn","","stale 413 days; thin content 100 words; missing park fields: latitude, longitude, shade, reviewedOn"
"83","dog-parks","Dog Parks","/dog-parks/fish-creek-marshall-votiers/","Fish Creek Park – Marshall Springs & Votiers Flats","Very high","413","124","thin-content","79","needs-content-expansion; needs-human-review","","","","","","","no","latitude; longitude; shade; reviewedOn","","stale 413 days; thin content 124 words; missing park fields: latitude, longitude, shade, reviewedOn"
"83","dog-parks","Dog Parks","/dog-parks/fish-creek-provincial-park-off-leash-area/","Fish Creek Provincial Park Off-Leash Area","Very high","413","123","thin-content","79","needs-content-expansion; needs-human-review","","","","","","","no","latitude; longitude; shade; reviewedOn","","stale 413 days; thin content 123 words; missing park fields: latitude, longitude, shade, reviewedOn"
"83","dog-parks","Dog Parks","/dog-parks/glamorgan-off-leash-area/","Glamorgan Off-Leash Area","Very high","413","114","thin-content","79","needs-content-expansion; needs-human-review","","","","","","","no","latitude; longitude; shade; reviewedOn","","stale 413 days; thin content 114 words; missing park fields: latitude, longitude, shade, reviewedOn"
"83","dog-parks","Dog Parks","/dog-parks/glenmore-dam-off-leash-area/","Glenmore Dam Off-Leash Area","Very high","413","128","thin-content","79","needs-content-expansion; needs-human-review","","","","","","","no","latitude; longitude; shade; reviewedOn","","stale 413 days; thin content 128 words; missing park fields: latitude, longitude, shade, reviewedOn"
"83","dog-parks","Dog Parks","/dog-parks/hidden-valley-area-2-off-leash-dog-park/","Hidden Valley Area 2 Off-Leash Dog Park","Very high","413","137","thin-content","79","needs-content-expansion; needs-human-review","","","","","","","no","latitude; longitude; shade; reviewedOn","","stale 413 days; thin content 137 words; missing park fields: latitude, longitude, shade, reviewedOn"
"83","dog-parks","Dog Parks","/dog-parks/killarney-off-leash-area/","Killarney Off-Leash Area","Very high","413","123","thin-content","79","needs-content-expansion; needs-human-review","","","","","","","no","latitude; longitude; shade; reviewedOn","","stale 413 days; thin content 123 words; missing park fields: latitude, longitude, shade, reviewedOn"
"83","dog-parks","Dog Parks","/dog-parks/legacy-park/","Legacy Park","Very high","413","101","thin-content","79","needs-content-expansion; needs-human-review","","","","","","","no","latitude; longitude; shade; reviewedOn","","stale 413 days; thin content 101 words; missing park fields: latitude, longitude, shade, reviewedOn"
"83","dog-parks","Dog Parks","/dog-parks/mahogany-wetlands-off-leash-area/","Mahogany Wetlands Off-Leash Area","Very high","413","106","thin-content","79","needs-content-expansion; needs-human-review","","","","","","","no","latitude; longitude; shade; reviewedOn","","stale 413 days; thin content 106 words; missing park fields: latitude, longitude, shade, reviewedOn"
"83","dog-parks","Dog Parks","/dog-parks/martindale-off-leash-area/","Martindale Off-Leash Area","Very high","413","113","thin-content","79","needs-content-expansion; needs-human-review","","","","","","","no","latitude; longitude; shade; reviewedOn","","stale 413 days; thin content 113 words; missing park fields: latitude, longitude, shade, reviewedOn"
"83","dog-parks","Dog Parks","/dog-parks/mayland-heights-off-leash-area/","Mayland Heights Off-Leash Area","Very high","413","110","thin-content","79","needs-content-expansion; needs-human-review","","","","","","","no","latitude; longitude; shade; reviewedOn","","stale 413 days; thin content 110 words; missing park fields: latitude, longitude, shade, reviewedOn"
"83","dog-parks","Dog Parks","/dog-parks/mccall-lake-off-leash-area/","McCall Lake Off-Leash Area","Very high","413","118","thin-content","79","needs-content-expansion; needs-human-review","","","","","","","no","latitude; longitude; shade; reviewedOn","","stale 413 days; thin content 118 words; missing park fields: latitude, longitude, shade, reviewedOn"
"83","dog-parks","Dog Parks","/dog-parks/mcknight-falconridge-off-leash-area/","McKnight-Falconridge Off-Leash Area","Very high","413","118","thin-content","79","needs-content-expansion; needs-human-review","","","","","","","no","latitude; longitude; shade; reviewedOn","","stale 413 days; thin content 118 words; missing park fields: latitude, longitude, shade, reviewedOn"
"83","dog-parks","Dog Parks","/dog-parks/pearce-estate-park-off-leash-area/","Pearce Estate Park Off-Leash Area","Very high","413","117","thin-content","79","needs-content-expansion; needs-human-review","","","","","","","no","latitude; longitude; shade; reviewedOn","","stale 413 days; thin content 117 words; missing park fields: latitude, longitude, shade, reviewedOn"
"83","dog-parks","Dog Parks","/dog-parks/pump-hill-off-leash-area/","Pump Hill Off-Leash Area","Very high","413","118","thin-content","79","needs-content-expansion; needs-human-review","","","","","","","no","latitude; longitude; shade; reviewedOn","","stale 413 days; thin content 118 words; missing park fields: latitude, longitude, shade, reviewedOn"
"83","dog-parks","Dog Parks","/dog-parks/queensland-off-leash-area/","Queensland Off-Leash Area","Very high","413","96","thin-content","79","needs-content-expansion; needs-human-review","","","","","","","no","latitude; longitude; shade; reviewedOn","","stale 413 days; thin content 96 words; missing park fields: latitude, longitude, shade, reviewedOn"
"83","dog-parks","Dog Parks","/dog-parks/ramsay-off-leash-area/","Ramsay Off-Leash Area","Very high","413","116","thin-content","79","needs-content-expansion; needs-human-review","","","","","","","no","latitude; longitude; shade; reviewedOn","","stale 413 days; thin content 116 words; missing park fields: latitude, longitude, shade, reviewedOn"
"83","dog-parks","Dog Parks","/dog-parks/renfrew-off-leash-park/","Renfrew Off-Leash Park","Very high","413","120","thin-content","79","needs-content-expansion; needs-human-review","","","","","","","no","latitude; longitude; shade; reviewedOn","","stale 413 days; thin content 120 words; missing park fields: latitude, longitude, shade, reviewedOn"
"83","dog-parks","Dog Parks","/dog-parks/river-park-off-leash-area/","River Park Off-Leash Area","Very high","413","121","thin-content","79","needs-content-expansion; needs-human-review","","","","","","","no","latitude; longitude; shade; reviewedOn","","stale 413 days; thin content 121 words; missing park fields: latitude, longitude, shade, reviewedOn"
"83","dog-parks","Dog Parks","/dog-parks/riverdale-off-leash-area/","Riverdale Off-Leash Area","Very high","413","101","thin-content","79","needs-content-expansion; needs-human-review","","","","","","","no","latitude; longitude; shade; reviewedOn","","stale 413 days; thin content 101 words; missing park fields: latitude, longitude, shade, reviewedOn"
"83","dog-parks","Dog Parks","/dog-parks/rotary-park-off-leash-area/","Rotary Park Off-Leash Area","Very high","413","146","thin-content","79","needs-content-expansion; needs-human-review","","","","","","","no","latitude; longitude; shade; reviewedOn","","stale 413 days; thin content 146 words; missing park fields: latitude, longitude, shade, reviewedOn"
"83","dog-parks","Dog Parks","/dog-parks/roxboro-off-leash-area/","Roxboro Off-Leash Area","Very high","413","120","thin-content","79","needs-content-expansion; needs-human-review","","","","","","","no","latitude; longitude; shade; reviewedOn","","stale 413 days; thin content 120 words; missing park fields: latitude, longitude, shade, reviewedOn"
"83","dog-parks","Dog Parks","/dog-parks/sandstone-area-1-off-leash-dog-park/","Sandstone Area 1 Off-Leash Dog Park","Very high","413","100","thin-content","79","needs-content-expansion; needs-human-review","","","","","","","no","latitude; longitude; shade; reviewedOn","","stale 413 days; thin content 100 words; missing park fields: latitude, longitude, shade, reviewedOn"
"83","dog-parks","Dog Parks","/dog-parks/sandy-beach-off-leash-area/","Sandy Beach Park Off-Leash Area","Very high","413","118","thin-content","79","needs-content-expansion; needs-human-review","","","","","","","no","latitude; longitude; shade; reviewedOn","","stale 413 days; thin content 118 words; missing park fields: latitude, longitude, shade, reviewedOn"
"83","dog-parks","Dog Parks","/dog-parks/seton-off-leash-area/","Seton Off-Leash Area","Very high","413","97","thin-content","79","needs-content-expansion; needs-human-review","","","","","","","no","latitude; longitude; shade; reviewedOn","","stale 413 days; thin content 97 words; missing park fields: latitude, longitude, shade, reviewedOn"
"83","dog-parks","Dog Parks","/dog-parks/skyview-ranch-off-leash-area/","Skyview Ranch Off-Leash Area","Very high","413","103","thin-content","79","needs-content-expansion; needs-human-review","","","","","","","no","latitude; longitude; shade; reviewedOn","","stale 413 days; thin content 103 words; missing park fields: latitude, longitude, shade, reviewedOn"
"83","dog-parks","Dog Parks","/dog-parks/st-patricks-island-off-leash-area/","St. Patrick's Island Off-Leash Area","Very high","413","112","thin-content","79","needs-content-expansion; needs-human-review","","","","","","","no","latitude; longitude; shade; reviewedOn","","stale 413 days; thin content 112 words; missing park fields: latitude, longitude, shade, reviewedOn"
"83","dog-parks","Dog Parks","/dog-parks/strathcona-park-off-leash-area/","Strathcona Park Off-Leash Area","Very high","413","121","thin-content","79","needs-content-expansion; needs-human-review","","","","","","","no","latitude; longitude; shade; reviewedOn","","stale 413 days; thin content 121 words; missing park fields: latitude, longitude, shade, reviewedOn"
"83","dog-parks","Dog Parks","/dog-parks/sue-higgins-park/","Sue Higgins Park","Very high","413","120","thin-content","79","needs-content-expansion; needs-human-review","","","","","","","no","latitude; longitude; shade; reviewedOn","","stale 413 days; thin content 120 words; missing park fields: latitude, longitude, shade, reviewedOn"
"83","dog-parks","Dog Parks","/dog-parks/sunalta-off-leash-area/","Sunalta Off-Leash Area","Very high","413","106","thin-content","79","needs-content-expansion; needs-human-review","","","","","","","no","latitude; longitude; shade; reviewedOn","","stale 413 days; thin content 106 words; missing park fields: latitude, longitude, shade, reviewedOn"
"83","dog-parks","Dog Parks","/dog-parks/taradale-off-leash-area/","Taradale Off-Leash Area","Very high","413","107","thin-content","79","needs-content-expansion; needs-human-review","","","","","","","no","latitude; longitude; shade; reviewedOn","","stale 413 days; thin content 107 words; missing park fields: latitude, longitude, shade, reviewedOn"
"83","dog-parks","Dog Parks","/dog-parks/tom-campbells-hill-off-leash-area/","Tom Campbell’s Hill Off-Leash Area","Very high","413","179","thin-content","79","needs-content-expansion; needs-human-review","","","","","","","no","latitude; longitude; shade; reviewedOn","","stale 413 days; thin content 179 words; missing park fields: latitude, longitude, shade, reviewedOn"
"83","dog-parks","Dog Parks","/dog-parks/varsity-estates-park/","Varsity Estates Park","Very high","413","116","thin-content","79","needs-content-expansion; needs-human-review","","","","","","","no","latitude; longitude; parking; reviewedOn","","stale 413 days; thin content 116 words; missing park fields: latitude, longitude, parking, reviewedOn"
"83","dog-parks","Dog Parks","/dog-parks/west-hillhurst-off-leash-area/","West Hillhurst Off-Leash Area","Very high","413","100","thin-content","79","needs-content-expansion; needs-human-review","","","","","","","no","latitude; longitude; shade; reviewedOn","","stale 413 days; thin content 100 words; missing park fields: latitude, longitude, shade, reviewedOn"
"82","dog-park-locations","City Pages","/dog-parks/charleston-lake/","Charleston Lake","High","313","459","missing-source","73","needs-source-research; needs-content-expansion; needs-human-review","","","","","","","yes","rules; officialSource; reviewedOn","","stale 313 days; missing official/source URL; missing city fields: rules, officialSource, reviewedOn"
"82","dog-park-locations","City Pages","/dog-parks/chilliwack/","Chilliwack","High","313","459","missing-source","73","needs-source-research; needs-content-expansion; needs-human-review","","","","","","","yes","rules; officialSource; reviewedOn","","stale 313 days; missing official/source URL; missing city fields: rules, officialSource, reviewedOn"
"82","dog-park-locations","City Pages","/dog-parks/kelowna/","Kelowna","High","313","452","missing-source","73","needs-source-research; needs-content-expansion; needs-human-review","","","","","","","yes","rules; officialSource; reviewedOn","","stale 313 days; missing official/source URL; missing city fields: rules, officialSource, reviewedOn"
"82","dog-park-locations","City Pages","/dog-parks/st-catharines/","St. Catharines","High","313","461","missing-source","73","needs-source-research; needs-content-expansion; needs-human-review","","","","","","","yes","rules; officialSource; reviewedOn","","stale 313 days; missing official/source URL; missing city fields: rules, officialSource, reviewedOn"
"82","dog-park-locations","City Pages","/dog-parks/toronto/","Toronto","High","313","456","missing-source","73","needs-source-research; needs-content-expansion; needs-human-review","","","","","","","yes","rules; officialSource; reviewedOn","","stale 313 days; missing official/source URL; missing city fields: rules, officialSource, reviewedOn"
"82","dog-park-locations","City Pages","/dog-parks/vancouver/","Vancouver","High","313","464","missing-source","73","needs-source-research; needs-content-expansion; needs-human-review","","","","","","","yes","rules; officialSource; reviewedOn","","stale 313 days; missing official/source URL; missing city fields: rules, officialSource, reviewedOn"
"81","dog-parks","Dog Parks","/dog-parks/buena-vista-park-off-leash-dog-park/","Buena Vista Park Off-Leash Dog Park","Very high","371","87","thin-content","84","needs-content-expansion; needs-human-review","","","","","","","no","water; rules; reviewedOn","","stale 371 days; thin content 87 words; missing park fields: water, rules, reviewedOn"
"81","dog-parks","Dog Parks","/dog-parks/cedar-creek-park-kelowna/","Cedar Creek Park","Very high","371","83","thin-content","84","needs-content-expansion; needs-human-review","","","","","","","no","water; rules; reviewedOn","","stale 371 days; thin content 83 words; missing park fields: water, rules, reviewedOn"
"81","dog-parks","Dog Parks","/dog-parks/ellison-dog-park-kelowna/","Ellison Dog Park","Very high","371","74","thin-content","84","needs-content-expansion; needs-human-review","","","","","","","no","water; rules; reviewedOn","","stale 371 days; thin content 74 words; missing park fields: water, rules, reviewedOn"
"81","dog-parks","Dog Parks","/dog-parks/glenashton-park/","Glenashton Park","Very high","409","167","thin-content","84","needs-content-expansion; needs-human-review","","","","","","","no","latitude; longitude; reviewedOn","","stale 409 days; thin content 167 words; missing park fields: latitude, longitude, reviewedOn"
"81","dog-park-locations","City Pages","/dog-parks/halifax/","Halifax","High","313","437","thin-content","91","needs-content-expansion; needs-human-review","","","","","","","no","reviewedOn","","stale 313 days; thin content 437 words; missing city fields: reviewedOn"
"81","dog-parks","Dog Parks","/dog-parks/idlewood-park/","Idlewood Park","Very high","392","96","thin-content","84","needs-content-expansion; needs-human-review","","","","","","","no","latitude; longitude; reviewedOn","","stale 392 days; thin content 96 words; missing park fields: latitude, longitude, reviewedOn"
"81","dog-parks","Dog Parks","/dog-parks/lake-bonavista/","Lake Bonavista Off-Leash Area","Very high","412","116","thin-content","84","needs-content-expansion; needs-human-review","","","","","","","no","latitude; longitude; reviewedOn","","stale 412 days; thin content 116 words; missing park fields: latitude, longitude, reviewedOn"
"81","dog-parks","Dog Parks","/dog-parks/melville-dog-park/","Melville Dog Park","Very high","371","79","thin-content","84","needs-content-expansion; needs-human-review","","","","","","","no","water; rules; reviewedOn","","stale 371 days; thin content 79 words; missing park fields: water, rules, reviewedOn"
"81","dog-parks","Dog Parks","/dog-parks/mill-creek-ravine-south-off-leash/","Mill Creek Ravine South Off-Leash Area","Very high","371","82","thin-content","84","needs-content-expansion; needs-human-review","","","","","","","no","water; rules; reviewedOn","","stale 371 days; thin content 82 words; missing park fields: water, rules, reviewedOn"
"81","dog-parks","Dog Parks","/dog-parks/moose-jaw-dog-park/","Moose Jaw Dog Park","Very high","371","102","thin-content","84","needs-content-expansion; needs-human-review","","","","","","","no","water; rules; reviewedOn","","stale 371 days; thin content 102 words; missing park fields: water, rules, reviewedOn"
"81","dog-parks","Dog Parks","/dog-parks/regent-park/","Regent Park","Very high","407","119","thin-content","84","needs-content-expansion; needs-human-review","","","","","","","no","latitude; longitude; reviewedOn","","stale 407 days; thin content 119 words; missing park fields: latitude, longitude, reviewedOn"
"81","dog-parks","Dog Parks","/dog-parks/rowcliffe-park-kelowna/","Rowcliffe Park","Very high","371","72","thin-content","84","needs-content-expansion; needs-human-review","","","","","","","no","water; rules; reviewedOn","","stale 371 days; thin content 72 words; missing park fields: water, rules, reviewedOn"
"81","dog-parks","Dog Parks","/dog-parks/swift-current-off-leash-dog-park/","Swift Current Off-Leash Dog Park","Very high","371","92","thin-content","84","needs-content-expansion; needs-human-review","","","","","","","no","water; rules; reviewedOn","","stale 371 days; thin content 92 words; missing park fields: water, rules, reviewedOn"
"81","dog-parks","Dog Parks","/dog-parks/terwillegar-off-leash-dog-park/","Terwillegar Off-Leash Dog Park","Very high","371","92","thin-content","84","needs-content-expansion; needs-human-review","","","","","","","no","water; rules; reviewedOn","","stale 371 days; thin content 92 words; missing park fields: water, rules, reviewedOn"
"81","dog-parks","Dog Parks","/dog-parks/warman-off-leash-dog-park/","Warman Off-Leash Dog Park","Very high","371","87","thin-content","84","needs-content-expansion; needs-human-review","","","","","","","no","water; rules; reviewedOn","","stale 371 days; thin content 87 words; missing park fields: water, rules, reviewedOn"
"80","dog-parks","Dog Parks","/dog-parks/sunrise-dog-park-vancouver/","Sunrise Park","Very high","399","213","missing-source","74","needs-source-research; needs-content-expansion; needs-human-review","","","","","","","yes","latitude; longitude; officialSource; rules; reviewedOn","","stale 399 days; missing official/source URL; missing park fields: latitude, longitude, officialSource, rules, reviewedOn"
"79","dog-parks","Dog Parks","/dog-parks/adams-park-cornwall/","Adams Park","Very high","372","81","thin-content","89","needs-content-expansion; needs-human-review","","","","","","","no","rules; reviewedOn","","stale 372 days; thin content 81 words; missing park fields: rules, reviewedOn"
"79","dog-parks","Dog Parks","/dog-parks/albion-fairgrounds-maple-ridge/","Albion Fairgrounds","Very high","371","96","thin-content","89","needs-content-expansion; needs-human-review","","","","","","","no","rules; reviewedOn","","stale 371 days; thin content 96 words; missing park fields: rules, reviewedOn"
"79","dog-parks","Dog Parks","/dog-parks/alexander-park-victoria/","Alexander Park","Very high","371","72","thin-content","89","needs-content-expansion; needs-human-review","","","","","","","no","rules; reviewedOn","","stale 371 days; thin content 72 words; missing park fields: rules, reviewedOn"
"79","dog-parks","Dog Parks","/dog-parks/allan-hogg-rotary-park/","Dr. R. J. Allan Hogg Rotary Park","Very high","371","92","thin-content","89","needs-content-expansion; needs-human-review","","","","","","","no","rules; reviewedOn","","stale 371 days; thin content 92 words; missing park fields: rules, reviewedOn"
"79","dog-parks","Dog Parks","/dog-parks/audley-recreation-centre/","Audley Recreation Centre Off-Leash Area","Very high","373","95","thin-content","89","needs-content-expansion; needs-human-review","","","","","","","no","rules; reviewedOn","","stale 373 days; thin content 95 words; missing park fields: rules, reviewedOn"
"79","dog-parks","Dog Parks","/dog-parks/avalon-dog-park/","Avalon Dog Park","Very high","371","103","thin-content","89","needs-content-expansion; needs-human-review","","","","","","","no","rules; reviewedOn","","stale 371 days; thin content 103 words; missing park fields: rules, reviewedOn"
"79","dog-parks","Dog Parks","/dog-parks/baffin-dog-park/","Baffin Dog Park","Very high","371","93","thin-content","89","needs-content-expansion; needs-human-review","","","","","","","no","rules; reviewedOn","","stale 371 days; thin content 93 words; missing park fields: rules, reviewedOn"
"79","dog-parks","Dog Parks","/dog-parks/balmoral-park-chilliwack/","Balmoral Park","Very high","372","73","thin-content","89","needs-content-expansion; needs-human-review","","","","","","","no","rules; reviewedOn","","stale 372 days; thin content 73 words; missing park fields: rules, reviewedOn"
"79","dog-parks","Dog Parks","/dog-parks/banfield-park-victoria/","Banfield Park","Very high","371","80","thin-content","89","needs-content-expansion; needs-human-review","","","","","","","no","rules; reviewedOn","","stale 371 days; thin content 80 words; missing park fields: rules, reviewedOn"
"79","dog-parks","Dog Parks","/dog-parks/barber-park-chilliwack/","Barber Park","Very high","372","69","thin-content","89","needs-content-expansion; needs-human-review","","","","","","","no","rules; reviewedOn","","stale 372 days; thin content 69 words; missing park fields: rules, reviewedOn"
"79","dog-parks","Dog Parks","/dog-parks/barnet-marine-park-burnaby/","Barnet Marine Park","Very high","371","88","thin-content","89","needs-content-expansion; needs-human-review","","","","","","","no","rules; reviewedOn","","stale 371 days; thin content 88 words; missing park fields: rules, reviewedOn"
"79","dog-parks","Dog Parks","/dog-parks/beacon-hill-park-victoria/","Beacon Hill Park","Very high","371","90","thin-content","89","needs-content-expansion; needs-human-review","","","","","","","no","rules; reviewedOn","","stale 371 days; thin content 90 words; missing park fields: rules, reviewedOn"
"79","dog-parks","Dog Parks","/dog-parks/bearspaw-off-leash-area/","Bearspaw Off-Leash Area","Very high","371","74","thin-content","89","needs-content-expansion; needs-human-review","","","","","","","no","rules; reviewedOn","","stale 371 days; thin content 74 words; missing park fields: rules, reviewedOn"
"79","dog-parks","Dog Parks","/dog-parks/beckett-park-maple-ridge/","Beckett Park","Very high","371","86","thin-content","89","needs-content-expansion; needs-human-review","","","","","","","no","rules; reviewedOn","","stale 371 days; thin content 86 words; missing park fields: rules, reviewedOn"
"79","dog-parks","Dog Parks","/dog-parks/bell-park-burnaby/","Bell Park","Very high","371","80","thin-content","89","needs-content-expansion; needs-human-review","","","","","","","no","rules; reviewedOn","","stale 371 days; thin content 80 words; missing park fields: rules, reviewedOn"
"79","dog-parks","Dog Parks","/dog-parks/blue-heron-park-ladysmith/","Blue Heron Park","Very high","372","80","thin-content","89","needs-content-expansion; needs-human-review","","","","","","","no","rules; reviewedOn","","stale 372 days; thin content 80 words; missing park fields: rules, reviewedOn"
"79","dog-parks","Dog Parks","/dog-parks/bourkevale-park/","Bourkevale Park","Very high","371","87","thin-content","89","needs-content-expansion; needs-human-review","","","","","","","no","rules; reviewedOn","","stale 371 days; thin content 87 words; missing park fields: rules, reviewedOn"
"79","dog-parks","Dog Parks","/dog-parks/burnaby-fraser-foreshore-park/","Burnaby Fraser Foreshore Park","Very high","371","75","thin-content","89","needs-content-expansion; needs-human-review","","","","","","","no","rules; reviewedOn","","stale 371 days; thin content 75 words; missing park fields: rules, reviewedOn"
"79","dog-parks","Dog Parks","/dog-parks/burnaby-heights-park/","Burnaby Heights Park","Very high","371","77","thin-content","89","needs-content-expansion; needs-human-review","","","","","","","no","rules; reviewedOn","","stale 371 days; thin content 77 words; missing park fields: rules, reviewedOn"
"79","dog-park-locations","City Pages","/dog-parks/calgary/","Calgary","High","255","539","missing-source","82","needs-source-research; needs-human-review","","","","","","","yes","officialSource; reviewedOn","","stale 255 days; missing official/source URL; missing city fields: officialSource, reviewedOn"
"79","dog-parks","Dog Parks","/dog-parks/callingwood-park-off-leash-area/","Callingwood Park Off-Leash Area","Very high","371","77","thin-content","89","needs-content-expansion; needs-human-review","","","","","","","no","rules; reviewedOn","","stale 371 days; thin content 77 words; missing park fields: rules, reviewedOn"
"79","dog-parks","Dog Parks","/dog-parks/campbellford-dog-park/","Campbellford Dog Park","Very high","372","87","thin-content","89","needs-content-expansion; needs-human-review","","","","","","","no","rules; reviewedOn","","stale 372 days; thin content 87 words; missing park fields: rules, reviewedOn"
"79","dog-parks","Dog Parks","/dog-parks/carmel-park-chilliwack/","Carmel Park","Very high","372","69","thin-content","89","needs-content-expansion; needs-human-review","","","","","","","no","rules; reviewedOn","","stale 372 days; thin content 69 words; missing park fields: rules, reviewedOn"
"79","dog-parks","Dog Parks","/dog-parks/castle-park/","Castle Park","Very high","372","71","thin-content","89","needs-content-expansion; needs-human-review","","","","","","","no","rules; reviewedOn","","stale 372 days; thin content 71 words; missing park fields: rules, reviewedOn"
"79","dog-parks","Dog Parks","/dog-parks/caswell-mayfair-dog-park/","Caswell (Mayfair) Dog Park","Very high","371","85","thin-content","89","needs-content-expansion; needs-human-review","","","","","","","no","rules; reviewedOn","","stale 371 days; thin content 85 words; missing park fields: rules, reviewedOn"
"79","dog-parks","Dog Parks","/dog-parks/centennial-park-white-rock/","Centennial Park","Very high","371","83","thin-content","89","needs-content-expansion; needs-human-review","","","","","","","no","rules; reviewedOn","","stale 371 days; thin content 83 words; missing park fields: rules, reviewedOn"
"79","dog-parks","Dog Parks","/dog-parks/central-bark-dog-park/","Central Bark Dog Park","Very high","371","92","thin-content","89","needs-content-expansion; needs-human-review","","","","","","","no","rules; reviewedOn","","stale 371 days; thin content 92 words; missing park fields: rules, reviewedOn"
"79","dog-parks","Dog Parks","/dog-parks/charleswood-dog-park/","Charleswood Dog Park","Very high","371","85","thin-content","89","needs-content-expansion; needs-human-review","","","","","","","no","rules; reviewedOn","","stale 371 days; thin content 85 words; missing park fields: rules, reviewedOn"
"79","dog-parks","Dog Parks","/dog-parks/chemainus-lake-park-ladysmith/","Chemainus Lake Park","Very high","372","87","thin-content","89","needs-content-expansion; needs-human-review","","","","","","","no","rules; reviewedOn","","stale 372 days; thin content 87 words; missing park fields: rules, reviewedOn"
"79","dog-parks","Dog Parks","/dog-parks/chilliwack-community-forest/","Chilliwack Community Forest","Very high","372","68","thin-content","89","needs-content-expansion; needs-human-review","","","","","","","no","rules; reviewedOn","","stale 372 days; thin content 68 words; missing park fields: rules, reviewedOn"
"79","dog-parks","Dog Parks","/dog-parks/confederation-park-burnaby/","Confederation Park","Very high","371","77","thin-content","89","needs-content-expansion; needs-human-review","","","","","","","no","rules; reviewedOn","","stale 371 days; thin content 77 words; missing park fields: rules, reviewedOn"
"79","dog-parks","Dog Parks","/dog-parks/cottonwood-falls-park-nelson/","Cottonwood Falls Park","Very high","371","91","thin-content","89","needs-content-expansion; needs-human-review","","","","","","","no","rules; reviewedOn","","stale 371 days; thin content 91 words; missing park fields: rules, reviewedOn"
"79","dog-parks","Dog Parks","/dog-parks/crimson-ridge-park-chilliwack/","Crimson Ridge Park","Very high","372","80","thin-content","89","needs-content-expansion; needs-human-review","","","","","","","no","rules; reviewedOn","","stale 372 days; thin content 80 words; missing park fields: rules, reviewedOn"
"79","dog-parks","Dog Parks","/dog-parks/crystal-ridge-neighbourhood-off-leash-area/","Crystal Ridge Neighbourhood Off-Leash Area","Very high","371","97","thin-content","89","needs-content-expansion; needs-human-review","","","","","","","no","rules; reviewedOn","","stale 371 days; thin content 97 words; missing park fields: rules, reviewedOn"
"79","dog-parks","Dog Parks","/dog-parks/david-gray-park-burnaby/","David Gray Park","Very high","371","69","thin-content","89","needs-content-expansion; needs-human-review","","","","","","","no","rules; reviewedOn","","stale 371 days; thin content 69 words; missing park fields: rules, reviewedOn"
"79","dog-parks","Dog Parks","/dog-parks/dawson-park-off-leash-area/","Dawson Park Off-Leash Area","Very high","371","85","thin-content","89","needs-content-expansion; needs-human-review","","","","","","","no","rules; reviewedOn","","stale 371 days; thin content 85 words; missing park fields: rules, reviewedOn"
"79","dog-parks","Dog Parks","/dog-parks/diana-princess-of-wales-park-ladysmith/","Diana, Princess of Wales Park","Very high","372","77","thin-content","89","needs-content-expansion; needs-human-review","","","","","","","no","rules; reviewedOn","","stale 372 days; thin content 77 words; missing park fields: rules, reviewedOn"
"79","dog-parks","Dog Parks","/dog-parks/dodger-dog-park/","Dodger Dog Park","Very high","371","102","thin-content","89","needs-content-expansion; needs-human-review","","","","","","","no","rules; reviewedOn","","stale 371 days; thin content 102 words; missing park fields: rules, reviewedOn"
"79","dog-parks","Dog Parks","/dog-parks/dog-park-at-selkirk-park/","Dog Park at Selkirk Park","Very high","371","106","thin-content","89","needs-content-expansion; needs-human-review","","","","","","","no","rules; reviewedOn","","stale 371 days; thin content 106 words; missing park fields: rules, reviewedOn"
"79","dog-parks","Dog Parks","/dog-parks/dog-relief-station-new-westminster/","Dog Relief Station","Very high","372","86","thin-content","89","needs-content-expansion; needs-human-review","","","","","","","no","rules; reviewedOn","","stale 372 days; thin content 86 words; missing park fields: rules, reviewedOn"
"79","dog-parks","Dog Parks","/dog-parks/doggy-diamond-off-leash-park/","Doggy Diamond Off-Leash Park","Very high","371","105","thin-content","89","needs-content-expansion; needs-human-review","","","","","","","no","rules; reviewedOn","","stale 371 days; thin content 105 words; missing park fields: rules, reviewedOn"
"79","dog-parks","Dog Parks","/dog-parks/dogwood-park/","Dogwood Park","Very high","371","88","thin-content","89","needs-content-expansion; needs-human-review","","","","","","","no","rules; reviewedOn","","stale 371 days; thin content 88 words; missing park fields: rules, reviewedOn"
"79","dog-parks","Dog Parks","/dog-parks/duggan-park-kelowna/","Duggan Park","Very high","371","77","thin-content","89","needs-content-expansion; needs-human-review","","","","","","","no","rules; reviewedOn","","stale 371 days; thin content 77 words; missing park fields: rules, reviewedOn"
"79","dog-parks","Dog Parks","/dog-parks/dunmoore-park-pickering/","Dunmoore Park","Very high","372","74","thin-content","89","needs-content-expansion; needs-human-review","","","","","","","no","rules; reviewedOn","","stale 372 days; thin content 74 words; missing park fields: rules, reviewedOn"
"79","dog-parks","Dog Parks","/dog-parks/elliots-beach-park-ladysmith/","Elliots Beach Park","Very high","372","73","thin-content","89","needs-content-expansion; needs-human-review","","","","","","","no","rules; reviewedOn","","stale 372 days; thin content 73 words; missing park fields: rules, reviewedOn"
"79","dog-parks","Dog Parks","/dog-parks/fairfield-park-chilliwack/","Fairfield Park","Very high","372","72","thin-content","89","needs-content-expansion; needs-human-review","","","","","","","no","rules; reviewedOn","","stale 372 days; thin content 72 words; missing park fields: rules, reviewedOn"
"79","dog-parks","Dog Parks","/dog-parks/fred-mendel-dog-park/","Fred Mendel Dog Park","Very high","371","91","thin-content","89","needs-content-expansion; needs-human-review","","","","","","","no","rules; reviewedOn","","stale 371 days; thin content 91 words; missing park fields: rules, reviewedOn"
"79","dog-parks","Dog Parks","/dog-parks/gallinger-park-cornwall/","Gallinger Park","Very high","372","73","thin-content","89","needs-content-expansion; needs-human-review","","","","","","","no","rules; reviewedOn","","stale 372 days; thin content 73 words; missing park fields: rules, reviewedOn"
"79","dog-parks","Dog Parks","/dog-parks/glen-park/","Glen Park","Very high","372","71","thin-content","89","needs-content-expansion; needs-human-review","","","","","","","no","rules; reviewedOn","","stale 372 days; thin content 71 words; missing park fields: rules, reviewedOn"
"79","dog-parks","Dog Parks","/dog-parks/gold-bar-park-off-leash-area/","Gold Bar Park Off-Leash Area","Very high","371","85","thin-content","89","needs-content-expansion; needs-human-review","","","","","","","no","rules; reviewedOn","","stale 371 days; thin content 85 words; missing park fields: rules, reviewedOn"
"79","dog-parks","Dog Parks","/dog-parks/gourlay-janes-park/","Gourlay-Janes Park","Very high","372","72","thin-content","89","needs-content-expansion; needs-human-review","","","","","","","no","rules; reviewedOn","","stale 372 days; thin content 72 words; missing park fields: rules, reviewedOn"
"79","dog-parks","Dog Parks","/dog-parks/grand-valley-park-pickering/","Grand Valley Park","Very high","372","97","thin-content","89","needs-content-expansion; needs-human-review","","","","","","","no","rules; reviewedOn","","stale 372 days; thin content 97 words; missing park fields: rules, reviewedOn"
"79","dog-parks","Dog Parks","/dog-parks/hammond-dog-off-leash-area/","Hammond Dog Off‑Leash Area","Very high","371","96","thin-content","89","needs-content-expansion; needs-human-review","","","","","","","no","rules; reviewedOn","","stale 371 days; thin content 96 words; missing park fields: rules, reviewedOn"
"79","dog-parks","Dog Parks","/dog-parks/hampton-dog-park/","Hampton Dog Park","Very high","389","99","thin-content","89","needs-content-expansion; needs-human-review","","","","","","","no","rules; reviewedOn","","stale 389 days; thin content 99 words; missing park fields: rules, reviewedOn"
"79","dog-parks","Dog Parks","/dog-parks/hanbury-hill-pooch-park/","Hanbury Hill Pooch Park","Very high","371","108","thin-content","89","needs-content-expansion; needs-human-review","","","","","","","no","rules; reviewedOn","","stale 371 days; thin content 108 words; missing park fields: rules, reviewedOn"
"79","dog-parks","Dog Parks","/dog-parks/hanna-park-dog-park-quinte-west/","Hanna Park & Dog Park","Very high","372","106","thin-content","89","needs-content-expansion; needs-human-review","","","","","","","no","rules; reviewedOn","","stale 372 days; thin content 106 words; missing park fields: rules, reviewedOn"
"79","dog-parks","Dog Parks","/dog-parks/harbourview-park/","Harbourview Park","Very high","372","70","thin-content","89","needs-content-expansion; needs-human-review","","","","","","","no","rules; reviewedOn","","stale 372 days; thin content 70 words; missing park fields: rules, reviewedOn"
"79","dog-parks","Dog Parks","/dog-parks/hawrelak-trail-off-leash-area/","Hawrelak Trail Off-Leash Area","Very high","371","82","thin-content","89","needs-content-expansion; needs-human-review","","","","","","","no","rules; reviewedOn","","stale 371 days; thin content 82 words; missing park fields: rules, reviewedOn"
"79","dog-parks","Dog Parks","/dog-parks/hermitage-park-off-leash-area/","Hermitage Park Off-Leash Area","Very high","371","74","thin-content","89","needs-content-expansion; needs-human-review","","","","","","","no","rules; reviewedOn","","stale 371 days; thin content 74 words; missing park fields: rules, reviewedOn"
"79","dog-parks","Dog Parks","/dog-parks/holland-creek-trail-head-ladysmith/","Holland Creek Trail Head","Very high","372","82","thin-content","89","needs-content-expansion; needs-human-review","","","","","","","no","rules; reviewedOn","","stale 372 days; thin content 82 words; missing park fields: rules, reviewedOn"
"79","dog-parks","Dog Parks","/dog-parks/horizon-station-off-leash-dog-park/","Horizon Station Off-Leash Dog Park","Very high","371","105","thin-content","89","needs-content-expansion; needs-human-review","","","","","","","no","rules; reviewedOn","","stale 371 days; thin content 105 words; missing park fields: rules, reviewedOn"
"79","dog-parks","Dog Parks","/dog-parks/horovitz-park-cornwall/","Horovitz Park","Very high","372","72","thin-content","89","needs-content-expansion; needs-human-review","","","","","","","no","rules; reviewedOn","","stale 372 days; thin content 72 words; missing park fields: rules, reviewedOn"
"79","dog-parks","Dog Parks","/dog-parks/hume-park/","Hume Park","Very high","372","81","thin-content","89","needs-content-expansion; needs-human-review","","","","","","","no","rules; reviewedOn","","stale 372 days; thin content 81 words; missing park fields: rules, reviewedOn"
"79","dog-parks","Dog Parks","/dog-parks/hyde-park-dog-park/","Hyde Park Off-Leash Dog Park","Very high","371","104","thin-content","89","needs-content-expansion; needs-human-review","","","","","","","no","rules; reviewedOn","","stale 371 days; thin content 104 words; missing park fields: rules, reviewedOn"
"79","dog-parks","Dog Parks","/dog-parks/jack-purcell-dog-park/","Jack Purcell Dog Park","Very high","389","103","thin-content","89","needs-content-expansion; needs-human-review","","","","","","","no","rules; reviewedOn","","stale 389 days; thin content 103 words; missing park fields: rules, reviewedOn"
"79","dog-parks","Dog Parks","/dog-parks/jackie-parker-park-off-leash-area/","Jackie Parker Park Off-Leash Area","Very high","371","91","thin-content","89","needs-content-expansion; needs-human-review","","","","","","","no","rules; reviewedOn","","stale 371 days; thin content 91 words; missing park fields: rules, reviewedOn"
"79","dog-parks","Dog Parks","/dog-parks/jerry-sulina-park-maple-ridge/","Jerry Sulina Park","Very high","371","96","thin-content","89","needs-content-expansion; needs-human-review","","","","","","","no","rules; reviewedOn","","stale 371 days; thin content 96 words; missing park fields: rules, reviewedOn"
"79","dog-parks","Dog Parks","/dog-parks/jinkerson-dog-park/","Jinkerson Dog Park","Very high","372","84","thin-content","89","needs-content-expansion; needs-human-review","","","","","","","no","rules; reviewedOn","","stale 372 days; thin content 84 words; missing park fields: rules, reviewedOn"
"79","dog-parks","Dog Parks","/dog-parks/king-george-park-cornwall/","King George Park","Very high","372","87","thin-content","89","needs-content-expansion; needs-human-review","","","","","","","no","rules; reviewedOn","","stale 372 days; thin content 87 words; missing park fields: rules, reviewedOn"
"79","dog-parks","Dog Parks","/dog-parks/kings-park/","Kings Park","Very high","371","92","thin-content","89","needs-content-expansion; needs-human-review","","","","","","","no","rules; reviewedOn","","stale 371 days; thin content 92 words; missing park fields: rules, reviewedOn"
"79","dog-parks","Dog Parks","/dog-parks/kinsmen-dog-park-quinte-west/","Kinsmen Dog Park","Very high","372","90","thin-content","89","needs-content-expansion; needs-human-review","","","","","","","no","rules; reviewedOn","","stale 372 days; thin content 90 words; missing park fields: rules, reviewedOn"
"79","dog-parks","Dog Parks","/dog-parks/kinsmen-park-chilliwack/","Kinsmen Park","Very high","372","77","thin-content","89","needs-content-expansion; needs-human-review","","","","","","","no","rules; reviewedOn","","stale 372 days; thin content 77 words; missing park fields: rules, reviewedOn"
"79","dog-parks","Dog Parks","/dog-parks/kinsmen-park-playground-ladysmith/","Kinsmen Park & Playground","Very high","372","78","thin-content","89","needs-content-expansion; needs-human-review","","","","","","","no","rules; reviewedOn","","stale 372 days; thin content 78 words; missing park fields: rules, reviewedOn"
"79","dog-park-locations","City Pages","/dog-parks/kitchener/","Kitchener","High","313","697","missing-source","82","needs-source-research; needs-human-review","","","","","","","yes","officialSource; reviewedOn","","stale 313 days; missing official/source URL; missing city fields: officialSource, reviewedOn"
"79","dog-parks","Dog Parks","/dog-parks/klarvatten-off-leash-area/","Klarvatten Off-Leash Area","Very high","371","81","thin-content","89","needs-content-expansion; needs-human-review","","","","","","","no","rules; reviewedOn","","stale 371 days; thin content 81 words; missing park fields: rules, reviewedOn"
"79","dog-parks","Dog Parks","/dog-parks/knox-mountain-dog-park-kelowna/","Knox Mountain Dog Park","Very high","371","90","thin-content","89","needs-content-expansion; needs-human-review","","","","","","","no","water; reviewedOn","","stale 371 days; thin content 90 words; missing park fields: water, reviewedOn"
"79","dog-parks","Dog Parks","/dog-parks/la-barkman-park-off-leash-area/","L.A. Barkman Park Off-Leash Area","Very high","371","100","thin-content","89","needs-content-expansion; needs-human-review","","","","","","","no","rules; reviewedOn","","stale 371 days; thin content 100 words; missing park fields: rules, reviewedOn"
"79","dog-parks","Dog Parks","/dog-parks/lacombe-lake-dog-park/","Lacombe Lake Dog Park","Very high","371","107","thin-content","89","needs-content-expansion; needs-human-review","","","","","","","no","rules; reviewedOn","","stale 371 days; thin content 107 words; missing park fields: rules, reviewedOn"
"79","dog-parks","Dog Parks","/dog-parks/lakefront-walkway-dog-park-nelson/","Lakefront Walkway Dog Park","Very high","371","90","thin-content","89","needs-content-expansion; needs-human-review","","","","","","","no","rules; reviewedOn","","stale 371 days; thin content 90 words; missing park fields: rules, reviewedOn"
"79","dog-parks","Dog Parks","/dog-parks/larkspur-off-leash-dog-park/","Larkspur Off-Leash Dog Park","Very high","371","89","thin-content","89","needs-content-expansion; needs-human-review","","","","","","","no","rules; reviewedOn","","stale 371 days; thin content 89 words; missing park fields: rules, reviewedOn"
"79","dog-parks","Dog Parks","/dog-parks/lauderdale-dog-park/","Lauderdale Dog Park","Very high","371","89","thin-content","89","needs-content-expansion; needs-human-review","","","","","","","no","rules; reviewedOn","","stale 371 days; thin content 89 words; missing park fields: rules, reviewedOn"
"79","dog-parks","Dog Parks","/dog-parks/leigh-park/","Leigh Park","Very high","372","77","thin-content","89","needs-content-expansion; needs-human-review","","","","","","","no","rules; reviewedOn","","stale 372 days; thin content 77 words; missing park fields: rules, reviewedOn"
"79","dog-parks","Dog Parks","/dog-parks/lions-park/","Lion's Park","Very high","373","91","thin-content","89","needs-content-expansion; needs-human-review","","","","","","","no","rules; reviewedOn","","stale 373 days; thin content 91 words; missing park fields: rules, reviewedOn"
"79","dog-parks","Dog Parks","/dog-parks/maccaud-park/","Maccaud Park","Very high","371","74","thin-content","89","needs-content-expansion; needs-human-review","","","","","","","no","rules; reviewedOn","","stale 371 days; thin content 74 words; missing park fields: rules, reviewedOn"
"79","dog-parks","Dog Parks","/dog-parks/malvern-park-burnaby/","Malvern Park","Very high","371","82","thin-content","89","needs-content-expansion; needs-human-review","","","","","","","no","rules; reviewedOn","","stale 371 days; thin content 82 words; missing park fields: rules, reviewedOn"
"79","dog-parks","Dog Parks","/dog-parks/maple-grove-park/","Maple Grove Park","Very high","371","91","thin-content","89","needs-content-expansion; needs-human-review","","","","","","","no","rules; reviewedOn","","stale 371 days; thin content 91 words; missing park fields: rules, reviewedOn"
"79","dog-parks","Dog Parks","/dog-parks/maple-ridge-upper-park/","Maple Ridge Upper Park","Very high","371","91","thin-content","89","needs-content-expansion; needs-human-review","","","","","","","no","rules; reviewedOn","","stale 371 days; thin content 91 words; missing park fields: rules, reviewedOn"
"79","dog-parks","Dog Parks","/dog-parks/mazenod-park/","Mazenod Park","Very high","371","80","thin-content","89","needs-content-expansion; needs-human-review","","","","","","","no","rules; reviewedOn","","stale 371 days; thin content 80 words; missing park fields: rules, reviewedOn"
"79","dog-parks","Dog Parks","/dog-parks/miller-park/","Miller Park","Very high","372","87","thin-content","89","needs-content-expansion; needs-human-review","","","","","","","no","rules; reviewedOn","","stale 372 days; thin content 87 words; missing park fields: rules, reviewedOn"
"79","dog-parks","Dog Parks","/dog-parks/mission-recreation-park-kelowna/","Mission Recreation Park","Very high","371","87","thin-content","89","needs-content-expansion; needs-human-review","","","","","","","no","rules; reviewedOn","","stale 371 days; thin content 87 words; missing park fields: rules, reviewedOn"
"79","dog-parks","Dog Parks","/dog-parks/moody-park-new-westminster/","Moody Park","Very high","372","86","thin-content","89","needs-content-expansion; needs-human-review","","","","","","","no","rules; reviewedOn","","stale 372 days; thin content 86 words; missing park fields: rules, reviewedOn"
"79","dog-parks","Dog Parks","/dog-parks/morgan-crossing-dog-park/","Morgan Crossing Dog Park","Very high","371","85","thin-content","89","needs-content-expansion; needs-human-review","","","","","","","no","rules; reviewedOn","","stale 371 days; thin content 85 words; missing park fields: rules, reviewedOn"
"79","dog-parks","Dog Parks","/dog-parks/mount-pleasant-off-leash-dog-park/","Mount Pleasant Off-Leash Dog Park","Very high","371","101","thin-content","89","needs-content-expansion; needs-human-review","","","","","","","no","rules; reviewedOn","","stale 371 days; thin content 101 words; missing park fields: rules, reviewedOn"
"79","dog-parks","Dog Parks","/dog-parks/nicomekl-dog-area/","Nicomekl Dog Off-Leash Area","Very high","371","76","thin-content","89","needs-content-expansion; needs-human-review","","","","","","","no","rules; reviewedOn","","stale 371 days; thin content 76 words; missing park fields: rules, reviewedOn"
"79","dog-parks","Dog Parks","/dog-parks/nipawin-dog-park/","Nipawin Dog Park","Very high","371","87","thin-content","89","needs-content-expansion; needs-human-review","","","","","","","no","rules; reviewedOn","","stale 371 days; thin content 87 words; missing park fields: rules, reviewedOn"
"79","dog-parks","Dog Parks","/dog-parks/no-3-road-dog-off-leash-park/","No. 3 Road Dog Off-Leash Park","Very high","372","102","thin-content","89","needs-content-expansion; needs-human-review","","","","","","","no","rules; reviewedOn","","stale 372 days; thin content 102 words; missing park fields: rules, reviewedOn"
"79","dog-parks","Dog Parks","/dog-parks/north-battleford-off-leash-dog-park/","North Battleford Off-Leash Dog Park","Very high","371","83","thin-content","89","needs-content-expansion; needs-human-review","","","","","","","no","rules; reviewedOn","","stale 371 days; thin content 83 words; missing park fields: rules, reviewedOn"
"79","dog-parks","Dog Parks","/dog-parks/north-whitby-off-leash-dog-park/","North Whitby Off-Leash Dog Park","Very high","373","88","thin-content","89","needs-content-expansion; needs-human-review","","","","","","","no","rules; reviewedOn","","stale 373 days; thin content 88 words; missing park fields: rules, reviewedOn"
"79","dog-parks","Dog Parks","/dog-parks/oakes-road-north/","Oakes Road North Leash-Free Dog Park","Very high","372","90","thin-content","89","needs-content-expansion; needs-human-review","","","","","","","no","rules; reviewedOn","","stale 372 days; thin content 90 words; missing park fields: rules, reviewedOn"
"79","dog-park-locations","City Pages","/dog-parks/oakville/","Oakville","High","275","632","missing-source","82","needs-source-research; needs-human-review","","","","","","","yes","officialSource; reviewedOn","","stale 275 days; missing official/source URL; missing city fields: officialSource, reviewedOn"
"79","dog-parks","Dog Parks","/dog-parks/oswald-park-victoria/","Oswald Park","Very high","371","79","thin-content","89","needs-content-expansion; needs-human-review","","","","","","","no","rules; reviewedOn","","stale 371 days; thin content 79 words; missing park fields: rules, reviewedOn"
"79","dog-park-locations","City Pages","/dog-parks/ottawa/","Ottawa","High","313","521","missing-source","82","needs-source-research; needs-human-review","","","","","","","yes","officialSource; reviewedOn","","stale 313 days; missing official/source URL; missing city fields: officialSource, reviewedOn"
"79","dog-parks","Dog Parks","/dog-parks/oxbows-off-leash-dog-park/","Oxbows Off Leash Dog Park","Very high","371","103","thin-content","89","needs-content-expansion; needs-human-review","","","","","","","no","rules; reviewedOn","","stale 371 days; thin content 103 words; missing park fields: rules, reviewedOn"
"79","dog-parks","Dog Parks","/dog-parks/paisley-dog-park/","Paisley Dog Park","Very high","371","97","thin-content","89","needs-content-expansion; needs-human-review","","","","","","","no","rules; reviewedOn","","stale 371 days; thin content 97 words; missing park fields: rules, reviewedOn"
"79","dog-parks","Dog Parks","/dog-parks/parc-de-la-louisianne-dog-park/","Parc de la Louisianne Dog Park","Very high","368","123","thin-content","89","needs-content-expansion; needs-human-review","","","","","","","no","rules; reviewedOn","","stale 368 days; thin content 123 words; missing park fields: rules, reviewedOn"
"79","dog-parks","Dog Parks","/dog-parks/parc-du-sault-au-recollet-dog-park/","Parc du Sault-au-Récollet Dog Park","Very high","368","117","thin-content","89","needs-content-expansion; needs-human-review","","","","","","","no","rules; reviewedOn","","stale 368 days; thin content 117 words; missing park fields: rules, reviewedOn"
"79","dog-parks","Dog Parks","/dog-parks/parc-jeanne-mance-dog-park/","Parc Jeanne-Mance Dog Park","Very high","368","111","thin-content","89","needs-content-expansion; needs-human-review","","","","","","","no","rules; reviewedOn","","stale 368 days; thin content 111 words; missing park fields: rules, reviewedOn"
"79","dog-parks","Dog Parks","/dog-parks/parc-laurier-dog-run/","Parc Laurier Dog Run","Very high","368","125","thin-content","89","needs-content-expansion; needs-human-review","","","","","","","no","rules; reviewedOn","","stale 368 days; thin content 125 words; missing park fields: rules, reviewedOn"
"79","dog-parks","Dog Parks","/dog-parks/parc-sir-wilfrid-laurier-dog-park/","Parc Sir-Wilfrid-Laurier Dog Park","Very high","368","127","thin-content","89","needs-content-expansion; needs-human-review","","","","","","","no","rules; reviewedOn","","stale 368 days; thin content 127 words; missing park fields: rules, reviewedOn"
"79","dog-parks","Dog Parks","/dog-parks/park-n-bark-off-leash-dog-area/","Park ’n’ Bark Off-Leash Dog Area","Very high","371","92","thin-content","89","needs-content-expansion; needs-human-review","","","","","","","no","rules; reviewedOn","","stale 371 days; thin content 92 words; missing park fields: rules, reviewedOn"
"79","dog-parks","Dog Parks","/dog-parks/paul-mostoway-dog-park/","Paul Mostoway Dog Park","Very high","371","91","thin-content","89","needs-content-expansion; needs-human-review","","","","","","","no","rules; reviewedOn","","stale 371 days; thin content 91 words; missing park fields: rules, reviewedOn"
"79","dog-parks","Dog Parks","/dog-parks/peach-park-chilliwack/","Peach Park","Very high","372","85","thin-content","89","needs-content-expansion; needs-human-review","","","","","","","no","rules; reviewedOn","","stale 372 days; thin content 85 words; missing park fields: rules, reviewedOn"
"79","dog-parks","Dog Parks","/dog-parks/pearson-park-chilliwack/","Pearson Park","Very high","372","78","thin-content","89","needs-content-expansion; needs-human-review","","","","","","","no","rules; reviewedOn","","stale 372 days; thin content 78 words; missing park fields: rules, reviewedOn"
"79","dog-parks","Dog Parks","/dog-parks/peenaquim-park-off-leash-area/","Peenaquim Park Off-Leash Area","Very high","371","86","thin-content","89","needs-content-expansion; needs-human-review","","","","","","","no","rules; reviewedOn","","stale 371 days; thin content 86 words; missing park fields: rules, reviewedOn"
"79","dog-parks","Dog Parks","/dog-parks/pemberton-park-victoria/","Pemberton Park","Very high","371","81","thin-content","89","needs-content-expansion; needs-human-review","","","","","","","no","rules; reviewedOn","","stale 371 days; thin content 81 words; missing park fields: rules, reviewedOn"
"79","dog-parks","Dog Parks","/dog-parks/pickering-dog-park/","Pickering Dog Park","Very high","372","82","thin-content","89","needs-content-expansion; needs-human-review","","","","","","","no","rules; reviewedOn","","stale 372 days; thin content 82 words; missing park fields: rules, reviewedOn"
"79","dog-parks","Dog Parks","/dog-parks/popson-park-off-leash-area/","Popson Park Off-Leash Area","Very high","371","81","thin-content","89","needs-content-expansion; needs-human-review","","","","","","","no","rules; reviewedOn","","stale 371 days; thin content 81 words; missing park fields: rules, reviewedOn"
"79","dog-parks","Dog Parks","/dog-parks/queens-park-new-westminster/","Queen's Park","Very high","372","85","thin-content","89","needs-content-expansion; needs-human-review","","","","","","","no","rules; reviewedOn","","stale 372 days; thin content 85 words; missing park fields: rules, reviewedOn"
"79","dog-parks","Dog Parks","/dog-parks/queens-park/","Queens Park","Very high","372","78","thin-content","89","needs-content-expansion; needs-human-review","","","","","","","no","rules; reviewedOn","","stale 372 days; thin content 78 words; missing park fields: rules, reviewedOn"
"79","dog-parks","Dog Parks","/dog-parks/queensborough-new-westminster/","Queensborough","Very high","372","79","thin-content","89","needs-content-expansion; needs-human-review","","","","","","","no","rules; reviewedOn","","stale 372 days; thin content 79 words; missing park fields: rules, reviewedOn"
"79","dog-parks","Dog Parks","/dog-parks/raven-park-ladysmith/","Raven Park","Very high","372","81","thin-content","89","needs-content-expansion; needs-human-review","","","","","","","no","rules; reviewedOn","","stale 372 days; thin content 81 words; missing park fields: rules, reviewedOn"
"79","dog-parks","Dog Parks","/dog-parks/riverain-fenced-dog-park/","Riverain Fenced Dog Park","Very high","389","110","thin-content","89","needs-content-expansion; needs-human-review","","","","","","","no","rules; reviewedOn","","stale 389 days; thin content 110 words; missing park fields: rules, reviewedOn"
"79","dog-parks","Dog Parks","/dog-parks/riverdale-park-east/","Riverdale Park East","Very high","407","150","thin-content","89","needs-content-expansion; needs-human-review","","","","","","","no","shade; reviewedOn","","stale 407 days; thin content 150 words; missing park fields: shade, reviewedOn"
"79","dog-parks","Dog Parks","/dog-parks/riverstone-dog-park/","RiverStone Dog Park","Very high","371","90","thin-content","89","needs-content-expansion; needs-human-review","","","","","","","no","rules; reviewedOn","","stale 371 days; thin content 90 words; missing park fields: rules, reviewedOn"
"79","dog-parks","Dog Parks","/dog-parks/robert-burnaby-park/","Robert Burnaby Park","Very high","371","75","thin-content","89","needs-content-expansion; needs-human-review","","","","","","","no","rules; reviewedOn","","stale 371 days; thin content 75 words; missing park fields: rules, reviewedOn"
"79","dog-parks","Dog Parks","/dog-parks/root-street-park-ladysmith/","Root Street Park","Very high","372","78","thin-content","89","needs-content-expansion; needs-human-review","","","","","","","no","rules; reviewedOn","","stale 372 days; thin content 78 words; missing park fields: rules, reviewedOn"
"79","dog-parks","Dog Parks","/dog-parks/royal-oaks-neighbourhood-off-leash-area/","Royal Oaks Neighbourhood Off-Leash Area","Very high","371","88","thin-content","89","needs-content-expansion; needs-human-review","","","","","","","no","rules; reviewedOn","","stale 371 days; thin content 88 words; missing park fields: rules, reviewedOn"
"79","dog-parks","Dog Parks","/dog-parks/ruth-johnson-park/","Ruth Johnson Park","Very high","371","81","thin-content","89","needs-content-expansion; needs-human-review","","","","","","","no","rules; reviewedOn","","stale 371 days; thin content 81 words; missing park fields: rules, reviewedOn"
"79","dog-parks","Dog Parks","/dog-parks/rutland-recreation-park-kelowna/","Rutland Recreation Park","Very high","371","90","thin-content","89","needs-content-expansion; needs-human-review","","","","","","","no","rules; reviewedOn","","stale 371 days; thin content 90 words; missing park fields: rules, reviewedOn"
"79","dog-parks","Dog Parks","/dog-parks/saratoga-dog-park/","Saratoga Dog Park","Very high","371","96","thin-content","89","needs-content-expansion; needs-human-review","","","","","","","no","rules; reviewedOn","","stale 371 days; thin content 96 words; missing park fields: rules, reviewedOn"
"79","dog-parks","Dog Parks","/dog-parks/scenic-drive-dog-run/","Scenic Drive Dog Run","Very high","371","91","thin-content","89","needs-content-expansion; needs-human-review","","","","","","","no","rules; reviewedOn","","stale 371 days; thin content 91 words; missing park fields: rules, reviewedOn"
"79","dog-parks","Dog Parks","/dog-parks/shaughnessy/","Shaughnessy","Very high","372","89","thin-content","89","needs-content-expansion; needs-human-review","","","","","","","no","rules; reviewedOn","","stale 372 days; thin content 89 words; missing park fields: rules, reviewedOn"
"79","dog-parks","Dog Parks","/dog-parks/sheffield-dog-off-leash-area/","Sheffield Dog Off Leash Area","Very high","372","92","thin-content","89","needs-content-expansion; needs-human-review","","","","","","","no","rules; reviewedOn","","stale 372 days; thin content 92 words; missing park fields: rules, reviewedOn"
"79","dog-parks","Dog Parks","/dog-parks/silverwood-dog-park/","Silverwood Dog Park","Very high","371","84","thin-content","89","needs-content-expansion; needs-human-review","","","","","","","no","rules; reviewedOn","","stale 371 days; thin content 84 words; missing park fields: rules, reviewedOn"
"79","dog-parks","Dog Parks","/dog-parks/snetsinger-park-cornwall/","Snetsinger Park","Very high","372","75","thin-content","89","needs-content-expansion; needs-human-review","","","","","","","no","rules; reviewedOn","","stale 372 days; thin content 75 words; missing park fields: rules, reviewedOn"
"79","dog-parks","Dog Parks","/dog-parks/south-bear-creek-off-leash-dog-park/","South Bear Creek Off-Leash Dog Park","Very high","371","99","thin-content","89","needs-content-expansion; needs-human-review","","","","","","","no","rules; reviewedOn","","stale 371 days; thin content 99 words; missing park fields: rules, reviewedOn"
"79","dog-parks","Dog Parks","/dog-parks/southwest-dog-park-saskatoon/","Southwest Dog Park","Very high","371","93","thin-content","89","needs-content-expansion; needs-human-review","","","","","","","no","rules; reviewedOn","","stale 371 days; thin content 93 words; missing park fields: rules, reviewedOn"
"79","dog-parks","Dog Parks","/dog-parks/spruce-haven-off-leash-dog-park/","Spruce Haven Off-Leash Dog Park","Very high","371","88","thin-content","89","needs-content-expansion; needs-human-review","","","","","","","no","rules; reviewedOn","","stale 371 days; thin content 88 words; missing park fields: rules, reviewedOn"
"79","dog-parks","Dog Parks","/dog-parks/steve-mcdonnell/","Steve McDonnell Leash Free Dog Park","Very high","372","96","thin-content","89","needs-content-expansion; needs-human-review","","","","","","","no","rules; reviewedOn","","stale 372 days; thin content 96 words; missing park fields: rules, reviewedOn"
"79","dog-parks","Dog Parks","/dog-parks/stocking-creek-park-ladysmith/","Stocking Creek Park","Very high","372","77","thin-content","89","needs-content-expansion; needs-human-review","","","","","","","no","rules; reviewedOn","","stale 372 days; thin content 77 words; missing park fields: rules, reviewedOn"
"79","dog-parks","Dog Parks","/dog-parks/sutherland-off-leash-dog-park/","Off-Leash Recreation Area Sutherland","Very high","371","83","thin-content","89","needs-content-expansion; needs-human-review","","","","","","","no","rules; reviewedOn","","stale 371 days; thin content 83 words; missing park fields: rules, reviewedOn"
"79","dog-parks","Dog Parks","/dog-parks/taylor-park-burnaby/","Taylor Park","Very high","371","79","thin-content","89","needs-content-expansion; needs-human-review","","","","","","","no","rules; reviewedOn","","stale 371 days; thin content 79 words; missing park fields: rules, reviewedOn"
"79","dog-parks","Dog Parks","/dog-parks/three-mile-bend-recreation-area/","Three Mile Bend Recreation Area","Very high","371","93","thin-content","89","needs-content-expansion; needs-human-review","","","","","","","no","rules; reviewedOn","","stale 371 days; thin content 93 words; missing park fields: rules, reviewedOn"
"79","dog-parks","Dog Parks","/dog-parks/townsend-park-chilliwack/","Townsend Park","Very high","372","76","thin-content","89","needs-content-expansion; needs-human-review","","","","","","","no","rules; reviewedOn","","stale 372 days; thin content 76 words; missing park fields: rules, reviewedOn"
"79","dog-parks","Dog Parks","/dog-parks/transfer-beach-park/","Transfer Beach Park","Very high","372","82","thin-content","89","needs-content-expansion; needs-human-review","","","","","","","no","rules; reviewedOn","","stale 372 days; thin content 82 words; missing park fields: rules, reviewedOn"
"79","dog-parks","Dog Parks","/dog-parks/warner-loat-park-burnaby/","Warner Loat Park","Very high","371","88","thin-content","89","needs-content-expansion; needs-human-review","","","","","","","no","rules; reviewedOn","","stale 371 days; thin content 88 words; missing park fields: rules, reviewedOn"
"79","dog-parks","Dog Parks","/dog-parks/wellington-off-leash-area/","Wellington Off-Leash Area","Very high","371","83","thin-content","89","needs-content-expansion; needs-human-review","","","","","","","no","rules; reviewedOn","","stale 371 days; thin content 83 words; missing park fields: rules, reviewedOn"
"79","dog-parks","Dog Parks","/dog-parks/westvue-dog-park/","WestVue Dog Park","Very high","371","99","thin-content","89","needs-content-expansion; needs-human-review","","","","","","","no","rules; reviewedOn","","stale 371 days; thin content 99 words; missing park fields: rules, reviewedOn"
"79","dog-parks","Dog Parks","/dog-parks/weyburn-community-dog-park/","Weyburn Community Dog Park","Very high","371","90","thin-content","89","needs-content-expansion; needs-human-review","","","","","","","no","rules; reviewedOn","","stale 371 days; thin content 90 words; missing park fields: rules, reviewedOn"
"79","dog-parks","Dog Parks","/dog-parks/whitby-park-south/","Whitby Off Leash Dog Park South","Very high","373","89","thin-content","89","needs-content-expansion; needs-human-review","","","","","","","no","rules; reviewedOn","","stale 373 days; thin content 89 words; missing park fields: rules, reviewedOn"
"79","dog-parks","Dog Parks","/dog-parks/willingdon-heights-park-burnaby/","Willingdon Heights Park","Very high","371","71","thin-content","89","needs-content-expansion; needs-human-review","","","","","","","no","rules; reviewedOn","","stale 371 days; thin content 71 words; missing park fields: rules, reviewedOn"
"79","dog-parks","Dog Parks","/dog-parks/wills-brook-park/","Wills Brook Park","Very high","371","86","thin-content","89","needs-content-expansion; needs-human-review","","","","","","","no","rules; reviewedOn","","stale 371 days; thin content 86 words; missing park fields: rules, reviewedOn"
"79","dog-parks","Dog Parks","/dog-parks/woodsworth-park/","Woodsworth Park","Very high","371","74","thin-content","89","needs-content-expansion; needs-human-review","","","","","","","no","rules; reviewedOn","","stale 371 days; thin content 74 words; missing park fields: rules, reviewedOn"
"79","dog-parks","Dog Parks","/dog-parks/yellow-point-park-ladysmith/","Yellow Point Park","Very high","372","74","thin-content","89","needs-content-expansion; needs-human-review","","","","","","","no","rules; reviewedOn","","stale 372 days; thin content 74 words; missing park fields: rules, reviewedOn"
"79","dog-parks","Dog Parks","/dog-parks/yellowquill-provincial-park-off-leash-dog-area/","Yellowquill Provincial Park Off-Leash Dog Area","Very high","371","92","thin-content","89","needs-content-expansion; needs-human-review","","","","","","","no","rules; reviewedOn","","stale 371 days; thin content 92 words; missing park fields: rules, reviewedOn"
"77","dog-parks","Dog Parks","/dog-parks/aitken-place-park/","Aitken Place Park","Very high","400","104","thin-content","95","needs-content-expansion; needs-human-review","","","","","","","no","reviewedOn","","stale 400 days; thin content 104 words; missing park fields: reviewedOn"
"77","dog-parks","Dog Parks","/dog-parks/ajax-waterfront-park/","Ajax Waterfront Park","Very high","373","88","thin-content","95","needs-content-expansion; needs-human-review","","","","","","","no","reviewedOn","","stale 373 days; thin content 88 words; missing park fields: reviewedOn"
"77","dog-parks","Dog Parks","/dog-parks/alguire-park-cornwall/","Alguire Park","Very high","372","82","thin-content","95","needs-content-expansion; needs-human-review","","","","","","","no","reviewedOn","","stale 372 days; thin content 82 words; missing park fields: reviewedOn"
"77","dog-parks","Dog Parks","/dog-parks/allan-gardens/","Allan Gardens","Very high","407","113","thin-content","95","needs-content-expansion; needs-human-review","","","","","","","no","reviewedOn","","stale 407 days; thin content 113 words; missing park fields: reviewedOn"
"77","dog-parks","Dog Parks","/dog-parks/antigonish-dog-park/","Antigonish Dog Park","Very high","318","135","thin-content","95","needs-content-expansion; needs-human-review","","","","","","","no","reviewedOn","","stale 318 days; thin content 135 words; missing park fields: reviewedOn"
"77","dog-parks","Dog Parks","/dog-parks/ardmore-park-service-dog-park/","Ardmore Park Service Dog Park","Very high","318","121","thin-content","95","needs-content-expansion; needs-human-review","","","","","","","no","reviewedOn","","stale 318 days; thin content 121 words; missing park fields: reviewedOn"
"77","dog-parks","Dog Parks","/dog-parks/awenda-pet-beach-area/","Awenda Pet Beach Area","Very high","372","115","thin-content","95","needs-content-expansion; needs-human-review","","","","","","","no","reviewedOn","","stale 372 days; thin content 115 words; missing park fields: reviewedOn"
"77","dog-parks","Dog Parks","/dog-parks/bakerview-park-surrey/","Bakerview Park","Very high","371","89","thin-content","95","needs-content-expansion; needs-human-review","","","","","","","no","reviewedOn","","stale 371 days; thin content 89 words; missing park fields: reviewedOn"
"77","dog-parks","Dog Parks","/dog-parks/ballantyne-park/","Ballantyne Park","Very high","389","72","thin-content","95","needs-content-expansion; needs-human-review","","","","","","","no","reviewedOn","","stale 389 days; thin content 72 words; missing park fields: reviewedOn"
"77","dog-parks","Dog Parks","/dog-parks/balmy-beach-park/","Balmy Beach Park","Very high","407","135","thin-content","95","needs-content-expansion; needs-human-review","","","","","","","no","reviewedOn","","stale 407 days; thin content 135 words; missing park fields: reviewedOn"
"77","dog-parks","Dog Parks","/dog-parks/barbara-hall-park/","Barbara Hall Park","Very high","407","118","thin-content","95","needs-content-expansion; needs-human-review","","","","","","","no","reviewedOn","","stale 407 days; thin content 118 words; missing park fields: reviewedOn"
"77","dog-parks","Dog Parks","/dog-parks/barkwood-forest/","Barkwood Forest","Very high","389","92","thin-content","95","needs-content-expansion; needs-human-review","","","","","","","no","reviewedOn","","stale 389 days; thin content 92 words; missing park fields: reviewedOn"
"77","dog-parks","Dog Parks","/dog-parks/base-plein-air-de-sainte-foy-dog-park/","Base Plein-Air de Sainte-Foy Dog Park","Very high","368","148","thin-content","95","needs-content-expansion; needs-human-review","","","","","","","no","reviewedOn","","stale 368 days; thin content 148 words; missing park fields: reviewedOn"
"77","dog-parks","Dog Parks","/dog-parks/bayview-arena-park/","Bayview Arena Park","Very high","400","108","thin-content","95","needs-content-expansion; needs-human-review","","","","","","","no","reviewedOn","","stale 400 days; thin content 108 words; missing park fields: reviewedOn"
"77","dog-parks","Dog Parks","/dog-parks/bayview-drive/","Bayview Drive","Very high","381","101","thin-content","95","needs-content-expansion; needs-human-review","","","","","","","no","reviewedOn","","stale 381 days; thin content 101 words; missing park fields: reviewedOn"
"77","dog-parks","Dog Parks","/dog-parks/bickford-park/","Bickford Park","Very high","400","114","thin-content","95","needs-content-expansion; needs-human-review","","","","","","","no","reviewedOn","","stale 400 days; thin content 114 words; missing park fields: reviewedOn"
"77","dog-parks","Dog Parks","/dog-parks/bishops-park/","Bishop's Park","Very high","399","92","thin-content","95","needs-content-expansion; needs-human-review","","","","","","","no","reviewedOn","","stale 399 days; thin content 92 words; missing park fields: reviewedOn"
"77","dog-parks","Dog Parks","/dog-parks/blackie-spit-surrey/","Blackie Spit","Very high","371","93","thin-content","95","needs-content-expansion; needs-human-review","","","","","","","no","reviewedOn","","stale 371 days; thin content 93 words; missing park fields: reviewedOn"
"77","dog-parks","Dog Parks","/dog-parks/bob-hunter-park/","Bob Hunter Park","Very high","400","105","thin-content","95","needs-content-expansion; needs-human-review","","","","","","","no","reviewedOn","","stale 400 days; thin content 105 words; missing park fields: reviewedOn"
"77","dog-parks","Dog Parks","/dog-parks/bonnycastle-park/","Bonnycastle Park","Very high","371","78","thin-content","95","needs-content-expansion; needs-human-review","","","","","","","no","reviewedOn","","stale 371 days; thin content 78 words; missing park fields: reviewedOn"
"77","dog-parks","Dog Parks","/dog-parks/borers-falls-conservation-area/","Borer's Falls Conservation Area","Very high","399","105","thin-content","95","needs-content-expansion; needs-human-review","","","","","","","no","reviewedOn","","stale 399 days; thin content 105 words; missing park fields: reviewedOn"
"77","dog-parks","Dog Parks","/dog-parks/botany-hill-park/","Botany Hill Park","Very high","400","96","thin-content","95","needs-content-expansion; needs-human-review","","","","","","","no","reviewedOn","","stale 400 days; thin content 96 words; missing park fields: reviewedOn"
"77","dog-parks","Dog Parks","/dog-parks/brenda-leipsic-park/","Brenda Leipsic Park","Very high","371","86","thin-content","95","needs-content-expansion; needs-human-review","","","","","","","no","reviewedOn","","stale 371 days; thin content 86 words; missing park fields: reviewedOn"
"77","dog-parks","Dog Parks","/dog-parks/brewer-park/","Brewer Park","Very high","389","85","thin-content","95","needs-content-expansion; needs-human-review","","","","","","","no","reviewedOn","","stale 389 days; thin content 85 words; missing park fields: reviewedOn"
"77","dog-parks","Dog Parks","/dog-parks/broughton-east-park/","Broughton East Park","Very high","399","98","thin-content","95","needs-content-expansion; needs-human-review","","","","","","","no","reviewedOn","","stale 399 days; thin content 98 words; missing park fields: reviewedOn"
"77","dog-parks","Dog Parks","/dog-parks/bruce-pit/","Bruce Pit","Very high","389","96","thin-content","95","needs-content-expansion; needs-human-review","","","","","","","no","reviewedOn","","stale 389 days; thin content 96 words; missing park fields: reviewedOn"
"77","dog-parks","Dog Parks","/dog-parks/burgoyne-woods-park/","Burgoyne Woods Leash-Free Dog Park","Very high","408","175","thin-content","95","needs-content-expansion; needs-human-review","","","","","","","no","reviewedOn","","stale 408 days; thin content 175 words; missing park fields: reviewedOn"
"77","dog-parks","Dog Parks","/dog-parks/caesars-off-leash-area/","Caesar’s Off-Leash Area","Very high","284","144","thin-content","95","needs-content-expansion; needs-human-review","","","","","","","no","reviewedOn","","stale 284 days; thin content 144 words; missing park fields: reviewedOn"
"77","dog-parks","Dog Parks","/dog-parks/campbell-memorial-park-dog-off-leash-area/","Campbell Memorial Park Dog Off-Leash Area","Very high","284","157","thin-content","95","needs-content-expansion; needs-human-review","","","","","","","no","reviewedOn","","stale 284 days; thin content 157 words; missing park fields: reviewedOn"
"77","dog-parks","Dog Parks","/dog-parks/canoe-landing-park/","Canoe Landing Park","Very high","400","99","thin-content","95","needs-content-expansion; needs-human-review","","","","","","","no","reviewedOn","","stale 400 days; thin content 99 words; missing park fields: reviewedOn"
"77","dog-parks","Dog Parks","/dog-parks/captain-cornelius-park/","Captain Cornelius Park","Very high","399","107","thin-content","95","needs-content-expansion; needs-human-review","","","","","","","no","reviewedOn","","stale 399 days; thin content 107 words; missing park fields: reviewedOn"
"77","dog-parks","Dog Parks","/dog-parks/carol-disher-park/","Carol Disher Park","Very high","408","165","thin-content","95","needs-content-expansion; needs-human-review","","","","","","","no","reviewedOn","","stale 408 days; thin content 165 words; missing park fields: reviewedOn"
"77","dog-parks","Dog Parks","/dog-parks/cassels-avenue-playground/","Cassels Avenue Playground","Very high","407","170","thin-content","95","needs-content-expansion; needs-human-review","","","","","","","no","reviewedOn","","stale 407 days; thin content 170 words; missing park fields: reviewedOn"
"77","dog-parks","Dog Parks","/dog-parks/cathy-lauritsen-memorial-off-leash-dog-park/","Cathy Lauritsen Memorial Off-Leash Dog Park","Very high","371","107","thin-content","95","needs-content-expansion; needs-human-review","","","","","","","no","reviewedOn","","stale 371 days; thin content 107 words; missing park fields: reviewedOn"
"77","dog-parks","Dog Parks","/dog-parks/cedar-hedge-park-west/","Cedar Hedge Park West","Very high","399","118","thin-content","95","needs-content-expansion; needs-human-review","","","","","","","no","reviewedOn","","stale 399 days; thin content 118 words; missing park fields: reviewedOn"
"77","dog-parks","Dog Parks","/dog-parks/cedarvale-park-halton-hills/","Cedarvale Park","Very high","399","121","thin-content","95","needs-content-expansion; needs-human-review","","","","","","","no","reviewedOn","","stale 399 days; thin content 121 words; missing park fields: reviewedOn"
"77","dog-parks","Dog Parks","/dog-parks/cedarvale-park/","Cedarvale Park","Very high","400","112","thin-content","95","needs-content-expansion; needs-human-review","","","","","","","no","reviewedOn","","stale 400 days; thin content 112 words; missing park fields: reviewedOn"
"77","dog-parks","Dog Parks","/dog-parks/charleston-lake-provincial-park/","Charleston Lake Provincial Park","Very high","372","93","thin-content","95","needs-content-expansion; needs-human-review","","","","","","","no","reviewedOn","","stale 372 days; thin content 93 words; missing park fields: reviewedOn"
"77","dog-parks","Dog Parks","/dog-parks/cherry-beach-clarke-beach-park/","Cherry Beach/Clarke Beach Park","Very high","400","135","thin-content","95","needs-content-expansion; needs-human-review","","","","","","","no","reviewedOn","","stale 400 days; thin content 135 words; missing park fields: reviewedOn"
"77","dog-parks","Dog Parks","/dog-parks/chevrier-park-cornwall/","Chevrier Park","Very high","372","102","thin-content","95","needs-content-expansion; needs-human-review","","","","","","","no","reviewedOn","","stale 372 days; thin content 102 words; missing park fields: reviewedOn"
"77","dog-parks","Dog Parks","/dog-parks/chief-whitecap-park/","Chief Whitecap Park","Very high","371","83","thin-content","95","needs-content-expansion; needs-human-review","","","","","","","no","reviewedOn","","stale 371 days; thin content 83 words; missing park fields: reviewedOn"
"77","dog-parks","Dog Parks","/dog-parks/chris-gibson-park/","Chris Gibson Park","Very high","389","87","thin-content","95","needs-content-expansion; needs-human-review","","","","","","","no","reviewedOn","","stale 389 days; thin content 87 words; missing park fields: reviewedOn"
"77","dog-parks","Dog Parks","/dog-parks/churchill-park/","Churchill Park","Very high","399","102","thin-content","95","needs-content-expansion; needs-human-review","","","","","","","no","reviewedOn","","stale 399 days; thin content 102 words; missing park fields: reviewedOn"
"77","dog-parks","Dog Parks","/dog-parks/clarence-square-park/","Clarence Square Park","Very high","400","99","thin-content","95","needs-content-expansion; needs-human-review","","","","","","","no","reviewedOn","","stale 400 days; thin content 99 words; missing park fields: reviewedOn"
"77","dog-parks","Dog Parks","/dog-parks/colonel-danforth-park/","Colonel Danforth Park","Very high","400","92","thin-content","95","needs-content-expansion; needs-human-review","","","","","","","no","reviewedOn","","stale 400 days; thin content 92 words; missing park fields: reviewedOn"
"77","dog-parks","Dog Parks","/dog-parks/colonel-samuel-smith-park-etobicoke/","Colonel Samuel Smith Park","Very high","389","71","thin-content","95","needs-content-expansion; needs-human-review","","","","","","","no","reviewedOn","","stale 389 days; thin content 71 words; missing park fields: reviewedOn"
"77","dog-parks","Dog Parks","/dog-parks/colonel-samuel-smith-park/","Colonel Samuel Smith Park","Very high","400","111","thin-content","95","needs-content-expansion; needs-human-review","","","","","","","no","reviewedOn","","stale 400 days; thin content 111 words; missing park fields: reviewedOn"
"77","dog-parks","Dog Parks","/dog-parks/community-common/","Community Common","Very high","409","128","thin-content","95","needs-content-expansion; needs-human-review","","","","","","","no","reviewedOn","","stale 409 days; thin content 128 words; missing park fields: reviewedOn"
"77","dog-parks","Dog Parks","/dog-parks/conrose-park/","Conrose Park","Very high","318","149","thin-content","95","needs-content-expansion; needs-human-review","","","","","","","no","reviewedOn","","stale 318 days; thin content 149 words; missing park fields: reviewedOn"
"77","dog-parks","Dog Parks","/dog-parks/conroy-pit/","Conroy Pit","Very high","389","84","thin-content","95","needs-content-expansion; needs-human-review","","","","","","","no","reviewedOn","","stale 389 days; thin content 84 words; missing park fields: reviewedOn"
"77","dog-parks","Dog Parks","/dog-parks/corbetts-park/","Corbett's Park","Very high","381","80","thin-content","95","needs-content-expansion; needs-human-review","","","","","","","no","reviewedOn","","stale 381 days; thin content 80 words; missing park fields: reviewedOn"
"77","dog-parks","Dog Parks","/dog-parks/cowan-sportsplex-dog-park/","Cowan Sportsplex","Very high","392","152","thin-content","95","needs-content-expansion; needs-human-review","","","","","","","no","reviewedOn","","stale 392 days; thin content 152 words; missing park fields: reviewedOn"
"77","dog-parks","Dog Parks","/dog-parks/coxwell-ravine-park/","Coxwell Ravine Park","Very high","408","162","thin-content","95","needs-content-expansion; needs-human-review","","","","","","","no","reviewedOn","","stale 408 days; thin content 162 words; missing park fields: reviewedOn"
"77","dog-parks","Dog Parks","/dog-parks/craigleigh-gardens/","Craigleigh Gardens","Very high","407","125","thin-content","95","needs-content-expansion; needs-human-review","","","","","","","no","reviewedOn","","stale 407 days; thin content 125 words; missing park fields: reviewedOn"
"77","dog-parks","Dog Parks","/dog-parks/dartmouth-common/","Dartmouth Common","Very high","318","135","thin-content","95","needs-content-expansion; needs-human-review","","","","","","","no","reviewedOn","","stale 318 days; thin content 135 words; missing park fields: reviewedOn"
"77","dog-parks","Dog Parks","/dog-parks/david-bartlett-park/","David Bartlett Park","Very high","389","92","thin-content","95","needs-content-expansion; needs-human-review","","","","","","","no","reviewedOn","","stale 389 days; thin content 92 words; missing park fields: reviewedOn"
"77","dog-parks","Dog Parks","/dog-parks/david-crombie-park/","David Crombie Park","Very high","400","112","thin-content","95","needs-content-expansion; needs-human-review","","","","","","","no","reviewedOn","","stale 400 days; thin content 112 words; missing park fields: reviewedOn"
"77","dog-parks","Dog Parks","/dog-parks/deveaux-woods-state-park-dog-park/","DeVeaux Woods State Park Dog Park","Very high","381","106","thin-content","95","needs-content-expansion; needs-human-review","","","","","","","no","reviewedOn","","stale 381 days; thin content 106 words; missing park fields: reviewedOn"
"77","dog-parks","Dog Parks","/dog-parks/diamond-jubilee-park/","Diamond Jubilee Park","Very high","389","77","thin-content","95","needs-content-expansion; needs-human-review","","","","","","","no","reviewedOn","","stale 389 days; thin content 77 words; missing park fields: reviewedOn"
"77","dog-parks","Dog Parks","/dog-parks/dog-beach-white-rock/","Dog Off-leash Swimming Beach","Very high","371","97","thin-content","95","needs-content-expansion; needs-human-review","","","","","","","no","reviewedOn","","stale 371 days; thin content 97 words; missing park fields: reviewedOn"
"77","dog-parks","Dog Parks","/dog-parks/don-bayer-park/","Don Bayer Park","Very high","318","137","thin-content","95","needs-content-expansion; needs-human-review","","","","","","","no","reviewedOn","","stale 318 days; thin content 137 words; missing park fields: reviewedOn"
"77","dog-parks","Dog Parks","/dog-parks/don-boudria-park/","Don Boudria Park","Very high","389","78","thin-content","95","needs-content-expansion; needs-human-review","","","","","","","no","reviewedOn","","stale 389 days; thin content 78 words; missing park fields: reviewedOn"
"77","dog-parks","Dog Parks","/dog-parks/don-russell-memorial-park-etobicoke/","Don Russell Memorial Park","Very high","389","79","thin-content","95","needs-content-expansion; needs-human-review","","","","","","","no","reviewedOn","","stale 389 days; thin content 79 words; missing park fields: reviewedOn"
"77","dog-parks","Dog Parks","/dog-parks/don-russell-memorial-park/","Don Russell Memorial Park","Very high","400","87","thin-content","95","needs-content-expansion; needs-human-review","","","","","","","no","reviewedOn","","stale 400 days; thin content 87 words; missing park fields: reviewedOn"
"77","dog-parks","Dog Parks","/dog-parks/don-valley-brick-works/","Don Valley Brick Works","Very high","407","174","thin-content","95","needs-content-expansion; needs-human-review","","","","","","","no","reviewedOn","","stale 407 days; thin content 174 words; missing park fields: reviewedOn"
"77","dog-parks","Dog Parks","/dog-parks/duggan-park/","Duggan Park","Very high","389","81","thin-content","95","needs-content-expansion; needs-human-review","","","","","","","no","reviewedOn","","stale 389 days; thin content 81 words; missing park fields: reviewedOn"
"77","dog-parks","Dog Parks","/dog-parks/earl-bales-park/","Earl Bales Park","Very high","400","108","thin-content","95","needs-content-expansion; needs-human-review","","","","","","","no","reviewedOn","","stale 400 days; thin content 108 words; missing park fields: reviewedOn"
"77","dog-parks","Dog Parks","/dog-parks/east-end-paw-park/","East End Paw Park","Very high","371","119","thin-content","95","needs-content-expansion; needs-human-review","","","","","","","no","reviewedOn","","stale 371 days; thin content 119 words; missing park fields: reviewedOn"
"77","dog-parks","Dog Parks","/dog-parks/east-zwicks-centennial-park/","East Zwick's Centennial Park","Very high","381","96","thin-content","95","needs-content-expansion; needs-human-review","","","","","","","no","reviewedOn","","stale 381 days; thin content 96 words; missing park fields: reviewedOn"
"77","dog-parks","Dog Parks","/dog-parks/eastview-community-park-guelph/","Eastview Community Park","Very high","392","115","thin-content","95","needs-content-expansion; needs-human-review","","","","","","","no","reviewedOn","","stale 392 days; thin content 115 words; missing park fields: reviewedOn"
"77","dog-parks","Dog Parks","/dog-parks/echo-dale-regional-park/","Echo Dale Regional Park","Very high","371","96","thin-content","95","needs-content-expansion; needs-human-review","","","","","","","no","reviewedOn","","stale 371 days; thin content 96 words; missing park fields: reviewedOn"
"77","dog-parks","Dog Parks","/dog-parks/firemens-park/","Firemen's Park","Very high","381","88","thin-content","95","needs-content-expansion; needs-human-review","","","","","","","no","reviewedOn","","stale 381 days; thin content 88 words; missing park fields: reviewedOn"
"77","dog-parks","Dog Parks","/dog-parks/fort-needham-memorial-park/","Fort Needham Memorial Park","Very high","318","146","thin-content","95","needs-content-expansion; needs-human-review","","","","","","","no","reviewedOn","","stale 318 days; thin content 146 words; missing park fields: reviewedOn"
"77","dog-parks","Dog Parks","/dog-parks/frank-faubert-wood-lot/","Frank Faubert Wood Lot","Very high","407","114","thin-content","95","needs-content-expansion; needs-human-review","","","","","","","no","reviewedOn","","stale 407 days; thin content 114 words; missing park fields: reviewedOn"
"77","dog-parks","Dog Parks","/dog-parks/george-lippert-park/","George Lippert Park","Very high","392","130","thin-content","95","needs-content-expansion; needs-human-review","","","","","","","no","reviewedOn","","stale 392 days; thin content 130 words; missing park fields: reviewedOn"
"77","dog-parks","Dog Parks","/dog-parks/gerrard-carlaw-parkette/","Gerrard - Carlaw Parkette","Very high","407","149","thin-content","95","needs-content-expansion; needs-human-review","","","","","","","no","reviewedOn","","stale 407 days; thin content 149 words; missing park fields: reviewedOn"
"77","dog-parks","Dog Parks","/dog-parks/gimli-off-leash-dog-park/","Gimli Off-Leash Dog Park","Very high","371","106","thin-content","95","needs-content-expansion; needs-human-review","","","","","","","no","reviewedOn","","stale 371 days; thin content 106 words; missing park fields: reviewedOn"
"77","dog-parks","Dog Parks","/dog-parks/grand-avenue-park/","Grand Avenue Park","Very high","400","105","thin-content","95","needs-content-expansion; needs-human-review","","","","","","","no","reviewedOn","","stale 400 days; thin content 105 words; missing park fields: reviewedOn"
"77","dog-parks","Dog Parks","/dog-parks/grange-park/","Grange Park","Very high","400","104","thin-content","95","needs-content-expansion; needs-human-review","","","","","","","no","reviewedOn","","stale 400 days; thin content 104 words; missing park fields: reviewedOn"
"77","dog-parks","Dog Parks","/dog-parks/greenhill-bowl-park/","Greenhill Bowl Park","Very high","399","96","thin-content","95","needs-content-expansion; needs-human-review","","","","","","","no","reviewedOn","","stale 399 days; thin content 96 words; missing park fields: reviewedOn"
"77","dog-parks","Dog Parks","/dog-parks/greenwood-conservation-area/","Greenwood Conservation Area","Very high","373","94","thin-content","95","needs-content-expansion; needs-human-review","","","","","","","no","reviewedOn","","stale 373 days; thin content 94 words; missing park fields: reviewedOn"
"77","dog-parks","Dog Parks","/dog-parks/greenwood-park/","Greenwood Park","Very high","369","153","thin-content","95","needs-content-expansion; needs-human-review","","","","","","","no","reviewedOn","","stale 369 days; thin content 153 words; missing park fields: reviewedOn"
"77","dog-parks","Dog Parks","/dog-parks/guindon-park-cornwall/","Guindon Park","Very high","372","92","thin-content","95","needs-content-expansion; needs-human-review","","","","","","","no","reviewedOn","","stale 372 days; thin content 92 words; missing park fields: reviewedOn"
"77","dog-parks","Dog Parks","/dog-parks/halifax-common/","Halifax Common","Very high","318","141","thin-content","95","needs-content-expansion; needs-human-review","","","","","","","no","reviewedOn","","stale 318 days; thin content 141 words; missing park fields: reviewedOn"
"77","dog-parks","Dog Parks","/dog-parks/hamilton-beach/","Hamilton Beach","Very high","399","88","thin-content","95","needs-content-expansion; needs-human-review","","","","","","","no","reviewedOn","","stale 399 days; thin content 88 words; missing park fields: reviewedOn"
"77","dog-parks","Dog Parks","/dog-parks/harmony-valley-park/","Harmony Valley Park and Off-Leash Dog Park","Very high","381","99","thin-content","95","needs-content-expansion; needs-human-review","","","","","","","no","reviewedOn","","stale 381 days; thin content 99 words; missing park fields: reviewedOn"
"77","dog-parks","Dog Parks","/dog-parks/harvey-park/","Harvey Park","Very high","399","102","thin-content","95","needs-content-expansion; needs-human-review","","","","","","","no","reviewedOn","","stale 399 days; thin content 102 words; missing park fields: reviewedOn"
"77","dog-parks","Dog Parks","/dog-parks/heber-down-conservation-area/","Heber Down Conservation Area","Very high","373","97","thin-content","95","needs-content-expansion; needs-human-review","","","","","","","no","reviewedOn","","stale 373 days; thin content 97 words; missing park fields: reviewedOn"
"77","dog-parks","Dog Parks","/dog-parks/hemlock-ravine-park/","Hemlock Ravine Park","Very high","318","133","thin-content","95","needs-content-expansion; needs-human-review","","","","","","","no","reviewedOn","","stale 318 days; thin content 133 words; missing park fields: reviewedOn"
"77","dog-parks","Dog Parks","/dog-parks/henry-street-dog-park/","Henry Street","Very high","392","169","thin-content","95","needs-content-expansion; needs-human-review","","","","","","","no","reviewedOn","","stale 392 days; thin content 169 words; missing park fields: reviewedOn"
"77","dog-parks","Dog Parks","/dog-parks/hermitage-park/","Hermitage Park","Very high","373","86","thin-content","95","needs-content-expansion; needs-human-review","","","","","","","no","reviewedOn","","stale 373 days; thin content 86 words; missing park fields: reviewedOn"
"77","dog-parks","Dog Parks","/dog-parks/hideaway-park/","Hideaway Park","Very high","407","121","thin-content","95","needs-content-expansion; needs-human-review","","","","","","","no","reviewedOn","","stale 407 days; thin content 121 words; missing park fields: reviewedOn"
"77","dog-parks","Dog Parks","/dog-parks/high-park/","High Park","Very high","389","78","thin-content","95","needs-content-expansion; needs-human-review","","","","","","","no","reviewedOn","","stale 389 days; thin content 78 words; missing park fields: reviewedOn"
"77","dog-parks","Dog Parks","/dog-parks/hillcrest-park/","Hillcrest Park","Very high","400","111","thin-content","95","needs-content-expansion; needs-human-review","","","","","","","no","reviewedOn","","stale 400 days; thin content 111 words; missing park fields: reviewedOn"
"77","dog-parks","Dog Parks","/dog-parks/humber-bay-park-west-etobicoke/","Humber Bay Park West","Very high","389","93","thin-content","95","needs-content-expansion; needs-human-review","","","","","","","no","reviewedOn","","stale 389 days; thin content 93 words; missing park fields: reviewedOn"
"77","dog-parks","Dog Parks","/dog-parks/humber-bay-park-west/","Humber Bay Park West","Very high","400","108","thin-content","95","needs-content-expansion; needs-human-review","","","","","","","no","reviewedOn","","stale 400 days; thin content 108 words; missing park fields: reviewedOn"
"77","dog-parks","Dog Parks","/dog-parks/irving-big-stop-bark-park/","Irving Big Stop Bark Park","Very high","318","137","thin-content","95","needs-content-expansion; needs-human-review","","","","","","","no","reviewedOn","","stale 318 days; thin content 137 words; missing park fields: reviewedOn"
"77","dog-parks","Dog Parks","/dog-parks/jerome-neighbourhood-park/","Jerome Neighbourhood Park","Very high","399","102","thin-content","95","needs-content-expansion; needs-human-review","","","","","","","no","reviewedOn","","stale 399 days; thin content 102 words; missing park fields: reviewedOn"
"77","dog-parks","Dog Parks","/dog-parks/joe-veroni-park/","Joe Veroni Park","Very high","392","153","thin-content","95","needs-content-expansion; needs-human-review","","","","","","","no","reviewedOn","","stale 392 days; thin content 153 words; missing park fields: reviewedOn"
"77","dog-parks","Dog Parks","/dog-parks/john-rebecca-park/","John Rebecca Park","Very high","399","102","thin-content","95","needs-content-expansion; needs-human-review","","","","","","","no","reviewedOn","","stale 399 days; thin content 102 words; missing park fields: reviewedOn"
"77","dog-parks","Dog Parks","/dog-parks/kew-gardens/","Kew Gardens","Very high","407","133","thin-content","95","needs-content-expansion; needs-human-review","","","","","","","no","reviewedOn","","stale 407 days; thin content 133 words; missing park fields: reviewedOn"
"77","dog-parks","Dog Parks","/dog-parks/kilcona-park/","Kilcona Park","Very high","371","94","thin-content","95","needs-content-expansion; needs-human-review","","","","","","","no","reviewedOn","","stale 371 days; thin content 94 words; missing park fields: reviewedOn"
"77","dog-parks","Dog Parks","/dog-parks/kin-coulee-park/","Kin Coulee Park","Very high","371","104","thin-content","95","needs-content-expansion; needs-human-review","","","","","","","no","reviewedOn","","stale 371 days; thin content 104 words; missing park fields: reviewedOn"
"77","dog-parks","Dog Parks","/dog-parks/kings-mill-park-etobicoke/","King's Mill Park","Very high","389","74","thin-content","95","needs-content-expansion; needs-human-review","","","","","","","no","reviewedOn","","stale 389 days; thin content 74 words; missing park fields: reviewedOn"
"77","dog-parks","Dog Parks","/dog-parks/kings-mill-park/","King's Mill Park","Very high","399","101","thin-content","95","needs-content-expansion; needs-human-review","","","","","","","no","reviewedOn","","stale 399 days; thin content 101 words; missing park fields: reviewedOn"
"77","dog-parks","Dog Parks","/dog-parks/kiwanis-park/","Kiwanis Park","Very high","392","112","thin-content","95","needs-content-expansion; needs-human-review","","","","","","","no","reviewedOn","","stale 392 days; thin content 112 words; missing park fields: reviewedOn"
"77","dog-parks","Dog Parks","/dog-parks/kortright-hills-park/","Kortright Hills Park","Very high","392","150","thin-content","95","needs-content-expansion; needs-human-review","","","","","","","no","reviewedOn","","stale 392 days; thin content 150 words; missing park fields: reviewedOn"
"77","dog-parks","Dog Parks","/dog-parks/lakeland-neighbourhood-off-leash-area/","Lakeland Neighbourhood Off-Leash Area","Very high","371","94","thin-content","95","needs-content-expansion; needs-human-review","","","","","","","no","reviewedOn","","stale 371 days; thin content 94 words; missing park fields: reviewedOn"
"77","dog-parks","Dog Parks","/dog-parks/lakeside-park/","Lakeside Park","Very high","409","170","thin-content","95","needs-content-expansion; needs-human-review","","","","","","","no","reviewedOn","","stale 409 days; thin content 170 words; missing park fields: reviewedOn"
"77","dog-parks","Dog Parks","/dog-parks/lamoreaux-north-park/","L'Amoreaux North Park","Very high","400","107","thin-content","95","needs-content-expansion; needs-human-review","","","","","","","no","reviewedOn","","stale 400 days; thin content 107 words; missing park fields: reviewedOn"
"77","dog-parks","Dog Parks","/dog-parks/linkwood-lane-park/","Linkwood Lane Park","Very high","408","163","thin-content","95","needs-content-expansion; needs-human-review","","","","","","","no","reviewedOn","","stale 408 days; thin content 163 words; missing park fields: reviewedOn"
"77","dog-parks","Dog Parks","/dog-parks/lions-park-belleville/","Lion's Park","Very high","381","77","thin-content","95","needs-content-expansion; needs-human-review","","","","","","","no","reviewedOn","","stale 381 days; thin content 77 words; missing park fields: reviewedOn"
"77","dog-parks","Dog Parks","/dog-parks/little-mountain-park/","Little Mountain Park","Very high","371","94","thin-content","95","needs-content-expansion; needs-human-review","","","","","","","no","reviewedOn","","stale 371 days; thin content 94 words; missing park fields: reviewedOn"
"77","dog-parks","Dog Parks","/dog-parks/long-lake-provincial-park/","Long Lake Provincial Park","Very high","318","134","thin-content","95","needs-content-expansion; needs-human-review","","","","","","","no","reviewedOn","","stale 318 days; thin content 134 words; missing park fields: reviewedOn"
"77","dog-parks","Dog Parks","/dog-parks/love-park/","Love Park","Very high","400","108","thin-content","95","needs-content-expansion; needs-human-review","","","","","","","no","reviewedOn","","stale 400 days; thin content 108 words; missing park fields: reviewedOn"
"77","dog-parks","Dog Parks","/dog-parks/mainland-common-dedicated-off-leash-park/","Mainland Common Dedicated Off-Leash Park","Very high","318","158","thin-content","95","needs-content-expansion; needs-human-review","","","","","","","no","reviewedOn","","stale 318 days; thin content 158 words; missing park fields: reviewedOn"
"77","dog-parks","Dog Parks","/dog-parks/mamowimiweyitamowin-park-off-leash-area/","Māmowimīwēyitamōwin Park Off-Leash Area","Very high","371","93","thin-content","95","needs-content-expansion; needs-human-review","","","","","","","no","reviewedOn","","stale 371 days; thin content 93 words; missing park fields: reviewedOn"
"77","dog-parks","Dog Parks","/dog-parks/margaret-greene-park/","Margaret Greene Park","Very high","392","144","thin-content","95","needs-content-expansion; needs-human-review","","","","","","","no","reviewedOn","","stale 392 days; thin content 144 words; missing park fields: reviewedOn"
"77","dog-parks","Dog Parks","/dog-parks/marie-curtis-park-etobicoke/","Marie Curtis Park","Very high","389","71","thin-content","95","needs-content-expansion; needs-human-review","","","","","","","no","reviewedOn","","stale 389 days; thin content 71 words; missing park fields: reviewedOn"
"77","dog-parks","Dog Parks","/dog-parks/marie-curtis-park/","Marie Curtis Park","Very high","400","113","thin-content","95","needs-content-expansion; needs-human-review","","","","","","","no","reviewedOn","","stale 400 days; thin content 113 words; missing park fields: reviewedOn"
"77","dog-parks","Dog Parks","/dog-parks/marshview-dog-park-kentville/","Marshview Dog Park","Very high","318","133","thin-content","95","needs-content-expansion; needs-human-review","","","","","","","no","reviewedOn","","stale 318 days; thin content 133 words; missing park fields: reviewedOn"
"77","dog-parks","Dog Parks","/dog-parks/mattamy-sports-park/","Mattamy Sports Park","Very high","409","130","thin-content","95","needs-content-expansion; needs-human-review","","","","","","","no","reviewedOn","","stale 409 days; thin content 130 words; missing park fields: reviewedOn"
"77","dog-parks","Dog Parks","/dog-parks/mccowan-park/","McCowan Park","Very high","407","116","thin-content","95","needs-content-expansion; needs-human-review","","","","","","","no","reviewedOn","","stale 407 days; thin content 116 words; missing park fields: reviewedOn"
"77","dog-parks","Dog Parks","/dog-parks/mcintosh-run-off-leash-dog-park/","McIntosh Run Off-Leash Dog Park","Very high","318","115","thin-content","95","needs-content-expansion; needs-human-review","","","","","","","no","reviewedOn","","stale 318 days; thin content 115 words; missing park fields: reviewedOn"
"77","dog-parks","Dog Parks","/dog-parks/mclaren-park/","McLaren Park","Very high","399","98","thin-content","95","needs-content-expansion; needs-human-review","","","","","","","no","reviewedOn","","stale 399 days; thin content 98 words; missing park fields: reviewedOn"
"77","dog-parks","Dog Parks","/dog-parks/mclennan-park/","McLennan Park","Very high","392","96","thin-content","95","needs-content-expansion; needs-human-review","","","","","","","no","reviewedOn","","stale 392 days; thin content 96 words; missing park fields: reviewedOn"
"77","dog-parks","Dog Parks","/dog-parks/mcmaster-forest-nature-preserve/","McMaster Forest Nature Preserve","Very high","399","103","thin-content","95","needs-content-expansion; needs-human-review","","","","","","","no","reviewedOn","","stale 399 days; thin content 103 words; missing park fields: reviewedOn"
"77","dog-parks","Dog Parks","/dog-parks/memorial-park-white-rock/","Memorial Park","Very high","371","88","thin-content","95","needs-content-expansion; needs-human-review","","","","","","","no","reviewedOn","","stale 371 days; thin content 88 words; missing park fields: reviewedOn"
"77","dog-parks","Dog Parks","/dog-parks/merrill-bridge-road-park/","Merrill Bridge Road Park","Very high","407","152","thin-content","95","needs-content-expansion; needs-human-review","","","","","","","no","reviewedOn","","stale 407 days; thin content 152 words; missing park fields: reviewedOn"
"77","dog-parks","Dog Parks","/dog-parks/millers-creek-park/","Millers Creek Park","Very high","373","92","thin-content","95","needs-content-expansion; needs-human-review","","","","","","","no","reviewedOn","","stale 373 days; thin content 92 words; missing park fields: reviewedOn"
"77","dog-parks","Dog Parks","/dog-parks/monarch-park/","Monarch Park","Very high","407","160","thin-content","95","needs-content-expansion; needs-human-review","","","","","","","no","reviewedOn","","stale 407 days; thin content 160 words; missing park fields: reviewedOn"
"77","dog-parks","Dog Parks","/dog-parks/montgomery-park/","Montgomery Park","Very high","399","96","thin-content","95","needs-content-expansion; needs-human-review","","","","","","","no","reviewedOn","","stale 399 days; thin content 96 words; missing park fields: reviewedOn"
"77","dog-parks","Dog Parks","/dog-parks/morden-dog-park/","Morden Dog Park","Very high","371","92","thin-content","95","needs-content-expansion; needs-human-review","","","","","","","no","reviewedOn","","stale 371 days; thin content 92 words; missing park fields: reviewedOn"
"77","dog-parks","Dog Parks","/dog-parks/nelson-dog-walk-lakeside-path/","Nelson Dog Walk","Very high","371","90","thin-content","95","needs-content-expansion; needs-human-review","","","","","","","no","reviewedOn","","stale 371 days; thin content 90 words; missing park fields: reviewedOn"
"77","dog-parks","Dog Parks","/dog-parks/niagara-falls-bark-park/","Niagara Falls Bark Park","Very high","381","93","thin-content","95","needs-content-expansion; needs-human-review","","","","","","","no","reviewedOn","","stale 381 days; thin content 93 words; missing park fields: reviewedOn"
"77","dog-parks","Dog Parks","/dog-parks/niagara-falls-dog-park/","Niagara Falls Dog Park","Very high","381","95","thin-content","95","needs-content-expansion; needs-human-review","","","","","","","no","reviewedOn","","stale 381 days; thin content 95 words; missing park fields: reviewedOn"
"77","dog-parks","Dog Parks","/dog-parks/norwood-park/","Norwood Park","Very high","407","147","thin-content","95","needs-content-expansion; needs-human-review","","","","","","","no","reviewedOn","","stale 407 days; thin content 147 words; missing park fields: reviewedOn"
"77","dog-parks","Dog Parks","/dog-parks/oakcrest-parkette/","Oakcrest Parkette","Very high","407","147","thin-content","95","needs-content-expansion; needs-human-review","","","","","","","no","reviewedOn","","stale 407 days; thin content 147 words; missing park fields: reviewedOn"
"77","dog-parks","Dog Parks","/dog-parks/oakes-road-dog-run/","Oakes Road Dog Run","Very high","399","104","thin-content","95","needs-content-expansion; needs-human-review","","","","","","","no","reviewedOn","","stale 399 days; thin content 104 words; missing park fields: reviewedOn"
"77","dog-parks","Dog Parks","/dog-parks/orphans-green/","Orphan's Green","Very high","407","108","thin-content","95","needs-content-expansion; needs-human-review","","","","","","","no","reviewedOn","","stale 407 days; thin content 108 words; missing park fields: reviewedOn"
"77","dog-parks","Dog Parks","/dog-parks/oshawa-harmony-valley-park/","Harmony Valley Park","Very high","373","99","thin-content","95","needs-content-expansion; needs-human-review","","","","","","","no","reviewedOn","","stale 373 days; thin content 99 words; missing park fields: reviewedOn"
"77","dog-parks","Dog Parks","/dog-parks/parc-canin-de-la-pente-douce/","Parc canin de la Pente-Douce","Very high","368","145","thin-content","95","needs-content-expansion; needs-human-review","","","","","","","no","reviewedOn","","stale 368 days; thin content 145 words; missing park fields: reviewedOn"
"77","dog-parks","Dog Parks","/dog-parks/parc-canin-saint-augustin-de-desmaures/","Parc canin Saint-Augustin-de-Desmaures","Very high","368","131","thin-content","95","needs-content-expansion; needs-human-review","","","","","","","no","reviewedOn","","stale 368 days; thin content 131 words; missing park fields: reviewedOn"
"77","dog-parks","Dog Parks","/dog-parks/parc-de-duberger/","Parc de Duberger","Very high","368","125","thin-content","95","needs-content-expansion; needs-human-review","","","","","","","no","reviewedOn","","stale 368 days; thin content 125 words; missing park fields: reviewedOn"
"77","dog-parks","Dog Parks","/dog-parks/parkway-belt-dog-park/","Parkway Belt Park","Very high","409","170","thin-content","95","needs-content-expansion; needs-human-review","","","","","","","no","reviewedOn","","stale 409 days; thin content 170 words; missing park fields: reviewedOn"
"77","dog-parks","Dog Parks","/dog-parks/paul-coffey-park/","Paul Coffey Park","Very high","409","163","thin-content","95","needs-content-expansion; needs-human-review","","","","","","","no","reviewedOn","","stale 409 days; thin content 163 words; missing park fields: reviewedOn"
"77","dog-parks","Dog Parks","/dog-parks/peter-misersky-park/","Peter Misersky Park","Very high","392","149","thin-content","95","needs-content-expansion; needs-human-review","","","","","","","no","reviewedOn","","stale 392 days; thin content 149 words; missing park fields: reviewedOn"
"77","dog-parks","Dog Parks","/dog-parks/pocket-designated-off-leash-area/","Pocket Designated Off-Leash Area","Very high","407","135","thin-content","95","needs-content-expansion; needs-human-review","","","","","","","no","reviewedOn","","stale 407 days; thin content 135 words; missing park fields: reviewedOn"
"77","dog-parks","Dog Parks","/dog-parks/point-pleasant-park/","Point Pleasant Park","Very high","318","150","thin-content","95","needs-content-expansion; needs-human-review","","","","","","","no","reviewedOn","","stale 318 days; thin content 150 words; missing park fields: reviewedOn"
"77","dog-parks","Dog Parks","/dog-parks/pottersburg-fido-off-leash-dog-area/","Pottersburg-FIDO Off-Leash Dog Area","Very high","284","140","thin-content","95","needs-content-expansion; needs-human-review","","","","","","","no","reviewedOn","","stale 284 days; thin content 140 words; missing park fields: reviewedOn"
"77","dog-parks","Dog Parks","/dog-parks/powell-park/","Powell Park","Very high","399","95","thin-content","95","needs-content-expansion; needs-human-review","","","","","","","no","reviewedOn","","stale 399 days; thin content 95 words; missing park fields: reviewedOn"
"77","dog-parks","Dog Parks","/dog-parks/primrose-park/","Primrose Park","Very high","389","72","thin-content","95","needs-content-expansion; needs-human-review","","","","","","","no","reviewedOn","","stale 389 days; thin content 72 words; missing park fields: reviewedOn"
"77","dog-parks","Dog Parks","/dog-parks/prospect-park-halton-hills/","Prospect Park","Very high","399","113","thin-content","95","needs-content-expansion; needs-human-review","","","","","","","no","reviewedOn","","stale 399 days; thin content 113 words; missing park fields: reviewedOn"
"77","dog-parks","Dog Parks","/dog-parks/quenippenon-park/","Quenippenon Meadows Leash Free Park","Very high","409","129","thin-content","95","needs-content-expansion; needs-human-review","","","","","","","no","reviewedOn","","stale 409 days; thin content 129 words; missing park fields: reviewedOn"
"77","dog-parks","Dog Parks","/dog-parks/quinte-dog-park/","Quinte Dog Park","Very high","381","100","thin-content","95","needs-content-expansion; needs-human-review","","","","","","","no","reviewedOn","","stale 381 days; thin content 100 words; missing park fields: reviewedOn"
"77","dog-parks","Dog Parks","/dog-parks/ramsden-park/","Ramsden Park","Very high","407","118","thin-content","95","needs-content-expansion; needs-human-review","","","","","","","no","reviewedOn","","stale 407 days; thin content 118 words; missing park fields: reviewedOn"
"77","dog-parks","Dog Parks","/dog-parks/raymore-park/","Raymore Park","Very high","257","73","thin-content","95","needs-content-expansion; needs-human-review","","","","","","","no","reviewedOn","","stale 257 days; thin content 73 words; missing park fields: reviewedOn"
"77","dog-parks","Dog Parks","/dog-parks/reservoir-park-wolfville/","Reservoir Park","Very high","318","123","thin-content","95","needs-content-expansion; needs-human-review","","","","","","","no","reviewedOn","","stale 318 days; thin content 123 words; missing park fields: reviewedOn"
"77","dog-parks","Dog Parks","/dog-parks/restoule-provincial-park/","Restoule Provincial Park","Very high","372","105","thin-content","95","needs-content-expansion; needs-human-review","","","","","","","no","reviewedOn","","stale 372 days; thin content 105 words; missing park fields: reviewedOn"
"77","dog-parks","Dog Parks","/dog-parks/riverdale-park-west/","Riverdale Park West","Very high","407","123","thin-content","95","needs-content-expansion; needs-human-review","","","","","","","no","reviewedOn","","stale 407 days; thin content 123 words; missing park fields: reviewedOn"
"77","dog-parks","Dog Parks","/dog-parks/riverside-park-guelph/","Riverside Park","Very high","392","141","thin-content","95","needs-content-expansion; needs-human-review","","","","","","","no","reviewedOn","","stale 392 days; thin content 141 words; missing park fields: reviewedOn"
"77","dog-parks","Dog Parks","/dog-parks/rj-gidluck-park/","R.J. Gidluck Park","Very high","371","98","thin-content","95","needs-content-expansion; needs-human-review","","","","","","","no","reviewedOn","","stale 371 days; thin content 98 words; missing park fields: reviewedOn"
"77","dog-parks","Dog Parks","/dog-parks/ross-industrial-off-leash-dog-park/","Ross Industrial Off-Leash Dog Park","Very high","371","100","thin-content","95","needs-content-expansion; needs-human-review","","","","","","","no","reviewedOn","","stale 371 days; thin content 100 words; missing park fields: reviewedOn"
"77","dog-parks","Dog Parks","/dog-parks/rotary-park-ajax/","Rotary Park","Very high","373","104","thin-content","95","needs-content-expansion; needs-human-review","","","","","","","no","reviewedOn","","stale 373 days; thin content 104 words; missing park fields: reviewedOn"
"77","dog-parks","Dog Parks","/dog-parks/rotary-park-off-leash-area-sydney/","Rotary Park Off-Leash Area","Very high","318","108","thin-content","95","needs-content-expansion; needs-human-review","","","","","","","no","reviewedOn","","stale 318 days; thin content 108 words; missing park fields: reviewedOn"
"77","dog-parks","Dog Parks","/dog-parks/roth-park/","Roth Park","Very high","392","142","thin-content","95","needs-content-expansion; needs-human-review","","","","","","","no","reviewedOn","","stale 392 days; thin content 142 words; missing park fields: reviewedOn"
"77","dog-parks","Dog Parks","/dog-parks/sackville-lakes-provincial-park/","Sackville Lakes Provincial Park","Very high","318","130","thin-content","95","needs-content-expansion; needs-human-review","","","","","","","no","reviewedOn","","stale 318 days; thin content 130 words; missing park fields: reviewedOn"
"77","dog-parks","Dog Parks","/dog-parks/sand-bay-county-park/","Sand Bay County Park","Very high","372","105","thin-content","95","needs-content-expansion; needs-human-review","","","","","","","no","reviewedOn","","stale 372 days; thin content 105 words; missing park fields: reviewedOn"
"77","dog-parks","Dog Parks","/dog-parks/sandy-bruce-park/","Sandy Bruce Park","Very high","407","151","thin-content","95","needs-content-expansion; needs-human-review","","","","","","","no","reviewedOn","","stale 407 days; thin content 151 words; missing park fields: reviewedOn"
"77","dog-parks","Dog Parks","/dog-parks/sandy-lake-park/","Sandy Lake Park","Very high","318","135","thin-content","95","needs-content-expansion; needs-human-review","","","","","","","no","reviewedOn","","stale 318 days; thin content 135 words; missing park fields: reviewedOn"
"77","dog-parks","Dog Parks","/dog-parks/scarborough-heights-park/","Scarborough Heights Park","Very high","407","150","thin-content","95","needs-content-expansion; needs-human-review","","","","","","","no","reviewedOn","","stale 407 days; thin content 150 words; missing park fields: reviewedOn"
"77","dog-parks","Dog Parks","/dog-parks/seasonal-rink-dog-parks-regina/","Seasonal Rink Dog Parks (Various Locations)","Very high","371","107","thin-content","95","needs-content-expansion; needs-human-review","","","","","","","no","reviewedOn","","stale 371 days; thin content 107 words; missing park fields: reviewedOn"
"77","dog-parks","Dog Parks","/dog-parks/semiahmoo-park/","Semiahmoo Park","Very high","371","89","thin-content","95","needs-content-expansion; needs-human-review","","","","","","","no","reviewedOn","","stale 371 days; thin content 89 words; missing park fields: reviewedOn"
"77","dog-parks","Dog Parks","/dog-parks/shearwater-flyer-off-leash-dog-park/","Shearwater Flyer Off-Leash Dog Park","Very high","318","102","thin-content","95","needs-content-expansion; needs-human-review","","","","","","","no","reviewedOn","","stale 318 days; thin content 102 words; missing park fields: reviewedOn"
"77","dog-parks","Dog Parks","/dog-parks/sherwood-park/","Sherwood Park","Very high","407","152","thin-content","95","needs-content-expansion; needs-human-review","","","","","","","no","reviewedOn","","stale 407 days; thin content 152 words; missing park fields: reviewedOn"
"77","dog-parks","Dog Parks","/dog-parks/shubie-park/","Shubie Park","Very high","318","152","thin-content","95","needs-content-expansion; needs-human-review","","","","","","","no","reviewedOn","","stale 318 days; thin content 152 words; missing park fields: reviewedOn"
"77","dog-parks","Dog Parks","/dog-parks/silvercreek-park/","Silvercreek Park","Very high","392","126","thin-content","95","needs-content-expansion; needs-human-review","","","","","","","no","reviewedOn","","stale 392 days; thin content 126 words; missing park fields: reviewedOn"
"77","dog-parks","Dog Parks","/dog-parks/sir-casimir-gzowski-park-etobicoke/","Sir Casimir Gzowski Park","Very high","389","78","thin-content","95","needs-content-expansion; needs-human-review","","","","","","","no","reviewedOn","","stale 389 days; thin content 78 words; missing park fields: reviewedOn"
"77","dog-parks","Dog Parks","/dog-parks/sir-casimir-gzowski-park/","Sir Casimir Gzowski Park","Very high","400","108","thin-content","95","needs-content-expansion; needs-human-review","","","","","","","no","reviewedOn","","stale 400 days; thin content 108 words; missing park fields: reviewedOn"
"77","dog-parks","Dog Parks","/dog-parks/sorauren-avenue-park/","Sorauren Avenue Park","Very high","400","95","thin-content","95","needs-content-expansion; needs-human-review","","","","","","","no","reviewedOn","","stale 400 days; thin content 95 words; missing park fields: reviewedOn"
"77","dog-parks","Dog Parks","/dog-parks/south-courtice-dog-park/","South Courtice Dog Park","Very high","381","96","thin-content","95","needs-content-expansion; needs-human-review","","","","","","","no","reviewedOn","","stale 381 days; thin content 96 words; missing park fields: reviewedOn"
"77","dog-parks","Dog Parks","/dog-parks/south-shore-vet-dog-zone/","South Shore Vet Dog Zone","Very high","318","158","thin-content","95","needs-content-expansion; needs-human-review","","","","","","","no","reviewedOn","","stale 318 days; thin content 158 words; missing park fields: reviewedOn"
"77","dog-parks","Dog Parks","/dog-parks/southward-community-park/","Southward Community Park","Very high","399","110","thin-content","95","needs-content-expansion; needs-human-review","","","","","","","no","reviewedOn","","stale 399 days; thin content 110 words; missing park fields: reviewedOn"
"77","dog-parks","Dog Parks","/dog-parks/st-andrews-playground/","St. Andrew's Playground","Very high","400","113","thin-content","95","needs-content-expansion; needs-human-review","","","","","","","no","reviewedOn","","stale 400 days; thin content 113 words; missing park fields: reviewedOn"
"77","dog-parks","Dog Parks","/dog-parks/stan-wadlow-park/","Stan Wadlow Park","Very high","408","156","thin-content","95","needs-content-expansion; needs-human-review","","","","","","","no","reviewedOn","","stale 408 days; thin content 156 words; missing park fields: reviewedOn"
"77","dog-parks","Dog Parks","/dog-parks/stanley-park-south-toronto/","Stanley Park South - Toronto","Very high","400","92","thin-content","95","needs-content-expansion; needs-human-review","","","","","","","no","reviewedOn","","stale 400 days; thin content 92 words; missing park fields: reviewedOn"
"77","dog-parks","Dog Parks","/dog-parks/steve-mcdonnell-park/","Steve McDonnell Park","Very high","399","98","thin-content","95","needs-content-expansion; needs-human-review","","","","","","","no","reviewedOn","","stale 399 days; thin content 98 words; missing park fields: reviewedOn"
"77","dog-parks","Dog Parks","/dog-parks/stoney-creek-off-leash-area/","Stoney Creek Off-Leash Area","Very high","281","135","thin-content","95","needs-content-expansion; needs-human-review","","","","","","","no","reviewedOn","","stale 281 days; thin content 135 words; missing park fields: reviewedOn"
"77","dog-parks","Dog Parks","/dog-parks/stony-swamp-conservation-area/","Stony Swamp Conservation Area","Very high","389","89","thin-content","95","needs-content-expansion; needs-human-review","","","","","","","no","reviewedOn","","stale 389 days; thin content 89 words; missing park fields: reviewedOn"
"77","dog-parks","Dog Parks","/dog-parks/sunnidale-park/","Sunnidale Park","Very high","381","87","thin-content","95","needs-content-expansion; needs-human-review","","","","","","","no","reviewedOn","","stale 381 days; thin content 87 words; missing park fields: reviewedOn"
"77","dog-parks","Dog Parks","/dog-parks/sunny-mount-park/","Sunny Mount Park","Very high","399","126","thin-content","95","needs-content-expansion; needs-human-review","","","","","","","no","reviewedOn","","stale 399 days; thin content 126 words; missing park fields: reviewedOn"
"77","dog-parks","Dog Parks","/dog-parks/sunnybrook-park/","Sunnybrook Park","Very high","407","165","thin-content","95","needs-content-expansion; needs-human-review","","","","","","","no","reviewedOn","","stale 407 days; thin content 165 words; missing park fields: reviewedOn"
"77","dog-parks","Dog Parks","/dog-parks/the-aud-neighbourhood-dog-park/","The Aud Neighbourhood Dog Park","Very high","392","101","thin-content","95","needs-content-expansion; needs-human-review","","","","","","","no","reviewedOn","","stale 392 days; thin content 101 words; missing park fields: reviewedOn"
"77","dog-parks","Dog Parks","/dog-parks/thompson-street-parkette/","Thompson Street Parkette","Very high","407","111","thin-content","95","needs-content-expansion; needs-human-review","","","","","","","no","reviewedOn","","stale 407 days; thin content 111 words; missing park fields: reviewedOn"
"77","dog-parks","Dog Parks","/dog-parks/thomson-memorial-park/","Thomson Memorial Park","Very high","407","143","thin-content","95","needs-content-expansion; needs-human-review","","","","","","","no","reviewedOn","","stale 407 days; thin content 143 words; missing park fields: reviewedOn"
"77","dog-parks","Dog Parks","/dog-parks/thurlow-dog-park/","Thurlow Dog Park","Very high","381","91","thin-content","95","needs-content-expansion; needs-human-review","","","","","","","no","reviewedOn","","stale 381 days; thin content 91 words; missing park fields: reviewedOn"
"77","dog-parks","Dog Parks","/dog-parks/trafalgar-sports-park/","Trafalgar Sports Park","Very high","399","116","thin-content","95","needs-content-expansion; needs-human-review","","","","","","","no","reviewedOn","","stale 399 days; thin content 116 words; missing park fields: reviewedOn"
"77","dog-parks","Dog Parks","/dog-parks/trinity-bellwoods-park/","Trinity Bellwoods Park","Very high","400","109","thin-content","95","needs-content-expansion; needs-human-review","","","","","","","no","reviewedOn","","stale 400 days; thin content 109 words; missing park fields: reviewedOn"
"77","dog-parks","Dog Parks","/dog-parks/truro-bible-hill-off-leash-dog-park/","Truro-Bible Hill Off-Leash Dog Park","Very high","318","154","thin-content","95","needs-content-expansion; needs-human-review","","","","","","","no","reviewedOn","","stale 318 days; thin content 154 words; missing park fields: reviewedOn"
"77","dog-parks","Dog Parks","/dog-parks/upton-farm-off-leash-area/","Upton Farm Off-Leash Area","Very high","318","121","thin-content","95","needs-content-expansion; needs-human-review","","","","","","","no","reviewedOn","","stale 318 days; thin content 121 words; missing park fields: reviewedOn"
"77","dog-parks","Dog Parks","/dog-parks/vedder-park/","Vedder Park","Very high","372","108","thin-content","95","needs-content-expansion; needs-human-review","","","","","","","no","reviewedOn","","stale 372 days; thin content 108 words; missing park fields: reviewedOn"
"77","dog-parks","Dog Parks","/dog-parks/vermont-square-park/","Vermont Square Park","Very high","400","117","thin-content","95","needs-content-expansion; needs-human-review","","","","","","","no","reviewedOn","","stale 400 days; thin content 117 words; missing park fields: reviewedOn"
"77","dog-parks","Dog Parks","/dog-parks/warden-woods/","Warden Woods","Very high","407","156","thin-content","95","needs-content-expansion; needs-human-review","","","","","","","no","reviewedOn","","stale 407 days; thin content 156 words; missing park fields: reviewedOn"
"77","dog-parks","Dog Parks","/dog-parks/west-zwicks-island-park/","West Zwick's Island Park","Very high","381","93","thin-content","95","needs-content-expansion; needs-human-review","","","","","","","no","reviewedOn","","stale 381 days; thin content 93 words; missing park fields: reviewedOn"
"77","dog-parks","Dog Parks","/dog-parks/white-spruce-park/","White Spruce Park","Very high","389","88","thin-content","95","needs-content-expansion; needs-human-review","","","","","","","no","reviewedOn","","stale 389 days; thin content 88 words; missing park fields: reviewedOn"
"77","dog-parks","Dog Parks","/dog-parks/wildwood-crescent-playground/","Wildwood Crescent Playground","Very high","407","154","thin-content","95","needs-content-expansion; needs-human-review","","","","","","","no","reviewedOn","","stale 407 days; thin content 154 words; missing park fields: reviewedOn"
"77","dog-parks","Dog Parks","/dog-parks/wills-brook-dog-park/","Wills Brook Dog Park","Very high","371","105","thin-content","95","needs-content-expansion; needs-human-review","","","","","","","no","reviewedOn","","stale 371 days; thin content 105 words; missing park fields: reviewedOn"
"77","dog-parks","Dog Parks","/dog-parks/withrow-park/","Withrow Park","Very high","407","138","thin-content","95","needs-content-expansion; needs-human-review","","","","","","","no","reviewedOn","","stale 407 days; thin content 138 words; missing park fields: reviewedOn"
"77","dog-parks","Dog Parks","/dog-parks/woburn-park-north-york/","Woburn Park - North York","Very high","400","130","thin-content","95","needs-content-expansion; needs-human-review","","","","","","","no","reviewedOn","","stale 400 days; thin content 130 words; missing park fields: reviewedOn"
"77","dog-parks","Dog Parks","/dog-parks/woolner-park/","Woolner Park","Very high","399","97","thin-content","95","needs-content-expansion; needs-human-review","","","","","","","no","reviewedOn","","stale 399 days; thin content 97 words; missing park fields: reviewedOn"
"77","dog-parks","Dog Parks","/dog-parks/wychwood-barns-park/","Wychwood Barns Park","Very high","400","109","thin-content","95","needs-content-expansion; needs-human-review","","","","","","","no","reviewedOn","","stale 400 days; thin content 109 words; missing park fields: reviewedOn"
"77","dog-parks","Dog Parks","/dog-parks/yonge-and-york-mills-parkette/","Yonge and York Mills Parkette","Very high","407","130","thin-content","95","needs-content-expansion; needs-human-review","","","","","","","no","reviewedOn","","stale 407 days; thin content 130 words; missing park fields: reviewedOn"
"77","dog-parks","Dog Parks","/dog-parks/zorra-park/","Zorra Park","Very high","400","100","thin-content","95","needs-content-expansion; needs-human-review","","","","","","","no","reviewedOn","","stale 400 days; thin content 100 words; missing park fields: reviewedOn"
"64","directory","Directories","/directory/aldershot-animal-hospital-burlington/","Aldershot Animal Hospital","Medium-high","262","81","thin-content","100","needs-content-expansion; needs-human-review","","","","","","","no","","","stale 262 days; thin content 81 words"
"64","directory","Directories","/directory/alderwood-veterinary-clinic/","Alderwood Veterinary Clinic","Medium-high","233","83","thin-content","100","needs-content-expansion; needs-human-review","","","","","","","no","","","stale 233 days; thin content 83 words"
"64","directory","Directories","/directory/burlington-veterinary-emergency-and-referral-hospital/","Burlington Veterinary Emergency & Referral Hospital","Medium-high","262","88","thin-content","100","needs-content-expansion; needs-human-review","","","","","","","no","","","stale 262 days; thin content 88 words"
"64","directory","Directories","/directory/east-plains-animal-hospital-burlington/","East Plains Animal Hospital","Medium-high","262","76","thin-content","100","needs-content-expansion; needs-human-review","","","","","","","no","","","stale 262 days; thin content 76 words"
"64","directory","Directories","/directory/eatonville-animal-hospital/","Eatonville Animal Hospital","Medium-high","233","83","thin-content","100","needs-content-expansion; needs-human-review","","","","","","","no","","","stale 233 days; thin content 83 words"
"64","directory","Directories","/directory/etobicoke-veterinary-hospital/","Etobicoke Veterinary Hospital","Medium-high","233","83","thin-content","100","needs-content-expansion; needs-human-review","","","","","","","no","","","stale 233 days; thin content 83 words"
"64","directory","Directories","/directory/humber-bay-veterinary-hospital/","Humber Bay Veterinary Hospital","Medium-high","233","98","thin-content","100","needs-content-expansion; needs-human-review","","","","","","","no","","","stale 233 days; thin content 98 words"
"64","directory","Directories","/directory/long-branch-animal-clinic/","Long Branch Animal Clinic","Medium-high","233","92","thin-content","100","needs-content-expansion; needs-human-review","","","","","","","no","","","stale 233 days; thin content 92 words"
"64","directory","Directories","/directory/martin-veterinary-hospital/","Martin Veterinary Hospital","Medium-high","233","71","thin-content","100","needs-content-expansion; needs-human-review","","","","","","","no","","","stale 233 days; thin content 71 words"
"64","directory","Directories","/directory/richview-animal-hospital/","Richview Animal Hospital","Medium-high","233","77","thin-content","100","needs-content-expansion; needs-human-review","","","","","","","no","","","stale 233 days; thin content 77 words"
"64","directory","Directories","/directory/royal-york-animal-hospital/","Royal York Animal Hospital","Medium-high","233","80","thin-content","100","needs-content-expansion; needs-human-review","","","","","","","no","","","stale 233 days; thin content 80 words"
"64","directory","Directories","/directory/south-etobicoke-animal-hospital/","South Etobicoke Animal Hospital","Medium-high","233","94","thin-content","100","needs-content-expansion; needs-human-review","","","","","","","no","","","stale 233 days; thin content 94 words"
"64","directory","Directories","/directory/tansley-woods-veterinary-hospital/","Tansley Woods Veterinary Hospital","Medium-high","262","74","thin-content","100","needs-content-expansion; needs-human-review","","","","","","","no","","","stale 262 days; thin content 74 words"
"64","directory","Directories","/directory/toronto-veterinary-clinic-etobicoke/","Toronto Veterinary Clinic","Medium-high","233","89","thin-content","100","needs-content-expansion; needs-human-review","","","","","","","no","","","stale 233 days; thin content 89 words"
"64","directory","Directories","/directory/upper-middle-road-animal-hospital-burlington/","Upper Middle Road Animal Hospital","Medium-high","262","83","thin-content","100","needs-content-expansion; needs-human-review","","","","","","","no","","","stale 262 days; thin content 83 words"
"64","directory","Directories","/directory/vca-canada-burlington-animal-hospital/","VCA Canada Burlington Animal Hospital","Medium-high","262","77","thin-content","100","needs-content-expansion; needs-human-review","","","","","","","no","","","stale 262 days; thin content 77 words"
"64","dog-parks","Dog Parks","/dog-parks/bayview-park/","Bayview Park","Very high","414","191","needs-review","63","needs-content-expansion; needs-human-review","","","","","","","no","latitude; longitude; smallDogArea; surface; parking; rules; reviewedOn","","stale 414 days; missing park fields: latitude, longitude, smallDogArea, surface, parking, rules"
"60","dog-parks","Dog Parks","/dog-parks/norton-park/","Norton Park","Very high","414","180","needs-review","74","needs-content-expansion; needs-human-review","","","","","","","no","latitude; longitude; parking; rules; reviewedOn","","stale 414 days; missing park fields: latitude, longitude, parking, rules, reviewedOn"
"59","directory","Directories","/directory/animal-hospital-of-milton-e6f9b/","Animal Hospital of Milton","Medium-high","233","262","data-quality-risk","100","possible-duplicate; needs-human-review","","","","","","","no","","possible duplicate record; fallback-looking slug suffix","stale 233 days; data quality risk: possible duplicate record, fallback-looking slug suffix"
"59","directory","Directories","/directory/animal-hospital-of-milton/","Animal Hospital of Milton","Medium-high","233","190","data-quality-risk","100","possible-duplicate; needs-human-review","","","","","","","no","","possible duplicate record","stale 233 days; data quality risk: possible duplicate record"
"59","directory","Directories","/directory/hawkins-animal-hospital-milton/","Hawkins Animal Hospital","Medium-high","233","253","data-quality-risk","100","possible-duplicate; needs-human-review","","","","","","","no","","possible duplicate record","stale 233 days; data quality risk: possible duplicate record"
"59","directory","Directories","/directory/hawkins-animal-hospital/","Hawkins Animal Hospital","Medium-high","233","183","data-quality-risk","100","possible-duplicate; needs-human-review","","","","","","","no","","possible duplicate record","stale 233 days; data quality risk: possible duplicate record"
"59","directory","Directories","/directory/james-snow-animal-hospital-milton/","James Snow Animal Hospital","Medium-high","233","274","data-quality-risk","100","possible-duplicate; needs-human-review","","","","","","","no","","possible duplicate record","stale 233 days; data quality risk: possible duplicate record"
"59","directory","Directories","/directory/james-snow-animal-hospital/","James Snow Animal Hospital","Medium-high","233","180","data-quality-risk","100","possible-duplicate; needs-human-review","","","","","","","no","","possible duplicate record","stale 233 days; data quality risk: possible duplicate record"
"58","dog-parks","Dog Parks","/dog-parks/centennial-park-mission/","Centennial Park","Very high","2","118","thin-content","79","needs-content-expansion; needs-human-review","","","","","","","no","latitude; longitude; rules; reviewedOn","","thin content 118 words; missing park fields: latitude, longitude, rules, reviewedOn"
"58","dog-parks","Dog Parks","/dog-parks/kingsford-gardens/","Kingsford Gardens","Very high","409","201","needs-review","79","needs-human-review","","","","","","","no","latitude; longitude; parkType; reviewedOn","","stale 409 days; missing park fields: latitude, longitude, parkType, reviewedOn"
"58","dog-parks","Dog Parks","/dog-parks/sixteen-mile-sports-complex/","Sixteen Mile Sports Complex","Very high","409","202","needs-review","79","needs-human-review","","","","","","","no","latitude; longitude; shade; reviewedOn","","stale 409 days; missing park fields: latitude, longitude, shade, reviewedOn"
"56","dog-parks","Dog Parks","/dog-parks/bronte-creek-provincial-park/","Bronte Creek Provincial Park","Very high","407","294","needs-review","84","needs-human-review","","","","","","","no","latitude; longitude; reviewedOn","","stale 407 days; missing park fields: latitude, longitude, reviewedOn"
"56","dog-park-locations","City Pages","/dog-parks/burlington/","Burlington","High","273","646","needs-review","91","needs-human-review","","","","","","","no","reviewedOn","","stale 273 days; missing city fields: reviewedOn"
"56","dog-parks","Dog Parks","/dog-parks/memorial-park/","Memorial Park","Very high","409","228","needs-review","84","needs-human-review","","","","","","","no","latitude; longitude; reviewedOn","","stale 409 days; missing park fields: latitude, longitude, reviewedOn"
"56","dog-park-locations","City Pages","/dog-parks/mississauga/","Mississauga","High","275","563","needs-review","91","needs-human-review","","","","","","","no","reviewedOn","","stale 275 days; missing city fields: reviewedOn"
"56","dog-parks","Dog Parks","/dog-parks/palermo-park/","Palermo Park","Very high","409","251","needs-review","84","needs-human-review","","","","","","","no","latitude; longitude; reviewedOn","","stale 409 days; missing park fields: latitude, longitude, reviewedOn"
"56","dog-parks","Dog Parks","/dog-parks/post-park/","Post Park","Very high","407","212","needs-review","84","needs-human-review","","","","","","","no","latitude; longitude; reviewedOn","","stale 407 days; missing park fields: latitude, longitude, reviewedOn"
"54","dog-parks","Dog Parks","/dog-parks/garnetwood-park/","Garnetwood Park","Very high","409","188","needs-review","89","needs-human-review","","","","","","","no","parkType; reviewedOn","","stale 409 days; missing park fields: parkType, reviewedOn"
"54","dog-parks","Dog Parks","/dog-parks/ladysmith-leash-free-dog-park/","Ladysmith Leash-Free Dog Park","Very high","37","82","thin-content","89","needs-content-expansion; needs-human-review","","","","","","","no","rules; reviewedOn","","thin content 82 words; missing park fields: rules, reviewedOn"
"52","dog-parks","Dog Parks","/dog-parks/bramalea-community-park/","Bramalea Ltd Community Park","Very high","359","213","needs-review","95","needs-human-review","","","","","","","no","reviewedOn","","stale 359 days; missing park fields: reviewedOn"
"52","dog-parks","Dog Parks","/dog-parks/etobicoke-valley-dog-park/","Etobicoke Valley Dog Park","Very high","409","230","needs-review","95","needs-human-review","","","","","","","no","reviewedOn","","stale 409 days; missing park fields: reviewedOn"
"52","dog-parks","Dog Parks","/dog-parks/jack-darling-park/","Jack Darling Park","Very high","407","189","needs-review","95","needs-human-review","","","","","","","no","reviewedOn","","stale 407 days; missing park fields: reviewedOn"
"52","dog-parks","Dog Parks","/dog-parks/king-road/","King Road","Very high","409","241","needs-review","95","needs-human-review","","","","","","","no","reviewedOn","","stale 409 days; missing park fields: reviewedOn"
"52","dog-parks","Dog Parks","/dog-parks/qoqolem-park-chilliwack/","Qoqó:lem Park","Very high","362","205","needs-review","95","needs-human-review","","","","","","","no","reviewedOn","","stale 362 days; missing park fields: reviewedOn"
"52","dog-parks","Dog Parks","/dog-parks/shell-dog-park/","Shell Dog Park","Very high","409","231","needs-review","95","needs-human-review","","","","","","","no","reviewedOn","","stale 409 days; missing park fields: reviewedOn"
"52","dog-parks","Dog Parks","/dog-parks/totoredaca-dog-park/","Totoredaca Dog Park","Very high","409","201","needs-review","95","needs-human-review","","","","","","","no","reviewedOn","","stale 409 days; missing park fields: reviewedOn"
"51","dog-park-locations","City Pages","/dog-parks/mission/","Mission","High","2","410","thin-content","91","needs-content-expansion; needs-human-review","","","","","","","no","reviewedOn","","thin content 410 words; missing city fields: reviewedOn"
"43","dog-breeds","Dog Breeds","/dog-breeds/miniature-american-shepherd-2/","Miniature American Shepherd","Medium-low","280","739","data-quality-risk","100","possible-duplicate; needs-human-review","","","","","","","no","","possible duplicate record","duplicate SEO title; data quality risk: possible duplicate record"
"43","dog-breeds","Dog Breeds","/dog-breeds/miniature-american-shepherd/","Miniature American Shepherd","Medium-low","280","746","data-quality-risk","100","possible-duplicate; needs-human-review","","","","","","","no","","possible duplicate record","duplicate SEO title; data quality risk: possible duplicate record"
"43","dog-park-locations","Provinces","/dog-parks/ab/","Alberta","High","37","11","thin-content","100","needs-content-expansion","","","","","","","no","","","thin content 11 words"
"43","dog-park-locations","Provinces","/dog-parks/bc/","British Columbia","High","37","13","thin-content","100","needs-content-expansion","","","","","","","no","","","thin content 13 words"
"43","dog-park-locations","Provinces","/dog-parks/on/","Ontario","High","37","11","thin-content","100","needs-content-expansion","","","","","","","no","","","thin content 11 words"
"43","dog-park-locations","Provinces","/dog-parks/qc/","Quebec","High","37","11","thin-content","100","needs-content-expansion","","","","","","","no","","","thin content 11 words"
"40","core","Core","/","Home","High","","1464","needs-review","100","safe-technical-fix; needs-human-review","","","","","","","no","","","missing review/update date"
"40","core","Core","/blog/","Blog","High","","2398","needs-review","100","safe-technical-fix; needs-human-review","","","","","","","no","","","missing review/update date"
"40","core","Core","/directory/","Directory","High","","2279","needs-review","100","safe-technical-fix; needs-human-review","","","","","","","no","","","missing review/update date"
"40","core","Core","/dog-breeds/","Dog Breeds","High","","9144","needs-review","100","safe-technical-fix; needs-human-review","","","","","","","no","","","missing review/update date"
"40","core","Core","/dog-name-finder/","Dog Name Finder","High","","476","needs-review","100","safe-technical-fix; needs-human-review","","","","","","","no","","","missing review/update date"
"40","core","Core","/dog-names/","Dog Names","High","","695","needs-review","100","safe-technical-fix; needs-human-review","","","","","","","no","","","missing review/update date"
"40","core","Core","/dog-parks/","Dog Parks","High","","2733","needs-review","100","safe-technical-fix; needs-human-review","","","","","","","no","","","missing review/update date"
"40","core","Core","/resources/","Resources","High","","329","needs-review","100","safe-technical-fix; needs-human-review","","","","","","","no","","","missing review/update date"
"40","core","Core","/resources/dog-calorie-calculator/","Dog Calorie Calculator","High","","2257","needs-review","100","safe-technical-fix; needs-human-review","","","","","","","no","","","missing review/update date"
"40","core","Core","/resources/dog-gear-finder/","Dog Gear Finder","High","","563","needs-review","100","safe-technical-fix; needs-human-review","","","","","","","no","","","missing review/update date"
"39","directory","Directories","/directory/alberta-animal-rescue-crew-society-aarcs/","Alberta Animal Rescue Crew Society (AARCS)","Medium-high","267","176","needs-review","100","needs-human-review","","","","","","","no","","","stale 267 days"
"39","directory","Directories","/directory/animal-hospital-of-oakville/","Animal Hospital of Oakville","Medium-high","262","182","needs-review","100","needs-human-review","","","","","","","no","","","stale 262 days"
"39","directory","Directories","/directory/applewood-veterinary-hospital-mississauga/","Applewood Veterinary Hospital","Medium-high","233","217","needs-review","100","needs-human-review","","","","","","","no","","","stale 233 days"
"39","directory","Directories","/directory/aquitaine-animal-hospital-mississauga/","Aquitaine Animal Hospital","Medium-high","233","135","needs-review","100","needs-human-review","","","","","","","no","","","stale 233 days"
"39","directory","Directories","/directory/bc-spca-vancouver-branch/","BC SPCA – Vancouver Branch","Medium-high","267","159","needs-review","100","needs-human-review","","","","","","","no","","","stale 267 days"
"39","directory","Directories","/directory/bristol-veterinary-hospital-mississauga/","Bristol Veterinary Hospital","Medium-high","233","229","needs-review","100","needs-human-review","","","","","","","no","","","stale 233 days"
"39","directory","Directories","/directory/burloak-animal-hospital/","Burloak Animal Hospital","Medium-high","262","183","needs-review","100","needs-human-review","","","","","","","no","","","stale 262 days"
"39","directory","Directories","/directory/credit-valley-animal-hospital-mississauga/","Credit Valley Animal Hospital","Medium-high","233","250","needs-review","100","needs-human-review","","","","","","","no","","","stale 233 days"
"39","directory","Directories","/directory/derry-heights-animal-hospital-milton/","Derry Heights Animal Hospital","Medium-high","233","232","needs-review","100","needs-human-review","","","","","","","no","","","stale 233 days"
"39","directory","Directories","/directory/dog-tales-rescue-and-sanctuary/","Dog Tales Rescue and Sanctuary","Medium-high","262","181","needs-review","100","needs-human-review","","","","","","","no","","","stale 262 days"
"39","directory","Directories","/directory/eglinton-hwy-10-veterinary-clinic-mississauga/","Eglinton-Hwy 10 Veterinary Clinic","Medium-high","233","146","needs-review","100","needs-human-review","","","","","","","no","","","stale 233 days"
"39","directory","Directories","/directory/erin-mills-pet-hospital-mississauga/","Erin Mills Pet Hospital","Medium-high","233","174","needs-review","100","needs-human-review","","","","","","","no","","","stale 233 days"
"39","directory","Directories","/directory/erindale-animal-hospital-mississauga/","Erindale Animal Hospital","Medium-high","233","235","needs-review","100","needs-human-review","","","","","","","no","","","stale 233 days"
"39","directory","Directories","/directory/glen-erin-animal-hospital-mississauga/","Glen Erin Animal Hospital","Medium-high","233","156","needs-review","100","needs-human-review","","","","","","","no","","","stale 233 days"
"39","directory","Directories","/directory/halton-peel-animal-hospital-milton/","Halton Peel Animal Hospital","Medium-high","233","264","needs-review","100","needs-human-review","","","","","","","no","","","stale 233 days"
"39","directory","Directories","/directory/hamilton-burlington-spca/","Hamilton/Burlington SPCA","Medium-high","267","180","needs-review","100","needs-human-review","","","","","","","no","","","stale 267 days"
"39","directory","Directories","/directory/heartland-pet-hospital-mississauga/","Heartland Pet Hospital","Medium-high","233","209","needs-review","100","needs-human-review","","","","","","","no","","","stale 233 days"
"39","directory","Directories","/directory/hollybank-animal-hospital-milton/","Hollybank Animal Hospital","Medium-high","233","233","needs-review","100","needs-human-review","","","","","","","no","","","stale 233 days"
"39","directory","Directories","/directory/it-takes-a-village-dog-rescue/","It Takes a Village Dog Rescue","Medium-high","266","200","needs-review","100","needs-human-review","","","","","","","no","","","stale 266 days"
"39","directory","Directories","/directory/lorne-park-animal-hospital-mississauga/","Lorne Park Animal Hospital","Medium-high","233","138","needs-review","100","needs-human-review","","","","","","","no","","","stale 233 days"
"39","directory","Directories","/directory/loved-at-last-dog-rescue/","Loved at Last Dog Rescue","Medium-high","267","193","needs-review","100","needs-human-review","","","","","","","no","","","stale 267 days"
"39","directory","Directories","/directory/mainview-animal-hospital-milton/","Mainview Animal Hospital","Medium-high","233","217","needs-review","100","needs-human-review","","","","","","","no","","","stale 233 days"
"39","directory","Directories","/directory/mavis-road-animal-clinic-mississauga/","Mavis Road Animal Clinic","Medium-high","233","142","needs-review","100","needs-human-review","","","","","","","no","","","stale 233 days"
"39","directory","Directories","/directory/mccleary-animal-hospital-mississauga/","McCleary Animal Hospital","Medium-high","233","217","needs-review","100","needs-human-review","","","","","","","no","","","stale 233 days"
"39","directory","Directories","/directory/meadowvale-animal-clinic-mississauga/","Meadowvale Animal Clinic","Medium-high","233","141","needs-review","100","needs-human-review","","","","","","","no","","","stale 233 days"
"39","directory","Directories","/directory/mississauga-animal-hospital/","Mississauga Animal Hospital","Medium-high","233","235","needs-review","100","needs-human-review","","","","","","","no","","","stale 233 days"
"39","directory","Directories","/directory/montreal-spca/","Montreal SPCA","Medium-high","267","178","needs-review","100","needs-human-review","","","","","","","no","","","stale 267 days"
"39","directory","Directories","/directory/niagara-dog-rescue/","Niagara Dog Rescue","Medium-high","267","189","needs-review","100","needs-human-review","","","","","","","no","","","stale 267 days"
"39","directory","Directories","/directory/niagara-spca-and-humane-society/","Niagara SPCA and Humane Society","Medium-high","267","189","needs-review","100","needs-human-review","","","","","","","no","","","stale 267 days"
"39","directory","Directories","/directory/oakville-animal-clinic/","Oakville Animal Clinic","Medium-high","262","183","needs-review","100","needs-human-review","","","","","","","no","","","stale 262 days"
"39","directory","Directories","/directory/oakville-lakeshore-animal-hospital/","Oakville Lakeshore Animal Hospital","Medium-high","262","176","needs-review","100","needs-human-review","","","","","","","no","","","stale 262 days"
"39","directory","Directories","/directory/ontario-spca-and-humane-society/","Ontario SPCA and Humane Society","Medium-high","267","209","needs-review","100","needs-human-review","","","","","","","no","","","stale 267 days"
"39","directory","Directories","/directory/redemption-paws/","Redemption Paws","Medium-high","267","192","needs-review","100","needs-human-review","","","","","","","no","","","stale 267 days"
"39","directory","Directories","/directory/river-grove-animal-hospital-mississauga/","River Grove Animal Hospital","Medium-high","233","142","needs-review","100","needs-human-review","","","","","","","no","","","stale 233 days"
"39","directory","Directories","/directory/robinson-pet-hospital-milton/","Robinson Pet Hospital","Medium-high","233","225","needs-review","100","needs-human-review","","","","","","","no","","","stale 233 days"
"39","directory","Directories","/directory/royal-ford-veterinary-hospital/","Royal Ford Veterinary Hospital","Medium-high","262","172","needs-review","100","needs-human-review","","","","","","","no","","","stale 262 days"
"39","directory","Directories","/directory/second-chance-animal-rescue-society-scars/","Second Chance Animal Rescue Society (SCARS)","Medium-high","267","204","needs-review","100","needs-human-review","","","","","","","no","","","stale 267 days"
"39","directory","Directories","/directory/senior-animals-in-need-today-society-saints/","Senior Animals In Need Today Society (SAINTS)","Medium-high","262","209","needs-review","100","needs-human-review","","","","","","","no","","","stale 262 days"
"39","directory","Directories","/directory/southdown-animal-clinic-mississauga/","Southdown Animal Clinic","Medium-high","233","229","needs-review","100","needs-human-review","","","","","","","no","","","stale 233 days"
"39","directory","Directories","/directory/southeast-oakville-vet/","Southeast Oakville Vet","Medium-high","262","161","needs-review","100","needs-human-review","","","","","","","no","","","stale 262 days"
"39","directory","Directories","/directory/streetsville-animal-hospital-mississauga/","Streetsville Animal Hospital","Medium-high","233","235","needs-review","100","needs-human-review","","","","","","","no","","","stale 233 days"
"39","directory","Directories","/directory/toronto-humane-society/","Toronto Humane Society","Medium-high","267","161","needs-review","100","needs-human-review","","","","","","","no","","","stale 267 days"
"39","directory","Directories","/directory/upper-oakville-pet-hospital/","Upper Oakville Pet Hospital","Medium-high","262","174","needs-review","100","needs-human-review","","","","","","","no","","","stale 262 days"
"39","directory","Directories","/directory/westbridge-veterinary-hospital-mississauga/","Westbridge Veterinary Hospital","Medium-high","233","219","needs-review","100","needs-human-review","","","","","","","no","","","stale 233 days"
"35","blog","Blog Posts","/blog/best-dog-leashes-for-hiking-in-canada/","Best Dog Leashes for Hiking in Canada: Tested on Trails","Medium","259","678","thin-content","100","needs-content-expansion","","","","","","","no","","","thin content 678 words"
"33","dog-breeds","Dog Breeds","/dog-breeds/aussiedoodle/","Aussiedoodle","Medium-low","280","324","thin-content","100","needs-content-expansion","","","","","","","no","","","thin content 324 words"
"33","dog-breeds","Dog Breeds","/dog-breeds/aussiedor/","Aussiedor","Medium-low","280","363","thin-content","100","needs-content-expansion","","","","","","","no","","","thin content 363 words"
"33","dog-breeds","Dog Breeds","/dog-breeds/australian-stumpy-tail-cattle-dog/","Australian Stumpy Tail Cattle Dog","Medium-low","280","518","thin-content","100","needs-content-expansion","","","","","","","no","","","thin content 518 words"
"33","dog-breeds","Dog Breeds","/dog-breeds/bearded-collie/","Bearded Collie","Medium-low","280","510","thin-content","100","needs-content-expansion","","","","","","","no","","","thin content 510 words"
"33","dog-breeds","Dog Breeds","/dog-breeds/beauceron/","Beauceron","Medium-low","280","441","thin-content","100","needs-content-expansion","","","","","","","no","","","thin content 441 words"
"33","dog-breeds","Dog Breeds","/dog-breeds/bedlington-terrier/","Bedlington Terrier","Medium-low","280","466","thin-content","100","needs-content-expansion","","","","","","","no","","","thin content 466 words"
"33","dog-breeds","Dog Breeds","/dog-breeds/belgian-laekenois/","Belgian Laekenois","Medium-low","280","464","thin-content","100","needs-content-expansion","","","","","","","no","","","thin content 464 words"
"33","dog-breeds","Dog Breeds","/dog-breeds/belgian-malinois/","Belgian Malinois","Medium-low","280","436","thin-content","100","needs-content-expansion","","","","","","","no","","","thin content 436 words"
"33","dog-breeds","Dog Breeds","/dog-breeds/belgian-sheepdog/","Belgian Sheepdog","Medium-low","280","370","thin-content","100","needs-content-expansion","","","","","","","no","","","thin content 370 words"
"33","dog-breeds","Dog Breeds","/dog-breeds/belgian-tervuren/","Belgian Tervuren","Medium-low","256","352","thin-content","100","needs-content-expansion","","","","","","","no","","","thin content 352 words"
"33","dog-breeds","Dog Breeds","/dog-breeds/bergamasco-sheepdog/","Bergamasco Sheepdog","Medium-low","280","434","thin-content","100","needs-content-expansion","","","","","","","no","","","thin content 434 words"
"33","dog-breeds","Dog Breeds","/dog-breeds/berger-picard/","Berger Picard","Medium-low","257","391","thin-content","100","needs-content-expansion","","","","","","","no","","","thin content 391 words"
"33","dog-breeds","Dog Breeds","/dog-breeds/bernedoodle/","Bernedoodle","Medium-low","280","337","thin-content","100","needs-content-expansion","","","","","","","no","","","thin content 337 words"
"33","dog-breeds","Dog Breeds","/dog-breeds/bichon-frise/","Bichon Frise","Medium-low","280","435","thin-content","100","needs-content-expansion","","","","","","","no","","","thin content 435 words"
"33","dog-breeds","Dog Breeds","/dog-breeds/biewer-terrier/","Biewer Terrier","Medium-low","280","407","thin-content","100","needs-content-expansion","","","","","","","no","","","thin content 407 words"
"33","dog-breeds","Dog Breeds","/dog-breeds/black-and-tan-coonhound/","Black and Tan Coonhound","Medium-low","280","389","thin-content","100","needs-content-expansion","","","","","","","no","","","thin content 389 words"
"33","dog-breeds","Dog Breeds","/dog-breeds/black-russian-terrier/","Black Russian Terrier","Medium-low","280","410","thin-content","100","needs-content-expansion","","","","","","","no","","","thin content 410 words"
"33","dog-breeds","Dog Breeds","/dog-breeds/bluetick-coonhound/","Bluetick Coonhound","Medium-low","280","370","thin-content","100","needs-content-expansion","","","","","","","no","","","thin content 370 words"
"33","dog-breeds","Dog Breeds","/dog-breeds/boerboel/","Boerboel","Medium-low","280","349","thin-content","100","needs-content-expansion","","","","","","","no","","","thin content 349 words"
"33","dog-breeds","Dog Breeds","/dog-breeds/borador/","Borador","Medium-low","280","397","thin-content","100","needs-content-expansion","","","","","","","no","","","thin content 397 words"
"33","dog-breeds","Dog Breeds","/dog-breeds/border-terrier/","Border Terrier","Medium-low","280","358","thin-content","100","needs-content-expansion","","","","","","","no","","","thin content 358 words"
"33","dog-breeds","Dog Breeds","/dog-breeds/bordoodle/","Bordoodle","Medium-low","280","205","thin-content","100","needs-content-expansion","","","","","","","no","","","thin content 205 words"
"33","dog-breeds","Dog Breeds","/dog-breeds/borzoi/","Borzoi","Medium-low","280","367","thin-content","100","needs-content-expansion","","","","","","","no","","","thin content 367 words"
"33","dog-breeds","Dog Breeds","/dog-breeds/boston-terrier/","Boston Terrier","Medium-low","279","377","thin-content","100","needs-content-expansion","","","","","","","no","","","thin content 377 words"
"33","dog-breeds","Dog Breeds","/dog-breeds/bouvier-des-flandres/","Bouvier des Flandres","Medium-low","280","388","thin-content","100","needs-content-expansion","","","","","","","no","","","thin content 388 words"
"33","dog-breeds","Dog Breeds","/dog-breeds/boykin-spaniel/","Boykin Spaniel","Medium-low","280","59","thin-content","100","needs-content-expansion","","","","","","","no","","","thin content 59 words"
"33","dog-breeds","Dog Breeds","/dog-breeds/bugg-pugston/","Bugg (Pugston)","Medium-low","280","352","thin-content","100","needs-content-expansion","","","","","","","no","","","thin content 352 words"
"33","dog-breeds","Dog Breeds","/dog-breeds/cavalier-king-charles-spaniel/","Cavalier King Charles Spaniel","Medium-low","280","574","thin-content","100","needs-content-expansion","","","","","","","no","","","thin content 574 words"
"33","dog-breeds","Dog Breeds","/dog-breeds/cavapoo/","Cavapoo","Medium-low","280","221","thin-content","100","needs-content-expansion","","","","","","","no","","","thin content 221 words"
"33","dog-breeds","Dog Breeds","/dog-breeds/chiweenie/","Chiweenie","Medium-low","280","341","thin-content","100","needs-content-expansion","","","","","","","no","","","thin content 341 words"
"33","dog-breeds","Dog Breeds","/dog-breeds/cockapoo/","Cockapoo","Medium-low","280","209","thin-content","100","needs-content-expansion","","","","","","","no","","","thin content 209 words"
"33","dog-breeds","Dog Breeds","/dog-breeds/gerberian-shepsky/","Gerberian Shepsky","Medium-low","280","394","thin-content","100","needs-content-expansion","","","","","","","no","","","thin content 394 words"
"33","dog-breeds","Dog Breeds","/dog-breeds/german-longhaired-pointer/","German Longhaired Pointer","Medium-low","280","57","thin-content","100","needs-content-expansion","","","","","","","no","","","thin content 57 words"
"33","dog-breeds","Dog Breeds","/dog-breeds/german-shorthaired-pointer/","German Shorthaired Pointer","Medium-low","280","58","thin-content","100","needs-content-expansion","","","","","","","no","","","thin content 58 words"
"33","dog-breeds","Dog Breeds","/dog-breeds/german-spitz/","German Spitz","Medium-low","280","56","thin-content","100","needs-content-expansion","","","","","","","no","","","thin content 56 words"
"33","dog-breeds","Dog Breeds","/dog-breeds/german-wirehaired-pointer/","German Wirehaired Pointer","Medium-low","280","55","thin-content","100","needs-content-expansion","","","","","","","no","","","thin content 55 words"
"33","dog-breeds","Dog Breeds","/dog-breeds/giant-schnauzer/","Giant Schnauzer","Medium-low","280","59","thin-content","100","needs-content-expansion","","","","","","","no","","","thin content 59 words"
"33","dog-breeds","Dog Breeds","/dog-breeds/goldador/","Goldador","Medium-low","280","420","thin-content","100","needs-content-expansion","","","","","","","no","","","thin content 420 words"
"33","dog-breeds","Dog Breeds","/dog-breeds/goldendoodle/","Goldendoodle","Medium-low","280","382","thin-content","100","needs-content-expansion","","","","","","","no","","","thin content 382 words"
"33","dog-breeds","Dog Breeds","/dog-breeds/gordon-setter/","Gordon Setter","Medium-low","280","55","thin-content","100","needs-content-expansion","","","","","","","no","","","thin content 55 words"
"33","dog-breeds","Dog Breeds","/dog-breeds/grand-basset-griffon-vendeen/","Grand Basset Griffon Vendeen","Medium-low","280","58","thin-content","100","needs-content-expansion","","","","","","","no","","","thin content 58 words"
"33","dog-breeds","Dog Breeds","/dog-breeds/great-bernese/","Great Bernese","Medium-low","280","395","thin-content","100","needs-content-expansion","","","","","","","no","","","thin content 395 words"
"33","dog-breeds","Dog Breeds","/dog-breeds/great-pyrenees/","Great Pyrenees","Medium-low","280","57","thin-content","100","needs-content-expansion","","","","","","","no","","","thin content 57 words"
"33","dog-breeds","Dog Breeds","/dog-breeds/greater-swiss-mountain-dog/","Greater Swiss Mountain Dog","Medium-low","280","489","thin-content","100","needs-content-expansion","","","","","","","no","","","thin content 489 words"
"33","dog-breeds","Breed Groups","/dog-breeds/group/herding-dogs/","Herding","Medium-low","280","99","thin-content","100","needs-content-expansion","","","","","","","no","","","thin content 99 words"
"33","dog-breeds","Breed Groups","/dog-breeds/group/hound-dogs/","Hound","Medium-low","280","98","thin-content","100","needs-content-expansion","","","","","","","no","","","thin content 98 words"
"33","dog-breeds","Breed Groups","/dog-breeds/group/hybrid-designer-mixes/","Hybrid","Medium-low","280","101","thin-content","100","needs-content-expansion","","","","","","","no","","","thin content 101 words"
"33","dog-breeds","Breed Groups","/dog-breeds/group/miscellaneous/","Miscellaneous","Medium-low","280","116","thin-content","100","needs-content-expansion","","","","","","","no","","","thin content 116 words"
"33","dog-breeds","Breed Groups","/dog-breeds/group/non-sporting-dogs/","Non-Sporting","Medium-low","280","95","thin-content","100","needs-content-expansion","","","","","","","no","","","thin content 95 words"
"33","dog-breeds","Breed Groups","/dog-breeds/group/sporting-dogs/","Sporting","Medium-low","280","104","thin-content","100","needs-content-expansion","","","","","","","no","","","thin content 104 words"
"33","dog-breeds","Breed Groups","/dog-breeds/group/terrier-dogs/","Terrier","Medium-low","280","91","thin-content","100","needs-content-expansion","","","","","","","no","","","thin content 91 words"
"33","dog-breeds","Breed Groups","/dog-breeds/group/toy-dogs/","Toy","Medium-low","280","99","thin-content","100","needs-content-expansion","","","","","","","no","","","thin content 99 words"
"33","dog-breeds","Breed Groups","/dog-breeds/group/working-dogs/","Working","Medium-low","280","98","thin-content","100","needs-content-expansion","","","","","","","no","","","thin content 98 words"
"33","dog-breeds","Dog Breeds","/dog-breeds/hamiltonstovare/","Hamiltonstovare","Medium-low","280","380","thin-content","100","needs-content-expansion","","","","","","","no","","","thin content 380 words"
"33","dog-breeds","Dog Breeds","/dog-breeds/harrier/","Harrier","Medium-low","280","371","thin-content","100","needs-content-expansion","","","","","","","no","","","thin content 371 words"
"33","dog-breeds","Dog Breeds","/dog-breeds/havapoo-poovanese/","Havapoo (Poovanese)","Medium-low","280","464","thin-content","100","needs-content-expansion","","","","","","","no","","","thin content 464 words"
"33","dog-breeds","Dog Breeds","/dog-breeds/hokkaido/","Hokkaido","Medium-low","280","398","thin-content","100","needs-content-expansion","","","","","","","no","","","thin content 398 words"
"33","dog-breeds","Dog Breeds","/dog-breeds/husky-collie-mix/","Husky Collie Mix","Medium-low","280","368","thin-content","100","needs-content-expansion","","","","","","","no","","","thin content 368 words"
"33","dog-breeds","Dog Breeds","/dog-breeds/husky-retriever-mix/","Husky Retriever Mix","Medium-low","280","329","thin-content","100","needs-content-expansion","","","","","","","no","","","thin content 329 words"
"33","dog-breeds","Dog Breeds","/dog-breeds/ibizan-hound/","Ibizan Hound","Medium-low","280","402","thin-content","100","needs-content-expansion","","","","","","","no","","","thin content 402 words"
"33","dog-breeds","Dog Breeds","/dog-breeds/icelandic-sheepdog/","Icelandic Sheepdog","Medium-low","280","428","thin-content","100","needs-content-expansion","","","","","","","no","","","thin content 428 words"
"33","dog-breeds","Dog Breeds","/dog-breeds/irish-doodle/","Irish Doodle","Medium-low","280","214","thin-content","100","needs-content-expansion","","","","","","","no","","","thin content 214 words"
"33","dog-breeds","Dog Breeds","/dog-breeds/irish-red-and-white-setter/","Irish Red and White Setter","Medium-low","280","383","thin-content","100","needs-content-expansion","","","","","","","no","","","thin content 383 words"
"33","dog-breeds","Dog Breeds","/dog-breeds/irish-terrier/","Irish Terrier","Medium-low","280","392","thin-content","100","needs-content-expansion","","","","","","","no","","","thin content 392 words"
"33","dog-breeds","Dog Breeds","/dog-breeds/irish-water-spaniel/","Irish Water Spaniel","Medium-low","280","352","thin-content","100","needs-content-expansion","","","","","","","no","","","thin content 352 words"
"33","dog-breeds","Dog Breeds","/dog-breeds/irish-wolfhound/","Irish Wolfhound","Medium-low","280","441","thin-content","100","needs-content-expansion","","","","","","","no","","","thin content 441 words"
"33","dog-breeds","Dog Breeds","/dog-breeds/italian-greyhound/","Italian Greyhound","Medium-low","280","401","thin-content","100","needs-content-expansion","","","","","","","no","","","thin content 401 words"
"33","dog-breeds","Dog Breeds","/dog-breeds/italian-spinone/","Italian Spinone","Medium-low","280","389","thin-content","100","needs-content-expansion","","","","","","","no","","","thin content 389 words"
"33","dog-breeds","Dog Breeds","/dog-breeds/japanese-spitz/","Japanese Spitz","Medium-low","280","369","thin-content","100","needs-content-expansion","","","","","","","no","","","thin content 369 words"
"33","dog-breeds","Dog Breeds","/dog-breeds/japanese-terrier/","Japanese Terrier","Medium-low","280","345","thin-content","100","needs-content-expansion","","","","","","","no","","","thin content 345 words"
"33","dog-breeds","Dog Breeds","/dog-breeds/jindo/","Jindo","Medium-low","280","376","thin-content","100","needs-content-expansion","","","","","","","no","","","thin content 376 words"
"33","dog-breeds","Dog Breeds","/dog-breeds/kai-ken/","Kai Ken","Medium-low","280","367","thin-content","100","needs-content-expansion","","","","","","","no","","","thin content 367 words"
"33","dog-breeds","Dog Breeds","/dog-breeds/karelian-bear-dog/","Karelian Bear Dog","Medium-low","280","370","thin-content","100","needs-content-expansion","","","","","","","no","","","thin content 370 words"
"33","dog-breeds","Dog Breeds","/dog-breeds/keeshond/","Keeshond","Medium-low","280","355","thin-content","100","needs-content-expansion","","","","","","","no","","","thin content 355 words"
"33","dog-breeds","Dog Breeds","/dog-breeds/king-shepherd/","King Shepherd","Medium-low","280","373","thin-content","100","needs-content-expansion","","","","","","","no","","","thin content 373 words"
"33","dog-breeds","Dog Breeds","/dog-breeds/komondor/","Komondor","Medium-low","280","377","thin-content","100","needs-content-expansion","","","","","","","no","","","thin content 377 words"
"33","dog-breeds","Dog Breeds","/dog-breeds/kooikerhondje/","Kooikerhondje","Medium-low","280","385","thin-content","100","needs-content-expansion","","","","","","","no","","","thin content 385 words"
"33","dog-breeds","Dog Breeds","/dog-breeds/korean-jindo-dog/","Korean Jindo Dog","Medium-low","280","366","thin-content","100","needs-content-expansion","","","","","","","no","","","thin content 366 words"
"33","dog-breeds","Dog Breeds","/dog-breeds/kuvasz/","Kuvasz","Medium-low","280","370","thin-content","100","needs-content-expansion","","","","","","","no","","","thin content 370 words"
"33","dog-breeds","Dog Breeds","/dog-breeds/l-wchen/","Löwchen","Medium-low","280","404","thin-content","100","needs-content-expansion","","","","","","","no","","","thin content 404 words"
"33","dog-breeds","Dog Breeds","/dog-breeds/labradoodle/","Labradoodle","Medium-low","280","327","thin-content","100","needs-content-expansion","","","","","","","no","","","thin content 327 words"
"33","dog-breeds","Dog Breeds","/dog-breeds/labsky/","Labsky","Medium-low","280","373","thin-content","100","needs-content-expansion","","","","","","","no","","","thin content 373 words"
"33","dog-breeds","Dog Breeds","/dog-breeds/lagotto-romagnolo/","Lagotto Romagnolo","Medium-low","280","367","thin-content","100","needs-content-expansion","","","","","","","no","","","thin content 367 words"
"33","dog-breeds","Dog Breeds","/dog-breeds/lakeland-terrier/","Lakeland Terrier","Medium-low","280","366","thin-content","100","needs-content-expansion","","","","","","","no","","","thin content 366 words"
"33","dog-breeds","Dog Breeds","/dog-breeds/lancashire-heeler/","Lancashire Heeler","Medium-low","280","370","thin-content","100","needs-content-expansion","","","","","","","no","","","thin content 370 words"
"33","dog-breeds","Dog Breeds","/dog-breeds/lapponian-herder/","Lapponian Herder","Medium-low","280","360","thin-content","100","needs-content-expansion","","","","","","","no","","","thin content 360 words"
"33","dog-breeds","Dog Breeds","/dog-breeds/large-munsterlander/","Large Munsterlander","Medium-low","280","348","thin-content","100","needs-content-expansion","","","","","","","no","","","thin content 348 words"
"33","dog-breeds","Dog Breeds","/dog-breeds/leonberger/","Leonberger","Medium-low","280","413","thin-content","100","needs-content-expansion","","","","","","","no","","","thin content 413 words"
"33","dog-breeds","Dog Breeds","/dog-breeds/lhasa-apso/","Lhasa Apso","Medium-low","280","421","thin-content","100","needs-content-expansion","","","","","","","no","","","thin content 421 words"
"33","dog-breeds","Dog Breeds","/dog-breeds/malshi/","Malshi","Medium-low","280","345","thin-content","100","needs-content-expansion","","","","","","","no","","","thin content 345 words"
"33","dog-breeds","Dog Breeds","/dog-breeds/maltese/","Maltese","Medium-low","280","411","thin-content","100","needs-content-expansion","","","","","","","no","","","thin content 411 words"
"33","dog-breeds","Dog Breeds","/dog-breeds/maltipoo/","Maltipoo","Medium-low","280","194","thin-content","100","needs-content-expansion","","","","","","","no","","","thin content 194 words"
"33","dog-breeds","Dog Breeds","/dog-breeds/manchester-terrier/","Manchester Terrier","Medium-low","280","348","thin-content","100","needs-content-expansion","","","","","","","no","","","thin content 348 words"
"33","dog-breeds","Dog Breeds","/dog-breeds/maremma-sheepdog/","Maremma Sheepdog","Medium-low","280","389","thin-content","100","needs-content-expansion","","","","","","","no","","","thin content 389 words"
"33","dog-breeds","Dog Breeds","/dog-breeds/morkie/","Morkie","Medium-low","280","334","thin-content","100","needs-content-expansion","","","","","","","no","","","thin content 334 words"
"33","dog-breeds","Dog Breeds","/dog-breeds/northern-arctic-mix/","Northern/Arctic Landrace Mix","Medium-low","280","361","thin-content","100","needs-content-expansion","","","","","","","no","","","thin content 361 words"
"33","dog-breeds","Dog Breeds","/dog-breeds/pomchi/","Pomchi","Medium-low","280","341","thin-content","100","needs-content-expansion","","","","","","","no","","","thin content 341 words"
"33","dog-breeds","Dog Breeds","/dog-breeds/puggle/","Puggle","Medium-low","280","417","thin-content","100","needs-content-expansion","","","","","","","no","","","thin content 417 words"
"33","dog-breeds","Dog Breeds","/dog-breeds/pyrador/","Pyrador","Medium-low","280","355","thin-content","100","needs-content-expansion","","","","","","","no","","","thin content 355 words"
"33","dog-breeds","Dog Breeds","/dog-breeds/pyredoodle/","Pyredoodle","Medium-low","280","225","thin-content","100","needs-content-expansion","","","","","","","no","","","thin content 225 words"
"33","dog-breeds","Dog Breeds","/dog-breeds/schnoodle/","Schnoodle","Medium-low","280","222","thin-content","100","needs-content-expansion","","","","","","","no","","","thin content 222 words"
"33","dog-breeds","Dog Breeds","/dog-breeds/sheepadoodle/","Sheepadoodle","Medium-low","280","315","thin-content","100","needs-content-expansion","","","","","","","no","","","thin content 315 words"
"33","dog-breeds","Dog Breeds","/dog-breeds/sheprador/","Sheprador","Medium-low","280","423","thin-content","100","needs-content-expansion","","","","","","","no","","","thin content 423 words"
"33","dog-breeds","Dog Breeds","/dog-breeds/shih-poo/","Shih-poo","Medium-low","280","348","thin-content","100","needs-content-expansion","","","","","","","no","","","thin content 348 words"
"33","dog-breeds","Dog Breeds","/dog-breeds/whoodle/","Whoodle","Medium-low","280","208","thin-content","100","needs-content-expansion","","","","","","","no","","","thin content 208 words"
"33","dog-breeds","Dog Breeds","/dog-breeds/yorkipoo/","Yorkipoo","Medium-low","280","198","thin-content","100","needs-content-expansion","","","","","","","no","","","thin content 198 words"
"33","dog-breeds","Dog Breeds","/dog-breeds/zuchon-teddy-bear/","Zuchon (Teddy Bear)","Medium-low","280","361","thin-content","100","needs-content-expansion","","","","","","","no","","","thin content 361 words"
"30","blog","Blog Posts","/blog/blue-green-algae-dogs-canada/","","Medium","36","4387","data-quality-risk","100","possible-duplicate; needs-human-review","","","","","","","no","","possible duplicate record","data quality risk: possible duplicate record"
"30","blog","Blog Posts","/blog/canada-day-fireworks-dog-safety/","","Medium","37","4104","data-quality-risk","100","possible-duplicate; needs-human-review","","","","","","","no","","possible duplicate record","data quality risk: possible duplicate record"
"30","blog","Blog Posts","/blog/foxtails-grass-awns-dogs-canada/","","Medium","33","4362","data-quality-risk","100","possible-duplicate; needs-human-review","","","","","","","no","","possible duplicate record","data quality risk: possible duplicate record"
"30","blog","Blog Posts","/blog/real-cost-of-owning-a-dog-canada/","","Medium","38","2355","data-quality-risk","100","possible-duplicate; needs-human-review","","","","","","","no","","possible duplicate record","data quality risk: possible duplicate record"
"29","dog-names","Dog Names","/dog-names/australian-shepherd-dog-names/","Australian Shepherd Dog Names","Low","319","167","thin-content","100","needs-content-expansion","","","","","","","no","","","thin content 167 words"
"29","dog-names","Dog Names","/dog-names/bernedoodle-dog-names/","Bernedoodle Dog Names","Low","287","168","thin-content","100","needs-content-expansion","","","","","","","no","","","thin content 168 words"
"29","dog-names","Dog Names","/dog-names/bernese-mountain-dog-dog-names/","Bernese Mountain Dog Dog Names","Low","318","164","thin-content","100","needs-content-expansion","","","","","","","no","","","thin content 164 words"
"29","dog-names","Dog Names","/dog-names/border-collie-dog-names/","Border Collie Dog Names","Low","319","156","thin-content","100","needs-content-expansion","","","","","","","no","","","thin content 156 words"
"29","dog-names","Dog Names","/dog-names/boston-terrier-dog-names/","Boston Terrier Dog Names","Low","315","161","thin-content","100","needs-content-expansion","","","","","","","no","","","thin content 161 words"
"29","dog-names","Dog Names","/dog-names/boxer-dog-names/","Boxer Dog Names","Low","315","155","thin-content","100","needs-content-expansion","","","","","","","no","","","thin content 155 words"
"29","dog-names","Dog Names","/dog-names/bulldog-dog-names/","Bulldog Dog Names","Low","315","166","thin-content","100","needs-content-expansion","","","","","","","no","","","thin content 166 words"
"29","dog-names","Dog Names","/dog-names/cane-corso-dog-names/","Cane Corso Dog Names","Low","262","180","thin-content","100","needs-content-expansion","","","","","","","no","","","thin content 180 words"
"29","dog-names","Dog Names","/dog-names/cavalier-king-charles-spaniel-dog-names/","Cavalier King Charles Spaniel Dog Names","Low","319","170","thin-content","100","needs-content-expansion","","","","","","","no","","","thin content 170 words"
"29","dog-names","Dog Names","/dog-names/chihuahua-dog-names/","Chihuahua Dog Names","Low","315","158","thin-content","100","needs-content-expansion","","","","","","","no","","","thin content 158 words"
"29","dog-names","Dog Names","/dog-names/cocker-spaniel-dog-names/","Cocker Spaniel Dog Names","Low","262","164","thin-content","100","needs-content-expansion","","","","","","","no","","","thin content 164 words"
"29","dog-names","Dog Names","/dog-names/doberman-pinscher-dog-names/","Doberman Pinscher Dog Names","Low","315","161","thin-content","100","needs-content-expansion","","","","","","","no","","","thin content 161 words"
"29","dog-names","Dog Names","/dog-names/english-springer-spaniel-dog-names/","English Springer Spaniel Dog Names","Low","257","177","thin-content","100","needs-content-expansion","","","","","","","no","","","thin content 177 words"
"29","dog-names","Dog Names","/dog-names/french-bulldog-dog-names/","French Bulldog Dog Names","Low","319","175","thin-content","100","needs-content-expansion","","","","","","","no","","","thin content 175 words"
"29","dog-names","Dog Names","/dog-names/german-longhaired-pointer-dog-names/","German Longhaired Pointer Dog Names","Low","322","182","thin-content","100","needs-content-expansion","","","","","","","no","","","thin content 182 words"
"29","dog-names","Dog Names","/dog-names/german-pinscher-dog-names/","German Pinscher Dog Names","Low","322","190","thin-content","100","needs-content-expansion","","","","","","","no","","","thin content 190 words"
"29","dog-names","Dog Names","/dog-names/german-shepherd-dog-names/","German Shepherd Dog Names","Low","322","244","thin-content","100","needs-content-expansion","","","","","","","no","","","thin content 244 words"
"29","dog-names","Dog Names","/dog-names/german-shorthaired-pointer-dog-names/","German Shorthaired Pointer Dog Names","Low","322","167","thin-content","100","needs-content-expansion","","","","","","","no","","","thin content 167 words"
"29","dog-names","Dog Names","/dog-names/german-spitz-dog-names/","German Spitz Dog Names","Low","322","175","thin-content","100","needs-content-expansion","","","","","","","no","","","thin content 175 words"
"29","dog-names","Dog Names","/dog-names/german-wirehaired-pointer-dog-names/","German Wirehaired Pointer Dog Names","Low","322","170","thin-content","100","needs-content-expansion","","","","","","","no","","","thin content 170 words"
"29","dog-names","Dog Names","/dog-names/giant-schnauzer-dog-names/","Giant Schnauzer Dog Names","Low","322","173","thin-content","100","needs-content-expansion","","","","","","","no","","","thin content 173 words"
"29","dog-names","Dog Names","/dog-names/glen-of-imaal-terrier-dog-names/","Glen of Imaal Terrier Dog Names","Low","322","179","thin-content","100","needs-content-expansion","","","","","","","no","","","thin content 179 words"
"29","dog-names","Dog Names","/dog-names/golden-retriever-dog-names/","Golden Retriever Dog Names","Low","323","252","thin-content","100","needs-content-expansion","","","","","","","no","","","thin content 252 words"
"29","dog-names","Dog Names","/dog-names/great-dane-dog-names/","Great Dane Dog Names","Low","315","172","thin-content","100","needs-content-expansion","","","","","","","no","","","thin content 172 words"
"29","dog-names","Dog Names","/dog-names/havanese-dog-names/","Havanese Dog Names","Low","319","159","thin-content","100","needs-content-expansion","","","","","","","no","","","thin content 159 words"
"29","dog-names","Dog Names","/dog-names/labradoodle-dog-names/","Labradoodle Dog Names","Low","262","156","thin-content","100","needs-content-expansion","","","","","","","no","","","thin content 156 words"
"29","dog-names","Dog Names","/dog-names/labrador-retriever-dog-names/","Labrador Retriever Dog Names","Low","323","263","thin-content","100","needs-content-expansion","","","","","","","no","","","thin content 263 words"
"29","dog-names","Dog Names","/dog-names/maltese-dog-names/","Maltese Dog Names","Low","315","154","thin-content","100","needs-content-expansion","","","","","","","no","","","thin content 154 words"
"29","dog-names","Dog Names","/dog-names/mastiff-dog-names/","Mastiff Dog Names","Low","315","160","thin-content","100","needs-content-expansion","","","","","","","no","","","thin content 160 words"
"29","dog-names","Dog Names","/dog-names/miniature-schnauzer-dog-names/","Miniature Schnauzer Dog Names","Low","317","157","thin-content","100","needs-content-expansion","","","","","","","no","","","thin content 157 words"
"29","dog-names","Dog Names","/dog-names/newfoundland-dog-names/","Newfoundland Dog Names","Low","313","161","thin-content","100","needs-content-expansion","","","","","","","no","","","thin content 161 words"
"29","dog-names","Dog Names","/dog-names/pomeranian-dog-names/","Pomeranian Dog Names","Low","315","163","thin-content","100","needs-content-expansion","","","","","","","no","","","thin content 163 words"
"29","dog-names","Dog Names","/dog-names/poodle-dog-names/","Poodle Dog Names","Low","319","160","thin-content","100","needs-content-expansion","","","","","","","no","","","thin content 160 words"
"29","dog-names","Dog Names","/dog-names/portuguese-water-dog-dog-names/","Portuguese Water Dog Dog Names","Low","319","157","thin-content","100","needs-content-expansion","","","","","","","no","","","thin content 157 words"
"29","dog-names","Dog Names","/dog-names/rottweiler-dog-names/","Rottweiler Dog Names","Low","315","155","thin-content","100","needs-content-expansion","","","","","","","no","","","thin content 155 words"
"29","dog-names","Dog Names","/dog-names/saint-bernard-dog-names/","Saint Bernard Dog Names","Low","313","168","thin-content","100","needs-content-expansion","","","","","","","no","","","thin content 168 words"
"29","dog-names","Dog Names","/dog-names/shetland-sheepdog-dog-names/","Shetland Sheepdog Dog Names","Low","319","164","thin-content","100","needs-content-expansion","","","","","","","no","","","thin content 164 words"
"29","dog-names","Dog Names","/dog-names/shih-tzu-dog-names/","Shih Tzu Dog Names","Low","318","165","thin-content","100","needs-content-expansion","","","","","","","no","","","thin content 165 words"
"29","dog-names","Dog Names","/dog-names/yorkshire-terrier-dog-names/","Yorkshire Terrier Dog Names","Low","318","169","thin-content","100","needs-content-expansion","","","","","","","no","","","thin content 169 words"
"29","dog-parks","Dog Parks","/dog-parks/battleford-off-leash-dog-park/","Battleford Off-Leash Dog Park","Very high","0","294","needs-review","89","needs-human-review","","","","","","","no","latitude; longitude","","missing park fields: latitude, longitude"
"29","dog-parks","Dog Parks","/dog-parks/humboldt-off-leash-dog-park/","Humboldt Off-Leash Dog Park","Very high","0","336","needs-review","89","needs-human-review","","","","","","","no","latitude; longitude","","missing park fields: latitude, longitude"
"29","dog-parks","Dog Parks","/dog-parks/lloydminster-off-leash-dog-park/","Lloydminster Off-Leash Dog Park","Very high","0","317","needs-review","89","needs-human-review","","","","","","","no","latitude; longitude","","missing park fields: latitude, longitude"
"29","dog-parks","Dog Parks","/dog-parks/martensville-dog-park/","Martensville Dog Park","Very high","0","290","needs-review","89","needs-human-review","","","","","","","no","latitude; longitude","","missing park fields: latitude, longitude"
"29","dog-parks","Dog Parks","/dog-parks/meadow-lake-off-leash-dog-park/","Meadow Lake Off-Leash Dog Park","Very high","0","363","needs-review","89","needs-human-review","","","","","","","no","latitude; longitude","","missing park fields: latitude, longitude"
"29","dog-parks","Dog Parks","/dog-parks/r-h-brekko-lake-off-leash-area/","R.H. Brekko Lake Off-Leash Area","Very high","0","284","needs-review","89","needs-human-review","","","","","","","no","latitude; longitude","","missing park fields: latitude, longitude"
"29","dog-parks","Dog Parks","/dog-parks/wiggly-field-off-leash-dog-park/","Wiggly Field Off-Leash Dog Park","Very high","0","378","needs-review","89","needs-human-review","","","","","","","no","latitude; longitude","","missing park fields: latitude, longitude"
"20","dog-parks","Dog Parks","/dog-parks/confederation-park-toronto/","Confederation Park","Very high","1","222","complete","100","","","","","","","","no","","",""
"20","dog-parks","Dog Parks","/dog-parks/hampton-dog-park-saskatoon/","Hampton Dog Park","Very high","1","247","complete","100","","","","","","","","no","","",""
"20","dog-parks","Dog Parks","/dog-parks/island-22-dog-park/","Island 22 Dog Park","Very high","1","250","complete","100","","","","","","","","no","","",""
"20","dog-parks","Dog Parks","/dog-parks/king-city-off-leash-dog-park/","King City Off-Leash Dog Park","Very high","0","245","complete","100","","","","","","","","no","","",""
"20","dog-parks","Dog Parks","/dog-parks/lee-street-park/","Lee Street Park","Very high","1","232","complete","100","","","","","","","","no","","",""
"20","dog-parks","Dog Parks","/dog-parks/westview-park-maple-ridge/","Westview Park","Very high","1","244","complete","100","","","","","","","","no","","",""
"20","dog-parks","Dog Parks","/dog-parks/westview-park/","Westview Park","Very high","1","240","complete","100","","","","","","","","no","","",""
"18","dog-park-locations","City Pages","/dog-parks/battleford/","Battleford","High","0","718","complete","100","","","","","","","","no","","",""
"18","dog-park-locations","City Pages","/dog-parks/humboldt/","Humboldt","High","0","772","complete","100","","","","","","","","no","","",""
"18","dog-park-locations","City Pages","/dog-parks/king-city/","King City","High","0","677","complete","100","","","","","","","","no","","",""
"18","dog-park-locations","City Pages","/dog-parks/lloydminster/","Lloydminster","High","0","901","complete","100","","","","","","","","no","","",""
"18","dog-park-locations","City Pages","/dog-parks/martensville/","Martensville","High","0","789","complete","100","","","","","","","","no","","",""
"18","dog-park-locations","City Pages","/dog-parks/meadow-lake/","Meadow Lake","High","0","936","complete","100","","","","","","","","no","","",""
"18","dog-park-locations","City Pages","/dog-parks/yorkton/","Yorkton","High","0","751","complete","100","","","","","","","","no","","",""
"10","blog","Blog Posts","/blog/average-vet-costs-in-canada/","Average Vet Costs in Canada","Medium","274","724","complete","100","","","","","","","","no","","",""
"10","blog","Blog Posts","/blog/best-dogs-for-apartment-living-in-canada/","Best Dogs for Apartment Living in Canada","Medium","277","1043","complete","100","","","","","","","","no","","",""
"10","blog","Blog Posts","/blog/best-family-dogs-in-canada/","Best Family Dogs in Canada","Medium","279","1275","complete","100","","","","","","","","no","","",""
"10","blog","Blog Posts","/blog/best-fresh-dog-food-for-labrador-retrievers-in-canada/","Best Fresh Dog Food for Labrador Retrievers in Canada","Medium","260","1532","complete","100","","","","","","","","no","","",""
"10","blog","Blog Posts","/blog/best-greeting-exercises-to-reduce-jumping-barking-or-biting/","Best Greeting Exercises to Reduce Jumping, Barking, or Biting","Medium","263","1489","complete","100","","","","","","","","no","","",""
"10","blog","Blog Posts","/blog/best-hypoallergenic-dog-breeds-canadian-families/","Best Hypoallergenic Dog Breeds for Canadian Families","Medium","289","970","complete","100","","","","","","","","no","","",""
"10","blog","Blog Posts","/blog/best-male-labrador-names/","What Is the Best Name for a Male Labrador?","Medium","279","1020","complete","100","","","","","","","","no","","",""
"10","blog","Blog Posts","/blog/blog-dog-park-etiquette-canada/","Dog Park Etiquette 101: A Canadian Guide","Medium","308","739","complete","100","","","","","","","","no","","",""
"10","blog","Blog Posts","/blog/crate-training-101-puppy-guide/","Crate Training 101","Medium","285","857","complete","100","","","","","","","","no","","",""
"10","blog","Blog Posts","/blog/dealing-with-separation-anxiety-in-dogs/","Dealing with Separation Anxiety in Dogs","Medium","302","2144","complete","100","","","","","","","","no","","",""
"10","blog","Blog Posts","/blog/diy-halloween-dog-costumes/","DIY Dog Halloween Costumes You Can Make at Home","Medium","282","1259","complete","100","","","","","","","","no","","",""
"10","blog","Blog Posts","/blog/dog-age-calculator/","Dog Age Calculator","Medium","277","1556","complete","100","","","","","","","","no","","",""
"10","blog","Blog Posts","/blog/dog-food-comparison-tool-canada/","Introducing the Dog Food Comparison Tool Canada","Medium","48","1345","complete","100","","","","","","","","no","","",""
"10","blog","Blog Posts","/blog/dog-food-cost-per-day-canada/","Dog Food Cost Per Day Canada: Compare Kibble, Fresh, Raw, and Wet","Medium","2","2989","complete","100","","","","","","","","no","","",""
"10","blog","Blog Posts","/blog/dog-insurance-waiting-periods-canada/","Dog Insurance Waiting Periods Explained","Medium","270","1827","complete","100","","","","","","","","no","","",""
"10","blog","Blog Posts","/blog/dog-park-safety-checklist-canada/","Dog Park Safety Checklist Canada: Heat, Smoke, Ticks, Water, Fights, and Recall","Medium","0","1254","complete","100","","","","","","","","no","","",""
"10","blog","Blog Posts","/blog/emergency-vet-bill-checklist-canada/","Emergency Vet Bill Checklist Canada: What To Do Before, During, and After a Crisis","Medium","4","3868","complete","100","","","","","","","","no","","",""
"10","blog","Blog Posts","/blog/emergency-vet-costs-canada/","Emergency Vet Costs in Canada: What Dog Owners Should Know Before a Crisis","Medium","41","1489","complete","100","","","","","","","","no","","",""
"10","blog","Blog Posts","/blog/halloween-dog-costume-ideas-2025/","Top 15 Halloween Dog Costume Ideas for 2025","Medium","275","1351","complete","100","","","","","","","","no","","",""
"10","blog","Blog Posts","/blog/halloween-dog-safety-tips/","Halloween Safety Tips for Dogs","Medium","280","993","complete","100","","","","","","","","no","","",""
"10","blog","Blog Posts","/blog/help-reactive-dog-stay-calm-on-walks/","How to Help a Reactive Dog Stay Calm on Walks","Medium","268","1443","complete","100","","","","","","","","no","","",""
"10","blog","Blog Posts","/blog/how-cold-is-too-cold-for-a-dog-walk/","How Cold Is Too Cold for a Dog Walk?","Medium","262","1143","complete","100","","","","","","","","no","","",""
"10","blog","Blog Posts","/blog/how-hot-is-too-hot-to-walk-a-dog-canada/","How Hot Is Too Hot to Walk a Dog in Canada?","Medium","8","3077","complete","100","","","","","","","","no","","",""
"10","blog","Blog Posts","/blog/how-many-calories-should-my-dog-eat-per-day/","How Many Calories Should My Dog Eat Per Day?","Medium","49","1035","complete","100","","","","","","","","no","","",""
"10","blog","Blog Posts","/blog/how-to-choose-the-right-dog-park-for-your-pup/","How to Choose the Right Dog Park for Your Pup","Medium","284","961","complete","100","","","","","","","","no","","",""
"10","blog","Blog Posts","/blog/how-to-potty-train-puppy-in-condo-apartment/","How to Condo Train Your Puppy","Medium","277","804","complete","100","","","","","","","","no","","",""
"10","blog","Blog Posts","/blog/how-to-socialize-your-puppy/","How to Socialize Your Puppy","Medium","297","1377","complete","100","","","","","","","","no","","",""
"10","blog","Blog Posts","/blog/is-dog-insurance-worth-it-canada/","Is Dog Insurance Worth It in Canada?","Medium","274","1567","complete","100","","","","","","","","no","","",""
"10","blog","Blog Posts","/blog/is-it-ever-too-late-to-socialize-a-dog/","Is It Ever Too Late to Socialize a Dog?","Medium","259","1333","complete","100","","","","","","","","no","","",""
"10","blog","Blog Posts","/blog/keeping-your-dog-active-indoors-during-winter/","Keeping Your Dog Active Indoors During Winter","Medium","260","1416","complete","100","","","","","","","","no","","",""
"10","blog","Blog Posts","/blog/living-with-a-weimaraner/","What to Know About Living With and Owning a Weimaraner","Medium","40","1550","complete","100","","","","","","","","no","","",""
"10","blog","Blog Posts","/blog/low-shedding-dog-breeds-for-allergy-sufferers/","Low-Shedding Dog Breeds for Allergy Sufferers (Canada Edition)","Medium","277","1124","complete","100","","","","","","","","no","","",""
"10","blog","Blog Posts","/blog/most-googled-dog-questions/","15 Most Googled Dog Questions - Answered","Medium","275","2490","complete","100","","","","","","","","no","","",""
"10","blog","Blog Posts","/blog/pet-insurance-canada-dog-owners-guide/","Pet Insurance in Canada: What Dog Owners Should Compare Before They Buy","Medium","6","4226","complete","100","","","","","","","","no","","",""
"10","blog","Blog Posts","/blog/puppy-training-independence-games/","Independence Games to Prevent Separation Anxiety","Medium","277","1189","complete","100","","","","","","","","no","","",""
"10","blog","Blog Posts","/blog/smartest-dog-breeds-in-canada-easy-to-train-and-eager-to-lear/","Smartest Dog Breeds in Canada","Medium","262","1354","complete","100","","","","","","","","no","","",""
"10","blog","Blog Posts","/blog/summer-dog-park-safety-canada/","Is It Too Hot, Smoky, or Tick-Risky for the Dog Park? A Canadian Summer Safety Guide for Dog Owners","Medium","39","1757","complete","100","","","","","","","","no","","",""
"10","blog","Blog Posts","/blog/the-7-7-7-rule-for-puppies/","The 7-7-7 Rule for Puppies","Medium","277","1419","complete","100","","","","","","","","no","","",""
"10","blog","Blog Posts","/blog/tick-prevention-dogs-canada/","Tick Prevention for Dogs in Canada: Month-by-Month Guide by Region","Medium","1","918","complete","100","","","","","","","","no","","",""
"10","blog","Blog Posts","/blog/tips-for-living-with-dogs-if-you-have-allergies/","Tips for Living with Dogs if You Have Allergies","Medium","288","1079","complete","100","","","","","","","","no","","",""
"10","blog","Blog Posts","/blog/top-10-dog-breeds-for-canadian-families/","Top 10 Dog Breeds for Canadian Families","Medium","277","1982","complete","100","","","","","","","","no","","",""
"10","blog","Blog Posts","/blog/top-10-dog-breeds-for-condo-living-canada/","Top 10 Dog Breeds for Condo Living","Medium","277","1761","complete","100","","","","","","","","no","","",""
"10","blog","Blog Posts","/blog/top-10-dog-parks-in-vancouver/","Top 10 Dog Parks in Vancouver","Medium","255","740","complete","100","","","","","","","","no","","",""
"10","blog","Blog Posts","/blog/top-10-off-leash-dog-parks-in-toronto/","Top 10 Off-Leash Dog Parks in Toronto","Medium","294","1275","complete","100","","","","","","","","no","","",""
"10","blog","Blog Posts","/blog/trending-dog-names-2025/","Trending Dog Names for 2025","Medium","285","1402","complete","100","","","","","","","","no","","",""
"10","blog","Blog Posts","/blog/unlimited-vs-10000-annual-limit/","Unlimited vs $10,000 Annual Limit - Which Should You Choose? (Canada)","Medium","263","1325","complete","100","","","","","","","","no","","",""
"10","blog","Blog Posts","/blog/what-dog-breed-is-right-for-me-dog-breed-match-quiz/","What Dog Breed Is Right for Me? Try Our Dog Breed Match Quiz","Medium","42","1407","complete","100","","","","","","","","no","","",""
"10","blog","Blog Posts","/blog/wildfire-smoke-dogs-canada/","Wildfire Smoke and Dogs in Ontario: When to Skip the Walk","Medium","0","1134","complete","100","","","","","","","","no","","",""
"10","blog","Blog Posts","/blog/winter-dog-care-tips-canada/","Winter Dog Care Tips","Medium","284","740","complete","100","","","","","","","","no","","",""
"10","blog","Blog Posts","/blog/winter-paw-care-for-canadian-dogs/","Winter Paw Care for Canadian Dogs: Salt, Ice, and Boot Tips","Medium","266","1291","complete","100","","","","","","","","no","","",""
"8","dog-breeds","Dog Breeds","/dog-breeds/affenpinscher/","Affenpinscher","Medium-low","280","679","complete","100","","","","","","","","no","","",""
"8","dog-breeds","Dog Breeds","/dog-breeds/afghan-hound/","Afghan Hound","Medium-low","280","906","complete","100","","","","","","","","no","","",""
"8","dog-breeds","Dog Breeds","/dog-breeds/airedale-terrier/","Airedale Terrier","Medium-low","280","868","complete","100","","","","","","","","no","","",""
"8","dog-breeds","Dog Breeds","/dog-breeds/akita/","Akita","Medium-low","280","919","complete","100","","","","","","","","no","","",""
"8","dog-breeds","Dog Breeds","/dog-breeds/alaskan-klee-kai/","Alaskan Klee Kai","Medium-low","280","810","complete","100","","","","","","","","no","","",""
"8","dog-breeds","Dog Breeds","/dog-breeds/alaskan-malamute/","Alaskan Malamute","Medium-low","280","855","complete","100","","","","","","","","no","","",""
"8","dog-breeds","Dog Breeds","/dog-breeds/american-bulldog/","American Bulldog","Medium-low","280","685","complete","100","","","","","","","","no","","",""
"8","dog-breeds","Dog Breeds","/dog-breeds/american-cocker-spaniel/","American Cocker Spaniel","Medium-low","257","601","complete","100","","","","","","","","no","","",""
"8","dog-breeds","Dog Breeds","/dog-breeds/american-english-coonhound/","American English Coonhound","Medium-low","280","690","complete","100","","","","","","","","no","","",""
"8","dog-breeds","Dog Breeds","/dog-breeds/american-eskimo-dog/","American Eskimo Dog","Medium-low","280","764","complete","100","","","","","","","","no","","",""
"8","dog-breeds","Dog Breeds","/dog-breeds/american-foxhound/","American Foxhound","Medium-low","280","760","complete","100","","","","","","","","no","","",""
"8","dog-breeds","Dog Breeds","/dog-breeds/american-hairless-terrier/","American Hairless Terrier","Medium-low","280","772","complete","100","","","","","","","","no","","",""
"8","dog-breeds","Dog Breeds","/dog-breeds/american-leopard-hound/","American Leopard Hound","Medium-low","280","770","complete","100","","","","","","","","no","","",""
"8","dog-breeds","Dog Breeds","/dog-breeds/american-staffordshire-terrier/","American Staffordshire Terrier","Medium-low","280","785","complete","100","","","","","","","","no","","",""
"8","dog-breeds","Dog Breeds","/dog-breeds/american-water-spaniel/","American Water Spaniel","Medium-low","280","778","complete","100","","","","","","","","no","","",""
"8","dog-breeds","Dog Breeds","/dog-breeds/anatolian-shepherd-dog/","Anatolian Shepherd Dog","Medium-low","280","793","complete","100","","","","","","","","no","","",""
"8","dog-breeds","Dog Breeds","/dog-breeds/appenzeller-sennenhund/","Appenzeller Sennenhund","Medium-low","280","722","complete","100","","","","","","","","no","","",""
"8","dog-breeds","Dog Breeds","/dog-breeds/australian-cattle-dog/","Australian Cattle Dog","Medium-low","280","742","complete","100","","","","","","","","no","","",""
"8","dog-breeds","Dog Breeds","/dog-breeds/australian-kelpie/","Australian Kelpie","Medium-low","280","757","complete","100","","","","","","","","no","","",""
"8","dog-breeds","Dog Breeds","/dog-breeds/australian-shepherd/","Australian Shepherd","Medium-low","280","844","complete","100","","","","","","","","no","","",""
"8","dog-breeds","Dog Breeds","/dog-breeds/australian-terrier/","Australian Terrier","Medium-low","280","697","complete","100","","","","","","","","no","","",""
"8","dog-breeds","Dog Breeds","/dog-breeds/azawakh/","Azawakh","Medium-low","280","806","complete","100","","","","","","","","no","","",""
"8","dog-breeds","Dog Breeds","/dog-breeds/barbado-da-terceira/","Barbado da Terceira","Medium-low","280","811","complete","100","","","","","","","","no","","",""
"8","dog-breeds","Dog Breeds","/dog-breeds/barbet/","Barbet","Medium-low","280","795","complete","100","","","","","","","","no","","",""
"8","dog-breeds","Dog Breeds","/dog-breeds/basenji/","Basenji","Medium-low","280","757","complete","100","","","","","","","","no","","",""
"8","dog-breeds","Dog Breeds","/dog-breeds/basset-fauve-de-bretagne/","Basset Fauve de Bretagne","Medium-low","280","820","complete","100","","","","","","","","no","","",""
"8","dog-breeds","Dog Breeds","/dog-breeds/basset-hound/","Basset Hound","Medium-low","280","701","complete","100","","","","","","","","no","","",""
"8","dog-breeds","Dog Breeds","/dog-breeds/beagle/","Beagle","Medium-low","280","774","complete","100","","","","","","","","no","","",""
"8","dog-breeds","Dog Breeds","/dog-breeds/bernese-mountain-dog/","Bernese Mountain Dog","Medium-low","280","673","complete","100","","","","","","","","no","","",""
"8","dog-breeds","Dog Breeds","/dog-breeds/bloodhound/","Bloodhound","Medium-low","280","699","complete","100","","","","","","","","no","","",""
"8","dog-breeds","Dog Breeds","/dog-breeds/border-collie/","Border Collie","Medium-low","280","779","complete","100","","","","","","","","no","","",""
"8","dog-breeds","Dog Breeds","/dog-breeds/boxer/","Boxer","Medium-low","280","630","complete","100","","","","","","","","no","","",""
"8","dog-breeds","Dog Breeds","/dog-breeds/bracco-italiano/","Bracco Italiano","Medium-low","280","858","complete","100","","","","","","","","no","","",""
"8","dog-breeds","Dog Breeds","/dog-breeds/braque-du-bourbonnais/","Braque du Bourbonnais","Medium-low","280","939","complete","100","","","","","","","","no","","",""
"8","dog-breeds","Dog Breeds","/dog-breeds/briard/","Briard","Medium-low","280","899","complete","100","","","","","","","","no","","",""
"8","dog-breeds","Dog Breeds","/dog-breeds/brittany/","Brittany","Medium-low","280","729","complete","100","","","","","","","","no","","",""
"8","dog-breeds","Dog Breeds","/dog-breeds/broholmer/","Broholmer","Medium-low","280","820","complete","100","","","","","","","","no","","",""
"8","dog-breeds","Dog Breeds","/dog-breeds/brussels-griffon/","Brussels Griffon","Medium-low","280","821","complete","100","","","","","","","","no","","",""
"8","dog-breeds","Dog Breeds","/dog-breeds/bull-terrier/","Bull Terrier","Medium-low","280","873","complete","100","","","","","","","","no","","",""
"8","dog-breeds","Dog Breeds","/dog-breeds/bulldog/","Bulldog","Medium-low","280","850","complete","100","","","","","","","","no","","",""
"8","dog-breeds","Dog Breeds","/dog-breeds/bullmastiff/","Bullmastiff","Medium-low","280","850","complete","100","","","","","","","","no","","",""
"8","dog-breeds","Dog Breeds","/dog-breeds/cairn-terrier/","Cairn Terrier","Medium-low","280","855","complete","100","","","","","","","","no","","",""
"8","dog-breeds","Dog Breeds","/dog-breeds/canaan-dog/","Canaan Dog","Medium-low","280","912","complete","100","","","","","","","","no","","",""
"8","dog-breeds","Dog Breeds","/dog-breeds/cane-corso/","Cane Corso","Medium-low","280","952","complete","100","","","","","","","","no","","",""
"8","dog-breeds","Dog Breeds","/dog-breeds/cardigan-welsh-corgi/","Cardigan Welsh Corgi","Medium-low","280","915","complete","100","","","","","","","","no","","",""
"8","dog-breeds","Dog Breeds","/dog-breeds/carolina-dog/","Carolina Dog","Medium-low","280","907","complete","100","","","","","","","","no","","",""
"8","dog-breeds","Dog Breeds","/dog-breeds/catahoula-leopard-dog/","Catahoula Leopard Dog","Medium-low","280","977","complete","100","","","","","","","","no","","",""
"8","dog-breeds","Dog Breeds","/dog-breeds/caucasian-shepherd-dog/","Caucasian Shepherd Dog","Medium-low","280","936","complete","100","","","","","","","","no","","",""
"8","dog-breeds","Dog Breeds","/dog-breeds/central-asian-shepherd-dog/","Central Asian Shepherd Dog","Medium-low","280","1018","complete","100","","","","","","","","no","","",""
"8","dog-breeds","Dog Breeds","/dog-breeds/cesky-terrier/","Cesky Terrier","Medium-low","280","801","complete","100","","","","","","","","no","","",""
"8","dog-breeds","Dog Breeds","/dog-breeds/chesapeake-bay-retriever/","Chesapeake Bay Retriever","Medium-low","280","963","complete","100","","","","","","","","no","","",""
"8","dog-breeds","Dog Breeds","/dog-breeds/chihuahua/","Chihuahua","Medium-low","280","917","complete","100","","","","","","","","no","","",""
"8","dog-breeds","Dog Breeds","/dog-breeds/chinese-crested/","Chinese Crested","Medium-low","280","935","complete","100","","","","","","","","no","","",""
"8","dog-breeds","Dog Breeds","/dog-breeds/chinese-shar-pei/","Chinese Shar-Pei","Medium-low","280","936","complete","100","","","","","","","","no","","",""
"8","dog-breeds","Dog Breeds","/dog-breeds/chinook/","Chinook","Medium-low","280","928","complete","100","","","","","","","","no","","",""
"8","dog-breeds","Dog Breeds","/dog-breeds/chow-chow/","Chow Chow","Medium-low","280","934","complete","100","","","","","","","","no","","",""
"8","dog-breeds","Dog Breeds","/dog-breeds/cirneco-delletna/","Cirneco dell’Etna","Medium-low","280","879","complete","100","","","","","","","","no","","",""
"8","dog-breeds","Dog Breeds","/dog-breeds/clumber-spaniel/","Clumber Spaniel","Medium-low","280","754","complete","100","","","","","","","","no","","",""
"8","dog-breeds","Dog Breeds","/dog-breeds/cocker-spaniel/","Cocker Spaniel","Medium-low","280","721","complete","100","","","","","","","","no","","",""
"8","dog-breeds","Dog Breeds","/dog-breeds/collie/","Collie","Medium-low","280","728","complete","100","","","","","","","","no","","",""
"8","dog-breeds","Dog Breeds","/dog-breeds/coton-de-tulear/","Coton de Tulear","Medium-low","280","760","complete","100","","","","","","","","no","","",""
"8","dog-breeds","Dog Breeds","/dog-breeds/croatian-sheepdog/","Croatian Sheepdog","Medium-low","280","693","complete","100","","","","","","","","no","","",""
"8","dog-breeds","Dog Breeds","/dog-breeds/curly-coated-retriever/","Curly-Coated Retriever","Medium-low","280","733","complete","100","","","","","","","","no","","",""
"8","dog-breeds","Dog Breeds","/dog-breeds/czechoslovakian-vlcak/","Czechoslovakian Vlcak","Medium-low","280","679","complete","100","","","","","","","","no","","",""
"8","dog-breeds","Dog Breeds","/dog-breeds/dachshund/","Dachshund","Medium-low","280","696","complete","100","","","","","","","","no","","",""
"8","dog-breeds","Dog Breeds","/dog-breeds/dalmatian/","Dalmatian","Medium-low","280","692","complete","100","","","","","","","","no","","",""
"8","dog-breeds","Dog Breeds","/dog-breeds/dandie-dinmont-terrier/","Dandie Dinmont Terrier","Medium-low","280","917","complete","100","","","","","","","","no","","",""
"8","dog-breeds","Dog Breeds","/dog-breeds/danish-swedish-farmdog/","Danish-Swedish Farmdog","Medium-low","280","728","complete","100","","","","","","","","no","","",""
"8","dog-breeds","Dog Breeds","/dog-breeds/deutscher-wachtelhund/","Deutscher Wachtelhund","Medium-low","280","707","complete","100","","","","","","","","no","","",""
"8","dog-breeds","Dog Breeds","/dog-breeds/doberman-pinscher/","Doberman Pinscher","Medium-low","280","647","complete","100","","","","","","","","no","","",""
"8","dog-breeds","Dog Breeds","/dog-breeds/dogo-argentino/","Dogo Argentino","Medium-low","280","721","complete","100","","","","","","","","no","","",""
"8","dog-breeds","Dog Breeds","/dog-breeds/dogue-de-bordeaux/","Dogue de Bordeaux","Medium-low","280","719","complete","100","","","","","","","","no","","",""
"8","dog-breeds","Dog Breeds","/dog-breeds/drentsche-patrijshond/","Drentsche Patrijshond","Medium-low","280","749","complete","100","","","","","","","","no","","",""
"8","dog-breeds","Dog Breeds","/dog-breeds/dutch-shepherd/","Dutch Shepherd","Medium-low","280","787","complete","100","","","","","","","","no","","",""
"8","dog-breeds","Dog Breeds","/dog-breeds/english-cocker-spaniel/","English Cocker Spaniel","Medium-low","280","700","complete","100","","","","","","","","no","","",""
"8","dog-breeds","Dog Breeds","/dog-breeds/english-foxhound/","English Foxhound","Medium-low","280","734","complete","100","","","","","","","","no","","",""
"8","dog-breeds","Dog Breeds","/dog-breeds/english-setter/","English Setter","Medium-low","280","756","complete","100","","","","","","","","no","","",""
"8","dog-breeds","Dog Breeds","/dog-breeds/english-springer-spaniel/","English Springer Spaniel","Medium-low","280","743","complete","100","","","","","","","","no","","",""
"8","dog-breeds","Dog Breeds","/dog-breeds/english-toy-spaniel/","English Toy Spaniel","Medium-low","280","771","complete","100","","","","","","","","no","","",""
"8","dog-breeds","Dog Breeds","/dog-breeds/entlebucher-mountain-dog/","Entlebucher Mountain Dog","Medium-low","280","693","complete","100","","","","","","","","no","","",""
"8","dog-breeds","Dog Breeds","/dog-breeds/estrela-mountain-dog/","Estrela Mountain Dog","Medium-low","280","701","complete","100","","","","","","","","no","","",""
"8","dog-breeds","Dog Breeds","/dog-breeds/eurasier/","Eurasier","Medium-low","280","752","complete","100","","","","","","","","no","","",""
"8","dog-breeds","Dog Breeds","/dog-breeds/field-spaniel/","Field Spaniel","Medium-low","280","821","complete","100","","","","","","","","no","","",""
"8","dog-breeds","Dog Breeds","/dog-breeds/finnish-lapphund/","Finnish Lapphund","Medium-low","280","813","complete","100","","","","","","","","no","","",""
"8","dog-breeds","Dog Breeds","/dog-breeds/finnish-spitz/","Finnish Spitz","Medium-low","280","783","complete","100","","","","","","","","no","","",""
"8","dog-breeds","Dog Breeds","/dog-breeds/flat-coated-retriever/","Flat-Coated Retriever","Medium-low","280","730","complete","100","","","","","","","","no","","",""
"8","dog-breeds","Dog Breeds","/dog-breeds/french-bulldog/","French Bulldog","Medium-low","280","753","complete","100","","","","","","","","no","","",""
"8","dog-breeds","Dog Breeds","/dog-breeds/german-pinscher/","German Pinscher","Medium-low","280","733","complete","100","","","","","","","","no","","",""
"8","dog-breeds","Dog Breeds","/dog-breeds/german-shepherd-dog/","German Shepherd Dog","Medium-low","280","749","complete","100","","","","","","","","no","","",""
"8","dog-breeds","Dog Breeds","/dog-breeds/german-shepherd/","German Shepherd","Medium-low","280","744","complete","100","","","","","","","","no","","",""
"8","dog-breeds","Dog Breeds","/dog-breeds/glen-of-imaal-terrier/","Glen of Imaal Terrier","Medium-low","280","800","complete","100","","","","","","","","no","","",""
"8","dog-breeds","Dog Breeds","/dog-breeds/golden-retriever/","Golden Retriever","Medium-low","280","1040","complete","100","","","","","","","","no","","",""
"8","dog-breeds","Dog Breeds","/dog-breeds/great-dane/","Great Dane","Medium-low","280","690","complete","100","","","","","","","","no","","",""
"8","dog-breeds","Dog Breeds","/dog-breeds/greyhound/","Greyhound","Medium-low","280","786","complete","100","","","","","","","","no","","",""
"8","dog-breeds","Dog Breeds","/dog-breeds/havanese/","Havanese","Medium-low","280","703","complete","100","","","","","","","","no","","",""
"8","dog-breeds","Dog Breeds","/dog-breeds/hovawart/","Hovawart","Medium-low","280","784","complete","100","","","","","","","","no","","",""
"8","dog-breeds","Dog Breeds","/dog-breeds/irish-setter/","Irish Setter","Medium-low","280","703","complete","100","","","","","","","","no","","",""
"8","dog-breeds","Dog Breeds","/dog-breeds/japanese-chin/","Japanese Chin","Medium-low","280","745","complete","100","","","","","","","","no","","",""
"8","dog-breeds","Dog Breeds","/dog-breeds/kerry-blue-terrier/","Kerry Blue Terrier","Medium-low","280","715","complete","100","","","","","","","","no","","",""
"8","dog-breeds","Dog Breeds","/dog-breeds/labrador-retriever/","Labrador Retriever","Medium-low","280","789","complete","100","","","","","","","","no","","",""
"8","dog-breeds","Dog Breeds","/dog-breeds/landseer/","Landseer","Medium-low","280","751","complete","100","","","","","","","","no","","",""
"8","dog-breeds","Dog Breeds","/dog-breeds/mastiff/","Mastiff","Medium-low","280","792","complete","100","","","","","","","","no","","",""
"8","dog-breeds","Dog Breeds","/dog-breeds/miniature-bull-terrier/","Miniature Bull Terrier","Medium-low","280","685","complete","100","","","","","","","","no","","",""
"8","dog-breeds","Dog Breeds","/dog-breeds/miniature-pinscher/","Miniature Pinscher","Medium-low","280","736","complete","100","","","","","","","","no","","",""
"8","dog-breeds","Dog Breeds","/dog-breeds/miniature-schnauzer/","Miniature Schnauzer","Medium-low","280","939","complete","100","","","","","","","","no","","",""
"8","dog-breeds","Dog Breeds","/dog-breeds/mountain-cur/","Mountain Cur","Medium-low","280","821","complete","100","","","","","","","","no","","",""
"8","dog-breeds","Dog Breeds","/dog-breeds/mudi/","Mudi","Medium-low","280","774","complete","100","","","","","","","","no","","",""
"8","dog-breeds","Dog Breeds","/dog-breeds/neapolitan-mastiff/","Neapolitan Mastiff","Medium-low","280","851","complete","100","","","","","","","","no","","",""
"8","dog-breeds","Dog Breeds","/dog-breeds/nederlandse-kooikerhondje/","Nederlandse Kooikerhondje","Medium-low","280","884","complete","100","","","","","","","","no","","",""
"8","dog-breeds","Dog Breeds","/dog-breeds/newfoundland/","Newfoundland","Medium-low","280","959","complete","100","","","","","","","","no","","",""
"8","dog-breeds","Dog Breeds","/dog-breeds/newfypoo/","Newfypoo","Medium-low","280","762","complete","100","","","","","","","","no","","",""
"8","dog-breeds","Dog Breeds","/dog-breeds/norfolk-terrier/","Norfolk Terrier","Medium-low","280","827","complete","100","","","","","","","","no","","",""
"8","dog-breeds","Dog Breeds","/dog-breeds/norrbottenspets/","Norrbottenspets","Medium-low","280","827","complete","100","","","","","","","","no","","",""
"8","dog-breeds","Dog Breeds","/dog-breeds/norwegian-buhund/","Norwegian Buhund","Medium-low","280","832","complete","100","","","","","","","","no","","",""
"8","dog-breeds","Dog Breeds","/dog-breeds/norwegian-elkhound/","Norwegian Elkhound","Medium-low","280","761","complete","100","","","","","","","","no","","",""
"8","dog-breeds","Dog Breeds","/dog-breeds/norwegian-lundehund/","Norwegian Lundehund","Medium-low","280","895","complete","100","","","","","","","","no","","",""
"8","dog-breeds","Dog Breeds","/dog-breeds/norwich-terrier/","Norwich Terrier","Medium-low","280","716","complete","100","","","","","","","","no","","",""
"8","dog-breeds","Dog Breeds","/dog-breeds/nova-scotia-duck-tolling-retriever/","Nova Scotia Duck Tolling Retriever","Medium-low","280","941","complete","100","","","","","","","","no","","",""
"8","dog-breeds","Dog Breeds","/dog-breeds/old-english-sheepdog/","Old English Sheepdog","Medium-low","280","777","complete","100","","","","","","","","no","","",""
"8","dog-breeds","Dog Breeds","/dog-breeds/otterhound/","Otterhound","Medium-low","280","885","complete","100","","","","","","","","no","","",""
"8","dog-breeds","Dog Breeds","/dog-breeds/papillon/","Papillon","Medium-low","280","709","complete","100","","","","","","","","no","","",""
"8","dog-breeds","Dog Breeds","/dog-breeds/parson-russell-terrier/","Parson Russell Terrier","Medium-low","280","841","complete","100","","","","","","","","no","","",""
"8","dog-breeds","Dog Breeds","/dog-breeds/pekingese/","Pekingese","Medium-low","280","861","complete","100","","","","","","","","no","","",""
"8","dog-breeds","Dog Breeds","/dog-breeds/pembroke-welsh-corgi/","Pembroke Welsh Corgi","Medium-low","280","801","complete","100","","","","","","","","no","","",""
"8","dog-breeds","Dog Breeds","/dog-breeds/perro-de-presa-canario/","Perro de Presa Canario","Medium-low","280","839","complete","100","","","","","","","","no","","",""
"8","dog-breeds","Dog Breeds","/dog-breeds/peruvian-inca-orchid/","Peruvian Inca Orchid","Medium-low","280","888","complete","100","","","","","","","","no","","",""
"8","dog-breeds","Dog Breeds","/dog-breeds/petit-basset-griffon-vendeen/","Petit Basset Griffon Vendeen","Medium-low","280","948","complete","100","","","","","","","","no","","",""
"8","dog-breeds","Dog Breeds","/dog-breeds/pharaoh-hound/","Pharaoh Hound","Medium-low","280","874","complete","100","","","","","","","","no","","",""
"8","dog-breeds","Dog Breeds","/dog-breeds/plott-hound/","Plott Hound","Medium-low","280","888","complete","100","","","","","","","","no","","",""
"8","dog-breeds","Dog Breeds","/dog-breeds/pointer/","Pointer","Medium-low","280","805","complete","100","","","","","","","","no","","",""
"8","dog-breeds","Dog Breeds","/dog-breeds/polish-lowland-sheepdog/","Polish Lowland Sheepdog","Medium-low","280","882","complete","100","","","","","","","","no","","",""
"8","dog-breeds","Dog Breeds","/dog-breeds/pomeranian/","Pomeranian","Medium-low","280","762","complete","100","","","","","","","","no","","",""
"8","dog-breeds","Dog Breeds","/dog-breeds/poodle/","Poodle","Medium-low","280","747","complete","100","","","","","","","","no","","",""
"8","dog-breeds","Dog Breeds","/dog-breeds/portuguese-podengo-pequeno/","Portuguese Podengo Pequeno","Medium-low","280","838","complete","100","","","","","","","","no","","",""
"8","dog-breeds","Dog Breeds","/dog-breeds/portuguese-pointer/","Portuguese Pointer","Medium-low","280","805","complete","100","","","","","","","","no","","",""
"8","dog-breeds","Dog Breeds","/dog-breeds/portuguese-water-dog/","Portuguese Water Dog","Medium-low","280","923","complete","100","","","","","","","","no","","",""
"8","dog-breeds","Dog Breeds","/dog-breeds/presa-canario/","Presa Canario","Medium-low","280","917","complete","100","","","","","","","","no","","",""
"8","dog-breeds","Dog Breeds","/dog-breeds/pudelpointer/","Pudelpointer","Medium-low","280","905","complete","100","","","","","","","","no","","",""
"8","dog-breeds","Dog Breeds","/dog-breeds/puli/","Puli","Medium-low","280","817","complete","100","","","","","","","","no","","",""
"8","dog-breeds","Dog Breeds","/dog-breeds/pumi/","Pumi","Medium-low","280","829","complete","100","","","","","","","","no","","",""
"8","dog-breeds","Dog Breeds","/dog-breeds/pyrenean-mastiff/","Pyrenean Mastiff","Medium-low","280","844","complete","100","","","","","","","","no","","",""
"8","dog-breeds","Dog Breeds","/dog-breeds/pyrenean-shepherd/","Pyrenean Shepherd","Medium-low","280","853","complete","100","","","","","","","","no","","",""
"8","dog-breeds","Dog Breeds","/dog-breeds/rafeiro-do-alentejo/","Rafeiro do Alentejo","Medium-low","280","648","complete","100","","","","","","","","no","","",""
"8","dog-breeds","Dog Breeds","/dog-breeds/rat-terrier/","Rat Terrier","Medium-low","280","643","complete","100","","","","","","","","no","","",""
"8","dog-breeds","Dog Breeds","/dog-breeds/redbone-coonhound/","Redbone Coonhound","Medium-low","280","650","complete","100","","","","","","","","no","","",""
"8","dog-breeds","Dog Breeds","/dog-breeds/rhodesian-ridgeback/","Rhodesian Ridgeback","Medium-low","280","680","complete","100","","","","","","","","no","","",""
"8","dog-breeds","Dog Breeds","/dog-breeds/rottweiler/","Rottweiler","Medium-low","280","801","complete","100","","","","","","","","no","","",""
"8","dog-breeds","Dog Breeds","/dog-breeds/russian-toy/","Russian Toy","Medium-low","280","696","complete","100","","","","","","","","no","","",""
"8","dog-breeds","Dog Breeds","/dog-breeds/russian-tsvetnaya-bolonka/","Russian Tsvetnaya Bolonka","Medium-low","280","662","complete","100","","","","","","","","no","","",""
"8","dog-breeds","Dog Breeds","/dog-breeds/saint-berdoodle/","Saint Berdoodle","Medium-low","280","795","complete","100","","","","","","","","no","","",""
"8","dog-breeds","Dog Breeds","/dog-breeds/saint-bernard/","Saint Bernard","Medium-low","280","685","complete","100","","","","","","","","no","","",""
"8","dog-breeds","Dog Breeds","/dog-breeds/saluki/","Saluki","Medium-low","280","678","complete","100","","","","","","","","no","","",""
"8","dog-breeds","Dog Breeds","/dog-breeds/samoyed/","Samoyed","Medium-low","280","711","complete","100","","","","","","","","no","","",""
"8","dog-breeds","Dog Breeds","/dog-breeds/sarplaninac/","Sarplaninac","Medium-low","280","708","complete","100","","","","","","","","no","","",""
"8","dog-breeds","Dog Breeds","/dog-breeds/schapendoes/","Schapendoes","Medium-low","280","643","complete","100","","","","","","","","no","","",""
"8","dog-breeds","Dog Breeds","/dog-breeds/schipperke/","Schipperke","Medium-low","280","652","complete","100","","","","","","","","no","","",""
"8","dog-breeds","Dog Breeds","/dog-breeds/scottish-deerhound/","Scottish Deerhound","Medium-low","280","681","complete","100","","","","","","","","no","","",""
"8","dog-breeds","Dog Breeds","/dog-breeds/scottish-terrier/","Scottish Terrier","Medium-low","280","707","complete","100","","","","","","","","no","","",""
"8","dog-breeds","Dog Breeds","/dog-breeds/sealyham-terrier/","Sealyham Terrier","Medium-low","280","697","complete","100","","","","","","","","no","","",""
"8","dog-breeds","Dog Breeds","/dog-breeds/segugio-italiano/","Segugio Italiano","Medium-low","280","700","complete","100","","","","","","","","no","","",""
"8","dog-breeds","Dog Breeds","/dog-breeds/shetland-sheepdog/","Shetland Sheepdog","Medium-low","280","649","complete","100","","","","","","","","no","","",""
"8","dog-breeds","Dog Breeds","/dog-breeds/shiba-inu/","Shiba Inu","Medium-low","280","742","complete","100","","","","","","","","no","","",""
"8","dog-breeds","Dog Breeds","/dog-breeds/shih-tzu/","Shih Tzu","Medium-low","280","773","complete","100","","","","","","","","no","","",""
"8","dog-breeds","Dog Breeds","/dog-breeds/shikoku/","Shikoku","Medium-low","280","680","complete","100","","","","","","","","no","","",""
"8","dog-breeds","Dog Breeds","/dog-breeds/siberian-husky/","Siberian Husky","Medium-low","280","707","complete","100","","","","","","","","no","","",""
"8","dog-breeds","Dog Breeds","/dog-breeds/silky-terrier/","Silky Terrier","Medium-low","280","691","complete","100","","","","","","","","no","","",""
"8","dog-breeds","Dog Breeds","/dog-breeds/skye-terrier/","Skye Terrier","Medium-low","280","718","complete","100","","","","","","","","no","","",""
"8","dog-breeds","Dog Breeds","/dog-breeds/sloughi/","Sloughi","Medium-low","280","675","complete","100","","","","","","","","no","","",""
"8","dog-breeds","Dog Breeds","/dog-breeds/slovakian-wirehaired-pointer/","Slovakian Wirehaired Pointer","Medium-low","280","676","complete","100","","","","","","","","no","","",""
"8","dog-breeds","Dog Breeds","/dog-breeds/slovensky-cuvac/","Slovensky Cuvac","Medium-low","280","678","complete","100","","","","","","","","no","","",""
"8","dog-breeds","Dog Breeds","/dog-breeds/slovensky-kopov/","Slovensky Kopov","Medium-low","280","683","complete","100","","","","","","","","no","","",""
"8","dog-breeds","Dog Breeds","/dog-breeds/small-munsterlander-pointer/","Small Munsterlander Pointer","Medium-low","280","695","complete","100","","","","","","","","no","","",""
"8","dog-breeds","Dog Breeds","/dog-breeds/smooth-fox-terrier/","Smooth Fox Terrier","Medium-low","280","670","complete","100","","","","","","","","no","","",""
"8","dog-breeds","Dog Breeds","/dog-breeds/soft-coated-wheaten-terrier/","Soft Coated Wheaten Terrier","Medium-low","280","681","complete","100","","","","","","","","no","","",""
"8","dog-breeds","Dog Breeds","/dog-breeds/spanish-mastiff/","Spanish Mastiff","Medium-low","280","704","complete","100","","","","","","","","no","","",""
"8","dog-breeds","Dog Breeds","/dog-breeds/spanish-water-dog/","Spanish Water Dog","Medium-low","280","707","complete","100","","","","","","","","no","","",""
"8","dog-breeds","Dog Breeds","/dog-breeds/spinone-italiano/","Spinone Italiano","Medium-low","280","833","complete","100","","","","","","","","no","","",""
"8","dog-breeds","Dog Breeds","/dog-breeds/stabyhoun/","Stabyhoun","Medium-low","280","703","complete","100","","","","","","","","no","","",""
"8","dog-breeds","Dog Breeds","/dog-breeds/staffordshire-bull-terrier/","Staffordshire Bull Terrier","Medium-low","280","689","complete","100","","","","","","","","no","","",""
"8","dog-breeds","Dog Breeds","/dog-breeds/standard-schnauzer/","Standard Schnauzer","Medium-low","280","690","complete","100","","","","","","","","no","","",""
"8","dog-breeds","Dog Breeds","/dog-breeds/sussex-spaniel/","Sussex Spaniel","Medium-low","280","686","complete","100","","","","","","","","no","","",""
"8","dog-breeds","Dog Breeds","/dog-breeds/swedish-lapphund/","Swedish Lapphund","Medium-low","280","693","complete","100","","","","","","","","no","","",""
"8","dog-breeds","Dog Breeds","/dog-breeds/swedish-vallhund/","Swedish Vallhund","Medium-low","280","725","complete","100","","","","","","","","no","","",""
"8","dog-breeds","Dog Breeds","/dog-breeds/taiwan-dog/","Taiwan Dog","Medium-low","280","674","complete","100","","","","","","","","no","","",""
"8","dog-breeds","Dog Breeds","/dog-breeds/teddy-roosevelt-terrier/","Teddy Roosevelt Terrier","Medium-low","280","739","complete","100","","","","","","","","no","","",""
"8","dog-breeds","Dog Breeds","/dog-breeds/thai-ridgeback/","Thai Ridgeback","Medium-low","280","695","complete","100","","","","","","","","no","","",""
"8","dog-breeds","Dog Breeds","/dog-breeds/tibetan-mastiff/","Tibetan Mastiff","Medium-low","280","748","complete","100","","","","","","","","no","","",""
"8","dog-breeds","Dog Breeds","/dog-breeds/tibetan-spaniel/","Tibetan Spaniel","Medium-low","280","710","complete","100","","","","","","","","no","","",""
"8","dog-breeds","Dog Breeds","/dog-breeds/tibetan-terrier/","Tibetan Terrier","Medium-low","280","699","complete","100","","","","","","","","no","","",""
"8","dog-breeds","Dog Breeds","/dog-breeds/tornjak/","Tornjak","Medium-low","280","745","complete","100","","","","","","","","no","","",""
"8","dog-breeds","Dog Breeds","/dog-breeds/tosa/","Tosa","Medium-low","280","768","complete","100","","","","","","","","no","","",""
"8","dog-breeds","Dog Breeds","/dog-breeds/toy-fox-terrier/","Toy Fox Terrier","Medium-low","280","746","complete","100","","","","","","","","no","","",""
"8","dog-breeds","Dog Breeds","/dog-breeds/transylvanian-hound/","Transylvanian Hound","Medium-low","280","733","complete","100","","","","","","","","no","","",""
"8","dog-breeds","Dog Breeds","/dog-breeds/treeing-tennessee-brindle/","Treeing Tennessee Brindle","Medium-low","280","703","complete","100","","","","","","","","no","","",""
"8","dog-breeds","Dog Breeds","/dog-breeds/treeing-walker-coonhound/","Treeing Walker Coonhound","Medium-low","280","721","complete","100","","","","","","","","no","","",""
"8","dog-breeds","Dog Breeds","/dog-breeds/vizsla/","Vizsla","Medium-low","280","680","complete","100","","","","","","","","no","","",""
"8","dog-breeds","Dog Breeds","/dog-breeds/volpino-italiano/","Volpino Italiano","Medium-low","280","749","complete","100","","","","","","","","no","","",""
"8","dog-breeds","Dog Breeds","/dog-breeds/weimaraner/","Weimaraner","Medium-low","280","897","complete","100","","","","","","","","no","","",""
"8","dog-breeds","Dog Breeds","/dog-breeds/welsh-springer-spaniel/","Welsh Springer Spaniel","Medium-low","280","759","complete","100","","","","","","","","no","","",""
"8","dog-breeds","Dog Breeds","/dog-breeds/welsh-terrier/","Welsh Terrier","Medium-low","280","742","complete","100","","","","","","","","no","","",""
"8","dog-breeds","Dog Breeds","/dog-breeds/west-highland-white-terrier/","West Highland White Terrier","Medium-low","280","750","complete","100","","","","","","","","no","","",""
"8","dog-breeds","Dog Breeds","/dog-breeds/whippet/","Whippet","Medium-low","280","686","complete","100","","","","","","","","no","","",""
"8","dog-breeds","Dog Breeds","/dog-breeds/white-shepherd/","White Shepherd","Medium-low","280","817","complete","100","","","","","","","","no","","",""
"8","dog-breeds","Dog Breeds","/dog-breeds/wire-fox-terrier/","Wire Fox Terrier","Medium-low","280","782","complete","100","","","","","","","","no","","",""
"8","dog-breeds","Dog Breeds","/dog-breeds/wirehaired-pointing-griffon/","Wirehaired Pointing Griffon","Medium-low","280","751","complete","100","","","","","","","","no","","",""
"8","dog-breeds","Dog Breeds","/dog-breeds/wirehaired-vizsla/","Wirehaired Vizsla","Medium-low","280","726","complete","100","","","","","","","","no","","",""
"8","dog-breeds","Dog Breeds","/dog-breeds/working-kelpie/","Working Kelpie","Medium-low","280","751","complete","100","","","","","","","","no","","",""
"8","dog-breeds","Dog Breeds","/dog-breeds/xoloitzcuintli/","Xoloitzcuintli","Medium-low","280","770","complete","100","","","","","","","","no","","",""
"8","dog-breeds","Dog Breeds","/dog-breeds/yakutian-laika/","Yakutian Laika","Medium-low","280","759","complete","100","","","","","","","","no","","",""
"8","dog-breeds","Dog Breeds","/dog-breeds/yorkshire-terrier/","Yorkshire Terrier","Medium-low","280","700","complete","100","","","","","","","","no","","",""
