tier,workstream,imagePlan,status,section,contentType,name,route,canonicalUrl,province,city,priorityScore,qualityCompletionScore,wordCount,thinThreshold,stale,reviewAgeDays,missingSourceUrl,sourceUrl,missingFields,missingInternalLinks,dataQualityFlags,canonicalRiskType,issueClassifications,researchStatus,validationStatus,seoStatus,imageStatus,publishStatus
T1-source-research,city-guide,original-location-context,queued,dog-park-locations,City Pages,Laval,/dog-parks/laval/,https://leashfree.ca/dog-parks/laval/,Quebec,,110,64,364,450,true,314,true,,rules | officialSource | reviewedOn | parkListingGrid,,,,needs-source-research | needs-content-expansion | needs-human-review,not-started,not-started,not-started,not-started,not-started
T1-source-research,city-guide,original-location-context,queued,dog-park-locations,City Pages,Estevan,/dog-parks/estevan/,https://leashfree.ca/dog-parks/estevan/,Saskatchewan,,110,64,377,450,true,314,true,,rules | officialSource | reviewedOn | parkListingGrid,,,,needs-source-research | needs-content-expansion | needs-human-review,not-started,not-started,not-started,not-started,not-started
T1-source-research,city-guide,original-location-context,queued,dog-park-locations,City Pages,Melfort,/dog-parks/melfort/,https://leashfree.ca/dog-parks/melfort/,Saskatchewan,,107,73,299,450,true,314,true,,rules | officialSource | reviewedOn,,,,needs-source-research | needs-content-expansion | needs-human-review,not-started,not-started,not-started,not-started,not-started
T1-source-research,city-guide,original-location-context,queued,dog-park-locations,City Pages,Weyburn,/dog-parks/weyburn/,https://leashfree.ca/dog-parks/weyburn/,Saskatchewan,,107,73,320,450,true,314,true,,rules | officialSource | reviewedOn,,,,needs-source-research | needs-content-expansion | needs-human-review,not-started,not-started,not-started,not-started,not-started
T1-source-research,city-guide,original-location-context,queued,dog-park-locations,City Pages,Amherst,/dog-parks/amherst/,https://leashfree.ca/dog-parks/amherst/,Nova Scotia,,107,73,323,450,true,314,true,,officialSource | reviewedOn | parkListingGrid,,,,needs-source-research | needs-content-expansion | needs-human-review,not-started,not-started,not-started,not-started,not-started
T1-source-research,city-guide,original-location-context,queued,dog-park-locations,City Pages,Prince Albert,/dog-parks/prince-albert/,https://leashfree.ca/dog-parks/prince-albert/,Saskatchewan,,107,73,325,450,true,314,true,,rules | officialSource | reviewedOn,,,,needs-source-research | needs-content-expansion | needs-human-review,not-started,not-started,not-started,not-started,not-started
T1-source-research,city-guide,original-location-context,queued,dog-park-locations,City Pages,Nipawin,/dog-parks/nipawin/,https://leashfree.ca/dog-parks/nipawin/,Saskatchewan,,107,73,336,450,true,314,true,,rules | officialSource | reviewedOn,,,,needs-source-research | needs-content-expansion | needs-human-review,not-started,not-started,not-started,not-started,not-started
T1-source-research,city-guide,original-location-context,queued,dog-park-locations,City Pages,North Battleford,/dog-parks/north-battleford/,https://leashfree.ca/dog-parks/north-battleford/,Saskatchewan,,107,73,338,450,true,314,true,,rules | officialSource | reviewedOn,,,,needs-source-research | needs-content-expansion | needs-human-review,not-started,not-started,not-started,not-started,not-started
T1-source-research,city-guide,original-location-context,queued,dog-park-locations,City Pages,Melville,/dog-parks/melville/,https://leashfree.ca/dog-parks/melville/,Saskatchewan,,107,73,354,450,true,314,true,,rules | officialSource | reviewedOn,,,,needs-source-research | needs-content-expansion | needs-human-review,not-started,not-started,not-started,not-started,not-started
T1-source-research,city-guide,original-location-context,queued,dog-park-locations,City Pages,Warman,/dog-parks/warman/,https://leashfree.ca/dog-parks/warman/,Saskatchewan,,107,73,357,450,true,314,true,,rules | officialSource | reviewedOn,,,,needs-source-research | needs-content-expansion | needs-human-review,not-started,not-started,not-started,not-started,not-started
T1-source-research,city-guide,original-location-context,queued,dog-park-locations,City Pages,Courtice,/dog-parks/courtice/,https://leashfree.ca/dog-parks/courtice/,Ontario,,107,73,359,450,true,314,true,,rules | officialSource | reviewedOn,,,,needs-source-research | needs-content-expansion | needs-human-review,not-started,not-started,not-started,not-started,not-started
T1-source-research,city-guide,original-location-context,queued,dog-park-locations,City Pages,Steinbach,/dog-parks/steinbach/,https://leashfree.ca/dog-parks/steinbach/,Manitoba,,107,73,364,450,true,314,true,,rules | officialSource | reviewedOn,,,,needs-source-research | needs-content-expansion | needs-human-review,not-started,not-started,not-started,not-started,not-started
T1-source-research,city-guide,original-location-context,queued,dog-park-locations,City Pages,Stouffville,/dog-parks/stouffville/,https://leashfree.ca/dog-parks/stouffville/,Ontario,,107,73,367,450,true,268,true,,officialSource | reviewedOn | parkListingGrid,,,,needs-source-research | needs-content-expansion | needs-human-review,not-started,not-started,not-started,not-started,not-started
T1-source-research,city-guide,original-location-context,queued,dog-park-locations,City Pages,Morden,/dog-parks/morden/,https://leashfree.ca/dog-parks/morden/,Manitoba,,107,73,372,450,true,314,true,,rules | officialSource | reviewedOn,,,,needs-source-research | needs-content-expansion | needs-human-review,not-started,not-started,not-started,not-started,not-started
T1-source-research,city-guide,original-location-context,queued,dog-park-locations,City Pages,Quebec City,/dog-parks/quebec-city/,https://leashfree.ca/dog-parks/quebec-city/,Quebec,,107,73,375,450,true,314,true,,rules | officialSource | reviewedOn,,,,needs-source-research | needs-content-expansion | needs-human-review,not-started,not-started,not-started,not-started,not-started
T1-source-research,city-guide,original-location-context,queued,dog-park-locations,City Pages,Montreal,/dog-parks/montreal/,https://leashfree.ca/dog-parks/montreal/,Quebec,,107,73,378,450,true,314,true,,seasonalTips | officialSource | reviewedOn,,,,needs-source-research | needs-content-expansion | needs-human-review,not-started,not-started,not-started,not-started,not-started
T1-source-research,city-guide,original-location-context,queued,dog-park-locations,City Pages,Yarmouth,/dog-parks/yarmouth/,https://leashfree.ca/dog-parks/yarmouth/,Nova Scotia,,107,73,379,450,true,314,true,,officialSource | reviewedOn | parkListingGrid,,,,needs-source-research | needs-content-expansion | needs-human-review,not-started,not-started,not-started,not-started,not-started
T1-source-research,city-guide,original-location-context,queued,dog-park-locations,City Pages,Thompson,/dog-parks/thompson/,https://leashfree.ca/dog-parks/thompson/,Manitoba,,107,73,383,450,true,314,true,,rules | officialSource | reviewedOn,,,,needs-source-research | needs-content-expansion | needs-human-review,not-started,not-started,not-started,not-started,not-started
T1-source-research,city-guide,original-location-context,queued,dog-park-locations,City Pages,Belleville,/dog-parks/belleville/,https://leashfree.ca/dog-parks/belleville/,Ontario,,107,73,384,450,true,314,true,,rules | officialSource | reviewedOn,,,,needs-source-research | needs-content-expansion | needs-human-review,not-started,not-started,not-started,not-started,not-started
T1-source-research,city-guide,original-location-context,queued,dog-park-locations,City Pages,Selkirk,/dog-parks/selkirk/,https://leashfree.ca/dog-parks/selkirk/,Manitoba,,107,73,384,450,true,314,true,,rules | officialSource | reviewedOn,,,,needs-source-research | needs-content-expansion | needs-human-review,not-started,not-started,not-started,not-started,not-started
T1-source-research,city-guide,original-location-context,queued,dog-park-locations,City Pages,Campbellford,/dog-parks/campbellford/,https://leashfree.ca/dog-parks/campbellford/,Ontario,,107,73,389,450,true,314,true,,rules | officialSource | reviewedOn,,,,needs-source-research | needs-content-expansion | needs-human-review,not-started,not-started,not-started,not-started,not-started
T1-source-research,city-guide,original-location-context,queued,dog-park-locations,City Pages,Brampton,/dog-parks/brampton/,https://leashfree.ca/dog-parks/brampton/,Ontario,,107,73,394,450,true,314,true,,rules | officialSource | reviewedOn,,,,needs-source-research | needs-content-expansion | needs-human-review,not-started,not-started,not-started,not-started,not-started
T1-source-research,city-guide,original-location-context,queued,dog-park-locations,City Pages,Portage la Prairie,/dog-parks/portage-la-prairie/,https://leashfree.ca/dog-parks/portage-la-prairie/,Manitoba,,107,73,394,450,true,314,true,,rules | officialSource | reviewedOn,,,,needs-source-research | needs-content-expansion | needs-human-review,not-started,not-started,not-started,not-started,not-started
T1-source-research,city-guide,original-location-context,queued,dog-park-locations,City Pages,Swift Current,/dog-parks/swift-current/,https://leashfree.ca/dog-parks/swift-current/,Saskatchewan,,107,73,394,450,true,314,true,,rules | officialSource | reviewedOn,,,,needs-source-research | needs-content-expansion | needs-human-review,not-started,not-started,not-started,not-started,not-started
T1-source-research,city-guide,original-location-context,queued,dog-park-locations,City Pages,Grimsby,/dog-parks/grimsby/,https://leashfree.ca/dog-parks/grimsby/,Ontario,,107,73,396,450,true,314,true,,rules | officialSource | reviewedOn,,,,needs-source-research | needs-content-expansion | needs-human-review,not-started,not-started,not-started,not-started,not-started
T1-source-research,city-guide,original-location-context,queued,dog-park-locations,City Pages,Niagara Falls,/dog-parks/niagara-falls/,https://leashfree.ca/dog-parks/niagara-falls/,Ontario,,107,73,396,450,true,314,true,,rules | officialSource | reviewedOn,,,,needs-source-research | needs-content-expansion | needs-human-review,not-started,not-started,not-started,not-started,not-started
T1-source-research,city-guide,original-location-context,queued,dog-park-locations,City Pages,Grande Prairie,/dog-parks/grande-prairie/,https://leashfree.ca/dog-parks/grande-prairie/,Alberta,,107,73,398,450,true,314,true,,rules | officialSource | reviewedOn,,,,needs-source-research | needs-content-expansion | needs-human-review,not-started,not-started,not-started,not-started,not-started
T1-source-research,city-guide,original-location-context,queued,dog-park-locations,City Pages,Woodstock,/dog-parks/woodstock/,https://leashfree.ca/dog-parks/woodstock/,Ontario,,107,73,398,450,true,314,true,,rules | officialSource | reviewedOn,,,,needs-source-research | needs-content-expansion | needs-human-review,not-started,not-started,not-started,not-started,not-started
T1-source-research,city-guide,original-location-context,queued,dog-park-locations,City Pages,Milton,/dog-parks/milton/,https://leashfree.ca/dog-parks/milton/,Ontario,,107,73,399,450,true,314,true,,rules | officialSource | reviewedOn,,,,needs-source-research | needs-content-expansion | needs-human-review,not-started,not-started,not-started,not-started,not-started
T1-source-research,city-guide,original-location-context,queued,dog-park-locations,City Pages,Saskatoon,/dog-parks/saskatoon/,https://leashfree.ca/dog-parks/saskatoon/,Saskatchewan,,107,73,400,450,true,314,true,,rules | officialSource | reviewedOn,,,,needs-source-research | needs-content-expansion | needs-human-review,not-started,not-started,not-started,not-started,not-started
T1-source-research,city-guide,original-location-context,queued,dog-park-locations,City Pages,Ladysmith,/dog-parks/ladysmith/,https://leashfree.ca/dog-parks/ladysmith/,British Columbia,,107,73,402,450,true,314,true,,rules | officialSource | reviewedOn,,,,needs-source-research | needs-content-expansion | needs-human-review,not-started,not-started,not-started,not-started,not-started
T1-source-research,city-guide,original-location-context,queued,dog-park-locations,City Pages,Moose Jaw,/dog-parks/moose-jaw/,https://leashfree.ca/dog-parks/moose-jaw/,Saskatchewan,,107,73,402,450,true,314,true,,rules | officialSource | reviewedOn,,,,needs-source-research | needs-content-expansion | needs-human-review,not-started,not-started,not-started,not-started,not-started
T1-source-research,city-guide,original-location-context,queued,dog-park-locations,City Pages,Regina,/dog-parks/regina/,https://leashfree.ca/dog-parks/regina/,Saskatchewan,,107,73,402,450,true,314,true,,rules | officialSource | reviewedOn,,,,needs-source-research | needs-content-expansion | needs-human-review,not-started,not-started,not-started,not-started,not-started
T1-source-research,city-guide,original-location-context,queued,dog-park-locations,City Pages,Oshawa,/dog-parks/oshawa/,https://leashfree.ca/dog-parks/oshawa/,Ontario,,107,73,404,450,true,314,true,,rules | officialSource | reviewedOn,,,,needs-source-research | needs-content-expansion | needs-human-review,not-started,not-started,not-started,not-started,not-started
T1-source-research,city-guide,original-location-context,queued,dog-park-locations,City Pages,Medicine Hat,/dog-parks/medicine-hat/,https://leashfree.ca/dog-parks/medicine-hat/,Alberta,,107,73,409,450,true,314,true,,rules | officialSource | reviewedOn,,,,needs-source-research | needs-content-expansion | needs-human-review,not-started,not-started,not-started,not-started,not-started
T1-source-research,city-guide,original-location-context,queued,dog-park-locations,City Pages,Gimli,/dog-parks/gimli/,https://leashfree.ca/dog-parks/gimli/,Manitoba,,107,73,411,450,true,314,true,,rules | officialSource | reviewedOn,,,,needs-source-research | needs-content-expansion | needs-human-review,not-started,not-started,not-started,not-started,not-started
T1-source-research,city-guide,original-location-context,queued,dog-park-locations,City Pages,Halton Hills,/dog-parks/halton-hills-dog-parks/,https://leashfree.ca/dog-parks/halton-hills-dog-parks/,Ontario,,107,73,411,450,true,314,true,,rules | officialSource | reviewedOn,,,,needs-source-research | needs-content-expansion | needs-human-review,not-started,not-started,not-started,not-started,not-started
T1-source-research,city-guide,original-location-context,queued,dog-park-locations,City Pages,Hamilton,/dog-parks/hamilton/,https://leashfree.ca/dog-parks/hamilton/,Ontario,,107,73,412,450,true,314,true,,rules | officialSource | reviewedOn,,,,needs-source-research | needs-content-expansion | needs-human-review,not-started,not-started,not-started,not-started,not-started
T1-source-research,city-guide,original-location-context,queued,dog-park-locations,City Pages,Coquitlam,/dog-parks/coquitlam/,https://leashfree.ca/dog-parks/coquitlam/,British Columbia,,107,73,413,450,true,314,true,,rules | officialSource | reviewedOn,,,,needs-source-research | needs-content-expansion | needs-human-review,not-started,not-started,not-started,not-started,not-started
T1-source-research,city-guide,original-location-context,queued,dog-park-locations,City Pages,Winnipeg,/dog-parks/winnipeg/,https://leashfree.ca/dog-parks/winnipeg/,Manitoba,,107,73,418,450,true,314,true,,rules | officialSource | reviewedOn,,,,needs-source-research | needs-content-expansion | needs-human-review,not-started,not-started,not-started,not-started,not-started
T1-source-research,city-guide,original-location-context,queued,dog-park-locations,City Pages,Burnaby,/dog-parks/burnaby/,https://leashfree.ca/dog-parks/burnaby/,British Columbia,,107,73,419,450,true,314,true,,rules | officialSource | reviewedOn,,,,needs-source-research | needs-content-expansion | needs-human-review,not-started,not-started,not-started,not-started,not-started
T1-source-research,city-guide,original-location-context,queued,dog-park-locations,City Pages,Red Deer,/dog-parks/red-deer/,https://leashfree.ca/dog-parks/red-deer/,Alberta,,107,73,420,450,true,314,true,,rules | officialSource | reviewedOn,,,,needs-source-research | needs-content-expansion | needs-human-review,not-started,not-started,not-started,not-started,not-started
T1-source-research,city-guide,original-location-context,queued,dog-park-locations,City Pages,Nelson,/dog-parks/nelson/,https://leashfree.ca/dog-parks/nelson/,British Columbia,,107,73,421,450,true,314,true,,rules | officialSource | reviewedOn,,,,needs-source-research | needs-content-expansion | needs-human-review,not-started,not-started,not-started,not-started,not-started
T1-source-research,city-guide,original-location-context,queued,dog-park-locations,City Pages,Etobicoke,/dog-parks/etobicoke/,https://leashfree.ca/dog-parks/etobicoke/,Ontario,,107,73,423,450,true,314,true,,rules | officialSource | reviewedOn,,,,needs-source-research | needs-content-expansion | needs-human-review,not-started,not-started,not-started,not-started,not-started
T1-source-research,city-guide,original-location-context,queued,dog-park-locations,City Pages,Guelph,/dog-parks/guelph/,https://leashfree.ca/dog-parks/guelph/,Ontario,,107,73,423,450,true,314,true,,rules | officialSource | reviewedOn,,,,needs-source-research | needs-content-expansion | needs-human-review,not-started,not-started,not-started,not-started,not-started
T1-source-research,city-guide,original-location-context,queued,dog-park-locations,City Pages,St. Albert,/dog-parks/st-albert/,https://leashfree.ca/dog-parks/st-albert/,Alberta,,107,73,424,450,true,314,true,,rules | officialSource | reviewedOn,,,,needs-source-research | needs-content-expansion | needs-human-review,not-started,not-started,not-started,not-started,not-started
T1-source-research,city-guide,original-location-context,queued,dog-park-locations,City Pages,Brandon,/dog-parks/brandon/,https://leashfree.ca/dog-parks/brandon/,Manitoba,,107,73,425,450,true,314,true,,rules | officialSource | reviewedOn,,,,needs-source-research | needs-content-expansion | needs-human-review,not-started,not-started,not-started,not-started,not-started
T1-source-research,city-guide,original-location-context,queued,dog-park-locations,City Pages,New Westminster,/dog-parks/new-westminster/,https://leashfree.ca/dog-parks/new-westminster/,British Columbia,,107,73,426,450,true,314,true,,rules | officialSource | reviewedOn,,,,needs-source-research | needs-content-expansion | needs-human-review,not-started,not-started,not-started,not-started,not-started
T1-source-research,city-guide,original-location-context,queued,dog-park-locations,City Pages,Victoria,/dog-parks/victoria/,https://leashfree.ca/dog-parks/victoria/,British Columbia,,107,73,426,450,true,314,true,,rules | officialSource | reviewedOn,,,,needs-source-research | needs-content-expansion | needs-human-review,not-started,not-started,not-started,not-started,not-started
T1-source-research,city-guide,original-location-context,queued,dog-park-locations,City Pages,White Rock,/dog-parks/white-rock/,https://leashfree.ca/dog-parks/white-rock/,British Columbia,,107,73,427,450,true,314,true,,rules | officialSource | reviewedOn,,,,needs-source-research | needs-content-expansion | needs-human-review,not-started,not-started,not-started,not-started,not-started
T1-source-research,city-guide,original-location-context,queued,dog-park-locations,City Pages,Edmonton,/dog-parks/edmonton/,https://leashfree.ca/dog-parks/edmonton/,Alberta,,107,73,429,450,true,314,true,,rules | officialSource | reviewedOn,,,,needs-source-research | needs-content-expansion | needs-human-review,not-started,not-started,not-started,not-started,not-started
T1-source-research,city-guide,original-location-context,queued,dog-park-locations,City Pages,Lethbridge,/dog-parks/lethbridge/,https://leashfree.ca/dog-parks/lethbridge/,Alberta,,107,73,430,450,true,314,true,,rules | officialSource | reviewedOn,,,,needs-source-research | needs-content-expansion | needs-human-review,not-started,not-started,not-started,not-started,not-started
T1-source-research,city-guide,original-location-context,queued,dog-park-locations,City Pages,Barrie,/dog-parks/barrie/,https://leashfree.ca/dog-parks/barrie/,Ontario,,107,73,435,450,true,314,true,,rules | officialSource | reviewedOn,,,,needs-source-research | needs-content-expansion | needs-human-review,not-started,not-started,not-started,not-started,not-started
T1-source-research,city-guide,original-location-context,queued,dog-park-locations,City Pages,Surrey,/dog-parks/surrey/,https://leashfree.ca/dog-parks/surrey/,British Columbia,,107,73,437,450,true,314,true,,rules | officialSource | reviewedOn,,,,needs-source-research | needs-content-expansion | needs-human-review,not-started,not-started,not-started,not-started,not-started
T1-source-research,city-guide,original-location-context,queued,dog-park-locations,City Pages,Tiny,/dog-parks/tiny/,https://leashfree.ca/dog-parks/tiny/,Ontario,,107,73,440,450,true,314,true,,rules | officialSource | reviewedOn,,,,needs-source-research | needs-content-expansion | needs-human-review,not-started,not-started,not-started,not-started,not-started
T1-source-research,city-guide,original-location-context,queued,dog-park-locations,City Pages,Quinte West,/dog-parks/quinte-west/,https://leashfree.ca/dog-parks/quinte-west/,Ontario,,107,73,441,450,true,314,true,,rules | officialSource | reviewedOn,,,,needs-source-research | needs-content-expansion | needs-human-review,not-started,not-started,not-started,not-started,not-started
T1-source-research,city-guide,original-location-context,queued,dog-park-locations,City Pages,Restoule,/dog-parks/restoule/,https://leashfree.ca/dog-parks/restoule/,Ontario,,107,73,441,450,true,314,true,,rules | officialSource | reviewedOn,,,,needs-source-research | needs-content-expansion | needs-human-review,not-started,not-started,not-started,not-started,not-started
T1-source-research,city-guide,original-location-context,queued,dog-park-locations,City Pages,Kentville,/dog-parks/kentville/,https://leashfree.ca/dog-parks/kentville/,Nova Scotia,,104,82,336,450,true,314,true,,officialSource | reviewedOn,,,,needs-source-research | needs-content-expansion | needs-human-review,not-started,not-started,not-started,not-started,not-started
T1-source-research,city-guide,original-location-context,queued,dog-park-locations,City Pages,Sydney,/dog-parks/sydney/,https://leashfree.ca/dog-parks/sydney/,Nova Scotia,,104,82,360,450,true,314,true,,officialSource | reviewedOn,,,,needs-source-research | needs-content-expansion | needs-human-review,not-started,not-started,not-started,not-started,not-started
T1-source-research,city-guide,original-location-context,queued,dog-park-locations,City Pages,Bridgewater,/dog-parks/bridgewater/,https://leashfree.ca/dog-parks/bridgewater/,Nova Scotia,,104,82,387,450,true,314,true,,officialSource | reviewedOn,,,,needs-source-research | needs-content-expansion | needs-human-review,not-started,not-started,not-started,not-started,not-started
T1-source-research,city-guide,original-location-context,queued,dog-park-locations,City Pages,Truro,/dog-parks/truro/,https://leashfree.ca/dog-parks/truro/,Nova Scotia,,104,82,395,450,true,314,true,,officialSource | reviewedOn,,,,needs-source-research | needs-content-expansion | needs-human-review,not-started,not-started,not-started,not-started,not-started
T1-source-research,city-guide,original-location-context,queued,dog-park-locations,City Pages,London,/dog-parks/london/,https://leashfree.ca/dog-parks/london/,Ontario,,104,82,444,450,true,285,true,,officialSource | reviewedOn,,,,needs-source-research | needs-content-expansion | needs-human-review,not-started,not-started,not-started,not-started,not-started
T1-source-research,park-profile,rights-gated-park-photo-or-independent-original,queued,dog-parks,Dog Parks,Rushdale Park,/dog-parks/rushdale-park/,https://leashfree.ca/dog-parks/rushdale-park/,Ontario,Hamilton,103,79,100,180,true,400,true,,latitude | longitude | officialSource | reviewedOn,,,,needs-source-research | needs-content-expansion | needs-human-review,not-started,not-started,not-started,not-started,not-started
T1-source-research,park-profile,rights-gated-park-photo-or-independent-original,queued,dog-parks,Dog Parks,Apollo Crater Park,/dog-parks/apollo-crater-park/,https://leashfree.ca/dog-parks/apollo-crater-park/,Ontario,Ottawa,99,89,86,180,true,390,true,,officialSource | reviewedOn,,,,needs-source-research | needs-content-expansion | needs-human-review,not-started,not-started,not-started,not-started,not-started
T2-high-value-expansion,park-profile,rights-gated-park-photo-or-independent-original,queued,dog-parks,Dog Parks,Queensland Off-Leash Area,/dog-parks/queensland-off-leash-area/,https://leashfree.ca/dog-parks/queensland-off-leash-area/,Alberta,Calgary,83,79,96,180,true,414,false,https://www.calgary.ca/parks/off-leash-locations.html,latitude | longitude | shade | reviewedOn,,,,needs-content-expansion | needs-human-review,not-started,not-started,not-started,not-started,not-started
T2-high-value-expansion,park-profile,rights-gated-park-photo-or-independent-original,queued,dog-parks,Dog Parks,Seton Off-Leash Area,/dog-parks/seton-off-leash-area/,https://leashfree.ca/dog-parks/seton-off-leash-area/,Alberta,Calgary,83,79,97,180,true,414,false,https://www.calgary.ca/parks/off-leash-locations.html,latitude | longitude | shade | reviewedOn,,,,needs-content-expansion | needs-human-review,not-started,not-started,not-started,not-started,not-started
T2-high-value-expansion,park-profile,rights-gated-park-photo-or-independent-original,queued,dog-parks,Dog Parks,Rowcliffe Park,/dog-parks/rowcliffe-park-kelowna/,https://leashfree.ca/dog-parks/rowcliffe-park-kelowna/,British Columbia,Kelowna,81,84,72,180,true,372,false,https://www.kelowna.ca/parks-recreation,water | rules | reviewedOn,,,,needs-content-expansion | needs-human-review,not-started,not-started,not-started,not-started,not-started
T2-high-value-expansion,park-profile,rights-gated-park-photo-or-independent-original,queued,dog-parks,Dog Parks,Ellison Dog Park,/dog-parks/ellison-dog-park-kelowna/,https://leashfree.ca/dog-parks/ellison-dog-park-kelowna/,British Columbia,Kelowna,81,84,74,180,true,372,false,https://www.kelowna.ca/parks-recreation,water | rules | reviewedOn,,,,needs-content-expansion | needs-human-review,not-started,not-started,not-started,not-started,not-started
T2-high-value-expansion,park-profile,rights-gated-park-photo-or-independent-original,queued,dog-parks,Dog Parks,Melville Dog Park,/dog-parks/melville-dog-park/,https://leashfree.ca/dog-parks/melville-dog-park/,Saskatchewan,Melville,81,84,79,180,true,372,false,https://melville.ca,water | rules | reviewedOn,,,,needs-content-expansion | needs-human-review,not-started,not-started,not-started,not-started,not-started
T2-high-value-expansion,park-profile,rights-gated-park-photo-or-independent-original,queued,dog-parks,Dog Parks,Mill Creek Ravine South Off-Leash Area,/dog-parks/mill-creek-ravine-south-off-leash/,https://leashfree.ca/dog-parks/mill-creek-ravine-south-off-leash/,Alberta,Edmonton,81,84,82,180,true,372,false,https://www.edmonton.ca/activities_parks_recreation/parks_dog_off_leash,water | rules | reviewedOn,,,,needs-content-expansion | needs-human-review,not-started,not-started,not-started,not-started,not-started
T2-high-value-expansion,park-profile,rights-gated-park-photo-or-independent-original,queued,dog-parks,Dog Parks,Cedar Creek Park,/dog-parks/cedar-creek-park-kelowna/,https://leashfree.ca/dog-parks/cedar-creek-park-kelowna/,British Columbia,Kelowna,81,84,83,180,true,372,false,https://www.kelowna.ca/parks-recreation,water | rules | reviewedOn,,,,needs-content-expansion | needs-human-review,not-started,not-started,not-started,not-started,not-started
T2-high-value-expansion,park-profile,rights-gated-park-photo-or-independent-original,queued,dog-parks,Dog Parks,Buena Vista Park Off-Leash Dog Park,/dog-parks/buena-vista-park-off-leash-dog-park/,https://leashfree.ca/dog-parks/buena-vista-park-off-leash-dog-park/,Alberta,Edmonton,81,84,87,180,true,372,false,https://www.edmonton.ca/activities_parks_recreation/parks_dog_off_leash,water | rules | reviewedOn,,,,needs-content-expansion | needs-human-review,not-started,not-started,not-started,not-started,not-started
T2-high-value-expansion,park-profile,rights-gated-park-photo-or-independent-original,queued,dog-parks,Dog Parks,Warman Off-Leash Dog Park,/dog-parks/warman-off-leash-dog-park/,https://leashfree.ca/dog-parks/warman-off-leash-dog-park/,Saskatchewan,Warman,81,84,87,180,true,372,false,https://warman.ca,water | rules | reviewedOn,,,,needs-content-expansion | needs-human-review,not-started,not-started,not-started,not-started,not-started
T2-high-value-expansion,park-profile,rights-gated-park-photo-or-independent-original,queued,dog-parks,Dog Parks,Swift Current Off-Leash Dog Park,/dog-parks/swift-current-off-leash-dog-park/,https://leashfree.ca/dog-parks/swift-current-off-leash-dog-park/,Saskatchewan,Swift Current,81,84,92,180,true,372,false,https://www.swiftcurrent.ca,water | rules | reviewedOn,,,,needs-content-expansion | needs-human-review,not-started,not-started,not-started,not-started,not-started
T2-high-value-expansion,park-profile,rights-gated-park-photo-or-independent-original,queued,dog-parks,Dog Parks,Terwillegar Off-Leash Dog Park,/dog-parks/terwillegar-off-leash-dog-park/,https://leashfree.ca/dog-parks/terwillegar-off-leash-dog-park/,Alberta,Edmonton,81,84,92,180,true,372,false,https://www.edmonton.ca/activities_parks_recreation/parks_dog_off_leash,water | rules | reviewedOn,,,,needs-content-expansion | needs-human-review,not-started,not-started,not-started,not-started,not-started
T2-high-value-expansion,park-profile,rights-gated-park-photo-or-independent-original,queued,dog-parks,Dog Parks,Idlewood Park,/dog-parks/idlewood-park/,https://leashfree.ca/dog-parks/idlewood-park/,Ontario,Kitchener,81,84,96,180,true,393,false,https://www.kitchener.ca/en/things-to-do/dog-parks.aspx,latitude | longitude | reviewedOn,,,,needs-content-expansion | needs-human-review,not-started,not-started,not-started,not-started,not-started
T2-high-value-expansion,park-profile,rights-gated-park-photo-or-independent-original,queued,dog-parks,Dog Parks,Chilliwack Community Forest,/dog-parks/chilliwack-community-forest/,https://leashfree.ca/dog-parks/chilliwack-community-forest/,British Columbia,Chilliwack,79,89,68,180,true,373,false,https://www.chilliwack.com/main/page.cfm?id=945,rules | reviewedOn,,,,needs-content-expansion | needs-human-review,not-started,not-started,not-started,not-started,not-started
T2-high-value-expansion,park-profile,rights-gated-park-photo-or-independent-original,queued,dog-parks,Dog Parks,Barber Park,/dog-parks/barber-park-chilliwack/,https://leashfree.ca/dog-parks/barber-park-chilliwack/,British Columbia,Chilliwack,79,89,69,180,true,373,false,https://www.chilliwack.com/main/page.cfm?id=945,rules | reviewedOn,,,,needs-content-expansion | needs-human-review,not-started,not-started,not-started,not-started,not-started
T2-high-value-expansion,park-profile,rights-gated-park-photo-or-independent-original,queued,dog-parks,Dog Parks,Carmel Park,/dog-parks/carmel-park-chilliwack/,https://leashfree.ca/dog-parks/carmel-park-chilliwack/,British Columbia,Chilliwack,79,89,69,180,true,373,false,https://www.chilliwack.com/main/page.cfm?id=945,rules | reviewedOn,,,,needs-content-expansion | needs-human-review,not-started,not-started,not-started,not-started,not-started
T2-high-value-expansion,park-profile,rights-gated-park-photo-or-independent-original,queued,dog-parks,Dog Parks,David Gray Park,/dog-parks/david-gray-park-burnaby/,https://leashfree.ca/dog-parks/david-gray-park-burnaby/,British Columbia,Burnaby,79,89,69,180,true,372,false,https://www.burnaby.ca,rules | reviewedOn,,,,needs-content-expansion | needs-human-review,not-started,not-started,not-started,not-started,not-started
T2-high-value-expansion,park-profile,rights-gated-park-photo-or-independent-original,queued,dog-parks,Dog Parks,Harbourview Park,/dog-parks/harbourview-park/,https://leashfree.ca/dog-parks/harbourview-park/,British Columbia,Ladysmith,79,89,70,180,true,373,false,https://www.ladysmith.ca/our-services/parks-recreation/parks/,rules | reviewedOn,,,,needs-content-expansion | needs-human-review,not-started,not-started,not-started,not-started,not-started
T2-high-value-expansion,park-profile,rights-gated-park-photo-or-independent-original,queued,dog-parks,Dog Parks,Castle Park,/dog-parks/castle-park/,https://leashfree.ca/dog-parks/castle-park/,British Columbia,Coquitlam,79,89,71,180,true,373,false,https://www.coquitlam.ca/385/Dog-Parks,rules | reviewedOn,,,,needs-content-expansion | needs-human-review,not-started,not-started,not-started,not-started,not-started
T2-high-value-expansion,park-profile,rights-gated-park-photo-or-independent-original,queued,dog-parks,Dog Parks,Glen Park,/dog-parks/glen-park/,https://leashfree.ca/dog-parks/glen-park/,British Columbia,Coquitlam,79,89,71,180,true,373,false,https://www.coquitlam.ca/385/Dog-Parks,rules | reviewedOn,,,,needs-content-expansion | needs-human-review,not-started,not-started,not-started,not-started,not-started
T2-high-value-expansion,park-profile,rights-gated-park-photo-or-independent-original,queued,dog-parks,Dog Parks,Willingdon Heights Park,/dog-parks/willingdon-heights-park-burnaby/,https://leashfree.ca/dog-parks/willingdon-heights-park-burnaby/,British Columbia,Burnaby,79,89,71,180,true,372,false,https://www.burnaby.ca,rules | reviewedOn,,,,needs-content-expansion | needs-human-review,not-started,not-started,not-started,not-started,not-started
T2-high-value-expansion,park-profile,rights-gated-park-photo-or-independent-original,queued,dog-parks,Dog Parks,Alexander Park,/dog-parks/alexander-park-victoria/,https://leashfree.ca/dog-parks/alexander-park-victoria/,British Columbia,Victoria,79,89,72,180,true,372,false,https://www.victoria.ca,rules | reviewedOn,,,,needs-content-expansion | needs-human-review,not-started,not-started,not-started,not-started,not-started
T2-high-value-expansion,park-profile,rights-gated-park-photo-or-independent-original,queued,dog-parks,Dog Parks,Fairfield Park,/dog-parks/fairfield-park-chilliwack/,https://leashfree.ca/dog-parks/fairfield-park-chilliwack/,British Columbia,Chilliwack,79,89,72,180,true,373,false,https://www.chilliwack.com/main/page.cfm?id=945,rules | reviewedOn,,,,needs-content-expansion | needs-human-review,not-started,not-started,not-started,not-started,not-started
T2-high-value-expansion,park-profile,rights-gated-park-photo-or-independent-original,queued,dog-parks,Dog Parks,Gourlay-Janes Park,/dog-parks/gourlay-janes-park/,https://leashfree.ca/dog-parks/gourlay-janes-park/,British Columbia,Ladysmith,79,89,72,180,true,373,false,https://www.ladysmith.ca/our-services/parks-recreation/parks/,rules | reviewedOn,,,,needs-content-expansion | needs-human-review,not-started,not-started,not-started,not-started,not-started
T2-high-value-expansion,park-profile,rights-gated-park-photo-or-independent-original,queued,dog-parks,Dog Parks,Horovitz Park,/dog-parks/horovitz-park-cornwall/,https://leashfree.ca/dog-parks/horovitz-park-cornwall/,Ontario,Cornwall,79,89,72,180,true,373,false,https://www.cornwall.ca/en/play-here/parks-and-trails.aspx,rules | reviewedOn,,,,needs-content-expansion | needs-human-review,not-started,not-started,not-started,not-started,not-started
T2-high-value-expansion,park-profile,rights-gated-park-photo-or-independent-original,queued,dog-parks,Dog Parks,Balmoral Park,/dog-parks/balmoral-park-chilliwack/,https://leashfree.ca/dog-parks/balmoral-park-chilliwack/,British Columbia,Chilliwack,79,89,73,180,true,373,false,https://www.chilliwack.com/main/page.cfm?id=945,rules | reviewedOn,,,,needs-content-expansion | needs-human-review,not-started,not-started,not-started,not-started,not-started
T2-high-value-expansion,park-profile,rights-gated-park-photo-or-independent-original,queued,dog-parks,Dog Parks,Elliots Beach Park,/dog-parks/elliots-beach-park-ladysmith/,https://leashfree.ca/dog-parks/elliots-beach-park-ladysmith/,British Columbia,Ladysmith,79,89,73,180,true,373,false,https://www.ladysmith.ca/our-services/parks-recreation/parks/,rules | reviewedOn,,,,needs-content-expansion | needs-human-review,not-started,not-started,not-started,not-started,not-started
T2-high-value-expansion,park-profile,rights-gated-park-photo-or-independent-original,queued,dog-parks,Dog Parks,Gallinger Park,/dog-parks/gallinger-park-cornwall/,https://leashfree.ca/dog-parks/gallinger-park-cornwall/,Ontario,Cornwall,79,89,73,180,true,373,false,https://www.cornwall.ca/en/play-here/parks-and-trails.aspx,rules | reviewedOn,,,,needs-content-expansion | needs-human-review,not-started,not-started,not-started,not-started,not-started
T2-high-value-expansion,park-profile,rights-gated-park-photo-or-independent-original,queued,dog-parks,Dog Parks,Bearspaw Off-Leash Area,/dog-parks/bearspaw-off-leash-area/,https://leashfree.ca/dog-parks/bearspaw-off-leash-area/,Alberta,Edmonton,79,89,74,180,true,372,false,https://www.edmonton.ca/activities_parks_recreation/parks_dog_off_leash,rules | reviewedOn,,,,needs-content-expansion | needs-human-review,not-started,not-started,not-started,not-started,not-started
T2-high-value-expansion,park-profile,rights-gated-park-photo-or-independent-original,queued,dog-parks,Dog Parks,Dunmoore Park,/dog-parks/dunmoore-park-pickering/,https://leashfree.ca/dog-parks/dunmoore-park-pickering/,Ontario,Pickering,79,89,74,180,true,373,false,https://www.pickering.ca/en/discovering/parks.aspx,rules | reviewedOn,,,,needs-content-expansion | needs-human-review,not-started,not-started,not-started,not-started,not-started
T2-high-value-expansion,park-profile,rights-gated-park-photo-or-independent-original,queued,dog-parks,Dog Parks,Hermitage Park Off-Leash Area,/dog-parks/hermitage-park-off-leash-area/,https://leashfree.ca/dog-parks/hermitage-park-off-leash-area/,Alberta,Edmonton,79,89,74,180,true,372,false,https://www.edmonton.ca/activities_parks_recreation/parks_dog_off_leash,rules | reviewedOn,,,,needs-content-expansion | needs-human-review,not-started,not-started,not-started,not-started,not-started
T2-high-value-expansion,park-profile,rights-gated-park-photo-or-independent-original,queued,dog-parks,Dog Parks,Maccaud Park,/dog-parks/maccaud-park/,https://leashfree.ca/dog-parks/maccaud-park/,British Columbia,White Rock,79,89,74,180,true,372,false,https://www.whiterockcity.ca/Facilities/Facility/Details/Maccaud-Park-10,rules | reviewedOn,,,,needs-content-expansion | needs-human-review,not-started,not-started,not-started,not-started,not-started
T2-high-value-expansion,park-profile,rights-gated-park-photo-or-independent-original,queued,dog-parks,Dog Parks,Woodsworth Park,/dog-parks/woodsworth-park/,https://leashfree.ca/dog-parks/woodsworth-park/,Manitoba,Winnipeg,79,89,74,180,true,372,false,https://winnipeg.ca/publicworks/parksOpenSpace/OffLeashAreas/,rules | reviewedOn,,,,needs-content-expansion | needs-human-review,not-started,not-started,not-started,not-started,not-started
T2-high-value-expansion,park-profile,rights-gated-park-photo-or-independent-original,queued,dog-parks,Dog Parks,Yellow Point Park,/dog-parks/yellow-point-park-ladysmith/,https://leashfree.ca/dog-parks/yellow-point-park-ladysmith/,British Columbia,Ladysmith,79,89,74,180,true,373,false,https://www.rdn.bc.ca/yellow-point-park,rules | reviewedOn,,,,needs-content-expansion | needs-human-review,not-started,not-started,not-started,not-started,not-started
T2-high-value-expansion,park-profile,rights-gated-park-photo-or-independent-original,queued,dog-parks,Dog Parks,Burnaby Fraser Foreshore Park,/dog-parks/burnaby-fraser-foreshore-park/,https://leashfree.ca/dog-parks/burnaby-fraser-foreshore-park/,British Columbia,Burnaby,79,89,75,180,true,372,false,https://www.burnaby.ca,rules | reviewedOn,,,,needs-content-expansion | needs-human-review,not-started,not-started,not-started,not-started,not-started
T2-high-value-expansion,park-profile,rights-gated-park-photo-or-independent-original,queued,dog-parks,Dog Parks,Robert Burnaby Park,/dog-parks/robert-burnaby-park/,https://leashfree.ca/dog-parks/robert-burnaby-park/,British Columbia,Burnaby,79,89,75,180,true,372,false,https://www.burnaby.ca,rules | reviewedOn,,,,needs-content-expansion | needs-human-review,not-started,not-started,not-started,not-started,not-started
T2-high-value-expansion,park-profile,rights-gated-park-photo-or-independent-original,queued,dog-parks,Dog Parks,Snetsinger Park,/dog-parks/snetsinger-park-cornwall/,https://leashfree.ca/dog-parks/snetsinger-park-cornwall/,Ontario,Cornwall,79,89,75,180,true,373,false,https://www.cornwall.ca/en/play-here/parks-and-trails.aspx,rules | reviewedOn,,,,needs-content-expansion | needs-human-review,not-started,not-started,not-started,not-started,not-started
T2-high-value-expansion,park-profile,rights-gated-park-photo-or-independent-original,queued,dog-parks,Dog Parks,Nicomekl Dog Off-Leash Area,/dog-parks/nicomekl-dog-area/,https://leashfree.ca/dog-parks/nicomekl-dog-area/,British Columbia,Surrey,79,89,76,180,true,372,false,https://www.surrey.ca/parks-recreation/parks/nicomekl-trail,rules | reviewedOn,,,,needs-content-expansion | needs-human-review,not-started,not-started,not-started,not-started,not-started
T2-high-value-expansion,park-profile,rights-gated-park-photo-or-independent-original,queued,dog-parks,Dog Parks,Townsend Park,/dog-parks/townsend-park-chilliwack/,https://leashfree.ca/dog-parks/townsend-park-chilliwack/,British Columbia,Chilliwack,79,89,76,180,true,373,false,https://www.chilliwack.com/main/page.cfm?id=945,rules | reviewedOn,,,,needs-content-expansion | needs-human-review,not-started,not-started,not-started,not-started,not-started
T2-high-value-expansion,park-profile,rights-gated-park-photo-or-independent-original,queued,dog-parks,Dog Parks,Burnaby Heights Park,/dog-parks/burnaby-heights-park/,https://leashfree.ca/dog-parks/burnaby-heights-park/,British Columbia,Burnaby,79,89,77,180,true,372,false,https://www.burnaby.ca,rules | reviewedOn,,,,needs-content-expansion | needs-human-review,not-started,not-started,not-started,not-started,not-started
T2-high-value-expansion,park-profile,rights-gated-park-photo-or-independent-original,queued,dog-parks,Dog Parks,Callingwood Park Off-Leash Area,/dog-parks/callingwood-park-off-leash-area/,https://leashfree.ca/dog-parks/callingwood-park-off-leash-area/,Alberta,Edmonton,79,89,77,180,true,372,false,https://www.edmonton.ca/activities_parks_recreation/parks_dog_off_leash,rules | reviewedOn,,,,needs-content-expansion | needs-human-review,not-started,not-started,not-started,not-started,not-started
T2-high-value-expansion,park-profile,rights-gated-park-photo-or-independent-original,queued,dog-parks,Dog Parks,Confederation Park,/dog-parks/confederation-park-burnaby/,https://leashfree.ca/dog-parks/confederation-park-burnaby/,British Columbia,Burnaby,79,89,77,180,true,372,false,https://www.burnaby.ca,rules | reviewedOn,,,,needs-content-expansion | needs-human-review,not-started,not-started,not-started,not-started,not-started
T2-high-value-expansion,park-profile,rights-gated-park-photo-or-independent-original,queued,dog-parks,Dog Parks,"Diana, Princess of Wales Park",/dog-parks/diana-princess-of-wales-park-ladysmith/,https://leashfree.ca/dog-parks/diana-princess-of-wales-park-ladysmith/,British Columbia,Ladysmith,79,89,77,180,true,373,false,https://www.ladysmith.ca/our-services/parks-recreation/parks/,rules | reviewedOn,,,,needs-content-expansion | needs-human-review,not-started,not-started,not-started,not-started,not-started
T2-high-value-expansion,park-profile,rights-gated-park-photo-or-independent-original,queued,dog-parks,Dog Parks,Duggan Park,/dog-parks/duggan-park-kelowna/,https://leashfree.ca/dog-parks/duggan-park-kelowna/,British Columbia,Kelowna,79,89,77,180,true,372,false,https://www.kelowna.ca/parks-recreation,rules | reviewedOn,,,,needs-content-expansion | needs-human-review,not-started,not-started,not-started,not-started,not-started
T2-high-value-expansion,park-profile,rights-gated-park-photo-or-independent-original,queued,dog-parks,Dog Parks,Kinsmen Park,/dog-parks/kinsmen-park-chilliwack/,https://leashfree.ca/dog-parks/kinsmen-park-chilliwack/,British Columbia,Chilliwack,79,89,77,180,true,373,false,https://www.chilliwack.com/main/page.cfm?id=945,rules | reviewedOn,,,,needs-content-expansion | needs-human-review,not-started,not-started,not-started,not-started,not-started
T2-high-value-expansion,park-profile,rights-gated-park-photo-or-independent-original,queued,dog-parks,Dog Parks,Leigh Park,/dog-parks/leigh-park/,https://leashfree.ca/dog-parks/leigh-park/,British Columbia,Coquitlam,79,89,77,180,true,373,false,https://www.coquitlam.ca/385/Dog-Parks,rules | reviewedOn,,,,needs-content-expansion | needs-human-review,not-started,not-started,not-started,not-started,not-started
T2-high-value-expansion,park-profile,rights-gated-park-photo-or-independent-original,queued,dog-parks,Dog Parks,Stocking Creek Park,/dog-parks/stocking-creek-park-ladysmith/,https://leashfree.ca/dog-parks/stocking-creek-park-ladysmith/,British Columbia,Ladysmith,79,89,77,180,true,373,false,https://www.rdn.bc.ca/stocking-creek-park,rules | reviewedOn,,,,needs-content-expansion | needs-human-review,not-started,not-started,not-started,not-started,not-started
T2-high-value-expansion,park-profile,rights-gated-park-photo-or-independent-original,queued,dog-parks,Dog Parks,Kinsmen Park & Playground,/dog-parks/kinsmen-park-playground-ladysmith/,https://leashfree.ca/dog-parks/kinsmen-park-playground-ladysmith/,British Columbia,Ladysmith,79,89,78,180,true,373,false,https://www.ladysmith.ca/our-services/parks-recreation/parks/,rules | reviewedOn,,,,needs-content-expansion | needs-human-review,not-started,not-started,not-started,not-started,not-started
T2-high-value-expansion,park-profile,rights-gated-park-photo-or-independent-original,queued,dog-parks,Dog Parks,Pearson Park,/dog-parks/pearson-park-chilliwack/,https://leashfree.ca/dog-parks/pearson-park-chilliwack/,British Columbia,Chilliwack,79,89,78,180,true,373,false,https://www.chilliwack.com/main/page.cfm?id=945,rules | reviewedOn,,,,needs-content-expansion | needs-human-review,not-started,not-started,not-started,not-started,not-started
T2-high-value-expansion,park-profile,rights-gated-park-photo-or-independent-original,queued,dog-parks,Dog Parks,Queens Park,/dog-parks/queens-park/,https://leashfree.ca/dog-parks/queens-park/,British Columbia,Ladysmith,79,89,78,180,true,373,false,https://www.ladysmith.ca/our-services/parks-recreation/parks/,rules | reviewedOn,,,,needs-content-expansion | needs-human-review,not-started,not-started,not-started,not-started,not-started
T2-high-value-expansion,park-profile,rights-gated-park-photo-or-independent-original,queued,dog-parks,Dog Parks,Root Street Park,/dog-parks/root-street-park-ladysmith/,https://leashfree.ca/dog-parks/root-street-park-ladysmith/,British Columbia,Ladysmith,79,89,78,180,true,373,false,https://www.ladysmith.ca/our-services/parks-recreation/parks/,rules | reviewedOn,,,,needs-content-expansion | needs-human-review,not-started,not-started,not-started,not-started,not-started
T2-high-value-expansion,park-profile,rights-gated-park-photo-or-independent-original,queued,dog-parks,Dog Parks,Oswald Park,/dog-parks/oswald-park-victoria/,https://leashfree.ca/dog-parks/oswald-park-victoria/,British Columbia,Victoria,79,89,79,180,true,372,false,https://www.victoria.ca,rules | reviewedOn,,,,needs-content-expansion | needs-human-review,not-started,not-started,not-started,not-started,not-started
T2-high-value-expansion,park-profile,rights-gated-park-photo-or-independent-original,queued,dog-parks,Dog Parks,Queensborough,/dog-parks/queensborough-new-westminster/,https://leashfree.ca/dog-parks/queensborough-new-westminster/,British Columbia,New Westminster,79,89,79,180,true,373,false,https://www.newwestcity.ca/parks-and-recreation/parks/dog-off-leash-areas,rules | reviewedOn,,,,needs-content-expansion | needs-human-review,not-started,not-started,not-started,not-started,not-started
T2-high-value-expansion,park-profile,rights-gated-park-photo-or-independent-original,queued,dog-parks,Dog Parks,Taylor Park,/dog-parks/taylor-park-burnaby/,https://leashfree.ca/dog-parks/taylor-park-burnaby/,British Columbia,Burnaby,79,89,79,180,true,372,false,https://www.burnaby.ca,rules | reviewedOn,,,,needs-content-expansion | needs-human-review,not-started,not-started,not-started,not-started,not-started
T2-high-value-expansion,park-profile,rights-gated-park-photo-or-independent-original,queued,dog-parks,Dog Parks,Banfield Park,/dog-parks/banfield-park-victoria/,https://leashfree.ca/dog-parks/banfield-park-victoria/,British Columbia,Victoria,79,89,80,180,true,372,false,https://www.victoria.ca,rules | reviewedOn,,,,needs-content-expansion | needs-human-review,not-started,not-started,not-started,not-started,not-started
T2-high-value-expansion,park-profile,rights-gated-park-photo-or-independent-original,queued,dog-parks,Dog Parks,Bell Park,/dog-parks/bell-park-burnaby/,https://leashfree.ca/dog-parks/bell-park-burnaby/,British Columbia,Burnaby,79,89,80,180,true,372,false,https://www.burnaby.ca,rules | reviewedOn,,,,needs-content-expansion | needs-human-review,not-started,not-started,not-started,not-started,not-started
T2-high-value-expansion,park-profile,rights-gated-park-photo-or-independent-original,queued,dog-parks,Dog Parks,Blue Heron Park,/dog-parks/blue-heron-park-ladysmith/,https://leashfree.ca/dog-parks/blue-heron-park-ladysmith/,British Columbia,Ladysmith,79,89,80,180,true,373,false,https://www.ladysmith.ca/our-services/parks-recreation/parks/,rules | reviewedOn,,,,needs-content-expansion | needs-human-review,not-started,not-started,not-started,not-started,not-started
T2-high-value-expansion,park-profile,rights-gated-park-photo-or-independent-original,queued,dog-parks,Dog Parks,Crimson Ridge Park,/dog-parks/crimson-ridge-park-chilliwack/,https://leashfree.ca/dog-parks/crimson-ridge-park-chilliwack/,British Columbia,Chilliwack,79,89,80,180,true,373,false,https://www.chilliwack.com/main/page.cfm?id=945,rules | reviewedOn,,,,needs-content-expansion | needs-human-review,not-started,not-started,not-started,not-started,not-started
T2-high-value-expansion,park-profile,rights-gated-park-photo-or-independent-original,queued,dog-parks,Dog Parks,Mazenod Park,/dog-parks/mazenod-park/,https://leashfree.ca/dog-parks/mazenod-park/,Manitoba,Winnipeg,79,89,80,180,true,372,false,https://winnipeg.ca/publicworks/parksOpenSpace/OffLeashAreas/,rules | reviewedOn,,,,needs-content-expansion | needs-human-review,not-started,not-started,not-started,not-started,not-started
T2-high-value-expansion,park-profile,rights-gated-park-photo-or-independent-original,queued,dog-parks,Dog Parks,Adams Park,/dog-parks/adams-park-cornwall/,https://leashfree.ca/dog-parks/adams-park-cornwall/,Ontario,Cornwall,79,89,81,180,true,373,false,https://www.cornwall.ca/en/play-here/parks-and-trails.aspx,rules | reviewedOn,,,,needs-content-expansion | needs-human-review,not-started,not-started,not-started,not-started,not-started
T2-high-value-expansion,park-profile,rights-gated-park-photo-or-independent-original,queued,dog-parks,Dog Parks,Hume Park,/dog-parks/hume-park/,https://leashfree.ca/dog-parks/hume-park/,British Columbia,New Westminster,79,89,81,180,true,373,false,https://www.newwestcity.ca/parks-and-recreation/parks/dog-off-leash-areas,rules | reviewedOn,,,,needs-content-expansion | needs-human-review,not-started,not-started,not-started,not-started,not-started
T2-high-value-expansion,park-profile,rights-gated-park-photo-or-independent-original,queued,dog-parks,Dog Parks,Klarvatten Off-Leash Area,/dog-parks/klarvatten-off-leash-area/,https://leashfree.ca/dog-parks/klarvatten-off-leash-area/,Alberta,Edmonton,79,89,81,180,true,372,false,https://www.edmonton.ca/activities_parks_recreation/parks_dog_off_leash,rules | reviewedOn,,,,needs-content-expansion | needs-human-review,not-started,not-started,not-started,not-started,not-started
T2-high-value-expansion,park-profile,rights-gated-park-photo-or-independent-original,queued,dog-parks,Dog Parks,Pemberton Park,/dog-parks/pemberton-park-victoria/,https://leashfree.ca/dog-parks/pemberton-park-victoria/,British Columbia,Victoria,79,89,81,180,true,372,false,https://www.victoria.ca,rules | reviewedOn,,,,needs-content-expansion | needs-human-review,not-started,not-started,not-started,not-started,not-started
T2-high-value-expansion,park-profile,rights-gated-park-photo-or-independent-original,queued,dog-parks,Dog Parks,Popson Park Off-Leash Area,/dog-parks/popson-park-off-leash-area/,https://leashfree.ca/dog-parks/popson-park-off-leash-area/,Alberta,Lethbridge,79,89,81,180,true,372,false,https://www.lethbridge.ca/Things-To-Do/Parks/Pages/Dog-Parks.aspx,rules | reviewedOn,,,,needs-content-expansion | needs-human-review,not-started,not-started,not-started,not-started,not-started
T2-high-value-expansion,park-profile,rights-gated-park-photo-or-independent-original,queued,dog-parks,Dog Parks,Raven Park,/dog-parks/raven-park-ladysmith/,https://leashfree.ca/dog-parks/raven-park-ladysmith/,British Columbia,Ladysmith,79,89,81,180,true,373,false,https://www.ladysmith.ca/our-services/parks-recreation/parks/,rules | reviewedOn,,,,needs-content-expansion | needs-human-review,not-started,not-started,not-started,not-started,not-started
T2-high-value-expansion,park-profile,rights-gated-park-photo-or-independent-original,queued,dog-parks,Dog Parks,Ruth Johnson Park,/dog-parks/ruth-johnson-park/,https://leashfree.ca/dog-parks/ruth-johnson-park/,British Columbia,White Rock,79,89,81,180,true,372,false,https://www.whiterockcity.ca,rules | reviewedOn,,,,needs-content-expansion | needs-human-review,not-started,not-started,not-started,not-started,not-started
T2-high-value-expansion,park-profile,rights-gated-park-photo-or-independent-original,queued,dog-parks,Dog Parks,Hawrelak Trail Off-Leash Area,/dog-parks/hawrelak-trail-off-leash-area/,https://leashfree.ca/dog-parks/hawrelak-trail-off-leash-area/,Alberta,Edmonton,79,89,82,180,true,372,false,https://www.edmonton.ca/activities_parks_recreation/parks_dog_off_leash,rules | reviewedOn,,,,needs-content-expansion | needs-human-review,not-started,not-started,not-started,not-started,not-started
T2-high-value-expansion,park-profile,rights-gated-park-photo-or-independent-original,queued,dog-parks,Dog Parks,Holland Creek Trail Head,/dog-parks/holland-creek-trail-head-ladysmith/,https://leashfree.ca/dog-parks/holland-creek-trail-head-ladysmith/,British Columbia,Ladysmith,79,89,82,180,true,373,false,https://www.ladysmith.ca/our-services/parks-recreation/parks/,rules | reviewedOn,,,,needs-content-expansion | needs-human-review,not-started,not-started,not-started,not-started,not-started
T2-high-value-expansion,park-profile,rights-gated-park-photo-or-independent-original,queued,dog-parks,Dog Parks,Malvern Park,/dog-parks/malvern-park-burnaby/,https://leashfree.ca/dog-parks/malvern-park-burnaby/,British Columbia,Burnaby,79,89,82,180,true,372,false,https://www.burnaby.ca,rules | reviewedOn,,,,needs-content-expansion | needs-human-review,not-started,not-started,not-started,not-started,not-started
T2-high-value-expansion,park-profile,rights-gated-park-photo-or-independent-original,queued,dog-parks,Dog Parks,Pickering Dog Park,/dog-parks/pickering-dog-park/,https://leashfree.ca/dog-parks/pickering-dog-park/,Ontario,Pickering,79,89,82,180,true,373,false,https://www.pickering.ca/en/discovering/parks.aspx,rules | reviewedOn,,,,needs-content-expansion | needs-human-review,not-started,not-started,not-started,not-started,not-started
T2-high-value-expansion,park-profile,rights-gated-park-photo-or-independent-original,queued,dog-parks,Dog Parks,Transfer Beach Park,/dog-parks/transfer-beach-park/,https://leashfree.ca/dog-parks/transfer-beach-park/,British Columbia,Ladysmith,79,89,82,180,true,373,false,https://www.ladysmith.ca/our-services/parks-recreation/parks/,rules | reviewedOn,,,,needs-content-expansion | needs-human-review,not-started,not-started,not-started,not-started,not-started
T2-high-value-expansion,park-profile,rights-gated-park-photo-or-independent-original,queued,dog-parks,Dog Parks,Centennial Park,/dog-parks/centennial-park-white-rock/,https://leashfree.ca/dog-parks/centennial-park-white-rock/,British Columbia,White Rock,79,89,83,180,true,372,false,https://www.whiterockcity.ca/Facilities/Facility/Details/Centennial-Park-7,rules | reviewedOn,,,,needs-content-expansion | needs-human-review,not-started,not-started,not-started,not-started,not-started
T2-high-value-expansion,park-profile,rights-gated-park-photo-or-independent-original,queued,dog-parks,Dog Parks,North Battleford Off-Leash Dog Park,/dog-parks/north-battleford-off-leash-dog-park/,https://leashfree.ca/dog-parks/north-battleford-off-leash-dog-park/,Saskatchewan,North Battleford,79,89,83,180,true,372,false,https://www.dogpackapp.com/parks/canada/saskatchewan/north-battleford,rules | reviewedOn,,,,needs-content-expansion | needs-human-review,not-started,not-started,not-started,not-started,not-started
T2-high-value-expansion,park-profile,rights-gated-park-photo-or-independent-original,queued,dog-parks,Dog Parks,Off-Leash Recreation Area Sutherland,/dog-parks/sutherland-off-leash-dog-park/,https://leashfree.ca/dog-parks/sutherland-off-leash-dog-park/,Saskatchewan,Saskatoon,79,89,83,180,true,372,false,https://www.saskatoon.ca/parks-recreation-attractions/parks/dog-parks,rules | reviewedOn,,,,needs-content-expansion | needs-human-review,not-started,not-started,not-started,not-started,not-started
T2-high-value-expansion,park-profile,rights-gated-park-photo-or-independent-original,queued,dog-parks,Dog Parks,Wellington Off-Leash Area,/dog-parks/wellington-off-leash-area/,https://leashfree.ca/dog-parks/wellington-off-leash-area/,Alberta,Edmonton,79,89,83,180,true,372,false,https://www.edmonton.ca/activities_parks_recreation/parks_dog_off_leash,rules | reviewedOn,,,,needs-content-expansion | needs-human-review,not-started,not-started,not-started,not-started,not-started
T2-high-value-expansion,park-profile,rights-gated-park-photo-or-independent-original,queued,dog-parks,Dog Parks,Jinkerson Dog Park,/dog-parks/jinkerson-dog-park/,https://leashfree.ca/dog-parks/jinkerson-dog-park/,British Columbia,Chilliwack,79,89,84,180,true,373,false,https://www.chilliwack.com/main/page.cfm?id=945,rules | reviewedOn,,,,needs-content-expansion | needs-human-review,not-started,not-started,not-started,not-started,not-started
T2-high-value-expansion,park-profile,rights-gated-park-photo-or-independent-original,queued,dog-parks,Dog Parks,Silverwood Dog Park,/dog-parks/silverwood-dog-park/,https://leashfree.ca/dog-parks/silverwood-dog-park/,Saskatchewan,Saskatoon,79,89,84,180,true,372,false,https://www.saskatoon.ca/parks-recreation-attractions/parks/dog-parks,rules | reviewedOn,,,,needs-content-expansion | needs-human-review,not-started,not-started,not-started,not-started,not-started
T2-high-value-expansion,park-profile,rights-gated-park-photo-or-independent-original,queued,dog-parks,Dog Parks,Caswell (Mayfair) Dog Park,/dog-parks/caswell-mayfair-dog-park/,https://leashfree.ca/dog-parks/caswell-mayfair-dog-park/,Saskatchewan,Saskatoon,79,89,85,180,true,372,false,https://www.saskatoon.ca/parks-recreation-attractions/parks/dog-parks,rules | reviewedOn,,,,needs-content-expansion | needs-human-review,not-started,not-started,not-started,not-started,not-started
T2-high-value-expansion,park-profile,rights-gated-park-photo-or-independent-original,queued,dog-parks,Dog Parks,Charleswood Dog Park,/dog-parks/charleswood-dog-park/,https://leashfree.ca/dog-parks/charleswood-dog-park/,Manitoba,Winnipeg,79,89,85,180,true,372,false,https://winnipeg.ca/publicworks/parksOpenSpace/OffLeashAreas/,rules | reviewedOn,,,,needs-content-expansion | needs-human-review,not-started,not-started,not-started,not-started,not-started
T2-high-value-expansion,park-profile,rights-gated-park-photo-or-independent-original,queued,dog-parks,Dog Parks,Dawson Park Off-Leash Area,/dog-parks/dawson-park-off-leash-area/,https://leashfree.ca/dog-parks/dawson-park-off-leash-area/,Alberta,Edmonton,79,89,85,180,true,372,false,https://www.edmonton.ca/activities_parks_recreation/parks_dog_off_leash,rules | reviewedOn,,,,needs-content-expansion | needs-human-review,not-started,not-started,not-started,not-started,not-started
T2-high-value-expansion,park-profile,rights-gated-park-photo-or-independent-original,queued,dog-parks,Dog Parks,Gold Bar Park Off-Leash Area,/dog-parks/gold-bar-park-off-leash-area/,https://leashfree.ca/dog-parks/gold-bar-park-off-leash-area/,Alberta,Edmonton,79,89,85,180,true,372,false,https://www.edmonton.ca/activities_parks_recreation/parks_dog_off_leash,rules | reviewedOn,,,,needs-content-expansion | needs-human-review,not-started,not-started,not-started,not-started,not-started
T2-high-value-expansion,park-profile,rights-gated-park-photo-or-independent-original,queued,dog-parks,Dog Parks,Morgan Crossing Dog Park,/dog-parks/morgan-crossing-dog-park/,https://leashfree.ca/dog-parks/morgan-crossing-dog-park/,British Columbia,Surrey,79,89,85,180,true,372,false,https://www.surrey.ca,rules | reviewedOn,,,,needs-content-expansion | needs-human-review,not-started,not-started,not-started,not-started,not-started
T2-high-value-expansion,park-profile,rights-gated-park-photo-or-independent-original,queued,dog-parks,Dog Parks,Peach Park,/dog-parks/peach-park-chilliwack/,https://leashfree.ca/dog-parks/peach-park-chilliwack/,British Columbia,Chilliwack,79,89,85,180,true,373,false,https://www.chilliwack.com/main/page.cfm?id=945,rules | reviewedOn,,,,needs-content-expansion | needs-human-review,not-started,not-started,not-started,not-started,not-started
T2-high-value-expansion,park-profile,rights-gated-park-photo-or-independent-original,queued,dog-parks,Dog Parks,Queen's Park,/dog-parks/queens-park-new-westminster/,https://leashfree.ca/dog-parks/queens-park-new-westminster/,British Columbia,New Westminster,79,89,85,180,true,373,false,https://www.newwestcity.ca/parks-and-recreation/parks/dog-off-leash-areas,rules | reviewedOn,,,,needs-content-expansion | needs-human-review,not-started,not-started,not-started,not-started,not-started
T2-high-value-expansion,park-profile,rights-gated-park-photo-or-independent-original,queued,dog-parks,Dog Parks,Beckett Park,/dog-parks/beckett-park-maple-ridge/,https://leashfree.ca/dog-parks/beckett-park-maple-ridge/,British Columbia,Maple Ridge,79,89,86,180,true,372,false,https://www.mapleridge.ca/1502/Dog-Parks,rules | reviewedOn,,,,needs-content-expansion | needs-human-review,not-started,not-started,not-started,not-started,not-started
T2-high-value-expansion,park-profile,rights-gated-park-photo-or-independent-original,queued,dog-parks,Dog Parks,Dog Relief Station,/dog-parks/dog-relief-station-new-westminster/,https://leashfree.ca/dog-parks/dog-relief-station-new-westminster/,British Columbia,New Westminster,79,89,86,180,true,373,false,https://www.newwestcity.ca/parks-and-recreation/parks/dog-off-leash-areas,rules | reviewedOn,,,,needs-content-expansion | needs-human-review,not-started,not-started,not-started,not-started,not-started
T2-high-value-expansion,park-profile,rights-gated-park-photo-or-independent-original,queued,dog-parks,Dog Parks,Moody Park,/dog-parks/moody-park-new-westminster/,https://leashfree.ca/dog-parks/moody-park-new-westminster/,British Columbia,New Westminster,79,89,86,180,true,373,false,https://www.newwestcity.ca/parks-and-recreation/parks/dog-off-leash-areas,rules | reviewedOn,,,,needs-content-expansion | needs-human-review,not-started,not-started,not-started,not-started,not-started
T2-high-value-expansion,park-profile,rights-gated-park-photo-or-independent-original,queued,dog-parks,Dog Parks,Peenaquim Park Off-Leash Area,/dog-parks/peenaquim-park-off-leash-area/,https://leashfree.ca/dog-parks/peenaquim-park-off-leash-area/,Alberta,Lethbridge,79,89,86,180,true,372,false,https://www.lethbridge.ca/Things-To-Do/Parks/Pages/Dog-Parks.aspx,rules | reviewedOn,,,,needs-content-expansion | needs-human-review,not-started,not-started,not-started,not-started,not-started
T2-high-value-expansion,park-profile,rights-gated-park-photo-or-independent-original,queued,dog-parks,Dog Parks,Wills Brook Park,/dog-parks/wills-brook-park/,https://leashfree.ca/dog-parks/wills-brook-park/,British Columbia,Surrey,79,89,86,180,true,372,false,https://www.surrey.ca/parks-recreation/parks/wills-brook-park,rules | reviewedOn,,,,needs-content-expansion | needs-human-review,not-started,not-started,not-started,not-started,not-started
T2-high-value-expansion,park-profile,rights-gated-park-photo-or-independent-original,queued,dog-parks,Dog Parks,Bourkevale Park,/dog-parks/bourkevale-park/,https://leashfree.ca/dog-parks/bourkevale-park/,Manitoba,Winnipeg,79,89,87,180,true,372,false,https://winnipeg.ca/publicworks/parksOpenSpace/OffLeashAreas/,rules | reviewedOn,,,,needs-content-expansion | needs-human-review,not-started,not-started,not-started,not-started,not-started
T2-high-value-expansion,park-profile,rights-gated-park-photo-or-independent-original,queued,dog-parks,Dog Parks,Campbellford Dog Park,/dog-parks/campbellford-dog-park/,https://leashfree.ca/dog-parks/campbellford-dog-park/,Ontario,Campbellford,79,89,87,180,true,373,false,https://www.trenthillschamber.ca/listing/campbellford-dog-park/,rules | reviewedOn,,,,needs-content-expansion | needs-human-review,not-started,not-started,not-started,not-started,not-started
T2-high-value-expansion,park-profile,rights-gated-park-photo-or-independent-original,queued,dog-parks,Dog Parks,Chemainus Lake Park,/dog-parks/chemainus-lake-park-ladysmith/,https://leashfree.ca/dog-parks/chemainus-lake-park-ladysmith/,British Columbia,Ladysmith,79,89,87,180,true,373,false,https://www.cvrd.ca/Facilities/Facility/Details/Chemainus-Lake-Park-9,rules | reviewedOn,,,,needs-content-expansion | needs-human-review,not-started,not-started,not-started,not-started,not-started
T2-high-value-expansion,park-profile,rights-gated-park-photo-or-independent-original,queued,dog-parks,Dog Parks,King George Park,/dog-parks/king-george-park-cornwall/,https://leashfree.ca/dog-parks/king-george-park-cornwall/,Ontario,Cornwall,79,89,87,180,true,373,false,https://www.cornwall.ca/en/play-here/parks-and-trails.aspx,rules | reviewedOn,,,,needs-content-expansion | needs-human-review,not-started,not-started,not-started,not-started,not-started
T2-high-value-expansion,park-profile,rights-gated-park-photo-or-independent-original,queued,dog-parks,Dog Parks,Miller Park,/dog-parks/miller-park/,https://leashfree.ca/dog-parks/miller-park/,British Columbia,Coquitlam,79,89,87,180,true,373,false,https://www.coquitlam.ca/385/Dog-Parks,rules | reviewedOn,,,,needs-content-expansion | needs-human-review,not-started,not-started,not-started,not-started,not-started
T2-high-value-expansion,park-profile,rights-gated-park-photo-or-independent-original,queued,dog-parks,Dog Parks,Mission Recreation Park,/dog-parks/mission-recreation-park-kelowna/,https://leashfree.ca/dog-parks/mission-recreation-park-kelowna/,British Columbia,Kelowna,79,89,87,180,true,372,false,https://www.kelowna.ca/parks-recreation,rules | reviewedOn,,,,needs-content-expansion | needs-human-review,not-started,not-started,not-started,not-started,not-started
T2-high-value-expansion,park-profile,rights-gated-park-photo-or-independent-original,queued,dog-parks,Dog Parks,Nipawin Dog Park,/dog-parks/nipawin-dog-park/,https://leashfree.ca/dog-parks/nipawin-dog-park/,Saskatchewan,Nipawin,79,89,87,180,true,372,false,https://www.bringfido.com/attraction/29221,rules | reviewedOn,,,,needs-content-expansion | needs-human-review,not-started,not-started,not-started,not-started,not-started
T2-high-value-expansion,park-profile,rights-gated-park-photo-or-independent-original,queued,dog-parks,Dog Parks,Barnet Marine Park,/dog-parks/barnet-marine-park-burnaby/,https://leashfree.ca/dog-parks/barnet-marine-park-burnaby/,British Columbia,Burnaby,79,89,88,180,true,372,false,https://www.burnaby.ca,rules | reviewedOn,,,,needs-content-expansion | needs-human-review,not-started,not-started,not-started,not-started,not-started
T2-high-value-expansion,park-profile,rights-gated-park-photo-or-independent-original,queued,dog-parks,Dog Parks,Dogwood Park,/dog-parks/dogwood-park/,https://leashfree.ca/dog-parks/dogwood-park/,British Columbia,White Rock,79,89,88,180,true,372,false,https://www.whiterockcity.ca/Facilities/Facility/Details/Dogwood-Park-13,rules | reviewedOn,,,,needs-content-expansion | needs-human-review,not-started,not-started,not-started,not-started,not-started
T2-high-value-expansion,park-profile,rights-gated-park-photo-or-independent-original,queued,dog-parks,Dog Parks,North Whitby Off-Leash Dog Park,/dog-parks/north-whitby-off-leash-dog-park/,https://leashfree.ca/dog-parks/north-whitby-off-leash-dog-park/,Ontario,Whitby,79,89,88,180,true,374,false,https://www.whitby.ca/en/play/parks-trails-and-sports-fields.aspx,rules | reviewedOn,,,,needs-content-expansion | needs-human-review,not-started,not-started,not-started,not-started,not-started
T2-high-value-expansion,park-profile,rights-gated-park-photo-or-independent-original,queued,dog-parks,Dog Parks,Royal Oaks Neighbourhood Off-Leash Area,/dog-parks/royal-oaks-neighbourhood-off-leash-area/,https://leashfree.ca/dog-parks/royal-oaks-neighbourhood-off-leash-area/,Alberta,Grande Prairie,79,89,88,180,true,372,false,https://www.cityofgp.com/culture-recreation/parks-trails/dog-parks,rules | reviewedOn,,,,needs-content-expansion | needs-human-review,not-started,not-started,not-started,not-started,not-started
T2-high-value-expansion,park-profile,rights-gated-park-photo-or-independent-original,queued,dog-parks,Dog Parks,Spruce Haven Off-Leash Dog Park,/dog-parks/spruce-haven-off-leash-dog-park/,https://leashfree.ca/dog-parks/spruce-haven-off-leash-dog-park/,Saskatchewan,Melfort,79,89,88,180,true,372,false,https://www.bringfido.com/attraction/29220,rules | reviewedOn,,,,needs-content-expansion | needs-human-review,not-started,not-started,not-started,not-started,not-started
T2-high-value-expansion,park-profile,rights-gated-park-photo-or-independent-original,queued,dog-parks,Dog Parks,Warner Loat Park,/dog-parks/warner-loat-park-burnaby/,https://leashfree.ca/dog-parks/warner-loat-park-burnaby/,British Columbia,Burnaby,79,89,88,180,true,372,false,https://www.burnaby.ca,rules | reviewedOn,,,,needs-content-expansion | needs-human-review,not-started,not-started,not-started,not-started,not-started
T2-high-value-expansion,park-profile,rights-gated-park-photo-or-independent-original,queued,dog-parks,Dog Parks,Larkspur Off-Leash Dog Park,/dog-parks/larkspur-off-leash-dog-park/,https://leashfree.ca/dog-parks/larkspur-off-leash-dog-park/,Alberta,Edmonton,79,89,89,180,true,372,false,https://www.edmonton.ca/activities_parks_recreation/parks_dog_off_leash,rules | reviewedOn,,,,needs-content-expansion | needs-human-review,not-started,not-started,not-started,not-started,not-started
T2-high-value-expansion,park-profile,rights-gated-park-photo-or-independent-original,queued,dog-parks,Dog Parks,Lauderdale Dog Park,/dog-parks/lauderdale-dog-park/,https://leashfree.ca/dog-parks/lauderdale-dog-park/,Alberta,Edmonton,79,89,89,180,true,372,false,https://www.edmonton.ca/activities_parks_recreation/parks_dog_off_leash,rules | reviewedOn,,,,needs-content-expansion | needs-human-review,not-started,not-started,not-started,not-started,not-started
T2-high-value-expansion,park-profile,rights-gated-park-photo-or-independent-original,queued,dog-parks,Dog Parks,Shaughnessy,/dog-parks/shaughnessy/,https://leashfree.ca/dog-parks/shaughnessy/,British Columbia,Coquitlam,79,89,89,180,true,373,false,https://www.coquitlam.ca/385/Dog-Parks,rules | reviewedOn,,,,needs-content-expansion | needs-human-review,not-started,not-started,not-started,not-started,not-started
T2-high-value-expansion,park-profile,rights-gated-park-photo-or-independent-original,queued,dog-parks,Dog Parks,Whitby Off Leash Dog Park South,/dog-parks/whitby-park-south/,https://leashfree.ca/dog-parks/whitby-park-south/,Ontario,Whitby,79,89,89,180,true,374,false,https://www.whitby.ca/en/play/parks-trails-and-sports-fields.aspx,rules | reviewedOn,,,,needs-content-expansion | needs-human-review,not-started,not-started,not-started,not-started,not-started
T2-high-value-expansion,park-profile,rights-gated-park-photo-or-independent-original,queued,dog-parks,Dog Parks,Beacon Hill Park,/dog-parks/beacon-hill-park-victoria/,https://leashfree.ca/dog-parks/beacon-hill-park-victoria/,British Columbia,Victoria,79,89,90,180,true,372,false,https://www.victoria.ca/EN/main/residents/parks/parks-in-victoria/beacon-hill-park.html,rules | reviewedOn,,,,needs-content-expansion | needs-human-review,not-started,not-started,not-started,not-started,not-started
T2-high-value-expansion,park-profile,rights-gated-park-photo-or-independent-original,queued,dog-parks,Dog Parks,Kinsmen Dog Park,/dog-parks/kinsmen-dog-park-quinte-west/,https://leashfree.ca/dog-parks/kinsmen-dog-park-quinte-west/,Ontario,Quinte West,79,89,90,180,true,373,false,https://www.quintewest.ca/tourism-events/parks-recreation/dog-parks/,rules | reviewedOn,,,,needs-content-expansion | needs-human-review,not-started,not-started,not-started,not-started,not-started
T2-high-value-expansion,park-profile,rights-gated-park-photo-or-independent-original,queued,dog-parks,Dog Parks,Knox Mountain Dog Park,/dog-parks/knox-mountain-dog-park-kelowna/,https://leashfree.ca/dog-parks/knox-mountain-dog-park-kelowna/,British Columbia,Kelowna,79,89,90,180,true,372,false,https://www.kelowna.ca/parks-recreation,water | reviewedOn,,,,needs-content-expansion | needs-human-review,not-started,not-started,not-started,not-started,not-started
T2-high-value-expansion,park-profile,rights-gated-park-photo-or-independent-original,queued,dog-parks,Dog Parks,Lakefront Walkway Dog Park,/dog-parks/lakefront-walkway-dog-park-nelson/,https://leashfree.ca/dog-parks/lakefront-walkway-dog-park-nelson/,British Columbia,Nelson,79,89,90,180,true,372,false,https://www.nelson.ca,rules | reviewedOn,,,,needs-content-expansion | needs-human-review,not-started,not-started,not-started,not-started,not-started
T2-high-value-expansion,park-profile,rights-gated-park-photo-or-independent-original,queued,dog-parks,Dog Parks,Oakes Road North Leash-Free Dog Park,/dog-parks/oakes-road-north/,https://leashfree.ca/dog-parks/oakes-road-north/,Ontario,Grimsby,79,89,90,180,true,373,false,https://www.grimsby.ca/en/explore-and-play/dog-parks.aspx,rules | reviewedOn,,,,needs-content-expansion | needs-human-review,not-started,not-started,not-started,not-started,not-started
T2-high-value-expansion,park-profile,rights-gated-park-photo-or-independent-original,queued,dog-parks,Dog Parks,RiverStone Dog Park,/dog-parks/riverstone-dog-park/,https://leashfree.ca/dog-parks/riverstone-dog-park/,Alberta,Lethbridge,79,89,90,180,true,372,false,https://www.lethbridge.ca/Things-To-Do/Parks/Pages/Dog-Parks.aspx,rules | reviewedOn,,,,needs-content-expansion | needs-human-review,not-started,not-started,not-started,not-started,not-started
T2-high-value-expansion,park-profile,rights-gated-park-photo-or-independent-original,queued,dog-parks,Dog Parks,Rutland Recreation Park,/dog-parks/rutland-recreation-park-kelowna/,https://leashfree.ca/dog-parks/rutland-recreation-park-kelowna/,British Columbia,Kelowna,79,89,90,180,true,372,false,https://www.kelowna.ca/parks-recreation,rules | reviewedOn,,,,needs-content-expansion | needs-human-review,not-started,not-started,not-started,not-started,not-started
T2-high-value-expansion,park-profile,rights-gated-park-photo-or-independent-original,queued,dog-parks,Dog Parks,Weyburn Community Dog Park,/dog-parks/weyburn-community-dog-park/,https://leashfree.ca/dog-parks/weyburn-community-dog-park/,Saskatchewan,Weyburn,79,89,90,180,true,372,false,https://www.saskpets.com,rules | reviewedOn,,,,needs-content-expansion | needs-human-review,not-started,not-started,not-started,not-started,not-started
T2-high-value-expansion,park-profile,rights-gated-park-photo-or-independent-original,queued,dog-parks,Dog Parks,Cottonwood Falls Park,/dog-parks/cottonwood-falls-park-nelson/,https://leashfree.ca/dog-parks/cottonwood-falls-park-nelson/,British Columbia,Nelson,79,89,91,180,true,372,false,https://www.nelson.ca,rules | reviewedOn,,,,needs-content-expansion | needs-human-review,not-started,not-started,not-started,not-started,not-started
T2-high-value-expansion,park-profile,rights-gated-park-photo-or-independent-original,queued,dog-parks,Dog Parks,Fred Mendel Dog Park,/dog-parks/fred-mendel-dog-park/,https://leashfree.ca/dog-parks/fred-mendel-dog-park/,Saskatchewan,Saskatoon,79,89,91,180,true,372,false,https://www.saskatoon.ca/parks-recreation-attractions/parks/dog-parks,rules | reviewedOn,,,,needs-content-expansion | needs-human-review,not-started,not-started,not-started,not-started,not-started
T2-high-value-expansion,park-profile,rights-gated-park-photo-or-independent-original,queued,dog-parks,Dog Parks,Jackie Parker Park Off-Leash Area,/dog-parks/jackie-parker-park-off-leash-area/,https://leashfree.ca/dog-parks/jackie-parker-park-off-leash-area/,Alberta,Edmonton,79,89,91,180,true,372,false,https://www.edmonton.ca/activities_parks_recreation/parks_dog_off_leash,rules | reviewedOn,,,,needs-content-expansion | needs-human-review,not-started,not-started,not-started,not-started,not-started
T2-high-value-expansion,park-profile,rights-gated-park-photo-or-independent-original,queued,dog-parks,Dog Parks,Lion's Park,/dog-parks/lions-park/,https://leashfree.ca/dog-parks/lions-park/,Ontario,Ajax,79,89,91,180,true,374,false,https://www.ajax.ca/en/play/parks-and-trails.aspx,rules | reviewedOn,,,,needs-content-expansion | needs-human-review,not-started,not-started,not-started,not-started,not-started
T2-high-value-expansion,park-profile,rights-gated-park-photo-or-independent-original,queued,dog-parks,Dog Parks,Maple Grove Park,/dog-parks/maple-grove-park/,https://leashfree.ca/dog-parks/maple-grove-park/,Manitoba,Winnipeg,79,89,91,180,true,372,false,https://winnipeg.ca/publicworks/parksOpenSpace/OffLeashAreas/,rules | reviewedOn,,,,needs-content-expansion | needs-human-review,not-started,not-started,not-started,not-started,not-started
T2-high-value-expansion,park-profile,rights-gated-park-photo-or-independent-original,queued,dog-parks,Dog Parks,Maple Ridge Upper Park,/dog-parks/maple-ridge-upper-park/,https://leashfree.ca/dog-parks/maple-ridge-upper-park/,British Columbia,Maple Ridge,79,89,91,180,true,372,false,https://www.mapleridge.ca/1502/Dog-Parks,rules | reviewedOn,,,,needs-content-expansion | needs-human-review,not-started,not-started,not-started,not-started,not-started
T2-high-value-expansion,park-profile,rights-gated-park-photo-or-independent-original,queued,dog-parks,Dog Parks,Paul Mostoway Dog Park,/dog-parks/paul-mostoway-dog-park/,https://leashfree.ca/dog-parks/paul-mostoway-dog-park/,Saskatchewan,Saskatoon,79,89,91,180,true,372,false,https://www.saskatoon.ca/parks-recreation-attractions/parks/dog-parks,rules | reviewedOn,,,,needs-content-expansion | needs-human-review,not-started,not-started,not-started,not-started,not-started
T2-high-value-expansion,park-profile,rights-gated-park-photo-or-independent-original,queued,dog-parks,Dog Parks,Scenic Drive Dog Run,/dog-parks/scenic-drive-dog-run/,https://leashfree.ca/dog-parks/scenic-drive-dog-run/,Alberta,Lethbridge,79,89,91,180,true,372,false,https://www.lethbridge.ca/Things-To-Do/Parks/Pages/Dog-Parks.aspx,rules | reviewedOn,,,,needs-content-expansion | needs-human-review,not-started,not-started,not-started,not-started,not-started
T2-high-value-expansion,park-profile,rights-gated-park-photo-or-independent-original,queued,dog-parks,Dog Parks,Dr. R. J. Allan Hogg Rotary Park,/dog-parks/allan-hogg-rotary-park/,https://leashfree.ca/dog-parks/allan-hogg-rotary-park/,British Columbia,White Rock,79,89,92,180,true,372,false,https://www.whiterockcity.ca/Facilities/Facility/Details/Dr-R-J-Allan-Hogg-Rotary-Park-11,rules | reviewedOn,,,,needs-content-expansion | needs-human-review,not-started,not-started,not-started,not-started,not-started
T2-high-value-expansion,park-profile,rights-gated-park-photo-or-independent-original,queued,dog-parks,Dog Parks,Central Bark Dog Park,/dog-parks/central-bark-dog-park/,https://leashfree.ca/dog-parks/central-bark-dog-park/,Saskatchewan,Prince Albert,79,89,92,180,true,372,false,https://www.dogpackapp.com/parks/canada/saskatchewan/prince-albert,rules | reviewedOn,,,,needs-content-expansion | needs-human-review,not-started,not-started,not-started,not-started,not-started
T2-high-value-expansion,park-profile,rights-gated-park-photo-or-independent-original,queued,dog-parks,Dog Parks,Kings Park,/dog-parks/kings-park/,https://leashfree.ca/dog-parks/kings-park/,Manitoba,Winnipeg,79,89,92,180,true,372,false,https://winnipeg.ca/publicworks/parksOpenSpace/OffLeashAreas/,rules | reviewedOn,,,,needs-content-expansion | needs-human-review,not-started,not-started,not-started,not-started,not-started
T2-high-value-expansion,park-profile,rights-gated-park-photo-or-independent-original,queued,dog-parks,Dog Parks,Park ’n’ Bark Off-Leash Dog Area,/dog-parks/park-n-bark-off-leash-dog-area/,https://leashfree.ca/dog-parks/park-n-bark-off-leash-dog-area/,Alberta,Lethbridge,79,89,92,180,true,372,false,https://www.lethbridge.ca/Things-To-Do/Parks/Pages/Dog-Parks.aspx,rules | reviewedOn,,,,needs-content-expansion | needs-human-review,not-started,not-started,not-started,not-started,not-started
T2-high-value-expansion,park-profile,rights-gated-park-photo-or-independent-original,queued,dog-parks,Dog Parks,Sheffield Dog Off Leash Area,/dog-parks/sheffield-dog-off-leash-area/,https://leashfree.ca/dog-parks/sheffield-dog-off-leash-area/,British Columbia,Chilliwack,79,89,92,180,true,373,false,https://www.chilliwack.com/main/page.cfm?id=945,rules | reviewedOn,,,,needs-content-expansion | needs-human-review,not-started,not-started,not-started,not-started,not-started
T2-high-value-expansion,park-profile,rights-gated-park-photo-or-independent-original,queued,dog-parks,Dog Parks,Yellowquill Provincial Park Off-Leash Dog Area,/dog-parks/yellowquill-provincial-park-off-leash-dog-area/,https://leashfree.ca/dog-parks/yellowquill-provincial-park-off-leash-dog-area/,Manitoba,Portage la Prairie,79,89,92,180,true,372,false,https://www.bringfido.com/attraction/44163,rules | reviewedOn,,,,needs-content-expansion | needs-human-review,not-started,not-started,not-started,not-started,not-started
T2-high-value-expansion,park-profile,rights-gated-park-photo-or-independent-original,queued,dog-parks,Dog Parks,Baffin Dog Park,/dog-parks/baffin-dog-park/,https://leashfree.ca/dog-parks/baffin-dog-park/,Manitoba,Thompson,79,89,93,180,true,372,false,https://www.bringfido.com/attraction/47240,rules | reviewedOn,,,,needs-content-expansion | needs-human-review,not-started,not-started,not-started,not-started,not-started
T2-high-value-expansion,park-profile,rights-gated-park-photo-or-independent-original,queued,dog-parks,Dog Parks,Southwest Dog Park,/dog-parks/southwest-dog-park-saskatoon/,https://leashfree.ca/dog-parks/southwest-dog-park-saskatoon/,Saskatchewan,Saskatoon,79,89,93,180,true,372,false,https://www.saskatoon.ca/parks-recreation-attractions/parks/dog-parks,rules | reviewedOn,,,,needs-content-expansion | needs-human-review,not-started,not-started,not-started,not-started,not-started
T2-high-value-expansion,park-profile,rights-gated-park-photo-or-independent-original,queued,dog-parks,Dog Parks,Three Mile Bend Recreation Area,/dog-parks/three-mile-bend-recreation-area/,https://leashfree.ca/dog-parks/three-mile-bend-recreation-area/,Alberta,Red Deer,79,89,93,180,true,372,false,https://www.reddeer.ca/recreation-and-culture/parks-and-trails/parks/three-mile-bend-recreation-area/,rules | reviewedOn,,,,needs-content-expansion | needs-human-review,not-started,not-started,not-started,not-started,not-started
T2-high-value-expansion,park-profile,rights-gated-park-photo-or-independent-original,queued,dog-parks,Dog Parks,Audley Recreation Centre Off-Leash Area,/dog-parks/audley-recreation-centre/,https://leashfree.ca/dog-parks/audley-recreation-centre/,Ontario,Ajax,79,89,95,180,true,374,false,https://www.ajax.ca/en/play/recreation-centres.aspx,rules | reviewedOn,,,,needs-content-expansion | needs-human-review,not-started,not-started,not-started,not-started,not-started
T2-high-value-expansion,park-profile,rights-gated-park-photo-or-independent-original,queued,dog-parks,Dog Parks,Albion Fairgrounds,/dog-parks/albion-fairgrounds-maple-ridge/,https://leashfree.ca/dog-parks/albion-fairgrounds-maple-ridge/,British Columbia,Maple Ridge,79,89,96,180,true,372,false,https://www.mapleridge.ca/1502/Dog-Parks,rules | reviewedOn,,,,needs-content-expansion | needs-human-review,not-started,not-started,not-started,not-started,not-started
T2-high-value-expansion,park-profile,rights-gated-park-photo-or-independent-original,queued,dog-parks,Dog Parks,Hammond Dog Off‑Leash Area,/dog-parks/hammond-dog-off-leash-area/,https://leashfree.ca/dog-parks/hammond-dog-off-leash-area/,British Columbia,Maple Ridge,79,89,96,180,true,372,false,https://www.mapleridge.ca/1502/Dog-Parks,rules | reviewedOn,,,,needs-content-expansion | needs-human-review,not-started,not-started,not-started,not-started,not-started
T2-high-value-expansion,park-profile,rights-gated-park-photo-or-independent-original,queued,dog-parks,Dog Parks,Jerry Sulina Park,/dog-parks/jerry-sulina-park-maple-ridge/,https://leashfree.ca/dog-parks/jerry-sulina-park-maple-ridge/,British Columbia,Maple Ridge,79,89,96,180,true,372,false,https://www.mapleridge.ca/1502/Dog-Parks,rules | reviewedOn,,,,needs-content-expansion | needs-human-review,not-started,not-started,not-started,not-started,not-started
T2-high-value-expansion,park-profile,rights-gated-park-photo-or-independent-original,queued,dog-parks,Dog Parks,Saratoga Dog Park,/dog-parks/saratoga-dog-park/,https://leashfree.ca/dog-parks/saratoga-dog-park/,Alberta,Medicine Hat,79,89,96,180,true,372,false,https://www.medicinehat.ca/en/parks-recreation-and-culture/dog-parks.aspx,rules | reviewedOn,,,,needs-content-expansion | needs-human-review,not-started,not-started,not-started,not-started,not-started
T2-high-value-expansion,park-profile,rights-gated-park-photo-or-independent-original,queued,dog-parks,Dog Parks,Steve McDonnell Leash Free Dog Park,/dog-parks/steve-mcdonnell/,https://leashfree.ca/dog-parks/steve-mcdonnell/,Ontario,Grimsby,79,89,96,180,true,373,false,https://www.grimsby.ca/en/explore-and-play/dog-parks.aspx,rules | reviewedOn,,,,needs-content-expansion | needs-human-review,not-started,not-started,not-started,not-started,not-started
T2-high-value-expansion,park-profile,rights-gated-park-photo-or-independent-original,queued,dog-parks,Dog Parks,Crystal Ridge Neighbourhood Off-Leash Area,/dog-parks/crystal-ridge-neighbourhood-off-leash-area/,https://leashfree.ca/dog-parks/crystal-ridge-neighbourhood-off-leash-area/,Alberta,Grande Prairie,79,89,97,180,true,372,false,https://www.cityofgp.com/culture-recreation/parks-trails/dog-parks,rules | reviewedOn,,,,needs-content-expansion | needs-human-review,not-started,not-started,not-started,not-started,not-started
T2-high-value-expansion,park-profile,rights-gated-park-photo-or-independent-original,queued,dog-parks,Dog Parks,Grand Valley Park,/dog-parks/grand-valley-park-pickering/,https://leashfree.ca/dog-parks/grand-valley-park-pickering/,Ontario,Pickering,79,89,97,180,true,373,false,https://www.pickering.ca/en/discovering/parks.aspx,rules | reviewedOn,,,,needs-content-expansion | needs-human-review,not-started,not-started,not-started,not-started,not-started
T2-high-value-expansion,park-profile,rights-gated-park-photo-or-independent-original,queued,dog-parks,Dog Parks,Paisley Dog Park,/dog-parks/paisley-dog-park/,https://leashfree.ca/dog-parks/paisley-dog-park/,Alberta,Edmonton,79,89,97,180,true,372,false,https://www.edmonton.ca/activities_parks_recreation/parks_dog_off_leash,rules | reviewedOn,,,,needs-content-expansion | needs-human-review,not-started,not-started,not-started,not-started,not-started
T2-high-value-expansion,park-profile,rights-gated-park-photo-or-independent-original,queued,dog-parks,Dog Parks,Hampton Dog Park,/dog-parks/hampton-dog-park/,https://leashfree.ca/dog-parks/hampton-dog-park/,ON,Ottawa,79,89,99,180,true,390,false,"https://www.google.com/maps/place/Hampton+Park+(Dog+Park)/@45.3880246,-75.7374923,17.82z/data=!4m6!3m5!1s0x4cce069e350901ef:0xec4e06d92af902d4!8m2!3d45.3879831!4d-75.7367621!16s%2Fg%2F11fy4q_2sz!5m1!1e1?entry=ttu&g_ep=EgoyMDI1MDYxNy4wIKXMDSoASAFQAw%3D%3D",rules | reviewedOn,,,,needs-content-expansion | needs-human-review,not-started,not-started,not-started,not-started,not-started
T2-high-value-expansion,park-profile,rights-gated-park-photo-or-independent-original,queued,dog-parks,Dog Parks,South Bear Creek Off-Leash Dog Park,/dog-parks/south-bear-creek-off-leash-dog-park/,https://leashfree.ca/dog-parks/south-bear-creek-off-leash-dog-park/,Alberta,Grande Prairie,79,89,99,180,true,372,false,https://www.cityofgp.com/culture-recreation/parks-trails/dog-parks,rules | reviewedOn,,,,needs-content-expansion | needs-human-review,not-started,not-started,not-started,not-started,not-started
T2-high-value-expansion,park-profile,rights-gated-park-photo-or-independent-original,queued,dog-parks,Dog Parks,WestVue Dog Park,/dog-parks/westvue-dog-park/,https://leashfree.ca/dog-parks/westvue-dog-park/,Alberta,Medicine Hat,79,89,99,180,true,372,false,https://www.medicinehat.ca/en/parks-recreation-and-culture/dog-parks.aspx,rules | reviewedOn,,,,needs-content-expansion | needs-human-review,not-started,not-started,not-started,not-started,not-started
T2-high-value-expansion,park-profile,rights-gated-park-photo-or-independent-original,queued,dog-parks,Dog Parks,Colonel Samuel Smith Park,/dog-parks/colonel-samuel-smith-park-etobicoke/,https://leashfree.ca/dog-parks/colonel-samuel-smith-park-etobicoke/,Ontario,Etobicoke,77,95,71,180,true,390,false,"https://www.google.com/maps/place/Colonel+Samuel+Smith+Park/@43.5914019,-79.5159606,17z/data=!3m1!4b1!4m6!3m5!1s0x882b49b5047aca2f:0x11bdf5c1d684a0e5!8m2!3d43.591398!4d-79.5133857!16s%2Fm%2F05p704d!5m1!1e1?entry=ttu&g_ep=EgoyMDI1MDYxNy4wIKXMDSoASAFQAw%3D%3D",reviewedOn,,,,needs-content-expansion | needs-human-review,not-started,not-started,not-started,not-started,not-started
T2-high-value-expansion,park-profile,rights-gated-park-photo-or-independent-original,queued,dog-parks,Dog Parks,Marie Curtis Park,/dog-parks/marie-curtis-park-etobicoke/,https://leashfree.ca/dog-parks/marie-curtis-park-etobicoke/,Ontario,Etobicoke,77,95,71,180,true,390,false,"https://www.google.com/maps/place/Marie+Curtis+Park/@43.5867826,-79.5451442,16z/data=!3m1!4b1!4m6!3m5!1s0x882b486508cb5fc1:0xf4131938be05e938!8m2!3d43.5867787!4d-79.5425693!16s%2Fm%2F0wj60_p!5m1!1e1?entry=ttu&g_ep=EgoyMDI1MDYxNy4wIKXMDSoASAFQAw%3D%3D",reviewedOn,,,,needs-content-expansion | needs-human-review,not-started,not-started,not-started,not-started,not-started
T2-high-value-expansion,park-profile,rights-gated-park-photo-or-independent-original,queued,dog-parks,Dog Parks,Ballantyne Park,/dog-parks/ballantyne-park/,https://leashfree.ca/dog-parks/ballantyne-park/,Ontario,Ottawa,77,95,72,180,true,390,false,"https://www.google.com/maps/place/Ballantyne+Park,+31+Hawthorne+Ave,+Ottawa,+ON+K1S+0A9/@45.4125166,-75.6820476,18.73z/data=!4m6!3m5!1s0x4cce05a364b93bf1:0xc8806b138f85e5d8!8m2!3d45.4125633!4d-75.6814643!16s%2Fm%2F03cpjvk!5m1!1e1?entry=ttu&g_ep=EgoyMDI1MDYxNy4wIKXMDSoASAFQAw%3D%3D",reviewedOn,,,,needs-content-expansion | needs-human-review,not-started,not-started,not-started,not-started,not-started
T2-high-value-expansion,park-profile,rights-gated-park-photo-or-independent-original,queued,dog-parks,Dog Parks,Primrose Park,/dog-parks/primrose-park/,https://leashfree.ca/dog-parks/primrose-park/,Ontario,Ottawa,77,95,72,180,true,390,false,"https://www.google.com/maps/place/Primrose+Park/@45.411093,-75.7139346,19.73z/data=!4m6!3m5!1s0x4cce044f5a6cc1f7:0x3ce9f4cf7cf06e80!8m2!3d45.4110903!4d-75.713384!16s%2Fm%2F051rkhb!5m1!1e1?entry=ttu&g_ep=EgoyMDI1MDYxNy4wIKXMDSoASAFQAw%3D%3D",reviewedOn,,,,needs-content-expansion | needs-human-review,not-started,not-started,not-started,not-started,not-started
T2-high-value-expansion,park-profile,rights-gated-park-photo-or-independent-original,queued,dog-parks,Dog Parks,Raymore Park,/dog-parks/raymore-park/,https://leashfree.ca/dog-parks/raymore-park/,Ontario,Toronto,77,95,73,180,true,258,false,"https://www.google.com/maps/place/Raymore+Park/@43.6964764,-79.5128113,16z/data=!3m1!4b1!4m6!3m5!1s0x882b312af1c3e38b:0x82b063c91b3870a9!8m2!3d43.6964764!4d-79.5128113!16s%2Fg%2F116bxlclm!5m1!1e1?entry=ttu&g_ep=EgoyMDI1MDYxNy4wIKXMDSoASAFQAw%3D%3D",reviewedOn,,,,needs-content-expansion | needs-human-review,not-started,not-started,not-started,not-started,not-started
T2-high-value-expansion,park-profile,rights-gated-park-photo-or-independent-original,queued,dog-parks,Dog Parks,King's Mill Park,/dog-parks/kings-mill-park-etobicoke/,https://leashfree.ca/dog-parks/kings-mill-park-etobicoke/,Ontario,Etobicoke,77,95,74,180,true,390,false,"https://www.google.com/maps/place/King's+Mill+Park/@43.6470114,-79.4997865,16z/data=!3m1!4b1!4m6!3m5!1s0x882b365fa55cfeaf:0x112bfdf453378568!8m2!3d43.6470075!4d-79.4972116!16s%2Fg%2F1tr18601!5m1!1e1?entry=ttu&g_ep=EgoyMDI1MDYxNy4wIKXMDSoASAFQAw%3D%3D",reviewedOn,,,,needs-content-expansion | needs-human-review,not-started,not-started,not-started,not-started,not-started
T2-high-value-expansion,park-profile,rights-gated-park-photo-or-independent-original,queued,dog-parks,Dog Parks,Diamond Jubilee Park,/dog-parks/diamond-jubilee-park/,https://leashfree.ca/dog-parks/diamond-jubilee-park/,Ontario,Ottawa,77,95,77,180,true,390,false,"https://www.google.com/maps/place/Diamond+Jubilee+Park/@45.3146885,-75.6129819,17z/data=!3m1!4b1!4m6!3m5!1s0x4cce095afc27a77f:0x1727968ce850c472!8m2!3d45.3146848!4d-75.610407!16s%2Fg%2F11p14tnrxf!5m1!1e1?entry=ttu&g_ep=EgoyMDI1MDYxNy4wIKXMDSoASAFQAw%3D%3D",reviewedOn,,,,needs-content-expansion | needs-human-review,not-started,not-started,not-started,not-started,not-started
T2-high-value-expansion,park-profile,rights-gated-park-photo-or-independent-original,queued,dog-parks,Dog Parks,Lion's Park,/dog-parks/lions-park-belleville/,https://leashfree.ca/dog-parks/lions-park-belleville/,Ontario,Belleville,77,95,77,180,true,382,false,"https://www.google.com/maps/place/Lion's+Park,+Belleville,+ON./@44.1720585,-77.3872608,16z/data=!3m1!4b1!4m6!3m5!1s0x89d62561173b4fed:0x358502e69407d9c9!8m2!3d44.1720548!4d-77.3823899!16s%2Fg%2F11dxlcw9zy!5m1!1e1?entry=ttu&g_ep=EgoyMDI1MDYzMC4wIKXMDSoASAFQAw%3D%3D",reviewedOn,,,,needs-content-expansion | needs-human-review,not-started,not-started,not-started,not-started,not-started
T2-high-value-expansion,park-profile,rights-gated-park-photo-or-independent-original,queued,dog-parks,Dog Parks,Bonnycastle Park,/dog-parks/bonnycastle-park/,https://leashfree.ca/dog-parks/bonnycastle-park/,Manitoba,Winnipeg,77,95,78,180,true,372,false,https://winnipeg.ca/publicworks/parksOpenSpace/OffLeashAreas/,reviewedOn,,,,needs-content-expansion | needs-human-review,not-started,not-started,not-started,not-started,not-started
T2-high-value-expansion,park-profile,rights-gated-park-photo-or-independent-original,queued,dog-parks,Dog Parks,Don Boudria Park,/dog-parks/don-boudria-park/,https://leashfree.ca/dog-parks/don-boudria-park/,Ontario,Ottawa,77,95,78,180,true,390,false,"https://www.google.com/maps/place/Don+Boudria+Dog+Park/@45.4442137,-75.4933849,17z/data=!4m14!1m7!3m6!1s0x4cce138f94f5162f:0xc542d16552aadf56!2sDon+Boudria+Park!8m2!3d45.44421!4d-75.49081!16s%2Fg%2F11j6z8znw1!3m5!1s0x4cce1301da068ab3:0xa9351f5c77d2ed3a!8m2!3d45.4446453!4d-75.4895667!16s%2Fg%2F11swgy8728!5m1!1e1?entry=ttu&g_ep=EgoyMDI1MDYxNy4wIKXMDSoASAFQAw%3D%3D",reviewedOn,,,,needs-content-expansion | needs-human-review,not-started,not-started,not-started,not-started,not-started
T2-high-value-expansion,park-profile,rights-gated-park-photo-or-independent-original,queued,dog-parks,Dog Parks,High Park,/dog-parks/high-park/,https://leashfree.ca/dog-parks/high-park/,Ontario,Etobicoke,77,95,78,180,true,390,false,"https://www.google.com/maps/place/High+Park/@43.6465518,-79.4662652,17z/data=!3m1!4b1!4m6!3m5!1s0x882b35d32336f705:0x1bcc825a300ee67!8m2!3d43.6465479!4d-79.4636903!16zL20vMDI0d3R5!5m1!1e1?entry=ttu&g_ep=EgoyMDI1MDYxNy4wIKXMDSoASAFQAw%3D%3D",reviewedOn,,,,needs-content-expansion | needs-human-review,not-started,not-started,not-started,not-started,not-started
T2-high-value-expansion,park-profile,rights-gated-park-photo-or-independent-original,queued,dog-parks,Dog Parks,Sir Casimir Gzowski Park,/dog-parks/sir-casimir-gzowski-park-etobicoke/,https://leashfree.ca/dog-parks/sir-casimir-gzowski-park-etobicoke/,Ontario,Etobicoke,77,95,78,180,true,390,false,"https://www.google.com/maps/place/Sir+Casimir+Gzowski+Park/@43.635212,-79.4684029,17z/data=!3m1!4b1!4m6!3m5!1s0x882b35d919cae733:0x7b097fbe95810cb7!8m2!3d43.6352081!4d-79.465828!16s%2Fg%2F1thvyxp6!5m1!1e1?entry=ttu&g_ep=EgoyMDI1MDYxNy4wIKXMDSoASAFQAw%3D%3D",reviewedOn,,,,needs-content-expansion | needs-human-review,not-started,not-started,not-started,not-started,not-started
T2-high-value-expansion,park-profile,rights-gated-park-photo-or-independent-original,queued,dog-parks,Dog Parks,Don Russell Memorial Park,/dog-parks/don-russell-memorial-park-etobicoke/,https://leashfree.ca/dog-parks/don-russell-memorial-park-etobicoke/,Ontario,Etobicoke,77,95,79,180,true,390,false,"https://www.google.com/maps/place/Donald+Russell+Memorial+Park/@43.6005575,-79.5257824,16z/data=!3m1!4b1!4m6!3m5!1s0x882b483142e955c7:0xf7c152edabd2a493!8m2!3d43.6005537!4d-79.5209115!16s%2Fg%2F1tlwg8ht!5m1!1e1?entry=ttu&g_ep=EgoyMDI1MDYxNy4wIKXMDSoASAFQAw%3D%3D",reviewedOn,,,,needs-content-expansion | needs-human-review,not-started,not-started,not-started,not-started,not-started
T2-high-value-expansion,park-profile,rights-gated-park-photo-or-independent-original,queued,dog-parks,Dog Parks,Corbett's Park,/dog-parks/corbetts-park/,https://leashfree.ca/dog-parks/corbetts-park/,Ontario,Courtice,77,95,80,180,true,382,false,"https://www.google.com/maps/place/Corbett's+Park/@43.9273168,-78.8390368,16z/data=!4m10!1m2!2m1!1sCourtice+On+Dog+Parks!3m6!1s0x89d50355f70a934f:0x1238a9004532bf78!8m2!3d43.9273164!4d-78.833405!15sChVDb3VydGljZSBPbiBEb2cgUGFya3NaFyIVY291cnRpY2Ugb24gZG9nIHBhcmtzkgEEcGFya5oBJENoZERTVWhOTUc5blMwVkpRMEZuU1VNdGNIQmlUR2xCUlJBQqoBWAoJL20vMGJ0OWxyEAEqDSIJZG9nIHBhcmtzKAAyHxABIhtp46MKrYRrSNH4B2KCr45tcXmDmkzjKDoVxocyGRACIhVjb3VydGljZSBvbiBkb2cgcGFya3PgAQD6AQQIYRBH!16s%2Fg%2F11cnd9txd2!5m1!1e1?entry=ttu&g_ep=EgoyMDI1MDYyOS4wIKXMDSoASAFQAw%3D%3D",reviewedOn,,,,needs-content-expansion | needs-human-review,not-started,not-started,not-started,not-started,not-started
T2-high-value-expansion,park-profile,rights-gated-park-photo-or-independent-original,queued,dog-parks,Dog Parks,Duggan Park,/dog-parks/duggan-park/,https://leashfree.ca/dog-parks/duggan-park/,Ontario,Brampton,77,95,81,180,true,390,false,"https://www.google.com/maps/place/Duggan+Park+Off-Leash+Area/@43.6952055,-79.7669717,17z/data=!4m15!1m8!3m7!1s0x882b15c0449f01af:0x3569574c8298ed0f!2s73+Vodden+St+E,+Brampton,+ON+L6V+4B9!3b1!8m2!3d43.6951111!4d-79.764345!16s%2Fg%2F11c14sg10l!3m5!1s0x882b15c01679c5ad:0x6099c1b5950c6739!8m2!3d43.6947683!4d-79.7634546!16s%2Fg%2F11dxkkzq2p!5m1!1e1?entry=ttu&g_ep=EgoyMDI1MDYxNy4wIKXMDSoASAFQAw%3D%3D",reviewedOn,,,,needs-content-expansion | needs-human-review,not-started,not-started,not-started,not-started,not-started
T2-high-value-expansion,park-profile,rights-gated-park-photo-or-independent-original,queued,dog-parks,Dog Parks,Alguire Park,/dog-parks/alguire-park-cornwall/,https://leashfree.ca/dog-parks/alguire-park-cornwall/,Ontario,Cornwall,77,95,82,180,true,373,false,https://www.cornwall.ca/en/play-here/parks-and-trails.aspx,reviewedOn,,,,needs-content-expansion | needs-human-review,not-started,not-started,not-started,not-started,not-started
T2-high-value-expansion,park-profile,rights-gated-park-photo-or-independent-original,queued,dog-parks,Dog Parks,Chief Whitecap Park,/dog-parks/chief-whitecap-park/,https://leashfree.ca/dog-parks/chief-whitecap-park/,Saskatchewan,Saskatoon,77,95,83,180,true,372,false,https://www.saskatoon.ca/parks-recreation-attractions/parks/dog-parks,reviewedOn,,,,needs-content-expansion | needs-human-review,not-started,not-started,not-started,not-started,not-started
T2-high-value-expansion,park-profile,rights-gated-park-photo-or-independent-original,queued,dog-parks,Dog Parks,Conroy Pit,/dog-parks/conroy-pit/,https://leashfree.ca/dog-parks/conroy-pit/,Ontario,Ottawa,77,95,84,180,true,390,false,"https://www.google.com/maps/place/Conroy+Pit/@45.3612737,-75.6208211,17.82z/data=!4m6!3m5!1s0x4cce0920fca3f919:0x94b0c9fe44df7288!8m2!3d45.36195!4d-75.6183694!16s%2Fg%2F11ckr7wz5z!5m1!1e1?entry=ttu&g_ep=EgoyMDI1MDYxNy4wIKXMDSoASAFQAw%3D%3D",reviewedOn,,,,needs-content-expansion | needs-human-review,not-started,not-started,not-started,not-started,not-started
T2-high-value-expansion,park-profile,rights-gated-park-photo-or-independent-original,queued,dog-parks,Dog Parks,Brewer Park,/dog-parks/brewer-park/,https://leashfree.ca/dog-parks/brewer-park/,Ontario,Ottawa,77,95,85,180,true,390,false,"https://www.google.com/maps/place/Brewer+Park/@45.3867037,-75.6912099,16z/data=!3m1!4b1!4m6!3m5!1s0x4cce05dc35e965ef:0x5368fabb15a3daa4!8m2!3d45.3867!4d-75.688635!16s%2Fm%2F027k1n6!5m1!1e1?entry=ttu&g_ep=EgoyMDI1MDYxNy4wIKXMDSoASAFQAw%3D%3D",reviewedOn,,,,needs-content-expansion | needs-human-review,not-started,not-started,not-started,not-started,not-started
T2-high-value-expansion,park-profile,rights-gated-park-photo-or-independent-original,queued,dog-parks,Dog Parks,Brenda Leipsic Park,/dog-parks/brenda-leipsic-park/,https://leashfree.ca/dog-parks/brenda-leipsic-park/,Manitoba,Winnipeg,77,95,86,180,true,372,false,https://winnipeg.ca/publicworks/parksOpenSpace/OffLeashAreas/,reviewedOn,,,,needs-content-expansion | needs-human-review,not-started,not-started,not-started,not-started,not-started
T2-high-value-expansion,park-profile,rights-gated-park-photo-or-independent-original,queued,dog-parks,Dog Parks,Hermitage Park,/dog-parks/hermitage-park/,https://leashfree.ca/dog-parks/hermitage-park/,Ontario,Ajax,77,95,86,180,true,374,false,"https://www.google.com/maps/place/Hermitage+Off-Leash+Dog+Park/@43.8577973,-79.0879359,14z/data=!4m10!1m2!2m1!1sAjax+Dog+Parks!3m6!1s0x89d4dfa16d99aff9:0xb6d3286529097c2a!8m2!3d43.8577973!4d-79.052917!15sCg5BamF4IERvZyBQYXJrc1oQIg5hamF4IGRvZyBwYXJrc5IBCGRvZ19wYXJrmgEjQ2haRFNVaE5NRzluUzBWSlEwRm5TVVJpZFU5cU4xZFJFQUWqAVEKCS9tLzBidDlschABKg0iCWRvZyBwYXJrcygAMh8QASIbKUVW_IgNBen3KmJFY0z3Dig2VFpI89LdWjuUMhIQAiIOYWpheCBkb2cgcGFya3PgAQD6AQQIABAa!16s%2Fg%2F11pzfyckq2!5m1!1e1?entry=ttu&g_ep=EgoyMDI1MDcwNy4wIKXMDSoASAFQAw%3D%3D",reviewedOn,,,,needs-content-expansion | needs-human-review,not-started,not-started,not-started,not-started,not-started
T2-high-value-expansion,park-profile,rights-gated-park-photo-or-independent-original,queued,dog-parks,Dog Parks,Chris Gibson Park,/dog-parks/chris-gibson-park/,https://leashfree.ca/dog-parks/chris-gibson-park/,Ontario,Brampton,77,95,87,180,true,390,false,https://www.brampton.ca/EN/residents/Recreation/Community-Centres/Pages/Chris-Gibson.aspx,reviewedOn,,,,needs-content-expansion | needs-human-review,not-started,not-started,not-started,not-started,not-started
T2-high-value-expansion,park-profile,rights-gated-park-photo-or-independent-original,queued,dog-parks,Dog Parks,Don Russell Memorial Park,/dog-parks/don-russell-memorial-park/,https://leashfree.ca/dog-parks/don-russell-memorial-park/,Ontario,Toronto,77,95,87,180,true,401,false,https://www.toronto.ca/explore-enjoy/parks-recreation/places-spaces/parks-and-recreation-facilities/location/?id=1058,reviewedOn,,,,needs-content-expansion | needs-human-review,not-started,not-started,not-started,not-started,not-started
T2-high-value-expansion,park-profile,rights-gated-park-photo-or-independent-original,queued,dog-parks,Dog Parks,Sunnidale Park,/dog-parks/sunnidale-park/,https://leashfree.ca/dog-parks/sunnidale-park/,Ontario,Barrie,77,95,87,180,true,382,false,https://www.barrie.ca/community-recreation-environment/parks-trails-waterfront/dog-leash-recreation-areas,reviewedOn,,,,needs-content-expansion | needs-human-review,not-started,not-started,not-started,not-started,not-started
T2-high-value-expansion,park-profile,rights-gated-park-photo-or-independent-original,queued,dog-parks,Dog Parks,Ajax Waterfront Park,/dog-parks/ajax-waterfront-park/,https://leashfree.ca/dog-parks/ajax-waterfront-park/,Ontario,Ajax,77,95,88,180,true,374,false,https://www.ajax.ca/en/play/waterfront.aspx,reviewedOn,,,,needs-content-expansion | needs-human-review,not-started,not-started,not-started,not-started,not-started
T2-high-value-expansion,park-profile,rights-gated-park-photo-or-independent-original,queued,dog-parks,Dog Parks,Firemen's Park,/dog-parks/firemens-park/,https://leashfree.ca/dog-parks/firemens-park/,Ontario,Niagara Falls,77,95,88,180,true,382,false,https://niagarafalls.ca/living/parks-trails/firemens-park.aspx,reviewedOn,,,,needs-content-expansion | needs-human-review,not-started,not-started,not-started,not-started,not-started
T2-high-value-expansion,park-profile,rights-gated-park-photo-or-independent-original,queued,dog-parks,Dog Parks,Hamilton Beach,/dog-parks/hamilton-beach/,https://leashfree.ca/dog-parks/hamilton-beach/,Ontario,Hamilton,77,95,88,180,true,400,false,"https://www.google.com/maps/place/Hamilton+Beach/@43.2458524,-79.7481555,18.82z/data=!4m6!3m5!1s0x882c99e989e82c51:0x18c548296af39c13!8m2!3d43.2462319!4d-79.7478351!16s%2Fg%2F11q2xkcmpf!5m1!1e1?entry=ttu&g_ep=EgoyMDI1MDYxMS4wIKXMDSoASAFQAw%3D%3D",reviewedOn,,,,needs-content-expansion | needs-human-review,not-started,not-started,not-started,not-started,not-started
T2-high-value-expansion,park-profile,rights-gated-park-photo-or-independent-original,queued,dog-parks,Dog Parks,Memorial Park,/dog-parks/memorial-park-white-rock/,https://leashfree.ca/dog-parks/memorial-park-white-rock/,British Columbia,White Rock,77,95,88,180,true,372,false,https://www.whiterockcity.ca,reviewedOn,,,,needs-content-expansion | needs-human-review,not-started,not-started,not-started,not-started,not-started
T2-high-value-expansion,park-profile,rights-gated-park-photo-or-independent-original,queued,dog-parks,Dog Parks,White Spruce Park,/dog-parks/white-spruce-park/,https://leashfree.ca/dog-parks/white-spruce-park/,Ontario,Brampton,77,95,88,180,true,390,false,https://www.brampton.ca,reviewedOn,,,,needs-content-expansion | needs-human-review,not-started,not-started,not-started,not-started,not-started
T2-high-value-expansion,park-profile,rights-gated-park-photo-or-independent-original,queued,dog-parks,Dog Parks,Bakerview Park,/dog-parks/bakerview-park-surrey/,https://leashfree.ca/dog-parks/bakerview-park-surrey/,British Columbia,Surrey,77,95,89,180,true,372,false,https://www.surrey.ca/parks-recreation/parks/bakerview-park,reviewedOn,,,,needs-content-expansion | needs-human-review,not-started,not-started,not-started,not-started,not-started
T2-high-value-expansion,park-profile,rights-gated-park-photo-or-independent-original,queued,dog-parks,Dog Parks,Semiahmoo Park,/dog-parks/semiahmoo-park/,https://leashfree.ca/dog-parks/semiahmoo-park/,British Columbia,White Rock,77,95,89,180,true,372,false,https://www.whiterockcity.ca,reviewedOn,,,,needs-content-expansion | needs-human-review,not-started,not-started,not-started,not-started,not-started
T2-high-value-expansion,park-profile,rights-gated-park-photo-or-independent-original,queued,dog-parks,Dog Parks,Stony Swamp Conservation Area,/dog-parks/stony-swamp-conservation-area/,https://leashfree.ca/dog-parks/stony-swamp-conservation-area/,Ontario,Ottawa,77,95,89,180,true,390,false,"https://www.google.com/maps/place/Stony+Swamp/@45.3065645,-75.8166715,17z/data=!3m1!4b1!4m6!3m5!1s0x4ccdff154f260e4d:0xd36d293b0fb6c8bb!8m2!3d45.3065645!4d-75.8166715!16s%2Fg%2F11hkffzvn7!5m1!1e1?entry=ttu&g_ep=EgoyMDI1MDYxNy4wIKXMDSoASAFQAw%3D%3D",reviewedOn,,,,needs-content-expansion | needs-human-review,not-started,not-started,not-started,not-started,not-started
T2-high-value-expansion,park-profile,rights-gated-park-photo-or-independent-original,queued,dog-parks,Dog Parks,Nelson Dog Walk,/dog-parks/nelson-dog-walk-lakeside-path/,https://leashfree.ca/dog-parks/nelson-dog-walk-lakeside-path/,British Columbia,Nelson,77,95,90,180,true,372,false,https://www.nelson.ca,reviewedOn,,,,needs-content-expansion | needs-human-review,not-started,not-started,not-started,not-started,not-started
T2-high-value-expansion,park-profile,rights-gated-park-photo-or-independent-original,queued,dog-parks,Dog Parks,Thurlow Dog Park,/dog-parks/thurlow-dog-park/,https://leashfree.ca/dog-parks/thurlow-dog-park/,Ontario,Belleville,77,95,91,180,true,382,false,"https://www.google.com/maps/place/Thurlow+Dog+Park/@44.2068538,-77.3969402,17z/data=!3m1!4b1!4m6!3m5!1s0x89d6255b44ab6c83:0x237c7d20fcd91759!8m2!3d44.20685!4d-77.3943653!16s%2Fg%2F11p5ycvngd!5m1!1e1?entry=ttu&g_ep=EgoyMDI1MDYzMC4wIKXMDSoASAFQAw%3D%3D",reviewedOn,,,,needs-content-expansion | needs-human-review,not-started,not-started,not-started,not-started,not-started
T2-high-value-expansion,park-profile,rights-gated-park-photo-or-independent-original,queued,dog-parks,Dog Parks,Barkwood Forest,/dog-parks/barkwood-forest/,https://leashfree.ca/dog-parks/barkwood-forest/,Ontario,Ottawa,77,95,92,180,true,390,false,"https://www.google.com/maps/place/Barkwood+Forest+by+Boogity+Dog+Walking/@45.2060417,-75.978933,17z/data=!3m1!4b1!4m6!3m5!1s0x4cd2072ec7d8247f:0x60de4d8e8384da95!8m2!3d45.2060417!4d-75.978933!16s%2Fg%2F11ny22ym7y!5m1!1e1?entry=ttu&g_ep=EgoyMDI1MDYxNy4wIKXMDSoASAFQAw%3D%3D",reviewedOn,,,,needs-content-expansion | needs-human-review,not-started,not-started,not-started,not-started,not-started
T2-high-value-expansion,park-profile,rights-gated-park-photo-or-independent-original,queued,dog-parks,Dog Parks,Bishop's Park,/dog-parks/bishops-park/,https://leashfree.ca/dog-parks/bishops-park/,Ontario,Hamilton,77,95,92,180,true,400,false,"https://www.google.com/maps/place/Bishop's+Park/@43.2499064,-79.8570453,18.82z/data=!4m6!3m5!1s0x882c9bcfc91ba129:0x5922a4fe7ce255ab!8m2!3d43.2501761!4d-79.8563445!16s%2Fg%2F11h51c_z1y!5m1!1e1?entry=ttu&g_ep=EgoyMDI1MDYxMS4wIKXMDSoASAFQAw%3D%3D",reviewedOn,,,,needs-content-expansion | needs-human-review,not-started,not-started,not-started,not-started,not-started
T2-high-value-expansion,park-profile,rights-gated-park-photo-or-independent-original,queued,dog-parks,Dog Parks,Colonel Danforth Park,/dog-parks/colonel-danforth-park/,https://leashfree.ca/dog-parks/colonel-danforth-park/,Ontario,Toronto,77,95,92,180,true,401,false,https://www.toronto.ca/explore-enjoy/parks-recreation/places-spaces/parks-and-recreation-facilities/location/?id=4,reviewedOn,,,,needs-content-expansion | needs-human-review,not-started,not-started,not-started,not-started,not-started
T2-high-value-expansion,park-profile,rights-gated-park-photo-or-independent-original,queued,dog-parks,Dog Parks,David Bartlett Park,/dog-parks/david-bartlett-park/,https://leashfree.ca/dog-parks/david-bartlett-park/,Ontario,Ottawa,77,95,92,180,true,390,false,"https://www.google.com/maps/place/David+Bartlett+Park/@45.2448257,-75.7073675,16.09z/data=!4m6!3m5!1s0x4ccde36e7bdbd8bf:0xb7f36164996c9ad7!8m2!3d45.2445414!4d-75.7006731!16s%2Fg%2F1tl7nblh!5m1!1e1?entry=ttu&g_ep=EgoyMDI1MDYxNy4wIKXMDSoASAFQAw%3D%3D",reviewedOn,,,,needs-content-expansion | needs-human-review,not-started,not-started,not-started,not-started,not-started
T2-high-value-expansion,park-profile,rights-gated-park-photo-or-independent-original,queued,dog-parks,Dog Parks,Guindon Park,/dog-parks/guindon-park-cornwall/,https://leashfree.ca/dog-parks/guindon-park-cornwall/,Ontario,Cornwall,77,95,92,180,true,373,false,https://www.cornwall.ca/en/play-here/guindon-park.aspx,reviewedOn,,,,needs-content-expansion | needs-human-review,not-started,not-started,not-started,not-started,not-started
T2-high-value-expansion,park-profile,rights-gated-park-photo-or-independent-original,queued,dog-parks,Dog Parks,Millers Creek Park,/dog-parks/millers-creek-park/,https://leashfree.ca/dog-parks/millers-creek-park/,Ontario,Ajax,77,95,92,180,true,374,false,"https://www.google.com/maps/place/Millers+Creek+Leash-Free+Dog+Area/@43.863346,-79.0741809,14z/data=!4m10!1m2!2m1!1sAjax+Dog+Parks!3m6!1s0x89d4df004a3e2297:0x69f493ad6c31dc29!8m2!3d43.8656659!4d-79.0379569!15sCg5BamF4IERvZyBQYXJrc5IBBHBhcmuqAVEKCS9tLzBidDlschABKg0iCWRvZyBwYXJrcygAMh8QASIbKUVW_IgNBen3KmJFY0z3Dig2VFpI89LdWjuUMhIQAiIOYWpheCBkb2cgcGFya3PgAQA!16s%2Fg%2F11w566fxh7!5m1!1e1?entry=ttu&g_ep=EgoyMDI1MDcwNy4wIKXMDSoASAFQAw%3D%3D",reviewedOn,,,,needs-content-expansion | needs-human-review,not-started,not-started,not-started,not-started,not-started
T2-high-value-expansion,park-profile,rights-gated-park-photo-or-independent-original,queued,dog-parks,Dog Parks,Morden Dog Park,/dog-parks/morden-dog-park/,https://leashfree.ca/dog-parks/morden-dog-park/,Manitoba,Morden,77,95,92,180,true,372,false,https://www.morden.ca/p/dog-park,reviewedOn,,,,needs-content-expansion | needs-human-review,not-started,not-started,not-started,not-started,not-started
T2-high-value-expansion,park-profile,rights-gated-park-photo-or-independent-original,queued,dog-parks,Dog Parks,Stanley Park South - Toronto,/dog-parks/stanley-park-south-toronto/,https://leashfree.ca/dog-parks/stanley-park-south-toronto/,Ontario,Toronto,77,95,92,180,true,401,false,https://www.toronto.ca/explore-enjoy/parks-recreation/places-spaces/parks-and-recreation-facilities/location/?id=2750,reviewedOn,,,,needs-content-expansion | needs-human-review,not-started,not-started,not-started,not-started,not-started
T2-high-value-expansion,park-profile,rights-gated-park-photo-or-independent-original,queued,dog-parks,Dog Parks,Blackie Spit,/dog-parks/blackie-spit-surrey/,https://leashfree.ca/dog-parks/blackie-spit-surrey/,British Columbia,Surrey,77,95,93,180,true,372,false,https://www.surrey.ca/parks-recreation/parks/blackie-spit-park,reviewedOn,,,,needs-content-expansion | needs-human-review,not-started,not-started,not-started,not-started,not-started
T2-high-value-expansion,park-profile,rights-gated-park-photo-or-independent-original,queued,dog-parks,Dog Parks,Charleston Lake Provincial Park,/dog-parks/charleston-lake-provincial-park/,https://leashfree.ca/dog-parks/charleston-lake-provincial-park/,Ontario,Charleston Lake,77,95,93,180,true,373,false,https://www.ontarioparks.com/park/charlestonlake,reviewedOn,,,,needs-content-expansion | needs-human-review,not-started,not-started,not-started,not-started,not-started
T2-high-value-expansion,park-profile,rights-gated-park-photo-or-independent-original,queued,dog-parks,Dog Parks,Humber Bay Park West,/dog-parks/humber-bay-park-west-etobicoke/,https://leashfree.ca/dog-parks/humber-bay-park-west-etobicoke/,Ontario,Etobicoke,77,95,93,180,true,390,false,"https://www.google.com/maps/place/Humber+Bay+Park+West/@43.6164781,-79.4819919,16z/data=!3m1!4b1!4m6!3m5!1s0x882b3604f2f45f2d:0x9c6287b08208fded!8m2!3d43.6164742!4d-79.479417!16s%2Fg%2F11g_f75bl!5m1!1e1?entry=ttu&g_ep=EgoyMDI1MDYxNy4wIKXMDSoASAFQAw%3D%3D",reviewedOn,,,,needs-content-expansion | needs-human-review,not-started,not-started,not-started,not-started,not-started
T2-high-value-expansion,park-profile,rights-gated-park-photo-or-independent-original,queued,dog-parks,Dog Parks,Māmowimīwēyitamōwin Park Off-Leash Area,/dog-parks/mamowimiweyitamowin-park-off-leash-area/,https://leashfree.ca/dog-parks/mamowimiweyitamowin-park-off-leash-area/,Saskatchewan,Regina,77,95,93,180,true,372,false,https://www.regina.ca/parks-recreation-culture/dog-parks/,reviewedOn,,,,needs-content-expansion | needs-human-review,not-started,not-started,not-started,not-started,not-started
T2-high-value-expansion,park-profile,rights-gated-park-photo-or-independent-original,queued,dog-parks,Dog Parks,Niagara Falls Bark Park,/dog-parks/niagara-falls-bark-park/,https://leashfree.ca/dog-parks/niagara-falls-bark-park/,Ontario,Niagara Falls,77,95,93,180,true,382,false,"https://www.google.com/maps/place/Niagara+Falls+Bark+Park/@43.0507455,-79.1768015,12z/data=!4m10!1m2!2m1!1sNiagara+Falls+Dog+Parks!3m6!1s0x89d343bfe22c36ed:0xbb6457a6f918d254!8m2!3d43.0499227!4d-79.0925216!15sChdOaWFnYXJhIEZhbGxzIERvZyBQYXJrc1oZIhduaWFnYXJhIGZhbGxzIGRvZyBwYXJrc5IBCGRvZ19wYXJrmgEjQ2haRFNVaE5NRzluUzBWSlEwRm5TVU5oZFZCTFZFeDNFQUWqAVoKCS9tLzBidDlschABKg0iCWRvZyBwYXJrcygAMh8QASIbbz0nYCJ6xHqraYBYzxLpG-MyZp2eqmo_n4wDMhsQAiIXbmlhZ2FyYSBmYWxscyBkb2cgcGFya3PgAQD6AQQIABA_!16s%2Fg%2F11j6ywjkf4!5m1!1e1?entry=ttu&g_ep=EgoyMDI1MDYzMC4wIKXMDSoASAFQAw%3D%3D",reviewedOn,,,,needs-content-expansion | needs-human-review,not-started,not-started,not-started,not-started,not-started
T2-high-value-expansion,park-profile,rights-gated-park-photo-or-independent-original,queued,dog-parks,Dog Parks,West Zwick's Island Park,/dog-parks/west-zwicks-island-park/,https://leashfree.ca/dog-parks/west-zwicks-island-park/,Ontario,Belleville,77,95,93,180,true,382,false,"https://www.google.com/maps/place/West+Zwick's+Island+Park/@44.1542375,-77.3924137,15.5z/data=!4m14!1m7!3m6!1s0x89d62ff65f7e78bb:0x3a9af01a63249db!2sQuinte+Dog+Park!8m2!3d44.154175!4d-77.387759!16s%2Fg%2F1tfjgjb8!3m5!1s0x89d6254d424a5503:0x2a6066f6f9236305!8m2!3d44.1531091!4d-77.3888888!16s%2Fg%2F1w0j0ldt!5m1!1e1?entry=ttu&g_ep=EgoyMDI1MDYzMC4wIKXMDSoASAFQAw%3D%3D",reviewedOn,,,,needs-content-expansion | needs-human-review,not-started,not-started,not-started,not-started,not-started
T2-high-value-expansion,park-profile,rights-gated-park-photo-or-independent-original,queued,dog-parks,Dog Parks,Greenwood Conservation Area,/dog-parks/greenwood-conservation-area/,https://leashfree.ca/dog-parks/greenwood-conservation-area/,Ontario,Ajax,77,95,94,180,true,374,false,https://trca.ca/parks/greenwood-conservation-area/,reviewedOn,,,,needs-content-expansion | needs-human-review,not-started,not-started,not-started,not-started,not-started
T2-high-value-expansion,park-profile,rights-gated-park-photo-or-independent-original,queued,dog-parks,Dog Parks,Kilcona Park,/dog-parks/kilcona-park/,https://leashfree.ca/dog-parks/kilcona-park/,Manitoba,Winnipeg,77,95,94,180,true,372,false,https://winnipeg.ca/publicworks/parksOpenSpace/OffLeashAreas/,reviewedOn,,,,needs-content-expansion | needs-human-review,not-started,not-started,not-started,not-started,not-started
T2-high-value-expansion,park-profile,rights-gated-park-photo-or-independent-original,queued,dog-parks,Dog Parks,Lakeland Neighbourhood Off-Leash Area,/dog-parks/lakeland-neighbourhood-off-leash-area/,https://leashfree.ca/dog-parks/lakeland-neighbourhood-off-leash-area/,Alberta,Grande Prairie,77,95,94,180,true,372,false,https://www.cityofgp.com/culture-recreation/parks-trails/dog-parks,reviewedOn,,,,needs-content-expansion | needs-human-review,not-started,not-started,not-started,not-started,not-started
T2-high-value-expansion,park-profile,rights-gated-park-photo-or-independent-original,queued,dog-parks,Dog Parks,Little Mountain Park,/dog-parks/little-mountain-park/,https://leashfree.ca/dog-parks/little-mountain-park/,Manitoba,Winnipeg,77,95,94,180,true,372,false,https://winnipeg.ca/publicworks/parksOpenSpace/OffLeashAreas/,reviewedOn,,,,needs-content-expansion | needs-human-review,not-started,not-started,not-started,not-started,not-started
T2-high-value-expansion,park-profile,rights-gated-park-photo-or-independent-original,queued,dog-parks,Dog Parks,Niagara Falls Dog Park,/dog-parks/niagara-falls-dog-park/,https://leashfree.ca/dog-parks/niagara-falls-dog-park/,Ontario,Niagara Falls,77,95,95,180,true,382,false,https://niagarafalls.ca/living/parks-trails/dog-park.aspx,reviewedOn,,,,needs-content-expansion | needs-human-review,not-started,not-started,not-started,not-started,not-started
T2-high-value-expansion,park-profile,rights-gated-park-photo-or-independent-original,queued,dog-parks,Dog Parks,Powell Park,/dog-parks/powell-park/,https://leashfree.ca/dog-parks/powell-park/,Ontario,Hamilton,77,95,95,180,true,400,false,"https://www.google.com/maps/place/Powell+Park,+53+Birch+Ave,+Hamilton,+ON+L8L+6H8/@43.2550934,-79.8424945,17.91z/data=!4m6!3m5!1s0x882c9bf083514a57:0xbaaa9715cae9aa37!8m2!3d43.2557576!4d-79.8410538!16s%2Fg%2F11bvt7zpqj!5m1!1e1?entry=ttu&g_ep=EgoyMDI1MDYxMS4wIKXMDSoASAFQAw%3D%3D",reviewedOn,,,,needs-content-expansion | needs-human-review,not-started,not-started,not-started,not-started,not-started
T2-high-value-expansion,park-profile,rights-gated-park-photo-or-independent-original,queued,dog-parks,Dog Parks,Sorauren Avenue Park,/dog-parks/sorauren-avenue-park/,https://leashfree.ca/dog-parks/sorauren-avenue-park/,Ontario,Toronto,77,95,95,180,true,401,false,https://www.toronto.ca/explore-enjoy/parks-recreation/places-spaces/parks-and-recreation-facilities/location/?id=348,reviewedOn,,,,needs-content-expansion | needs-human-review,not-started,not-started,not-started,not-started,not-started
T2-high-value-expansion,park-profile,rights-gated-park-photo-or-independent-original,queued,dog-parks,Dog Parks,Botany Hill Park,/dog-parks/botany-hill-park/,https://leashfree.ca/dog-parks/botany-hill-park/,Ontario,Toronto,77,95,96,180,true,401,false,"https://www.google.com/maps/place/Botany+Hill+Dog+Park/@43.777738,-79.21308,16z/data=!4m14!1m7!3m6!1s0x89d4d08883fa8bfd:0xeb7235cbe568905e!2sBotany+Hill+Park!8m2!3d43.7777342!4d-79.2105051!16s%2Fg%2F1tdzbddx!3m5!1s0x89d4d088e495a225:0x36615a37f321f5a7!8m2!3d43.7784512!4d-79.2136691!16s%2Fg%2F11c4ftkt87!5m1!1e1?entry=ttu&g_ep=EgoyMDI1MDYxMS4wIKXMDSoASAFQAw%3D%3D",reviewedOn,,,,needs-content-expansion | needs-human-review,not-started,not-started,not-started,not-started,not-started
T2-high-value-expansion,park-profile,rights-gated-park-photo-or-independent-original,queued,dog-parks,Dog Parks,Bruce Pit,/dog-parks/bruce-pit/,https://leashfree.ca/dog-parks/bruce-pit/,Ontario,Ottawa,77,95,96,180,true,390,false,"https://www.google.com/maps/place/Bruce+Pit/@45.3250005,-75.8821542,12.45z/data=!4m6!3m5!1s0x4cce00a99d685a81:0xd2afc6f2bf26aadd!8m2!3d45.324238!4d-75.7997734!16s%2Fg%2F1thkr9yy!5m1!1e1?entry=ttu&g_ep=EgoyMDI1MDYxNy4wIKXMDSoASAFQAw%3D%3D",reviewedOn,,,,needs-content-expansion | needs-human-review,not-started,not-started,not-started,not-started,not-started
T2-high-value-expansion,park-profile,rights-gated-park-photo-or-independent-original,queued,dog-parks,Dog Parks,East Zwick's Centennial Park,/dog-parks/east-zwicks-centennial-park/,https://leashfree.ca/dog-parks/east-zwicks-centennial-park/,Ontario,Belleville,77,95,96,180,true,382,false,"https://www.google.com/maps/place/East+Zwick's+Centennial+Park/@44.1536866,-77.3888473,16z/data=!3m1!4b1!4m6!3m5!1s0x89d62553a5508281:0x6aea9ae711312e5e!8m2!3d44.1536828!4d-77.3862724!16s%2Fg%2F1tfkrrzx!5m1!1e1?entry=ttu&g_ep=EgoyMDI1MDYzMC4wIKXMDSoASAFQAw%3D%3D",reviewedOn,,,,needs-content-expansion | needs-human-review,not-started,not-started,not-started,not-started,not-started
T2-high-value-expansion,park-profile,rights-gated-park-photo-or-independent-original,queued,dog-parks,Dog Parks,Echo Dale Regional Park,/dog-parks/echo-dale-regional-park/,https://leashfree.ca/dog-parks/echo-dale-regional-park/,Alberta,Medicine Hat,77,95,96,180,true,372,false,https://www.medicinehat.ca/en/parks-recreation-and-culture/dog-parks.aspx,reviewedOn,,,,needs-content-expansion | needs-human-review,not-started,not-started,not-started,not-started,not-started
T2-high-value-expansion,park-profile,rights-gated-park-photo-or-independent-original,queued,dog-parks,Dog Parks,Greenhill Bowl Park,/dog-parks/greenhill-bowl-park/,https://leashfree.ca/dog-parks/greenhill-bowl-park/,Ontario,Hamilton,77,95,96,180,true,400,false,"https://www.google.com/maps/place/Greenhill+Bowl+Park/@43.2172639,-79.8071746,17z/data=!4m6!3m5!1s0x882c99a1afa1cc25:0x7e00db28633ebc54!8m2!3d43.217733!4d-79.8049966!16s%2Fg%2F11dz56kyxv!5m1!1e1?entry=ttu&g_ep=EgoyMDI1MDYxMS4wIKXMDSoASAFQAw%3D%3D",reviewedOn,,,,needs-content-expansion | needs-human-review,not-started,not-started,not-started,not-started,not-started
T2-high-value-expansion,park-profile,rights-gated-park-photo-or-independent-original,queued,dog-parks,Dog Parks,McLennan Park,/dog-parks/mclennan-park/,https://leashfree.ca/dog-parks/mclennan-park/,Ontario,Kitchener,77,95,96,180,true,393,false,https://www.kitchener.ca/en/things-to-do/dog-parks.aspx,reviewedOn,,,,needs-content-expansion | needs-human-review,not-started,not-started,not-started,not-started,not-started
T2-high-value-expansion,park-profile,rights-gated-park-photo-or-independent-original,queued,dog-parks,Dog Parks,Montgomery Park,/dog-parks/montgomery-park/,https://leashfree.ca/dog-parks/montgomery-park/,Ontario,Hamilton,77,95,96,180,true,400,false,"https://www.google.com/maps/place/Montgomery+Park/@43.2370159,-79.8051446,17.18z/data=!4m10!1m2!2m1!1sMontgomery+Park!3m6!1s0x882c9915e991642b:0xc8b12b4bd222f1b6!8m2!3d43.236921!4d-79.8034735!15sCg9Nb250Z29tZXJ5IFBhcmuSAQljaXR5X3BhcmuqAUsQASoTIg9tb250Z29tZXJ5IHBhcmsoADIdEAEiGSYS4joAFSeYk-bZP_hWZ7_kdLKST_AiUBYyExACIg9tb250Z29tZXJ5IHBhcmvgAQA!16s%2Fg%2F11clrymwjy!5m1!1e1?entry=ttu&g_ep=EgoyMDI1MDYxMS4wIKXMDSoASAFQAw%3D%3D",reviewedOn,,,,needs-content-expansion | needs-human-review,not-started,not-started,not-started,not-started,not-started
T2-high-value-expansion,park-profile,rights-gated-park-photo-or-independent-original,queued,dog-parks,Dog Parks,South Courtice Dog Park,/dog-parks/south-courtice-dog-park/,https://leashfree.ca/dog-parks/south-courtice-dog-park/,Ontario,Courtice,77,95,96,180,true,382,false,https://maps.google.com/?q=2727+Courtice+Rd+Courtice+Ontario,reviewedOn,,,,needs-content-expansion | needs-human-review,not-started,not-started,not-started,not-started,not-started
T2-high-value-expansion,park-profile,rights-gated-park-photo-or-independent-original,queued,dog-parks,Dog Parks,Dog Off-leash Swimming Beach,/dog-parks/dog-beach-white-rock/,https://leashfree.ca/dog-parks/dog-beach-white-rock/,British Columbia,Surrey,77,95,97,180,true,372,false,https://www.google.com/maps/place/Dog+Off-leash+Swimming+Beach,reviewedOn,,,,needs-content-expansion | needs-human-review,not-started,not-started,not-started,not-started,not-started
T2-high-value-expansion,park-profile,rights-gated-park-photo-or-independent-original,queued,dog-parks,Dog Parks,Heber Down Conservation Area,/dog-parks/heber-down-conservation-area/,https://leashfree.ca/dog-parks/heber-down-conservation-area/,Ontario,Whitby,77,95,97,180,true,374,false,https://www.cloca.com/parks/heber-down,reviewedOn,,,,needs-content-expansion | needs-human-review,not-started,not-started,not-started,not-started,not-started
T2-high-value-expansion,park-profile,rights-gated-park-photo-or-independent-original,queued,dog-parks,Dog Parks,Woolner Park,/dog-parks/woolner-park/,https://leashfree.ca/dog-parks/woolner-park/,Ontario,Toronto,77,95,97,180,true,400,false,https://www.toronto.ca/explore-enjoy/parks-recreation/places-spaces/parks-and-recreation-facilities/location/?id=1448,reviewedOn,,,,needs-content-expansion | needs-human-review,not-started,not-started,not-started,not-started,not-started
T2-high-value-expansion,park-profile,rights-gated-park-photo-or-independent-original,queued,dog-parks,Dog Parks,Broughton East Park,/dog-parks/broughton-east-park/,https://leashfree.ca/dog-parks/broughton-east-park/,Ontario,Hamilton,77,95,98,180,true,400,false,"https://www.google.com/maps/place/Broughton+East+Park/@43.1888599,-79.8532857,17z/data=!4m6!3m5!1s0x882c9bcbdcdef2b5:0x288657815dfab12e!8m2!3d43.189736!4d-79.850067!16s%2Fg%2F11hzs6lcjk!5m1!1e1?entry=ttu&g_ep=EgoyMDI1MDYxMS4wIKXMDSoASAFQAw%3D%3D",reviewedOn,,,,needs-content-expansion | needs-human-review,not-started,not-started,not-started,not-started,not-started
T2-high-value-expansion,park-profile,rights-gated-park-photo-or-independent-original,queued,dog-parks,Dog Parks,McLaren Park,/dog-parks/mclaren-park/,https://leashfree.ca/dog-parks/mclaren-park/,Ontario,Hamilton,77,95,98,180,true,400,false,"https://www.google.com/maps/place/McLaren+Park/@43.260586,-79.8642609,19.27z/data=!4m10!1m2!2m1!1sMcLaren+Park!3m6!1s0x882c9b1b8534bc39:0x39c1bf7244ae5fa8!8m2!3d43.2606454!4d-79.8639552!15sCgxNY0xhcmVuIFBhcmtaDiIMbWNsYXJlbiBwYXJrkgEJY2l0eV9wYXJrmgEkQ2hkRFNVaE5NRzluUzBWSlEwRm5TVU4xTXpoRVV6ZEJSUkFCqgFGEAEqECIMbWNsYXJlbiBwYXJrKAAyHhABIhoseDJs6cYJ1pOFxPUhQkmjasEBMdta_LwvRTIQEAIiDG1jbGFyZW4gcGFya-ABAPoBBQjwBBAy!16s%2Fg%2F11fmvcv7tc!5m1!1e1?entry=ttu&g_ep=EgoyMDI1MDYxMS4wIKXMDSoASAFQAw%3D%3D",reviewedOn,,,,needs-content-expansion | needs-human-review,not-started,not-started,not-started,not-started,not-started
T2-high-value-expansion,park-profile,rights-gated-park-photo-or-independent-original,queued,dog-parks,Dog Parks,R.J. Gidluck Park,/dog-parks/rj-gidluck-park/,https://leashfree.ca/dog-parks/rj-gidluck-park/,Saskatchewan,Warman,77,95,98,180,true,372,false,https://www.dogpackapp.com/parks/canada/saskatchewan/warman/r-j-gidluck-park,reviewedOn,,,,needs-content-expansion | needs-human-review,not-started,not-started,not-started,not-started,not-started
T2-high-value-expansion,park-profile,rights-gated-park-photo-or-independent-original,queued,dog-parks,Dog Parks,Steve McDonnell Park,/dog-parks/steve-mcdonnell-park/,https://leashfree.ca/dog-parks/steve-mcdonnell-park/,Ontario,Grimsby,77,95,98,180,true,400,false,https://www.grimsby.ca/parks-recreation-and-culture/parks-sports-fields-and-trails/leash-free-dog-parks/,reviewedOn,,,,needs-content-expansion | needs-human-review,not-started,not-started,not-started,not-started,not-started
T2-high-value-expansion,park-profile,rights-gated-park-photo-or-independent-original,queued,dog-parks,Dog Parks,Canoe Landing Park,/dog-parks/canoe-landing-park/,https://leashfree.ca/dog-parks/canoe-landing-park/,Ontario,Toronto,77,95,99,180,true,401,false,https://www.toronto.ca/explore-enjoy/parks-recreation/places-spaces/parks-and-recreation-facilities/location/?id=2708,reviewedOn,,,,needs-content-expansion | needs-human-review,not-started,not-started,not-started,not-started,not-started
T2-high-value-expansion,park-profile,rights-gated-park-photo-or-independent-original,queued,dog-parks,Dog Parks,Clarence Square Park,/dog-parks/clarence-square-park/,https://leashfree.ca/dog-parks/clarence-square-park/,Ontario,Toronto,77,95,99,180,true,401,false,"https://www.google.com/maps/place/Clarence+Square+Dog+Park,+Clarence+Square,+Toronto,+ON/@43.6440616,-79.3939548,20z/data=!4m14!1m7!3m6!1s0x882b34d9bcccb90d:0x7e0fb8426ba7a8c1!2sClarence+Square!8m2!3d43.6441701!4d-79.3937204!16s%2Fm%2F04_0yvy!3m5!1s0x882b34d9bba3ef8f:0x50d8b715b4a912cf!8m2!3d43.643913!4d-79.3934523!16s%2Fg%2F11b8tbcvqy!5m1!1e1?entry=ttu&g_ep=EgoyMDI1MDYxMS4wIKXMDSoASAFQAw%3D%3D",reviewedOn,,,,needs-content-expansion | needs-human-review,not-started,not-started,not-started,not-started,not-started
T2-high-value-expansion,park-profile,rights-gated-park-photo-or-independent-original,queued,dog-parks,Dog Parks,Harmony Valley Park and Off-Leash Dog Park,/dog-parks/harmony-valley-park/,https://leashfree.ca/dog-parks/harmony-valley-park/,Ontario,Courtice,77,95,99,180,true,382,false,"https://www.google.com/maps/place/Harmony+Valley+Park+and+Off-Leash+Dog+Park/@43.9273168,-78.8390368,16z/data=!4m10!1m2!2m1!1sCourtice+On+Dog+Parks!3m6!1s0x89d504aa30c71f63:0x7b7ab1af0896388f!8m2!3d43.9274289!4d-78.8326656!15sChVDb3VydGljZSBPbiBEb2cgUGFya3NaFyIVY291cnRpY2Ugb24gZG9nIHBhcmtzkgEEcGFya5oBJENoZERTVWhOTUc5blMwVkpRMEZuU1VSbUxYWmZWblJSUlJBQqoBWAoJL20vMGJ0OWxyEAEqDSIJZG9nIHBhcmtzKAAyHxABIhtp46MKrYRrSNH4B2KCr45tcXmDmkzjKDoVxocyGRACIhVjb3VydGljZSBvbiBkb2cgcGFya3PgAQD6AQQIABA6!16s%2Fg%2F1tdgl7fp!5m1!1e1?entry=ttu&g_ep=EgoyMDI1MDYyOS4wIKXMDSoASAFQAw%3D%3D",reviewedOn,,,,needs-content-expansion | needs-human-review,not-started,not-started,not-started,not-started,not-started
T2-high-value-expansion,park-profile,rights-gated-park-photo-or-independent-original,queued,dog-parks,Dog Parks,Harmony Valley Park,/dog-parks/oshawa-harmony-valley-park/,https://leashfree.ca/dog-parks/oshawa-harmony-valley-park/,Ontario,Oshawa,77,95,99,180,true,374,false,https://www.oshawa.ca/en/residents/harmony-valley-off-leash-dog-park.aspx,reviewedOn,,,,needs-content-expansion | needs-human-review,not-started,not-started,not-started,not-started,not-started
T2-high-value-expansion,directory-profile,original-editorial-image,queued,directory,Directories,Martin Veterinary Hospital,/directory/martin-veterinary-hospital/,https://leashfree.ca/directory/martin-veterinary-hospital/,on,etobicoke,64,100,71,120,true,234,false,https://martinvet.ca/,,,,,needs-content-expansion | needs-human-review,not-started,not-started,not-started,not-started,not-started
T2-high-value-expansion,directory-profile,original-editorial-image,queued,directory,Directories,Tansley Woods Veterinary Hospital,/directory/tansley-woods-veterinary-hospital/,https://leashfree.ca/directory/tansley-woods-veterinary-hospital/,on,burlington,64,100,74,120,true,263,false,https://tansleywoods.ca/,,,,,needs-content-expansion | needs-human-review,not-started,not-started,not-started,not-started,not-started
T2-high-value-expansion,directory-profile,original-editorial-image,queued,directory,Directories,East Plains Animal Hospital,/directory/east-plains-animal-hospital-burlington/,https://leashfree.ca/directory/east-plains-animal-hospital-burlington/,on,burlington,64,100,76,120,true,263,false,https://www.eastplainsanimalhospital.ca/,,,,,needs-content-expansion | needs-human-review,not-started,not-started,not-started,not-started,not-started
T2-high-value-expansion,directory-profile,original-editorial-image,queued,directory,Directories,Richview Animal Hospital,/directory/richview-animal-hospital/,https://leashfree.ca/directory/richview-animal-hospital/,on,etobicoke,64,100,77,120,true,234,false,https://www.richviewanimalhospital.ca/,,,,,needs-content-expansion | needs-human-review,not-started,not-started,not-started,not-started,not-started
T2-high-value-expansion,directory-profile,original-editorial-image,queued,directory,Directories,VCA Canada Burlington Animal Hospital,/directory/vca-canada-burlington-animal-hospital/,https://leashfree.ca/directory/vca-canada-burlington-animal-hospital/,on,burlington,64,100,77,120,true,263,false,https://vcacanada.com/burlington,,,,,needs-content-expansion | needs-human-review,not-started,not-started,not-started,not-started,not-started
T2-high-value-expansion,directory-profile,original-editorial-image,queued,directory,Directories,Royal York Animal Hospital,/directory/royal-york-animal-hospital/,https://leashfree.ca/directory/royal-york-animal-hospital/,on,etobicoke,64,100,80,120,true,234,false,https://www.royalyorkah.ca/,,,,,needs-content-expansion | needs-human-review,not-started,not-started,not-started,not-started,not-started
T2-high-value-expansion,directory-profile,original-editorial-image,queued,directory,Directories,Aldershot Animal Hospital,/directory/aldershot-animal-hospital-burlington/,https://leashfree.ca/directory/aldershot-animal-hospital-burlington/,on,burlington,64,100,81,120,true,263,false,https://vetburlingtonon.ca/,,,,,needs-content-expansion | needs-human-review,not-started,not-started,not-started,not-started,not-started
T2-high-value-expansion,directory-profile,original-editorial-image,queued,directory,Directories,Alderwood Veterinary Clinic,/directory/alderwood-veterinary-clinic/,https://leashfree.ca/directory/alderwood-veterinary-clinic/,on,etobicoke,64,100,83,120,true,234,false,https://www.alderwoodvet.ca/,,,,,needs-content-expansion | needs-human-review,not-started,not-started,not-started,not-started,not-started
T2-high-value-expansion,directory-profile,original-editorial-image,queued,directory,Directories,Eatonville Animal Hospital,/directory/eatonville-animal-hospital/,https://leashfree.ca/directory/eatonville-animal-hospital/,on,etobicoke,64,100,83,120,true,234,false,https://evvet.ca/,,,,,needs-content-expansion | needs-human-review,not-started,not-started,not-started,not-started,not-started
T2-high-value-expansion,directory-profile,original-editorial-image,queued,directory,Directories,Etobicoke Veterinary Hospital,/directory/etobicoke-veterinary-hospital/,https://leashfree.ca/directory/etobicoke-veterinary-hospital/,on,etobicoke,64,100,83,120,true,234,false,https://www.etobicokevethospital.com/,,,,,needs-content-expansion | needs-human-review,not-started,not-started,not-started,not-started,not-started
T2-high-value-expansion,directory-profile,original-editorial-image,queued,directory,Directories,Upper Middle Road Animal Hospital,/directory/upper-middle-road-animal-hospital-burlington/,https://leashfree.ca/directory/upper-middle-road-animal-hospital-burlington/,on,burlington,64,100,83,120,true,263,false,https://www.uppermiddlevet.ca/,,,,,needs-content-expansion | needs-human-review,not-started,not-started,not-started,not-started,not-started
T2-high-value-expansion,directory-profile,original-editorial-image,queued,directory,Directories,Burlington Veterinary Emergency & Referral Hospital,/directory/burlington-veterinary-emergency-and-referral-hospital/,https://leashfree.ca/directory/burlington-veterinary-emergency-and-referral-hospital/,on,burlington,64,100,88,120,true,263,false,https://www.bverh.com/,,,,,needs-content-expansion | needs-human-review,not-started,not-started,not-started,not-started,not-started
T2-high-value-expansion,directory-profile,original-editorial-image,queued,directory,Directories,Toronto Veterinary Clinic,/directory/toronto-veterinary-clinic-etobicoke/,https://leashfree.ca/directory/toronto-veterinary-clinic-etobicoke/,on,etobicoke,64,100,89,120,true,234,false,https://torontoveterinaryclinic.com/,,,,,needs-content-expansion | needs-human-review,not-started,not-started,not-started,not-started,not-started
T2-high-value-expansion,directory-profile,original-editorial-image,queued,directory,Directories,Long Branch Animal Clinic,/directory/long-branch-animal-clinic/,https://leashfree.ca/directory/long-branch-animal-clinic/,on,etobicoke,64,100,92,120,true,234,false,https://www.longbranchanimalclinic.com/,,,,,needs-content-expansion | needs-human-review,not-started,not-started,not-started,not-started,not-started
T2-high-value-expansion,directory-profile,original-editorial-image,queued,directory,Directories,South Etobicoke Animal Hospital,/directory/south-etobicoke-animal-hospital/,https://leashfree.ca/directory/south-etobicoke-animal-hospital/,on,etobicoke,64,100,94,120,true,234,false,https://innovovet.ca/south-etobicoke-animal-hospital/,,,,,needs-content-expansion | needs-human-review,not-started,not-started,not-started,not-started,not-started
T2-high-value-expansion,directory-profile,original-editorial-image,queued,directory,Directories,Humber Bay Veterinary Hospital,/directory/humber-bay-veterinary-hospital/,https://leashfree.ca/directory/humber-bay-veterinary-hospital/,on,etobicoke,64,100,98,120,true,234,false,https://humberbayvethospital.ca/,,,,,needs-content-expansion | needs-human-review,not-started,not-started,not-started,not-started,not-started
T2-high-value-expansion,park-profile,rights-gated-park-photo-or-independent-original,queued,dog-parks,Dog Parks,Ladysmith Leash-Free Dog Park,/dog-parks/ladysmith-leash-free-dog-park/,https://leashfree.ca/dog-parks/ladysmith-leash-free-dog-park/,British Columbia,Ladysmith,54,89,82,180,false,38,false,https://www.ladysmith.ca/our-services/parks-recreation/parks/,rules | reviewedOn,,,,needs-content-expansion | needs-human-review,not-started,not-started,not-started,not-started,not-started
T2-high-value-expansion,general-page,original-editorial-image,queued,dog-park-locations,Provinces,Alberta,/dog-parks/ab/,https://leashfree.ca/dog-parks/ab/,Alberta,,43,100,11,450,false,38,false,,,,,,needs-content-expansion,not-started,not-started,not-started,not-started,not-started
T2-high-value-expansion,general-page,original-editorial-image,queued,dog-park-locations,Provinces,Ontario,/dog-parks/on/,https://leashfree.ca/dog-parks/on/,Ontario,,43,100,11,450,false,38,false,,,,,,needs-content-expansion,not-started,not-started,not-started,not-started,not-started
T2-high-value-expansion,general-page,original-editorial-image,queued,dog-park-locations,Provinces,Quebec,/dog-parks/qc/,https://leashfree.ca/dog-parks/qc/,Quebec,,43,100,11,450,false,38,false,,,,,,needs-content-expansion,not-started,not-started,not-started,not-started,not-started
T2-high-value-expansion,general-page,original-editorial-image,queued,dog-park-locations,Provinces,British Columbia,/dog-parks/bc/,https://leashfree.ca/dog-parks/bc/,British Columbia,,43,100,13,450,false,38,false,,,,,,needs-content-expansion,not-started,not-started,not-started,not-started,not-started
T2-high-value-expansion,breed-profile,original-editorial-image,queued,dog-breeds,Dog Breeds,German Wirehaired Pointer,/dog-breeds/german-wirehaired-pointer/,https://leashfree.ca/dog-breeds/german-wirehaired-pointer/,,,33,100,55,600,false,281,false,,,,,,needs-content-expansion,not-started,not-started,not-started,not-started,not-started
T2-high-value-expansion,breed-profile,original-editorial-image,queued,dog-breeds,Dog Breeds,Gordon Setter,/dog-breeds/gordon-setter/,https://leashfree.ca/dog-breeds/gordon-setter/,,,33,100,55,600,false,281,false,,,,,,needs-content-expansion,not-started,not-started,not-started,not-started,not-started
T2-high-value-expansion,breed-profile,original-editorial-image,queued,dog-breeds,Dog Breeds,German Spitz,/dog-breeds/german-spitz/,https://leashfree.ca/dog-breeds/german-spitz/,,,33,100,56,600,false,281,false,,,,,,needs-content-expansion,not-started,not-started,not-started,not-started,not-started
T2-high-value-expansion,breed-profile,original-editorial-image,queued,dog-breeds,Dog Breeds,German Longhaired Pointer,/dog-breeds/german-longhaired-pointer/,https://leashfree.ca/dog-breeds/german-longhaired-pointer/,,,33,100,57,600,false,281,false,,,,,,needs-content-expansion,not-started,not-started,not-started,not-started,not-started
T2-high-value-expansion,breed-profile,original-editorial-image,queued,dog-breeds,Dog Breeds,Great Pyrenees,/dog-breeds/great-pyrenees/,https://leashfree.ca/dog-breeds/great-pyrenees/,,,33,100,57,600,false,281,false,,,,,,needs-content-expansion,not-started,not-started,not-started,not-started,not-started
T2-high-value-expansion,breed-profile,original-editorial-image,queued,dog-breeds,Dog Breeds,German Shorthaired Pointer,/dog-breeds/german-shorthaired-pointer/,https://leashfree.ca/dog-breeds/german-shorthaired-pointer/,,,33,100,58,600,false,281,false,,,,,,needs-content-expansion,not-started,not-started,not-started,not-started,not-started
T2-high-value-expansion,breed-profile,original-editorial-image,queued,dog-breeds,Dog Breeds,Grand Basset Griffon Vendeen,/dog-breeds/grand-basset-griffon-vendeen/,https://leashfree.ca/dog-breeds/grand-basset-griffon-vendeen/,,,33,100,58,600,false,281,false,,,,,,needs-content-expansion,not-started,not-started,not-started,not-started,not-started
T2-high-value-expansion,breed-profile,original-editorial-image,queued,dog-breeds,Dog Breeds,Boykin Spaniel,/dog-breeds/boykin-spaniel/,https://leashfree.ca/dog-breeds/boykin-spaniel/,,,33,100,59,600,false,281,false,,,,,,needs-content-expansion,not-started,not-started,not-started,not-started,not-started
T2-high-value-expansion,breed-profile,original-editorial-image,queued,dog-breeds,Dog Breeds,Giant Schnauzer,/dog-breeds/giant-schnauzer/,https://leashfree.ca/dog-breeds/giant-schnauzer/,,,33,100,59,600,false,281,false,,,,,,needs-content-expansion,not-started,not-started,not-started,not-started,not-started
T2-high-value-expansion,general-page,original-editorial-image,queued,dog-breeds,Breed Groups,Terrier,/dog-breeds/group/terrier-dogs/,https://leashfree.ca/dog-breeds/group/terrier-dogs/,,,33,100,91,600,false,281,false,,,,,,needs-content-expansion,not-started,not-started,not-started,not-started,not-started
T2-high-value-expansion,general-page,original-editorial-image,queued,dog-breeds,Breed Groups,Non-Sporting,/dog-breeds/group/non-sporting-dogs/,https://leashfree.ca/dog-breeds/group/non-sporting-dogs/,,,33,100,95,600,false,281,false,,,,,,needs-content-expansion,not-started,not-started,not-started,not-started,not-started
T2-high-value-expansion,general-page,original-editorial-image,queued,dog-breeds,Breed Groups,Hound,/dog-breeds/group/hound-dogs/,https://leashfree.ca/dog-breeds/group/hound-dogs/,,,33,100,98,600,false,281,false,,,,,,needs-content-expansion,not-started,not-started,not-started,not-started,not-started
T2-high-value-expansion,general-page,original-editorial-image,queued,dog-breeds,Breed Groups,Working,/dog-breeds/group/working-dogs/,https://leashfree.ca/dog-breeds/group/working-dogs/,,,33,100,98,600,false,281,false,,,,,,needs-content-expansion,not-started,not-started,not-started,not-started,not-started
T2-high-value-expansion,general-page,original-editorial-image,queued,dog-breeds,Breed Groups,Herding,/dog-breeds/group/herding-dogs/,https://leashfree.ca/dog-breeds/group/herding-dogs/,,,33,100,99,600,false,281,false,,,,,,needs-content-expansion,not-started,not-started,not-started,not-started,not-started
T2-high-value-expansion,general-page,original-editorial-image,queued,dog-breeds,Breed Groups,Toy,/dog-breeds/group/toy-dogs/,https://leashfree.ca/dog-breeds/group/toy-dogs/,,,33,100,99,600,false,281,false,,,,,,needs-content-expansion,not-started,not-started,not-started,not-started,not-started
T3-standard-expansion,park-profile,rights-gated-park-photo-or-independent-original,queued,dog-parks,Dog Parks,Colin Alton Parkette,/dog-parks/colin-alton-parkette/,https://leashfree.ca/dog-parks/colin-alton-parkette/,ON,Burlington,89,63,160,180,true,415,false,https://www.burlington.ca/en/news/current-city-projects-and-construction/colin-alton-parkette.aspx,latitude | longitude | smallDogArea | surface | parking | rules | reviewedOn,,,,needs-content-expansion | needs-human-review,not-started,not-started,not-started,not-started,not-started
T3-standard-expansion,park-profile,rights-gated-park-photo-or-independent-original,queued,dog-parks,Dog Parks,Bowmont Park,/dog-parks/bowmont-park/,https://leashfree.ca/dog-parks/bowmont-park/,Alberta,Calgary,87,68,120,180,true,414,false,https://www.calgary.ca/parks/bowmont.html,latitude | longitude | parkType | smallDogArea | parking | reviewedOn,,,,needs-content-expansion | needs-human-review,not-started,not-started,not-started,not-started,not-started
T3-standard-expansion,park-profile,rights-gated-park-photo-or-independent-original,queued,dog-parks,Dog Parks,Edworthy Park,/dog-parks/edworthy-park/,https://leashfree.ca/dog-parks/edworthy-park/,Alberta,Calgary,87,68,124,180,true,414,false,https://www.calgary.ca/parks/edworthy.html,latitude | longitude | parkType | smallDogArea | parking | reviewedOn,,,,needs-content-expansion | needs-human-review,not-started,not-started,not-started,not-started,not-started
T3-standard-expansion,park-profile,rights-gated-park-photo-or-independent-original,queued,dog-parks,Dog Parks,Nose Hill Park,/dog-parks/nose-hill-park/,https://leashfree.ca/dog-parks/nose-hill-park/,Alberta,Calgary,87,68,150,180,true,414,false,https://www.calgary.ca/parks/nose-hill.html,latitude | longitude | parkType | smallDogArea | parking | reviewedOn,,,,needs-content-expansion | needs-human-review,not-started,not-started,not-started,not-started,not-started
T3-standard-expansion,park-profile,rights-gated-park-photo-or-independent-original,queued,dog-parks,Dog Parks,Central Park,/dog-parks/central-park/,https://leashfree.ca/dog-parks/central-park/,Ontario,Burlington,87,68,166,180,true,415,false,https://www.burlington.ca/en/by-laws-and-animal-services/leash-free-dog-parks.aspx,latitude | longitude | smallDogArea | parking | rules | reviewedOn,,,,needs-content-expansion | needs-human-review,not-started,not-started,not-started,not-started,not-started
T3-standard-expansion,park-profile,rights-gated-park-photo-or-independent-original,queued,dog-parks,Dog Parks,Pathfinder Park,/dog-parks/pathfinder-park/,https://leashfree.ca/dog-parks/pathfinder-park/,Ontario,Burlington,85,74,159,180,true,415,false,https://www.burlington.ca/en/news/current-city-projects-and-construction/pathfinder-park-leash-free-area-construction.aspx,latitude | longitude | parking | rules | reviewedOn,,,,needs-content-expansion | needs-human-review,not-started,not-started,not-started,not-started,not-started
T3-standard-expansion,park-profile,rights-gated-park-photo-or-independent-original,queued,dog-parks,Dog Parks,Hidden Valley Park,/dog-parks/hidden-valley-park/,https://leashfree.ca/dog-parks/hidden-valley-park/,Ontario,Burlington,85,74,164,180,true,415,false,https://www.burlington.ca/en/by-laws-and-animal-services/leash-free-dog-parks.aspx,latitude | longitude | parking | rules | reviewedOn,,,,needs-content-expansion | needs-human-review,not-started,not-started,not-started,not-started,not-started
T3-standard-expansion,park-profile,rights-gated-park-photo-or-independent-original,queued,dog-parks,Dog Parks,Roly Bird Park,/dog-parks/roly-bird-park/,https://leashfree.ca/dog-parks/roly-bird-park/,Ontario,Burlington,85,74,174,180,true,407,false,https://www.burlington.ca/en/by-laws-and-animal-services/leash-free-dog-parks.aspx,latitude | longitude | parking | rules | reviewedOn,,,,needs-content-expansion | needs-human-review,not-started,not-started,not-started,not-started,not-started
T3-standard-expansion,city-guide,original-location-context,queued,dog-park-locations,City Pages,Ajax,/dog-parks/ajax/,https://leashfree.ca/dog-parks/ajax/,Ontario,,84,82,360,450,true,314,false,https://facilities.ajax.ca/?CategoryIds=&FacilityTypeIds=20420&Keywords=&ScrollTo=google-map-trigger&CloseMap=true,rules | reviewedOn,,,,needs-content-expansion | needs-human-review,not-started,not-started,not-started,not-started,not-started
T3-standard-expansion,city-guide,original-location-context,queued,dog-park-locations,City Pages,Pickering,/dog-parks/pickering/,https://leashfree.ca/dog-parks/pickering/,Ontario,,84,82,382,450,true,314,false,https://www.pickering.ca/,rules | reviewedOn,,,,needs-content-expansion | needs-human-review,not-started,not-started,not-started,not-started,not-started
T3-standard-expansion,city-guide,original-location-context,queued,dog-park-locations,City Pages,Whitby,/dog-parks/whitby/,https://leashfree.ca/dog-parks/whitby/,Ontario,,84,82,389,450,true,314,false,https://www.grimsby.ca/parks-recreation-and-culture/,rules | reviewedOn,,,,needs-content-expansion | needs-human-review,not-started,not-started,not-started,not-started,not-started
T3-standard-expansion,city-guide,original-location-context,queued,dog-park-locations,City Pages,Cornwall,/dog-parks/cornwall/,https://leashfree.ca/dog-parks/cornwall/,Ontario,,84,82,416,450,true,314,false,https://www.cornwall.ca/en/play-here/neighbourhood-parks.aspx,rules | reviewedOn,,,,needs-content-expansion | needs-human-review,not-started,not-started,not-started,not-started,not-started
T3-standard-expansion,park-profile,rights-gated-park-photo-or-independent-original,queued,dog-parks,Dog Parks,Evanston Dog Park,/dog-parks/evanston-dog-park/,https://leashfree.ca/dog-parks/evanston-dog-park/,Alberta,Calgary,83,79,100,180,true,414,false,https://calgarydogparks.com/parks/evanston-dog-park?utm_source=chatgpt.com,latitude | longitude | shade | reviewedOn,,,,needs-content-expansion | needs-human-review,not-started,not-started,not-started,not-started,not-started
T3-standard-expansion,park-profile,rights-gated-park-photo-or-independent-original,queued,dog-parks,Dog Parks,Sandstone Area 1 Off-Leash Dog Park,/dog-parks/sandstone-area-1-off-leash-dog-park/,https://leashfree.ca/dog-parks/sandstone-area-1-off-leash-dog-park/,Alberta,Calgary,83,79,100,180,true,414,false,https://www.calgary.ca/content/dam/www/corporate-communications/locations/sandstone-valley-off-leash-area.pdf?utm_source=chatgpt.com,latitude | longitude | shade | reviewedOn,,,,needs-content-expansion | needs-human-review,not-started,not-started,not-started,not-started,not-started
T3-standard-expansion,park-profile,rights-gated-park-photo-or-independent-original,queued,dog-parks,Dog Parks,West Hillhurst Off-Leash Area,/dog-parks/west-hillhurst-off-leash-area/,https://leashfree.ca/dog-parks/west-hillhurst-off-leash-area/,Alberta,Calgary,83,79,100,180,true,414,false,https://calgarydogparks.com/parks/west-hillhurst-off-leash-area?utm_source=chatgpt.com,latitude | longitude | shade | reviewedOn,,,,needs-content-expansion | needs-human-review,not-started,not-started,not-started,not-started,not-started
T3-standard-expansion,park-profile,rights-gated-park-photo-or-independent-original,queued,dog-parks,Dog Parks,Legacy Park,/dog-parks/legacy-park/,https://leashfree.ca/dog-parks/legacy-park/,Alberta,Calgary,83,79,101,180,true,414,false,https://www.calgary.ca/parks/off-leash-locations.html,latitude | longitude | shade | reviewedOn,,,,needs-content-expansion | needs-human-review,not-started,not-started,not-started,not-started,not-started
T3-standard-expansion,park-profile,rights-gated-park-photo-or-independent-original,queued,dog-parks,Dog Parks,Riverdale Off-Leash Area,/dog-parks/riverdale-off-leash-area/,https://leashfree.ca/dog-parks/riverdale-off-leash-area/,Alberta,Calgary,83,79,101,180,true,414,false,https://www.calgary.ca/parks/off-leash-locations.html,latitude | longitude | shade | reviewedOn,,,,needs-content-expansion | needs-human-review,not-started,not-started,not-started,not-started,not-started
T3-standard-expansion,park-profile,rights-gated-park-photo-or-independent-original,queued,dog-parks,Dog Parks,Skyview Ranch Off-Leash Area,/dog-parks/skyview-ranch-off-leash-area/,https://leashfree.ca/dog-parks/skyview-ranch-off-leash-area/,Alberta,Calgary,83,79,103,180,true,414,false,https://www.calgary.ca/parks/off-leash-locations.html,latitude | longitude | shade | reviewedOn,,,,needs-content-expansion | needs-human-review,not-started,not-started,not-started,not-started,not-started
T3-standard-expansion,park-profile,rights-gated-park-photo-or-independent-original,queued,dog-parks,Dog Parks,Elboya Off-Leash Area,/dog-parks/elboya-off-leash-area/,https://leashfree.ca/dog-parks/elboya-off-leash-area/,Alberta,Calgary,83,79,104,180,true,414,false,https://www.calgary.ca/parks/off-leash-locations.html,latitude | longitude | shade | reviewedOn,,,,needs-content-expansion | needs-human-review,not-started,not-started,not-started,not-started,not-started
T3-standard-expansion,park-profile,rights-gated-park-photo-or-independent-original,queued,dog-parks,Dog Parks,Mahogany Wetlands Off-Leash Area,/dog-parks/mahogany-wetlands-off-leash-area/,https://leashfree.ca/dog-parks/mahogany-wetlands-off-leash-area/,Alberta,Calgary,83,79,106,180,true,414,false,https://www.calgary.ca/parks/off-leash-locations.html,latitude | longitude | shade | reviewedOn,,,,needs-content-expansion | needs-human-review,not-started,not-started,not-started,not-started,not-started
T3-standard-expansion,park-profile,rights-gated-park-photo-or-independent-original,queued,dog-parks,Dog Parks,Sunalta Off-Leash Area,/dog-parks/sunalta-off-leash-area/,https://leashfree.ca/dog-parks/sunalta-off-leash-area/,Alberta,Calgary,83,79,106,180,true,414,false,https://www.calgary.ca/parks/off-leash-locations.html,latitude | longitude | shade | reviewedOn,,,,needs-content-expansion | needs-human-review,not-started,not-started,not-started,not-started,not-started
T3-standard-expansion,park-profile,rights-gated-park-photo-or-independent-original,queued,dog-parks,Dog Parks,Auburn Bay Off-Leash Area,/dog-parks/auburn-bay-off-leash-area/,https://leashfree.ca/dog-parks/auburn-bay-off-leash-area/,Alberta,Calgary,83,79,107,180,true,414,false,https://www.calgary.ca/parks/off-leash-locations.html,latitude | longitude | shade | reviewedOn,,,,needs-content-expansion | needs-human-review,not-started,not-started,not-started,not-started,not-started
T3-standard-expansion,park-profile,rights-gated-park-photo-or-independent-original,queued,dog-parks,Dog Parks,Braeside Off-Leash Area,/dog-parks/braeside-off-leash-area/,https://leashfree.ca/dog-parks/braeside-off-leash-area/,Alberta,Calgary,83,79,107,180,true,414,false,https://www.calgary.ca/parks/off-leash-locations.html,latitude | longitude | shade | reviewedOn,,,,needs-content-expansion | needs-human-review,not-started,not-started,not-started,not-started,not-started
T3-standard-expansion,park-profile,rights-gated-park-photo-or-independent-original,queued,dog-parks,Dog Parks,Taradale Off-Leash Area,/dog-parks/taradale-off-leash-area/,https://leashfree.ca/dog-parks/taradale-off-leash-area/,Alberta,Calgary,83,79,107,180,true,414,false,https://www.calgary.ca/parks/off-leash-locations.html,latitude | longitude | shade | reviewedOn,,,,needs-content-expansion | needs-human-review,not-started,not-started,not-started,not-started,not-started
T3-standard-expansion,park-profile,rights-gated-park-photo-or-independent-original,queued,dog-parks,Dog Parks,Beddington Heights Off-Leash Area,/dog-parks/beddington-heights-off-leash-area/,https://leashfree.ca/dog-parks/beddington-heights-off-leash-area/,Alberta,Calgary,83,79,110,180,true,414,false,https://www.calgary.ca/content/dam/www/corporate-communications/locations/beddington-off-leash-area1-map.pdf?utm_source=chatgpt.com,latitude | longitude | shade | reviewedOn,,,,needs-content-expansion | needs-human-review,not-started,not-started,not-started,not-started,not-started
T3-standard-expansion,park-profile,rights-gated-park-photo-or-independent-original,queued,dog-parks,Dog Parks,Carburn Park Off-Leash Area,/dog-parks/carburn-park-off-leash-area/,https://leashfree.ca/dog-parks/carburn-park-off-leash-area/,Alberta,Calgary,83,79,110,180,true,414,false,https://www.calgary.ca/parks/off-leash-locations.html,latitude | longitude | shade | reviewedOn,,,,needs-content-expansion | needs-human-review,not-started,not-started,not-started,not-started,not-started
T3-standard-expansion,park-profile,rights-gated-park-photo-or-independent-original,queued,dog-parks,Dog Parks,Douglasdale Off-Leash Area,/dog-parks/douglasdale-off-leash-area/,https://leashfree.ca/dog-parks/douglasdale-off-leash-area/,Alberta,Calgary,83,79,110,180,true,414,false,https://www.calgary.ca/parks/off-leash-locations.html,latitude | longitude | shade | reviewedOn,,,,needs-content-expansion | needs-human-review,not-started,not-started,not-started,not-started,not-started
T3-standard-expansion,park-profile,rights-gated-park-photo-or-independent-original,queued,dog-parks,Dog Parks,Elbow Park Off-Leash Area,/dog-parks/elbow-park-off-leash-area/,https://leashfree.ca/dog-parks/elbow-park-off-leash-area/,Alberta,Calgary,83,79,110,180,true,414,false,https://www.calgary.ca/parks/off-leash-locations.html,latitude | longitude | shade | reviewedOn,,,,needs-content-expansion | needs-human-review,not-started,not-started,not-started,not-started,not-started
T3-standard-expansion,park-profile,rights-gated-park-photo-or-independent-original,queued,dog-parks,Dog Parks,Mayland Heights Off-Leash Area,/dog-parks/mayland-heights-off-leash-area/,https://leashfree.ca/dog-parks/mayland-heights-off-leash-area/,Alberta,Calgary,83,79,110,180,true,414,false,https://www.calgary.ca/parks/off-leash-locations.html,latitude | longitude | shade | reviewedOn,,,,needs-content-expansion | needs-human-review,not-started,not-started,not-started,not-started,not-started
T3-standard-expansion,park-profile,rights-gated-park-photo-or-independent-original,queued,dog-parks,Dog Parks,Connaught Off-Leash Area,/dog-parks/connaught-off-leash-area/,https://leashfree.ca/dog-parks/connaught-off-leash-area/,Alberta,Calgary,83,79,111,180,true,414,false,https://www.calgary.ca/parks/off-leash-locations.html,latitude | longitude | shade | reviewedOn,,,,needs-content-expansion | needs-human-review,not-started,not-started,not-started,not-started,not-started
T3-standard-expansion,park-profile,rights-gated-park-photo-or-independent-original,queued,dog-parks,Dog Parks,Bonavista,/dog-parks/bonavista/,https://leashfree.ca/dog-parks/bonavista/,Alberta,Calgary,83,79,112,180,true,414,false,https://www.calgary.ca/parks/off-leash-locations.html,latitude | longitude | shade | reviewedOn,,,,needs-content-expansion | needs-human-review,not-started,not-started,not-started,not-started,not-started
T3-standard-expansion,park-profile,rights-gated-park-photo-or-independent-original,queued,dog-parks,Dog Parks,St. Patrick's Island Off-Leash Area,/dog-parks/st-patricks-island-off-leash-area/,https://leashfree.ca/dog-parks/st-patricks-island-off-leash-area/,Alberta,Calgary,83,79,112,180,true,414,false,https://www.calgary.ca/parks/st-patricks-island.html,latitude | longitude | shade | reviewedOn,,,,needs-content-expansion | needs-human-review,not-started,not-started,not-started,not-started,not-started
T3-standard-expansion,park-profile,rights-gated-park-photo-or-independent-original,queued,dog-parks,Dog Parks,Coach Hill Off-Leash Area,/dog-parks/coach-hill-off-leash-area/,https://leashfree.ca/dog-parks/coach-hill-off-leash-area/,Alberta,Calgary,83,79,113,180,true,414,false,https://www.calgary.ca/parks/off-leash-locations.html,latitude | longitude | shade | reviewedOn,,,,needs-content-expansion | needs-human-review,not-started,not-started,not-started,not-started,not-started
T3-standard-expansion,park-profile,rights-gated-park-photo-or-independent-original,queued,dog-parks,Dog Parks,Deer Ridge Park,/dog-parks/deer-ridge-park/,https://leashfree.ca/dog-parks/deer-ridge-park/,Alberta,Calgary,83,79,113,180,true,414,false,https://www.calgary.ca/parks/off-leash-locations.html,latitude | longitude | shade | reviewedOn,,,,needs-content-expansion | needs-human-review,not-started,not-started,not-started,not-started,not-started
T3-standard-expansion,park-profile,rights-gated-park-photo-or-independent-original,queued,dog-parks,Dog Parks,Martindale Off-Leash Area,/dog-parks/martindale-off-leash-area/,https://leashfree.ca/dog-parks/martindale-off-leash-area/,Alberta,Calgary,83,79,113,180,true,414,false,https://www.calgary.ca/parks/off-leash-locations.html,latitude | longitude | shade | reviewedOn,,,,needs-content-expansion | needs-human-review,not-started,not-started,not-started,not-started,not-started
T3-standard-expansion,park-profile,rights-gated-park-photo-or-independent-original,queued,dog-parks,Dog Parks,Confederation Park,/dog-parks/confederation-park/,https://leashfree.ca/dog-parks/confederation-park/,Alberta,Calgary,83,79,114,180,true,414,false,https://www.calgary.ca/parks/confederation-park.html,latitude | longitude | shade | reviewedOn,,,,needs-content-expansion | needs-human-review,not-started,not-started,not-started,not-started,not-started
T3-standard-expansion,park-profile,rights-gated-park-photo-or-independent-original,queued,dog-parks,Dog Parks,Glamorgan Off-Leash Area,/dog-parks/glamorgan-off-leash-area/,https://leashfree.ca/dog-parks/glamorgan-off-leash-area/,Alberta,Calgary,83,79,114,180,true,414,false,https://www.calgary.ca/parks/off-leash-locations.html,latitude | longitude | shade | reviewedOn,,,,needs-content-expansion | needs-human-review,not-started,not-started,not-started,not-started,not-started
T3-standard-expansion,park-profile,rights-gated-park-photo-or-independent-original,queued,dog-parks,Dog Parks,Dale Hodges Park,/dog-parks/dale-hodges-park/,https://leashfree.ca/dog-parks/dale-hodges-park/,Alberta,Calgary,83,79,115,180,true,414,false,https://www.calgary.ca/parks/dale-hodges.html,latitude | longitude | parking | reviewedOn,,,,needs-content-expansion | needs-human-review,not-started,not-started,not-started,not-started,not-started
T3-standard-expansion,park-profile,rights-gated-park-photo-or-independent-original,queued,dog-parks,Dog Parks,Ramsay Off-Leash Area,/dog-parks/ramsay-off-leash-area/,https://leashfree.ca/dog-parks/ramsay-off-leash-area/,Alberta,Calgary,83,79,116,180,true,414,false,https://www.calgary.ca/parks/off-leash-locations.html,latitude | longitude | shade | reviewedOn,,,,needs-content-expansion | needs-human-review,not-started,not-started,not-started,not-started,not-started
T3-standard-expansion,park-profile,rights-gated-park-photo-or-independent-original,queued,dog-parks,Dog Parks,Varsity Estates Park,/dog-parks/varsity-estates-park/,https://leashfree.ca/dog-parks/varsity-estates-park/,Alberta,Calgary,83,79,116,180,true,414,false,https://www.calgary.ca/parks/off-leash-areas.html,latitude | longitude | parking | reviewedOn,,,,needs-content-expansion | needs-human-review,not-started,not-started,not-started,not-started,not-started
T3-standard-expansion,park-profile,rights-gated-park-photo-or-independent-original,queued,dog-parks,Dog Parks,Pearce Estate Park Off-Leash Area,/dog-parks/pearce-estate-park-off-leash-area/,https://leashfree.ca/dog-parks/pearce-estate-park-off-leash-area/,Alberta,Calgary,83,79,117,180,true,414,false,https://www.calgary.ca/parks/off-leash-locations.html,latitude | longitude | shade | reviewedOn,,,,needs-content-expansion | needs-human-review,not-started,not-started,not-started,not-started,not-started
T3-standard-expansion,park-profile,rights-gated-park-photo-or-independent-original,queued,dog-parks,Dog Parks,McCall Lake Off-Leash Area,/dog-parks/mccall-lake-off-leash-area/,https://leashfree.ca/dog-parks/mccall-lake-off-leash-area/,Alberta,Calgary,83,79,118,180,true,414,false,https://www.calgary.ca/parks/off-leash-locations.html,latitude | longitude | shade | reviewedOn,,,,needs-content-expansion | needs-human-review,not-started,not-started,not-started,not-started,not-started
T3-standard-expansion,park-profile,rights-gated-park-photo-or-independent-original,queued,dog-parks,Dog Parks,McKnight-Falconridge Off-Leash Area,/dog-parks/mcknight-falconridge-off-leash-area/,https://leashfree.ca/dog-parks/mcknight-falconridge-off-leash-area/,Alberta,Calgary,83,79,118,180,true,414,false,https://www.calgary.ca/parks/off-leash-locations.html,latitude | longitude | shade | reviewedOn,,,,needs-content-expansion | needs-human-review,not-started,not-started,not-started,not-started,not-started
T3-standard-expansion,park-profile,rights-gated-park-photo-or-independent-original,queued,dog-parks,Dog Parks,Pump Hill Off-Leash Area,/dog-parks/pump-hill-off-leash-area/,https://leashfree.ca/dog-parks/pump-hill-off-leash-area/,Alberta,Calgary,83,79,118,180,true,414,false,https://www.calgary.ca/parks/off-leash-locations.html,latitude | longitude | shade | reviewedOn,,,,needs-content-expansion | needs-human-review,not-started,not-started,not-started,not-started,not-started
T3-standard-expansion,park-profile,rights-gated-park-photo-or-independent-original,queued,dog-parks,Dog Parks,Sandy Beach Park Off-Leash Area,/dog-parks/sandy-beach-off-leash-area/,https://leashfree.ca/dog-parks/sandy-beach-off-leash-area/,Alberta,Calgary,83,79,118,180,true,414,false,https://www.calgary.ca/parks/off-leash-locations.html,latitude | longitude | shade | reviewedOn,,,,needs-content-expansion | needs-human-review,not-started,not-started,not-started,not-started,not-started
T3-standard-expansion,park-profile,rights-gated-park-photo-or-independent-original,queued,dog-parks,Dog Parks,Renfrew Off-Leash Park,/dog-parks/renfrew-off-leash-park/,https://leashfree.ca/dog-parks/renfrew-off-leash-park/,Alberta,Calgary,83,79,120,180,true,414,false,https://www.calgary.ca/parks/off-leash-locations.html,latitude | longitude | shade | reviewedOn,,,,needs-content-expansion | needs-human-review,not-started,not-started,not-started,not-started,not-started
T3-standard-expansion,park-profile,rights-gated-park-photo-or-independent-original,queued,dog-parks,Dog Parks,Roxboro Off-Leash Area,/dog-parks/roxboro-off-leash-area/,https://leashfree.ca/dog-parks/roxboro-off-leash-area/,Alberta,Calgary,83,79,120,180,true,414,false,https://www.calgary.ca/parks/off-leash-locations.html,latitude | longitude | shade | reviewedOn,,,,needs-content-expansion | needs-human-review,not-started,not-started,not-started,not-started,not-started
T3-standard-expansion,park-profile,rights-gated-park-photo-or-independent-original,queued,dog-parks,Dog Parks,Sue Higgins Park,/dog-parks/sue-higgins-park/,https://leashfree.ca/dog-parks/sue-higgins-park/,Alberta,Calgary,83,79,120,180,true,414,false,https://www.calgary.ca/parks/off-leash-locations.html,latitude | longitude | shade | reviewedOn,,,,needs-content-expansion | needs-human-review,not-started,not-started,not-started,not-started,not-started
T3-standard-expansion,park-profile,rights-gated-park-photo-or-independent-original,queued,dog-parks,Dog Parks,Currie Bark Park,/dog-parks/currie-bark-park/,https://leashfree.ca/dog-parks/currie-bark-park/,Alberta,Calgary,83,79,121,180,true,414,false,https://currielife.ca/bark-park/,latitude | longitude | shade | reviewedOn,,,,needs-content-expansion | needs-human-review,not-started,not-started,not-started,not-started,not-started
T3-standard-expansion,park-profile,rights-gated-park-photo-or-independent-original,queued,dog-parks,Dog Parks,River Park Off-Leash Area,/dog-parks/river-park-off-leash-area/,https://leashfree.ca/dog-parks/river-park-off-leash-area/,Alberta,Calgary,83,79,121,180,true,414,false,https://www.calgary.ca/parks/off-leash-locations.html,latitude | longitude | shade | reviewedOn,,,,needs-content-expansion | needs-human-review,not-started,not-started,not-started,not-started,not-started
T3-standard-expansion,park-profile,rights-gated-park-photo-or-independent-original,queued,dog-parks,Dog Parks,Strathcona Park Off-Leash Area,/dog-parks/strathcona-park-off-leash-area/,https://leashfree.ca/dog-parks/strathcona-park-off-leash-area/,Alberta,Calgary,83,79,121,180,true,414,false,https://www.calgary.ca/parks/off-leash-locations.html,latitude | longitude | shade | reviewedOn,,,,needs-content-expansion | needs-human-review,not-started,not-started,not-started,not-started,not-started
T3-standard-expansion,park-profile,rights-gated-park-photo-or-independent-original,queued,dog-parks,Dog Parks,Albert Park/Radisson Heights Off-Leash Area,/dog-parks/albert-park-radisson-heights-off-leash-area/,https://leashfree.ca/dog-parks/albert-park-radisson-heights-off-leash-area/,Alberta,Calgary,83,79,122,180,true,414,false,https://www.calgary.ca/parks/off-leash-locations.html,latitude | longitude | shade | reviewedOn,,,,needs-content-expansion | needs-human-review,not-started,not-started,not-started,not-started,not-started
T3-standard-expansion,park-profile,rights-gated-park-photo-or-independent-original,queued,dog-parks,Dog Parks,Britannia Slopes Off-Leash Area,/dog-parks/britannia-slopes-off-leash-area/,https://leashfree.ca/dog-parks/britannia-slopes-off-leash-area/,Alberta,Calgary,83,79,123,180,true,414,false,https://www.calgary.ca/parks/off-leash-locations.html,latitude | longitude | shade | reviewedOn,,,,needs-content-expansion | needs-human-review,not-started,not-started,not-started,not-started,not-started
T3-standard-expansion,park-profile,rights-gated-park-photo-or-independent-original,queued,dog-parks,Dog Parks,Fish Creek Provincial Park Off-Leash Area,/dog-parks/fish-creek-provincial-park-off-leash-area/,https://leashfree.ca/dog-parks/fish-creek-provincial-park-off-leash-area/,Alberta,Calgary,83,79,123,180,true,414,false,https://www.albertaparks.ca/parks/kananaskis/fish-creek-pp/,latitude | longitude | shade | reviewedOn,,,,needs-content-expansion | needs-human-review,not-started,not-started,not-started,not-started,not-started
T3-standard-expansion,park-profile,rights-gated-park-photo-or-independent-original,queued,dog-parks,Dog Parks,Killarney Off-Leash Area,/dog-parks/killarney-off-leash-area/,https://leashfree.ca/dog-parks/killarney-off-leash-area/,Alberta,Calgary,83,79,123,180,true,414,false,https://www.calgary.ca/parks/off-leash-locations.html,latitude | longitude | shade | reviewedOn,,,,needs-content-expansion | needs-human-review,not-started,not-started,not-started,not-started,not-started
T3-standard-expansion,park-profile,rights-gated-park-photo-or-independent-original,queued,dog-parks,Dog Parks,East Village Dog Park,/dog-parks/east-village-dog-park/,https://leashfree.ca/dog-parks/east-village-dog-park/,Alberta,Calgary,83,79,124,180,true,414,false,https://www.evexperience.com/places/east-village-dog-park,latitude | longitude | shade | reviewedOn,,,,needs-content-expansion | needs-human-review,not-started,not-started,not-started,not-started,not-started
T3-standard-expansion,park-profile,rights-gated-park-photo-or-independent-original,queued,dog-parks,Dog Parks,Fish Creek Park – Marshall Springs & Votiers Flats,/dog-parks/fish-creek-marshall-votiers/,https://leashfree.ca/dog-parks/fish-creek-marshall-votiers/,Alberta,Calgary,83,79,124,180,true,414,false,https://www.albertaparks.ca/parks/south/fish-creek-pp/,latitude | longitude | shade | reviewedOn,,,,needs-content-expansion | needs-human-review,not-started,not-started,not-started,not-started,not-started
T3-standard-expansion,park-profile,rights-gated-park-photo-or-independent-original,queued,dog-parks,Dog Parks,Canyon Meadows Off-Leash Area,/dog-parks/canyon-meadows-off-leash-area/,https://leashfree.ca/dog-parks/canyon-meadows-off-leash-area/,Alberta,Calgary,83,79,126,180,true,414,false,https://www.calgary.ca/parks/off-leash-locations.html,latitude | longitude | shade | reviewedOn,,,,needs-content-expansion | needs-human-review,not-started,not-started,not-started,not-started,not-started
T3-standard-expansion,park-profile,rights-gated-park-photo-or-independent-original,queued,dog-parks,Dog Parks,Glenmore Dam Off-Leash Area,/dog-parks/glenmore-dam-off-leash-area/,https://leashfree.ca/dog-parks/glenmore-dam-off-leash-area/,Alberta,Calgary,83,79,128,180,true,414,false,https://www.calgary.ca/parks/off-leash-locations.html,latitude | longitude | shade | reviewedOn,,,,needs-content-expansion | needs-human-review,not-started,not-started,not-started,not-started,not-started
T3-standard-expansion,park-profile,rights-gated-park-photo-or-independent-original,queued,dog-parks,Dog Parks,Edgemont Area 1 Off-Leash Dog Park,/dog-parks/edgemont-area-1-off-leash-dog-park/,https://leashfree.ca/dog-parks/edgemont-area-1-off-leash-dog-park/,Alberta,Calgary,83,79,132,180,true,414,false,https://calgarydogparks.com/parks/edgemont-area-1-off-leash-dog-park,latitude | longitude | shade | reviewedOn,,,,needs-content-expansion | needs-human-review,not-started,not-started,not-started,not-started,not-started
T3-standard-expansion,park-profile,rights-gated-park-photo-or-independent-original,queued,dog-parks,Dog Parks,Hidden Valley Area 2 Off-Leash Dog Park,/dog-parks/hidden-valley-area-2-off-leash-dog-park/,https://leashfree.ca/dog-parks/hidden-valley-area-2-off-leash-dog-park/,Alberta,Calgary,83,79,137,180,true,414,false,https://calgarydogparks.com/parks/hidden-valley-area-2-off-leash-dog-park,latitude | longitude | shade | reviewedOn,,,,needs-content-expansion | needs-human-review,not-started,not-started,not-started,not-started,not-started
T3-standard-expansion,park-profile,rights-gated-park-photo-or-independent-original,queued,dog-parks,Dog Parks,Rotary Park Off-Leash Area,/dog-parks/rotary-park-off-leash-area/,https://leashfree.ca/dog-parks/rotary-park-off-leash-area/,Alberta,Calgary,83,79,146,180,true,414,false,https://www.calgary.ca/parks/rotary-park.html,latitude | longitude | shade | reviewedOn,,,,needs-content-expansion | needs-human-review,not-started,not-started,not-started,not-started,not-started
T3-standard-expansion,park-profile,rights-gated-park-photo-or-independent-original,queued,dog-parks,Dog Parks,Bridgeland Riverside Off-Leash Area,/dog-parks/bridgeland-riverside-off-leash-area/,https://leashfree.ca/dog-parks/bridgeland-riverside-off-leash-area/,Alberta,Calgary,83,79,176,180,true,414,false,https://calgarydogparks.com/parks/bridgeland-riverside-off-leash-area,latitude | longitude | shade | reviewedOn,,,,needs-content-expansion | needs-human-review,not-started,not-started,not-started,not-started,not-started
T3-standard-expansion,park-profile,rights-gated-park-photo-or-independent-original,queued,dog-parks,Dog Parks,Tom Campbell’s Hill Off-Leash Area,/dog-parks/tom-campbells-hill-off-leash-area/,https://leashfree.ca/dog-parks/tom-campbells-hill-off-leash-area/,Alberta,Calgary,83,79,179,180,true,414,false,https://www.calgary.ca/parks/tom-campbells-hill.html,latitude | longitude | shade | reviewedOn,,,,needs-content-expansion | needs-human-review,not-started,not-started,not-started,not-started,not-started
T3-standard-expansion,city-guide,original-location-context,queued,dog-park-locations,City Pages,Halifax,/dog-parks/halifax/,https://leashfree.ca/dog-parks/halifax/,Nova Scotia,,81,91,437,450,true,314,false,https://www.halifax.ca/parks-recreation/parks-trails-gardens/parks-outdoor-spaces/leash-dog-parks,reviewedOn,,,,needs-content-expansion | needs-human-review,not-started,not-started,not-started,not-started,not-started
T3-standard-expansion,park-profile,rights-gated-park-photo-or-independent-original,queued,dog-parks,Dog Parks,Moose Jaw Dog Park,/dog-parks/moose-jaw-dog-park/,https://leashfree.ca/dog-parks/moose-jaw-dog-park/,Saskatchewan,Moose Jaw,81,84,102,180,true,372,false,https://www.bringfido.com/attraction/24479,water | rules | reviewedOn,,,,needs-content-expansion | needs-human-review,not-started,not-started,not-started,not-started,not-started
T3-standard-expansion,park-profile,rights-gated-park-photo-or-independent-original,queued,dog-parks,Dog Parks,Lake Bonavista Off-Leash Area,/dog-parks/lake-bonavista/,https://leashfree.ca/dog-parks/lake-bonavista/,Alberta,Calgary,81,84,116,180,true,413,false,https://www.calgary.ca/parks/off-leash-locations.html,latitude | longitude | reviewedOn,,,,needs-content-expansion | needs-human-review,not-started,not-started,not-started,not-started,not-started
T3-standard-expansion,park-profile,rights-gated-park-photo-or-independent-original,queued,dog-parks,Dog Parks,Regent Park,/dog-parks/regent-park/,https://leashfree.ca/dog-parks/regent-park/,Ontario,Toronto,81,84,119,180,true,408,false,https://www.toronto.ca/explore-enjoy/parks-recreation/places-spaces/parks-and-recreation-facilities/location/?id=2788,latitude | longitude | reviewedOn,,,,needs-content-expansion | needs-human-review,not-started,not-started,not-started,not-started,not-started
T3-standard-expansion,park-profile,rights-gated-park-photo-or-independent-original,queued,dog-parks,Dog Parks,Glenashton Park,/dog-parks/glenashton-park/,https://leashfree.ca/dog-parks/glenashton-park/,Ontario,Oakville,81,84,167,180,true,410,false,https://visitoakville.com/locations/glenashton-park/,latitude | longitude | reviewedOn,,,,needs-content-expansion | needs-human-review,not-started,not-started,not-started,not-started,not-started
T3-standard-expansion,park-profile,rights-gated-park-photo-or-independent-original,queued,dog-parks,Dog Parks,L.A. Barkman Park Off-Leash Area,/dog-parks/la-barkman-park-off-leash-area/,https://leashfree.ca/dog-parks/la-barkman-park-off-leash-area/,Manitoba,Steinbach,79,89,100,180,true,372,false,https://www.bringfido.com/attraction/45952,rules | reviewedOn,,,,needs-content-expansion | needs-human-review,not-started,not-started,not-started,not-started,not-started
T3-standard-expansion,park-profile,rights-gated-park-photo-or-independent-original,queued,dog-parks,Dog Parks,Mount Pleasant Off-Leash Dog Park,/dog-parks/mount-pleasant-off-leash-dog-park/,https://leashfree.ca/dog-parks/mount-pleasant-off-leash-dog-park/,Saskatchewan,Regina,79,89,101,180,true,372,false,https://www.bringfido.com/attraction/47441,rules | reviewedOn,,,,needs-content-expansion | needs-human-review,not-started,not-started,not-started,not-started,not-started
T3-standard-expansion,park-profile,rights-gated-park-photo-or-independent-original,queued,dog-parks,Dog Parks,Dodger Dog Park,/dog-parks/dodger-dog-park/,https://leashfree.ca/dog-parks/dodger-dog-park/,Alberta,St. Albert,79,89,102,180,true,372,false,https://stalbert.ca/rec/parks/dog-parks/,rules | reviewedOn,,,,needs-content-expansion | needs-human-review,not-started,not-started,not-started,not-started,not-started
T3-standard-expansion,park-profile,rights-gated-park-photo-or-independent-original,queued,dog-parks,Dog Parks,No. 3 Road Dog Off-Leash Park,/dog-parks/no-3-road-dog-off-leash-park/,https://leashfree.ca/dog-parks/no-3-road-dog-off-leash-park/,British Columbia,Chilliwack,79,89,102,180,true,373,false,https://www.chilliwack.com/main/page.cfm?id=945,rules | reviewedOn,,,,needs-content-expansion | needs-human-review,not-started,not-started,not-started,not-started,not-started
T3-standard-expansion,park-profile,rights-gated-park-photo-or-independent-original,queued,dog-parks,Dog Parks,Avalon Dog Park,/dog-parks/avalon-dog-park/,https://leashfree.ca/dog-parks/avalon-dog-park/,Saskatchewan,Saskatoon,79,89,103,180,true,372,false,https://www.saskatoon.ca/parks-recreation-attractions/parks/dog-parks,rules | reviewedOn,,,,needs-content-expansion | needs-human-review,not-started,not-started,not-started,not-started,not-started
T3-standard-expansion,park-profile,rights-gated-park-photo-or-independent-original,queued,dog-parks,Dog Parks,Jack Purcell Dog Park,/dog-parks/jack-purcell-dog-park/,https://leashfree.ca/dog-parks/jack-purcell-dog-park/,ON,Ottawa,79,89,103,180,true,390,false,"https://www.google.com/maps/place/Jack+Purcell+Park/@45.4150809,-75.69199,17z/data=!3m1!4b1!4m6!3m5!1s0x4cce05af1a162e83:0xc83662ce2e11e18c!8m2!3d45.4150772!4d-75.6894151!16s%2Fm%2F051rkc3!5m1!1e1?entry=ttu&g_ep=EgoyMDI1MDYxNy4wIKXMDSoASAFQAw%3D%3D",rules | reviewedOn,,,,needs-content-expansion | needs-human-review,not-started,not-started,not-started,not-started,not-started
T3-standard-expansion,park-profile,rights-gated-park-photo-or-independent-original,queued,dog-parks,Dog Parks,Oxbows Off Leash Dog Park,/dog-parks/oxbows-off-leash-dog-park/,https://leashfree.ca/dog-parks/oxbows-off-leash-dog-park/,Alberta,Red Deer,79,89,103,180,true,372,false,https://www.reddeer.ca/recreation-and-culture/parks-and-trails/parks/oxbows-off-leash-dog-park/,rules | reviewedOn,,,,needs-content-expansion | needs-human-review,not-started,not-started,not-started,not-started,not-started
T3-standard-expansion,park-profile,rights-gated-park-photo-or-independent-original,queued,dog-parks,Dog Parks,Hyde Park Off-Leash Dog Park,/dog-parks/hyde-park-dog-park/,https://leashfree.ca/dog-parks/hyde-park-dog-park/,Saskatchewan,Saskatoon,79,89,104,180,true,372,false,https://www.saskatoon.ca/parks-recreation-attractions/parks/dog-parks,rules | reviewedOn,,,,needs-content-expansion | needs-human-review,not-started,not-started,not-started,not-started,not-started
T3-standard-expansion,park-profile,rights-gated-park-photo-or-independent-original,queued,dog-parks,Dog Parks,Doggy Diamond Off-Leash Park,/dog-parks/doggy-diamond-off-leash-park/,https://leashfree.ca/dog-parks/doggy-diamond-off-leash-park/,Manitoba,Brandon,79,89,105,180,true,372,false,https://www.brandon.ca/parks/dog-parks,rules | reviewedOn,,,,needs-content-expansion | needs-human-review,not-started,not-started,not-started,not-started,not-started
T3-standard-expansion,park-profile,rights-gated-park-photo-or-independent-original,queued,dog-parks,Dog Parks,Horizon Station Off-Leash Dog Park,/dog-parks/horizon-station-off-leash-dog-park/,https://leashfree.ca/dog-parks/horizon-station-off-leash-dog-park/,Saskatchewan,Regina,79,89,105,180,true,372,false,https://www.regina.ca/parks-recreation-culture/dog-parks/,rules | reviewedOn,,,,needs-content-expansion | needs-human-review,not-started,not-started,not-started,not-started,not-started
T3-standard-expansion,park-profile,rights-gated-park-photo-or-independent-original,queued,dog-parks,Dog Parks,Dog Park at Selkirk Park,/dog-parks/dog-park-at-selkirk-park/,https://leashfree.ca/dog-parks/dog-park-at-selkirk-park/,Manitoba,Selkirk,79,89,106,180,true,372,false,https://www.bringfido.com/attraction/18513,rules | reviewedOn,,,,needs-content-expansion | needs-human-review,not-started,not-started,not-started,not-started,not-started
T3-standard-expansion,park-profile,rights-gated-park-photo-or-independent-original,queued,dog-parks,Dog Parks,Hanna Park & Dog Park,/dog-parks/hanna-park-dog-park-quinte-west/,https://leashfree.ca/dog-parks/hanna-park-dog-park-quinte-west/,Ontario,Quinte West,79,89,106,180,true,373,false,https://www.quintewest.ca/tourism-events/parks-recreation/dog-parks/,rules | reviewedOn,,,,needs-content-expansion | needs-human-review,not-started,not-started,not-started,not-started,not-started
T3-standard-expansion,park-profile,rights-gated-park-photo-or-independent-original,queued,dog-parks,Dog Parks,Lacombe Lake Dog Park,/dog-parks/lacombe-lake-dog-park/,https://leashfree.ca/dog-parks/lacombe-lake-dog-park/,Alberta,St. Albert,79,89,107,180,true,372,false,https://stalbert.ca/rec/parks/dog-parks/,rules | reviewedOn,,,,needs-content-expansion | needs-human-review,not-started,not-started,not-started,not-started,not-started
T3-standard-expansion,park-profile,rights-gated-park-photo-or-independent-original,queued,dog-parks,Dog Parks,Hanbury Hill Pooch Park,/dog-parks/hanbury-hill-pooch-park/,https://leashfree.ca/dog-parks/hanbury-hill-pooch-park/,Manitoba,Brandon,79,89,108,180,true,372,false,https://www.brandon.ca/parks/dog-parks,rules | reviewedOn,,,,needs-content-expansion | needs-human-review,not-started,not-started,not-started,not-started,not-started
T3-standard-expansion,park-profile,rights-gated-park-photo-or-independent-original,queued,dog-parks,Dog Parks,Riverain Fenced Dog Park,/dog-parks/riverain-fenced-dog-park/,https://leashfree.ca/dog-parks/riverain-fenced-dog-park/,ON,Ottawa,79,89,110,180,true,390,false,"https://www.google.com/maps/place/Riverain+Fenced+Dog+Park/@45.4296506,-75.6738775,17z/data=!3m1!4b1!4m6!3m5!1s0x4cce05452fd4aa95:0x63ca0bf8e4a78aa7!8m2!3d45.4296469!4d-75.6690066!16s%2Fg%2F11q21hl8b5!5m1!1e1?entry=ttu&g_ep=EgoyMDI1MDYxNy4wIKXMDSoASAFQAw%3D%3D",rules | reviewedOn,,,,needs-content-expansion | needs-human-review,not-started,not-started,not-started,not-started,not-started
T3-standard-expansion,park-profile,rights-gated-park-photo-or-independent-original,queued,dog-parks,Dog Parks,Parc Jeanne-Mance Dog Park,/dog-parks/parc-jeanne-mance-dog-park/,https://leashfree.ca/dog-parks/parc-jeanne-mance-dog-park/,Quebec,Montreal,79,89,111,180,true,369,false,https://montreal.ca/en/articles/where-are-dog-parks-montreal-34251,rules | reviewedOn,,,,needs-content-expansion | needs-human-review,not-started,not-started,not-started,not-started,not-started
T3-standard-expansion,park-profile,rights-gated-park-photo-or-independent-original,queued,dog-parks,Dog Parks,Parc du Sault-au-Récollet Dog Park,/dog-parks/parc-du-sault-au-recollet-dog-park/,https://leashfree.ca/dog-parks/parc-du-sault-au-recollet-dog-park/,Quebec,Montreal,79,89,117,180,true,369,false,https://www.rockymountaindog.ca/blogs/news/montreal-dog-parks,rules | reviewedOn,,,,needs-content-expansion | needs-human-review,not-started,not-started,not-started,not-started,not-started
T3-standard-expansion,park-profile,rights-gated-park-photo-or-independent-original,queued,dog-parks,Dog Parks,Parc de la Louisianne Dog Park,/dog-parks/parc-de-la-louisianne-dog-park/,https://leashfree.ca/dog-parks/parc-de-la-louisianne-dog-park/,Quebec,Montreal,79,89,123,180,true,369,false,https://www.bringfido.com/attraction/16743,rules | reviewedOn,,,,needs-content-expansion | needs-human-review,not-started,not-started,not-started,not-started,not-started
T3-standard-expansion,park-profile,rights-gated-park-photo-or-independent-original,queued,dog-parks,Dog Parks,Parc Laurier Dog Run,/dog-parks/parc-laurier-dog-run/,https://leashfree.ca/dog-parks/parc-laurier-dog-run/,Quebec,Montreal,79,89,125,180,true,369,false,https://montreal.ca/en/articles/where-are-dog-parks-montreal-34251,rules | reviewedOn,,,,needs-content-expansion | needs-human-review,not-started,not-started,not-started,not-started,not-started
T3-standard-expansion,park-profile,rights-gated-park-photo-or-independent-original,queued,dog-parks,Dog Parks,Parc Sir-Wilfrid-Laurier Dog Park,/dog-parks/parc-sir-wilfrid-laurier-dog-park/,https://leashfree.ca/dog-parks/parc-sir-wilfrid-laurier-dog-park/,Quebec,Montreal,79,89,127,180,true,369,false,https://www.bringfido.com/attraction/16746,rules | reviewedOn,,,,needs-content-expansion | needs-human-review,not-started,not-started,not-started,not-started,not-started
T3-standard-expansion,park-profile,rights-gated-park-photo-or-independent-original,queued,dog-parks,Dog Parks,Riverdale Park East,/dog-parks/riverdale-park-east/,https://leashfree.ca/dog-parks/riverdale-park-east/,Ontario,Toronto,79,89,150,180,true,408,false,https://www.toronto.ca/explore-enjoy/parks-recreation/places-spaces/parks-and-recreation-facilities/location/?id=343,shade | reviewedOn,,,,needs-content-expansion | needs-human-review,not-started,not-started,not-started,not-started,not-started
T3-standard-expansion,park-profile,rights-gated-park-photo-or-independent-original,queued,dog-parks,Dog Parks,Quinte Dog Park,/dog-parks/quinte-dog-park/,https://leashfree.ca/dog-parks/quinte-dog-park/,Ontario,Belleville,77,95,100,180,true,382,false,https://www.quintedogpark.com/,reviewedOn,,,,needs-content-expansion | needs-human-review,not-started,not-started,not-started,not-started,not-started
T3-standard-expansion,park-profile,rights-gated-park-photo-or-independent-original,queued,dog-parks,Dog Parks,Ross Industrial Off-Leash Dog Park,/dog-parks/ross-industrial-off-leash-dog-park/,https://leashfree.ca/dog-parks/ross-industrial-off-leash-dog-park/,Saskatchewan,Regina,77,95,100,180,true,372,false,https://www.regina.ca/parks-recreation-culture/dog-parks/,reviewedOn,,,,needs-content-expansion | needs-human-review,not-started,not-started,not-started,not-started,not-started
T3-standard-expansion,park-profile,rights-gated-park-photo-or-independent-original,queued,dog-parks,Dog Parks,Zorra Park,/dog-parks/zorra-park/,https://leashfree.ca/dog-parks/zorra-park/,Ontario,Toronto,77,95,100,180,true,401,false,https://www.toronto.ca/explore-enjoy/parks-recreation/places-spaces/parks-and-recreation-facilities/location/?id=3826,reviewedOn,,,,needs-content-expansion | needs-human-review,not-started,not-started,not-started,not-started,not-started
T3-standard-expansion,park-profile,rights-gated-park-photo-or-independent-original,queued,dog-parks,Dog Parks,Bayview Drive,/dog-parks/bayview-drive/,https://leashfree.ca/dog-parks/bayview-drive/,Ontario,Barrie,77,95,101,180,true,382,false,https://www.barrie.ca/community-recreation-environment/parks-trails-waterfront/dog-leash-recreation-areas,reviewedOn,,,,needs-content-expansion | needs-human-review,not-started,not-started,not-started,not-started,not-started
T3-standard-expansion,park-profile,rights-gated-park-photo-or-independent-original,queued,dog-parks,Dog Parks,King's Mill Park,/dog-parks/kings-mill-park/,https://leashfree.ca/dog-parks/kings-mill-park/,Ontario,Toronto,77,95,101,180,true,400,false,https://www.toronto.ca/explore-enjoy/parks-recreation/places-spaces/parks-and-recreation-facilities/location/?id=1080,reviewedOn,,,,needs-content-expansion | needs-human-review,not-started,not-started,not-started,not-started,not-started
T3-standard-expansion,park-profile,rights-gated-park-photo-or-independent-original,queued,dog-parks,Dog Parks,The Aud Neighbourhood Dog Park,/dog-parks/the-aud-neighbourhood-dog-park/,https://leashfree.ca/dog-parks/the-aud-neighbourhood-dog-park/,Ontario,Kitchener,77,95,101,180,true,393,false,https://www.kitchener.ca/en/things-to-do/dog-parks.aspx,reviewedOn,,,,needs-content-expansion | needs-human-review,not-started,not-started,not-started,not-started,not-started
T3-standard-expansion,park-profile,rights-gated-park-photo-or-independent-original,queued,dog-parks,Dog Parks,Chevrier Park,/dog-parks/chevrier-park-cornwall/,https://leashfree.ca/dog-parks/chevrier-park-cornwall/,Ontario,Cornwall,77,95,102,180,true,373,false,https://www.cornwall.ca/en/play-here/parks-and-trails.aspx,reviewedOn,,,,needs-content-expansion | needs-human-review,not-started,not-started,not-started,not-started,not-started
T3-standard-expansion,park-profile,rights-gated-park-photo-or-independent-original,queued,dog-parks,Dog Parks,Churchill Park,/dog-parks/churchill-park/,https://leashfree.ca/dog-parks/churchill-park/,Ontario,Hamilton,77,95,102,180,true,400,false,"https://www.google.com/maps/place/Churchill+Park/@43.2658804,-79.909758,16z/data=!4m15!1m8!3m7!1s0x882c9b58a68e336b:0x55c86a8c335fe6bf!2sChurchill+Park,+187+Cline+Ave+N,+Hamilton,+ON!3b1!8m2!3d43.2671306!4d-79.9031776!16s%2Fg%2F11bvtb2w4z!3m5!1s0x882c9b9fa5839b7f:0x7f6e3d41e818af77!8m2!3d43.2654396!4d-79.9039969!16s%2Fg%2F11h51cxwvg!5m1!1e1?entry=ttu&g_ep=EgoyMDI1MDYxMS4wIKXMDSoASAFQAw%3D%3D",reviewedOn,,,,needs-content-expansion | needs-human-review,not-started,not-started,not-started,not-started,not-started
T3-standard-expansion,park-profile,rights-gated-park-photo-or-independent-original,queued,dog-parks,Dog Parks,Harvey Park,/dog-parks/harvey-park/,https://leashfree.ca/dog-parks/harvey-park/,Ontario,Hamilton,77,95,102,180,true,400,false,"https://www.google.com/maps/place/Harvey+Park/@43.2711489,-79.8881272,17z/data=!4m6!3m5!1s0x882c9c9b22202c2b:0x89aa5f1bd8cf9a27!8m2!3d43.272141!4d-79.8865179!16s%2Fg%2F1q64r9zs5!5m1!1e1?entry=ttu&g_ep=EgoyMDI1MDYxMS4wIKXMDSoASAFQAw%3D%3D",reviewedOn,,,,needs-content-expansion | needs-human-review,not-started,not-started,not-started,not-started,not-started
T3-standard-expansion,park-profile,rights-gated-park-photo-or-independent-original,queued,dog-parks,Dog Parks,Jerome Neighbourhood Park,/dog-parks/jerome-neighbourhood-park/,https://leashfree.ca/dog-parks/jerome-neighbourhood-park/,Ontario,Hamilton,77,95,102,180,true,400,false,"https://www.google.com/maps/place/Jerome+Neighbourhood+Park/@43.210989,-79.8821125,16.09z/data=!4m6!3m5!1s0x882c9af6c6cd067b:0x75e279730f08e5cd!8m2!3d43.2141756!4d-79.8790179!16s%2Fg%2F11dftlts20!5m1!1e1?entry=ttu&g_ep=EgoyMDI1MDYxMS4wIKXMDSoASAFQAw%3D%3D",reviewedOn,,,,needs-content-expansion | needs-human-review,not-started,not-started,not-started,not-started,not-started
T3-standard-expansion,park-profile,rights-gated-park-photo-or-independent-original,queued,dog-parks,Dog Parks,John Rebecca Park,/dog-parks/john-rebecca-park/,https://leashfree.ca/dog-parks/john-rebecca-park/,Ontario,Hamilton,77,95,102,180,true,400,false,"https://www.google.com/maps/place/John+Rebecca+Park/@43.2574015,-79.8656608,17z/data=!3m1!4b1!4m6!3m5!1s0x882c9b113e6a2c3f:0x6ec12ea85784d78c!8m2!3d43.2574015!4d-79.8656608!16s%2Fg%2F11h8z2rx_d!5m1!1e1?entry=ttu&g_ep=EgoyMDI1MDYxMS4wIKXMDSoASAFQAw%3D%3D",reviewedOn,,,,needs-content-expansion | needs-human-review,not-started,not-started,not-started,not-started,not-started
T3-standard-expansion,park-profile,rights-gated-park-photo-or-independent-original,queued,dog-parks,Dog Parks,Shearwater Flyer Off-Leash Dog Park,/dog-parks/shearwater-flyer-off-leash-dog-park/,https://leashfree.ca/dog-parks/shearwater-flyer-off-leash-dog-park/,NS,Eastern Passage,77,95,102,180,true,319,false,https://www.bringfido.com/attraction/parks/state/nova_scotia/,reviewedOn,,,,needs-content-expansion | needs-human-review,not-started,not-started,not-started,not-started,not-started
T3-standard-expansion,park-profile,rights-gated-park-photo-or-independent-original,queued,dog-parks,Dog Parks,McMaster Forest Nature Preserve,/dog-parks/mcmaster-forest-nature-preserve/,https://leashfree.ca/dog-parks/mcmaster-forest-nature-preserve/,Ontario,Hamilton,77,95,103,180,true,400,false,"https://www.google.com/maps/place/McMaster+Forest+Nature+Preserve/@43.2439173,-79.9549378,17z/data=!4m6!3m5!1s0x882c85ff57e0a6b9:0xf714702eb4a8cfdd!8m2!3d43.2447746!4d-79.952459!16s%2Fg%2F11h7kpxfn7!5m1!1e1?entry=ttu&g_ep=EgoyMDI1MDYxMS4wIKXMDSoASAFQAw%3D%3D",reviewedOn,,,,needs-content-expansion | needs-human-review,not-started,not-started,not-started,not-started,not-started
T3-standard-expansion,park-profile,rights-gated-park-photo-or-independent-original,queued,dog-parks,Dog Parks,Aitken Place Park,/dog-parks/aitken-place-park/,https://leashfree.ca/dog-parks/aitken-place-park/,Ontario,Toronto,77,95,104,180,true,401,false,"https://www.google.com/maps/place/Dog+Park/@43.6447922,-79.3628851,19.18z/data=!4m14!1m7!3m6!1s0x89d4cb6528725d9b:0x983e20523f1e8982!2sAitken+Place+Park!8m2!3d43.6449133!4d-79.3624647!16s%2Fg%2F11j2p60p7s!3m5!1s0x89d4cb005b031db5:0x406a27934bd2f307!8m2!3d43.6451493!4d-79.3624073!16s%2Fg%2F11ltq7zrxs!5m1!1e1?entry=ttu&g_ep=EgoyMDI1MDYxMS4wIKXMDSoASAFQAw%3D%3D",reviewedOn,,,,needs-content-expansion | needs-human-review,not-started,not-started,not-started,not-started,not-started
T3-standard-expansion,park-profile,rights-gated-park-photo-or-independent-original,queued,dog-parks,Dog Parks,Grange Park,/dog-parks/grange-park/,https://leashfree.ca/dog-parks/grange-park/,Ontario,Toronto,77,95,104,180,true,401,false,"https://www.google.com/maps/place/Grange+Park+Dog+Off+Leash+Area/@43.6526718,-79.393521,18z/data=!4m9!1m2!2m1!1sGrange+Park!3m5!1s0x882b35b79f9a3931:0x19fd93da388a7871!8m2!3d43.6520762!4d-79.3921681!16s%2Fg%2F11g04547m1!5m1!1e1?entry=ttu&g_ep=EgoyMDI1MDYxMS4wIKXMDSoASAFQAw%3D%3D",reviewedOn,,,,needs-content-expansion | needs-human-review,not-started,not-started,not-started,not-started,not-started
T3-standard-expansion,park-profile,rights-gated-park-photo-or-independent-original,queued,dog-parks,Dog Parks,Kin Coulee Park,/dog-parks/kin-coulee-park/,https://leashfree.ca/dog-parks/kin-coulee-park/,Alberta,Medicine Hat,77,95,104,180,true,372,false,https://www.medicinehat.ca/en/parks-recreation-and-culture/dog-parks.aspx,reviewedOn,,,,needs-content-expansion | needs-human-review,not-started,not-started,not-started,not-started,not-started
T3-standard-expansion,park-profile,rights-gated-park-photo-or-independent-original,queued,dog-parks,Dog Parks,Oakes Road Dog Run,/dog-parks/oakes-road-dog-run/,https://leashfree.ca/dog-parks/oakes-road-dog-run/,Ontario,Grimsby,77,95,104,180,true,400,false,https://www.grimsby.ca/parks-recreation-and-culture/parks-sports-fields-and-trails/leash-free-dog-parks/,reviewedOn,,,,needs-content-expansion | needs-human-review,not-started,not-started,not-started,not-started,not-started
T3-standard-expansion,park-profile,rights-gated-park-photo-or-independent-original,queued,dog-parks,Dog Parks,Rotary Park,/dog-parks/rotary-park-ajax/,https://leashfree.ca/dog-parks/rotary-park-ajax/,Ontario,Ajax,77,95,104,180,true,374,false,https://www.ajax.ca/en/play/parks-and-trails.aspx,reviewedOn,,,,needs-content-expansion | needs-human-review,not-started,not-started,not-started,not-started,not-started
T3-standard-expansion,park-profile,rights-gated-park-photo-or-independent-original,queued,dog-parks,Dog Parks,Bob Hunter Park,/dog-parks/bob-hunter-park/,https://leashfree.ca/dog-parks/bob-hunter-park/,Ontario,Toronto,77,95,105,180,true,401,false,https://www.toronto.ca/explore-enjoy/parks-recreation/places-spaces/parks-and-recreation-facilities/location/?id=739,reviewedOn,,,,needs-content-expansion | needs-human-review,not-started,not-started,not-started,not-started,not-started
T3-standard-expansion,park-profile,rights-gated-park-photo-or-independent-original,queued,dog-parks,Dog Parks,Borer's Falls Conservation Area,/dog-parks/borers-falls-conservation-area/,https://leashfree.ca/dog-parks/borers-falls-conservation-area/,Ontario,Flamborough,77,95,105,180,true,400,false,https://conservationhamilton.ca/borers-falls-conservation-area/,reviewedOn,,,,needs-content-expansion | needs-human-review,not-started,not-started,not-started,not-started,not-started
T3-standard-expansion,park-profile,rights-gated-park-photo-or-independent-original,queued,dog-parks,Dog Parks,Grand Avenue Park,/dog-parks/grand-avenue-park/,https://leashfree.ca/dog-parks/grand-avenue-park/,Ontario,Toronto,77,95,105,180,true,401,false,https://www.toronto.ca/explore-enjoy/parks-recreation/places-spaces/parks-and-recreation-facilities/location/?id=1465,reviewedOn,,,,needs-content-expansion | needs-human-review,not-started,not-started,not-started,not-started,not-started
T3-standard-expansion,park-profile,rights-gated-park-photo-or-independent-original,queued,dog-parks,Dog Parks,Restoule Provincial Park,/dog-parks/restoule-provincial-park/,https://leashfree.ca/dog-parks/restoule-provincial-park/,Ontario,Restoule,77,95,105,180,true,373,false,https://www.ontarioparks.com/park/restoule,reviewedOn,,,,needs-content-expansion | needs-human-review,not-started,not-started,not-started,not-started,not-started
T3-standard-expansion,park-profile,rights-gated-park-photo-or-independent-original,queued,dog-parks,Dog Parks,Sand Bay County Park,/dog-parks/sand-bay-county-park/,https://leashfree.ca/dog-parks/sand-bay-county-park/,Ontario,Athens,77,95,105,180,true,373,false,https://www.leeds1000islands.ca/en/things-to-do/beaches-and-parks.aspx,reviewedOn,,,,needs-content-expansion | needs-human-review,not-started,not-started,not-started,not-started,not-started
T3-standard-expansion,park-profile,rights-gated-park-photo-or-independent-original,queued,dog-parks,Dog Parks,Wills Brook Dog Park,/dog-parks/wills-brook-dog-park/,https://leashfree.ca/dog-parks/wills-brook-dog-park/,British Columbia,Surrey,77,95,105,180,true,372,false,https://www.surrey.ca/parks-recreation/parks/wills-brook-park,reviewedOn,,,,needs-content-expansion | needs-human-review,not-started,not-started,not-started,not-started,not-started
T3-standard-expansion,park-profile,rights-gated-park-photo-or-independent-original,queued,dog-parks,Dog Parks,DeVeaux Woods State Park Dog Park,/dog-parks/deveaux-woods-state-park-dog-park/,https://leashfree.ca/dog-parks/deveaux-woods-state-park-dog-park/,New York,Niagara Falls,77,95,106,180,true,382,false,https://parks.ny.gov/parks/163/details.aspx,reviewedOn,,,,needs-content-expansion | needs-human-review,not-started,not-started,not-started,not-started,not-started
T3-standard-expansion,park-profile,rights-gated-park-photo-or-independent-original,queued,dog-parks,Dog Parks,Gimli Off-Leash Dog Park,/dog-parks/gimli-off-leash-dog-park/,https://leashfree.ca/dog-parks/gimli-off-leash-dog-park/,Manitoba,Gimli,77,95,106,180,true,372,false,https://www.bringfido.com/attraction/47239,reviewedOn,,,,needs-content-expansion | needs-human-review,not-started,not-started,not-started,not-started,not-started
T3-standard-expansion,park-profile,rights-gated-park-photo-or-independent-original,queued,dog-parks,Dog Parks,Captain Cornelius Park,/dog-parks/captain-cornelius-park/,https://leashfree.ca/dog-parks/captain-cornelius-park/,Ontario,Hamilton,77,95,107,180,true,400,false,"https://www.google.com/maps/place/Captain+Cornelius+Park/@43.2233142,-79.8939046,17z/data=!4m6!3m5!1s0x882c9ae129c630f9:0x3f759c2114a948b8!8m2!3d43.2239553!4d-79.891952!16s%2Fg%2F1tk1zpct!5m1!1e1?entry=ttu&g_ep=EgoyMDI1MDYxMS4wIKXMDSoASAFQAw%3D%3D",reviewedOn,,,,needs-content-expansion | needs-human-review,not-started,not-started,not-started,not-started,not-started
T3-standard-expansion,park-profile,rights-gated-park-photo-or-independent-original,queued,dog-parks,Dog Parks,Cathy Lauritsen Memorial Off-Leash Dog Park,/dog-parks/cathy-lauritsen-memorial-off-leash-dog-park/,https://leashfree.ca/dog-parks/cathy-lauritsen-memorial-off-leash-dog-park/,Saskatchewan,Regina,77,95,107,180,true,372,false,https://www.regina.ca/parks-recreation-culture/dog-parks/,reviewedOn,,,,needs-content-expansion | needs-human-review,not-started,not-started,not-started,not-started,not-started
T3-standard-expansion,park-profile,rights-gated-park-photo-or-independent-original,queued,dog-parks,Dog Parks,L'Amoreaux North Park,/dog-parks/lamoreaux-north-park/,https://leashfree.ca/dog-parks/lamoreaux-north-park/,Ontario,Toronto,77,95,107,180,true,401,false,"https://www.google.com/maps/place/L%E2%80%99Amoreaux+Off-Leash+Dog+Park/@43.8101466,-79.3051227,21z/data=!4m14!1m7!3m6!1s0x89d4d3ed8ee6a44f:0x1dfaca55b96d7213!2sL'Amoreaux+North+Park!8m2!3d43.8121274!4d-79.307824!16s%2Fg%2F1td26f73!3m5!1s0x89d4d3eef63b3277:0xda7b8e60c47815!8m2!3d43.8101105!4d-79.3050379!16s%2Fg%2F11b7ttkksk!5m1!1e1?entry=ttu&g_ep=EgoyMDI1MDYxMS4wIKXMDSoASAFQAw%3D%3D",reviewedOn,,,,needs-content-expansion | needs-human-review,not-started,not-started,not-started,not-started,not-started
T3-standard-expansion,park-profile,rights-gated-park-photo-or-independent-original,queued,dog-parks,Dog Parks,Seasonal Rink Dog Parks (Various Locations),/dog-parks/seasonal-rink-dog-parks-regina/,https://leashfree.ca/dog-parks/seasonal-rink-dog-parks-regina/,Saskatchewan,Regina,77,95,107,180,true,372,false,https://www.regina.ca/parks-recreation-culture/dog-parks/,reviewedOn,,,,needs-content-expansion | needs-human-review,not-started,not-started,not-started,not-started,not-started
T3-standard-expansion,park-profile,rights-gated-park-photo-or-independent-original,queued,dog-parks,Dog Parks,Bayview Arena Park,/dog-parks/bayview-arena-park/,https://leashfree.ca/dog-parks/bayview-arena-park/,Ontario,Toronto,77,95,108,180,true,401,false,https://www.toronto.ca/explore-enjoy/parks-recreation/places-spaces/parks-and-recreation-facilities/location/?id=2755,reviewedOn,,,,needs-content-expansion | needs-human-review,not-started,not-started,not-started,not-started,not-started
T3-standard-expansion,park-profile,rights-gated-park-photo-or-independent-original,queued,dog-parks,Dog Parks,Earl Bales Park,/dog-parks/earl-bales-park/,https://leashfree.ca/dog-parks/earl-bales-park/,Ontario,Toronto,77,95,108,180,true,401,false,"https://www.google.com/maps/place/Earl+Bales+Park/@43.7513595,-79.4334023,17z/data=!4m6!3m5!1s0x882b327f2a0019e1:0x5b0e8a7aa8279dfd!8m2!3d43.7534869!4d-79.4322811!16s%2Fg%2F11g7kr7754!5m1!1e1?entry=ttu&g_ep=EgoyMDI1MDYxMS4wIKXMDSoASAFQAw%3D%3D",reviewedOn,,,,needs-content-expansion | needs-human-review,not-started,not-started,not-started,not-started,not-started
T3-standard-expansion,park-profile,rights-gated-park-photo-or-independent-original,queued,dog-parks,Dog Parks,Humber Bay Park West,/dog-parks/humber-bay-park-west/,https://leashfree.ca/dog-parks/humber-bay-park-west/,Ontario,Toronto,77,95,108,180,true,401,false,https://www.toronto.ca/explore-enjoy/parks-recreation/places-spaces/parks-and-recreation-facilities/location/?id=1074,reviewedOn,,,,needs-content-expansion | needs-human-review,not-started,not-started,not-started,not-started,not-started
T3-standard-expansion,park-profile,rights-gated-park-photo-or-independent-original,queued,dog-parks,Dog Parks,Love Park,/dog-parks/love-park/,https://leashfree.ca/dog-parks/love-park/,Ontario,Toronto,77,95,108,180,true,401,false,https://www.toronto.ca/explore-enjoy/parks-recreation/places-spaces/parks-and-recreation-facilities/location/?id=3799,reviewedOn,,,,needs-content-expansion | needs-human-review,not-started,not-started,not-started,not-started,not-started
T3-standard-expansion,park-profile,rights-gated-park-photo-or-independent-original,queued,dog-parks,Dog Parks,Orphan's Green,/dog-parks/orphans-green/,https://leashfree.ca/dog-parks/orphans-green/,Ontario,Toronto,77,95,108,180,true,408,false,https://www.toronto.ca/explore-enjoy/parks-recreation/places-spaces/parks-and-recreation-facilities/location/?id=3641,reviewedOn,,,,needs-content-expansion | needs-human-review,not-started,not-started,not-started,not-started,not-started
T3-standard-expansion,park-profile,rights-gated-park-photo-or-independent-original,queued,dog-parks,Dog Parks,Rotary Park Off-Leash Area,/dog-parks/rotary-park-off-leash-area-sydney/,https://leashfree.ca/dog-parks/rotary-park-off-leash-area-sydney/,NS,Sydney,77,95,108,180,true,319,false,https://en.wikipedia.org/wiki/Greenlink_Rotary_Park_Trail_System,reviewedOn,,,,needs-content-expansion | needs-human-review,not-started,not-started,not-started,not-started,not-started
T3-standard-expansion,park-profile,rights-gated-park-photo-or-independent-original,queued,dog-parks,Dog Parks,Sir Casimir Gzowski Park,/dog-parks/sir-casimir-gzowski-park/,https://leashfree.ca/dog-parks/sir-casimir-gzowski-park/,Ontario,Toronto,77,95,108,180,true,401,false,https://www.toronto.ca/explore-enjoy/parks-recreation/places-spaces/parks-and-recreation-facilities/location/?id=71,reviewedOn,,,,needs-content-expansion | needs-human-review,not-started,not-started,not-started,not-started,not-started
T3-standard-expansion,park-profile,rights-gated-park-photo-or-independent-original,queued,dog-parks,Dog Parks,Vedder Park,/dog-parks/vedder-park/,https://leashfree.ca/dog-parks/vedder-park/,British Columbia,Chilliwack,77,95,108,180,true,373,false,https://www.chilliwack.com/main/page.cfm?id=945,reviewedOn,,,,needs-content-expansion | needs-human-review,not-started,not-started,not-started,not-started,not-started
T3-standard-expansion,park-profile,rights-gated-park-photo-or-independent-original,queued,dog-parks,Dog Parks,Trinity Bellwoods Park,/dog-parks/trinity-bellwoods-park/,https://leashfree.ca/dog-parks/trinity-bellwoods-park/,Ontario,Toronto,77,95,109,180,true,401,false,https://www.toronto.ca/explore-enjoy/parks-recreation/places-spaces/parks-and-recreation-facilities/location/?id=241,reviewedOn,,,,needs-content-expansion | needs-human-review,not-started,not-started,not-started,not-started,not-started
T3-standard-expansion,park-profile,rights-gated-park-photo-or-independent-original,queued,dog-parks,Dog Parks,Wychwood Barns Park,/dog-parks/wychwood-barns-park/,https://leashfree.ca/dog-parks/wychwood-barns-park/,Ontario,Toronto,77,95,109,180,true,401,false,"https://www.google.com/maps/place/Wychwood+Barns+Dog+Park/@43.6798321,-79.423749,19.17z/data=!4m14!1m7!3m6!1s0x882b348043256721:0xf4425c6fa1790f0!2sWychwood+Barns+Park!8m2!3d43.6799278!4d-79.4231972!16s%2Fm%2F080dsrl!3m5!1s0x882b35a112d32799:0x390db7c5c9e88e78!8m2!3d43.6793584!4d-79.4243744!16s%2Fg%2F11jv24z9nz!5m1!1e1?entry=ttu&g_ep=EgoyMDI1MDYxMS4wIKXMDSoASAFQAw%3D%3D",reviewedOn,,,,needs-content-expansion | needs-human-review,not-started,not-started,not-started,not-started,not-started
T3-standard-expansion,park-profile,rights-gated-park-photo-or-independent-original,queued,dog-parks,Dog Parks,Southward Community Park,/dog-parks/southward-community-park/,https://leashfree.ca/dog-parks/southward-community-park/,Ontario,Grimsby,77,95,110,180,true,400,false,https://www.grimsby.ca/parks-recreation-and-culture/parks-sports-fields-and-trails/leash-free-dog-parks/,reviewedOn,,,,needs-content-expansion | needs-human-review,not-started,not-started,not-started,not-started,not-started
T3-standard-expansion,park-profile,rights-gated-park-photo-or-independent-original,queued,dog-parks,Dog Parks,Colonel Samuel Smith Park,/dog-parks/colonel-samuel-smith-park/,https://leashfree.ca/dog-parks/colonel-samuel-smith-park/,Ontario,Toronto,77,95,111,180,true,401,false,https://www.toronto.ca/explore-enjoy/parks-recreation/places-spaces/parks-and-recreation-facilities/location/?id=466,reviewedOn,,,,needs-content-expansion | needs-human-review,not-started,not-started,not-started,not-started,not-started
T3-standard-expansion,park-profile,rights-gated-park-photo-or-independent-original,queued,dog-parks,Dog Parks,Hillcrest Park,/dog-parks/hillcrest-park/,https://leashfree.ca/dog-parks/hillcrest-park/,Ontario,Toronto,77,95,111,180,true,401,false,"https://www.google.com/maps/place/Hillcrest+Dogs+Off-leash+Area/@43.675642,-79.4251004,18z/data=!4m15!1m8!3m7!1s0x882b347df590550b:0xc30a0c68b3721f4f!2s950+Davenport+Rd,+Toronto,+ON+M6G+2B7!3b1!8m2!3d43.6759353!4d-79.4254335!16s%2Fg%2F11hbntvwgz!3m5!1s0x882b357c28b15ed1:0x94060ff4d0c02340!8m2!3d43.6762056!4d-79.4243208!16s%2Fg%2F11r9mzz1_8!5m1!1e1?entry=ttu&g_ep=EgoyMDI1MDYxMS4wIKXMDSoASAFQAw%3D%3D",reviewedOn,,,,needs-content-expansion | needs-human-review,not-started,not-started,not-started,not-started,not-started
T3-standard-expansion,park-profile,rights-gated-park-photo-or-independent-original,queued,dog-parks,Dog Parks,Thompson Street Parkette,/dog-parks/thompson-street-parkette/,https://leashfree.ca/dog-parks/thompson-street-parkette/,Ontario,Toronto,77,95,111,180,true,408,false,https://www.toronto.ca/explore-enjoy/parks-recreation/places-spaces/parks-and-recreation-facilities/location/?id=1472,reviewedOn,,,,needs-content-expansion | needs-human-review,not-started,not-started,not-started,not-started,not-started
T3-standard-expansion,park-profile,rights-gated-park-photo-or-independent-original,queued,dog-parks,Dog Parks,Cedarvale Park,/dog-parks/cedarvale-park/,https://leashfree.ca/dog-parks/cedarvale-park/,Ontario,Toronto,77,95,112,180,true,401,false,"https://www.google.com/maps/place/Cedarvale+Park+Dogs+Off-Leash+Area/@43.6926394,-79.4403413,15.73z/data=!4m10!1m2!2m1!1sCedarvale+Park!3m6!1s0x882b339cdcbd000b:0x9c68394df540b563!8m2!3d43.6919789!4d-79.4290916!15sCg5DZWRhcnZhbGUgUGFya1oQIg5jZWRhcnZhbGUgcGFya5IBCGRvZ19wYXJrmgEjQ2haRFNVaE5NRzluUzBWSlEwRm5TVU5sTVhSUWNsQm5FQUWqAUoQASoSIg5jZWRhcnZhbGUgcGFyaygAMh4QASIaLaJU1RynWejN8xEOCx3pvPFGaC-BK8asblIyEhACIg5jZWRhcnZhbGUgcGFya-ABAPoBBAgAECY!16s%2Fg%2F11byyhl3cb!5m1!1e1?entry=ttu&g_ep=EgoyMDI1MDYxMS4wIKXMDSoASAFQAw%3D%3D",reviewedOn,,,,needs-content-expansion | needs-human-review,not-started,not-started,not-started,not-started,not-started
T3-standard-expansion,park-profile,rights-gated-park-photo-or-independent-original,queued,dog-parks,Dog Parks,David Crombie Park,/dog-parks/david-crombie-park/,https://leashfree.ca/dog-parks/david-crombie-park/,Ontario,Toronto,77,95,112,180,true,401,false,"https://www.google.com/maps/place/David+Crombie+Park/@43.6486165,-79.3725716,17z/data=!3m1!4b1!4m6!3m5!1s0x89d4cb3ae11276c3:0xc684fa7914a14f0a!8m2!3d43.6486166!4d-79.3677061!16s%2Fg%2F11c3yrycq3!5m1!1e1?entry=ttu&g_ep=EgoyMDI1MDYxMS4wIKXMDSoASAFQAw%3D%3D",reviewedOn,,,,needs-content-expansion | needs-human-review,not-started,not-started,not-started,not-started,not-started
T3-standard-expansion,park-profile,rights-gated-park-photo-or-independent-original,queued,dog-parks,Dog Parks,Kiwanis Park,/dog-parks/kiwanis-park/,https://leashfree.ca/dog-parks/kiwanis-park/,Ontario,Kitchener,77,95,112,180,true,393,false,https://www.kitchener.ca/en/things-to-do/dog-parks.aspx,reviewedOn,,,,needs-content-expansion | needs-human-review,not-started,not-started,not-started,not-started,not-started
T3-standard-expansion,park-profile,rights-gated-park-photo-or-independent-original,queued,dog-parks,Dog Parks,Allan Gardens,/dog-parks/allan-gardens/,https://leashfree.ca/dog-parks/allan-gardens/,Ontario,Toronto,77,95,113,180,true,408,false,https://www.toronto.ca/explore-enjoy/parks-recreation/places-spaces/parks-and-recreation-facilities/location/?id=41,reviewedOn,,,,needs-content-expansion | needs-human-review,not-started,not-started,not-started,not-started,not-started
T3-standard-expansion,park-profile,rights-gated-park-photo-or-independent-original,queued,dog-parks,Dog Parks,Marie Curtis Park,/dog-parks/marie-curtis-park/,https://leashfree.ca/dog-parks/marie-curtis-park/,Ontario,Toronto,77,95,113,180,true,401,false,https://www.toronto.ca/explore-enjoy/parks-recreation/places-spaces/parks-and-recreation-facilities/location/?id=6,reviewedOn,,,,needs-content-expansion | needs-human-review,not-started,not-started,not-started,not-started,not-started
T3-standard-expansion,park-profile,rights-gated-park-photo-or-independent-original,queued,dog-parks,Dog Parks,Prospect Park,/dog-parks/prospect-park-halton-hills/,https://leashfree.ca/dog-parks/prospect-park-halton-hills/,Ontario,Halton Hills,77,95,113,180,true,400,false,https://www.haltonhills.ca/en/explore-and-play/leash-free-dog-parks.aspx,reviewedOn,,,,needs-content-expansion | needs-human-review,not-started,not-started,not-started,not-started,not-started
T3-standard-expansion,park-profile,rights-gated-park-photo-or-independent-original,queued,dog-parks,Dog Parks,St. Andrew's Playground,/dog-parks/st-andrews-playground/,https://leashfree.ca/dog-parks/st-andrews-playground/,Ontario,Toronto,77,95,113,180,true,401,false,"https://www.google.com/maps/place/St.+Andrew's+Playground+Dog+Park/@43.6456368,-79.3997383,18.25z/data=!4m10!1m2!2m1!1sSt.+Andrew's+Playground!3m6!1s0x882b359d71da7a07:0x69459bb3c414b509!8m2!3d43.6462848!4d-79.3994946!15sChdTdC4gQW5kcmV3J3MgUGxheWdyb3VuZJIBCGRvZ19wYXJrqgE_EAEyHxABIhsHxc20zP6IdfuMTntm82M57vdL2kUuA-MuM0kyGhACIhZzdCBhbmRyZXcncyBwbGF5Z3JvdW5k4AEA!16s%2Fg%2F11gvy132js!5m1!1e1?entry=ttu&g_ep=EgoyMDI1MDYxMS4wIKXMDSoASAFQAw%3D%3D",reviewedOn,,,,needs-content-expansion | needs-human-review,not-started,not-started,not-started,not-started,not-started
T3-standard-expansion,park-profile,rights-gated-park-photo-or-independent-original,queued,dog-parks,Dog Parks,Bickford Park,/dog-parks/bickford-park/,https://leashfree.ca/dog-parks/bickford-park/,Ontario,Toronto,77,95,114,180,true,401,false,"https://www.google.com/maps/place/Bickford+Park+Dog+Park/@43.6608101,-79.4192648,18z/data=!4m15!1m8!3m7!1s0x882b34f46c5b38b5:0x94a095d575430ae5!2sBickford+Park,+Toronto,+ON!3b1!8m2!3d43.6587355!4d-79.4211567!16s%2Fg%2F11_qtpccm!3m5!1s0x882b34f30c78ad17:0xed8e02cfbfe63a06!8m2!3d43.6601053!4d-79.4182375!16s%2Fg%2F11cr_7y5vy!5m1!1e1?entry=ttu&g_ep=EgoyMDI1MDYxMS4wIKXMDSoASAFQAw%3D%3D",reviewedOn,,,,needs-content-expansion | needs-human-review,not-started,not-started,not-started,not-started,not-started
T3-standard-expansion,park-profile,rights-gated-park-photo-or-independent-original,queued,dog-parks,Dog Parks,Frank Faubert Wood Lot,/dog-parks/frank-faubert-wood-lot/,https://leashfree.ca/dog-parks/frank-faubert-wood-lot/,Ontario,Scarborough,77,95,114,180,true,408,false,"https://www.google.com/maps/place/Frank+Faubert+Wood+Lot/@43.7724309,-79.2567232,17z/data=!3m1!4b1!4m6!3m5!1s0x89d4d1af06706fb9:0xb772478aa6e70b25!8m2!3d43.7724271!4d-79.2541483!16s%2Fg%2F11cjkb_ncp?entry=ttu&g_ep=EgoyMDI1MDYwMy4wIKXMDSoASAFQAw%3D%3D",reviewedOn,,,,needs-content-expansion | needs-human-review,not-started,not-started,not-started,not-started,not-started
T3-standard-expansion,park-profile,rights-gated-park-photo-or-independent-original,queued,dog-parks,Dog Parks,Awenda Pet Beach Area,/dog-parks/awenda-pet-beach-area/,https://leashfree.ca/dog-parks/awenda-pet-beach-area/,Ontario,Tiny,77,95,115,180,true,373,false,https://www.ontarioparks.com/park/awenda,reviewedOn,,,,needs-content-expansion | needs-human-review,not-started,not-started,not-started,not-started,not-started
T3-standard-expansion,park-profile,rights-gated-park-photo-or-independent-original,queued,dog-parks,Dog Parks,Eastview Community Park,/dog-parks/eastview-community-park-guelph/,https://leashfree.ca/dog-parks/eastview-community-park-guelph/,Ontario,Guelph,77,95,115,180,true,393,false,https://guelph.ca/living/recreation/parks/leash-free-zones-for-dogs/,reviewedOn,,,,needs-content-expansion | needs-human-review,not-started,not-started,not-started,not-started,not-started
T3-standard-expansion,park-profile,rights-gated-park-photo-or-independent-original,queued,dog-parks,Dog Parks,McIntosh Run Off-Leash Dog Park,/dog-parks/mcintosh-run-off-leash-dog-park/,https://leashfree.ca/dog-parks/mcintosh-run-off-leash-dog-park/,NS,Halifax,77,95,115,180,true,319,false,https://www.halifax.ca/parks-recreation/parks-trails-gardens/parks-outdoor-spaces/leash-dog-parks,reviewedOn,,,,needs-content-expansion | needs-human-review,not-started,not-started,not-started,not-started,not-started
T3-standard-expansion,park-profile,rights-gated-park-photo-or-independent-original,queued,dog-parks,Dog Parks,McCowan Park,/dog-parks/mccowan-park/,https://leashfree.ca/dog-parks/mccowan-park/,Ontario,Toronto,77,95,116,180,true,408,false,https://www.toronto.ca/explore-enjoy/parks-recreation/places-spaces/parks-and-recreation-facilities/location/?id=707,reviewedOn,,,,needs-content-expansion | needs-human-review,not-started,not-started,not-started,not-started,not-started
T3-standard-expansion,park-profile,rights-gated-park-photo-or-independent-original,queued,dog-parks,Dog Parks,Trafalgar Sports Park,/dog-parks/trafalgar-sports-park/,https://leashfree.ca/dog-parks/trafalgar-sports-park/,Ontario,Halton Hills,77,95,116,180,true,400,false,https://www.haltonhills.ca/en/explore-and-play/leash-free-dog-parks.aspx,reviewedOn,,,,needs-content-expansion | needs-human-review,not-started,not-started,not-started,not-started,not-started
T3-standard-expansion,park-profile,rights-gated-park-photo-or-independent-original,queued,dog-parks,Dog Parks,Vermont Square Park,/dog-parks/vermont-square-park/,https://leashfree.ca/dog-parks/vermont-square-park/,Ontario,Toronto,77,95,117,180,true,401,false,"https://www.google.com/maps/place/Vermont+Square+Park/@43.6703993,-79.4150555,18.82z/data=!4m6!3m5!1s0x882b348ff304c331:0xcbb9c0cd2718e225!8m2!3d43.6703353!4d-79.4151768!16s%2Fg%2F1thd79mh!5m1!1e1?entry=ttu&g_ep=EgoyMDI1MDYxMS4wIKXMDSoASAFQAw%3D%3D",reviewedOn,,,,needs-content-expansion | needs-human-review,not-started,not-started,not-started,not-started,not-started
T3-standard-expansion,park-profile,rights-gated-park-photo-or-independent-original,queued,dog-parks,Dog Parks,Barbara Hall Park,/dog-parks/barbara-hall-park/,https://leashfree.ca/dog-parks/barbara-hall-park/,Ontario,Toronto,77,95,118,180,true,408,false,"https://www.google.com/maps/place/Barbara+Hall+Park/@43.6666834,-79.3831955,17z/data=!3m1!4b1!4m6!3m5!1s0x882b34b2ca355fab:0xc784db90313e19b0!8m2!3d43.6666795!4d-79.3806206!16s%2Fg%2F1q641nx85?entry=ttu&g_ep=EgoyMDI1MDYwMy4wIKXMDSoASAFQAw%3D%3D",reviewedOn,,,,needs-content-expansion | needs-human-review,not-started,not-started,not-started,not-started,not-started
T3-standard-expansion,park-profile,rights-gated-park-photo-or-independent-original,queued,dog-parks,Dog Parks,Cedar Hedge Park West,/dog-parks/cedar-hedge-park-west/,https://leashfree.ca/dog-parks/cedar-hedge-park-west/,Ontario,Milton,77,95,118,180,true,400,false,https://www.milton.ca/en/parks-recreation/leash-free-dog-parks.aspx,reviewedOn,,,,needs-content-expansion | needs-human-review,not-started,not-started,not-started,not-started,not-started
T3-standard-expansion,park-profile,rights-gated-park-photo-or-independent-original,queued,dog-parks,Dog Parks,Ramsden Park,/dog-parks/ramsden-park/,https://leashfree.ca/dog-parks/ramsden-park/,Ontario,Toronto,77,95,118,180,true,408,false,https://www.toronto.ca/explore-enjoy/parks-recreation/places-spaces/parks-and-recreation-facilities/location/?id=167,reviewedOn,,,,needs-content-expansion | needs-human-review,not-started,not-started,not-started,not-started,not-started
T3-standard-expansion,park-profile,rights-gated-park-photo-or-independent-original,queued,dog-parks,Dog Parks,East End Paw Park,/dog-parks/east-end-paw-park/,https://leashfree.ca/dog-parks/east-end-paw-park/,Manitoba,Brandon,77,95,119,180,true,372,false,https://www.brandon.ca/parks/dog-parks,reviewedOn,,,,needs-content-expansion | needs-human-review,not-started,not-started,not-started,not-started,not-started
T3-standard-expansion,park-profile,rights-gated-park-photo-or-independent-original,queued,dog-parks,Dog Parks,Ardmore Park Service Dog Park,/dog-parks/ardmore-park-service-dog-park/,https://leashfree.ca/dog-parks/ardmore-park-service-dog-park/,NS,Halifax,77,95,121,180,true,319,false,https://www.halifax.ca/parks-recreation/parks-trails-gardens/parks-outdoor-spaces/leash-dog-parks,reviewedOn,,,,needs-content-expansion | needs-human-review,not-started,not-started,not-started,not-started,not-started
T3-standard-expansion,park-profile,rights-gated-park-photo-or-independent-original,queued,dog-parks,Dog Parks,Cedarvale Park,/dog-parks/cedarvale-park-halton-hills/,https://leashfree.ca/dog-parks/cedarvale-park-halton-hills/,Ontario,Halton Hills,77,95,121,180,true,400,false,https://www.haltonhills.ca/en/explore-and-play/leash-free-dog-parks.aspx,reviewedOn,,,,needs-content-expansion | needs-human-review,not-started,not-started,not-started,not-started,not-started
T3-standard-expansion,park-profile,rights-gated-park-photo-or-independent-original,queued,dog-parks,Dog Parks,Hideaway Park,/dog-parks/hideaway-park/,https://leashfree.ca/dog-parks/hideaway-park/,Ontario,Toronto,77,95,121,180,true,408,false,https://www.toronto.ca/explore-enjoy/parks-recreation/places-spaces/parks-and-recreation-facilities/location/?id=75,reviewedOn,,,,needs-content-expansion | needs-human-review,not-started,not-started,not-started,not-started,not-started
T3-standard-expansion,park-profile,rights-gated-park-photo-or-independent-original,queued,dog-parks,Dog Parks,Upton Farm Off-Leash Area,/dog-parks/upton-farm-off-leash-area/,https://leashfree.ca/dog-parks/upton-farm-off-leash-area/,NS,New Glasgow,77,95,121,180,true,319,false,https://www.bringfido.com/attraction/parks/city/new_glasgow_ns_ca/,reviewedOn,,,,needs-content-expansion | needs-human-review,not-started,not-started,not-started,not-started,not-started
T3-standard-expansion,park-profile,rights-gated-park-photo-or-independent-original,queued,dog-parks,Dog Parks,Reservoir Park,/dog-parks/reservoir-park-wolfville/,https://leashfree.ca/dog-parks/reservoir-park-wolfville/,NS,Wolfville,77,95,123,180,true,319,false,https://www.bringfido.com/attraction/16295/,reviewedOn,,,,needs-content-expansion | needs-human-review,not-started,not-started,not-started,not-started,not-started
T3-standard-expansion,park-profile,rights-gated-park-photo-or-independent-original,queued,dog-parks,Dog Parks,Riverdale Park West,/dog-parks/riverdale-park-west/,https://leashfree.ca/dog-parks/riverdale-park-west/,Ontario,Toronto,77,95,123,180,true,408,false,https://www.toronto.ca/explore-enjoy/parks-recreation/places-spaces/parks-and-recreation-facilities/location/?id=344,reviewedOn,,,,needs-content-expansion | needs-human-review,not-started,not-started,not-started,not-started,not-started
T3-standard-expansion,park-profile,rights-gated-park-photo-or-independent-original,queued,dog-parks,Dog Parks,Craigleigh Gardens,/dog-parks/craigleigh-gardens/,https://leashfree.ca/dog-parks/craigleigh-gardens/,Ontario,Toronto,77,95,125,180,true,408,false,https://www.toronto.ca/explore-enjoy/parks-recreation/places-spaces/parks-and-recreation-facilities/location/?id=370,reviewedOn,,,,needs-content-expansion | needs-human-review,not-started,not-started,not-started,not-started,not-started
T3-standard-expansion,park-profile,rights-gated-park-photo-or-independent-original,queued,dog-parks,Dog Parks,Parc de Duberger,/dog-parks/parc-de-duberger/,https://leashfree.ca/dog-parks/parc-de-duberger/,Quebec,Quebec City,77,95,125,180,true,369,false,https://www.ville.quebec.qc.ca,reviewedOn,,,,needs-content-expansion | needs-human-review,not-started,not-started,not-started,not-started,not-started
T3-standard-expansion,park-profile,rights-gated-park-photo-or-independent-original,queued,dog-parks,Dog Parks,Silvercreek Park,/dog-parks/silvercreek-park/,https://leashfree.ca/dog-parks/silvercreek-park/,Ontario,Guelph,77,95,126,180,true,393,false,https://guelph.ca/living/recreation/parks/leash-free-zones-for-dogs/,reviewedOn,,,,needs-content-expansion | needs-human-review,not-started,not-started,not-started,not-started,not-started
T3-standard-expansion,park-profile,rights-gated-park-photo-or-independent-original,queued,dog-parks,Dog Parks,Sunny Mount Park,/dog-parks/sunny-mount-park/,https://leashfree.ca/dog-parks/sunny-mount-park/,Ontario,Milton,77,95,126,180,true,400,false,https://www.milton.ca/en/parks-recreation/leash-free-dog-parks.aspx,reviewedOn,,,,needs-content-expansion | needs-human-review,not-started,not-started,not-started,not-started,not-started
T3-standard-expansion,park-profile,rights-gated-park-photo-or-independent-original,queued,dog-parks,Dog Parks,Community Common,/dog-parks/community-common/,https://leashfree.ca/dog-parks/community-common/,Ontario,Mississauga,77,95,128,180,true,410,false,"https://www.google.com/maps/place/Community+Common+Dog+Spot/@43.5875487,-79.6503517,17z/data=!3m1!4b1!4m6!3m5!1s0x882b47dfaa27d369:0xeb884a658690faae!8m2!3d43.5875448!4d-79.6477768!16s%2Fg%2F11j6rtbwnh?entry=ttu&g_ep=EgoyMDI1MDYwMi4wIKXMDSoASAFQAw%3D%3D",reviewedOn,,,,needs-content-expansion | needs-human-review,not-started,not-started,not-started,not-started,not-started
T3-standard-expansion,park-profile,rights-gated-park-photo-or-independent-original,queued,dog-parks,Dog Parks,Quenippenon Meadows Leash Free Park,/dog-parks/quenippenon-park/,https://leashfree.ca/dog-parks/quenippenon-park/,Ontario,Mississauga,77,95,129,180,true,410,false,"https://www.google.com/maps/place/Quenippenon+Meadows+Leash+Free+Park,+5210+Erin+Mills+Pkwy,+Mississauga,+ON+L5M+5E7/@43.5643306,-79.7183375,17z/data=!4m14!1m7!3m6!1s0x882b418c9085c5bf:0x6b4ba21b7cc2ebb4!2sQuenippenon+Meadows+Community+Park!8m2!3d43.5637652!4d-79.7179633!16s%2Fg%2F1tfgdwgk!3m5!1s0x882b418daab0bdb5:0x6a7be9b993fa833b!8m2!3d43.5633935!4d-79.7139579!16s%2Fg%2F11b8tfnr8j?entry=ttu&g_ep=EgoyMDI1MDYwMi4wIKXMDSoASAFQAw%3D%3D",reviewedOn,,,,needs-content-expansion | needs-human-review,not-started,not-started,not-started,not-started,not-started
T3-standard-expansion,park-profile,rights-gated-park-photo-or-independent-original,queued,dog-parks,Dog Parks,George Lippert Park,/dog-parks/george-lippert-park/,https://leashfree.ca/dog-parks/george-lippert-park/,Ontario,Kitchener,77,95,130,180,true,393,false,https://www.kitchener.ca/en/things-to-do/dog-parks.aspx,reviewedOn,,,,needs-content-expansion | needs-human-review,not-started,not-started,not-started,not-started,not-started
T3-standard-expansion,park-profile,rights-gated-park-photo-or-independent-original,queued,dog-parks,Dog Parks,Mattamy Sports Park,/dog-parks/mattamy-sports-park/,https://leashfree.ca/dog-parks/mattamy-sports-park/,Ontario,Mississauga,77,95,130,180,true,410,false,"https://www.google.com/maps/place/5320+Ninth+Line,+Mississauga,+ON+L5M+0R5",reviewedOn,,,,needs-content-expansion | needs-human-review,not-started,not-started,not-started,not-started,not-started
T3-standard-expansion,park-profile,rights-gated-park-photo-or-independent-original,queued,dog-parks,Dog Parks,Sackville Lakes Provincial Park,/dog-parks/sackville-lakes-provincial-park/,https://leashfree.ca/dog-parks/sackville-lakes-provincial-park/,NS,Lower Sackville,77,95,130,180,true,319,false,https://www.halifaxtrails.ca/tag/off-leash/,reviewedOn,,,,needs-content-expansion | needs-human-review,not-started,not-started,not-started,not-started,not-started
T3-standard-expansion,park-profile,rights-gated-park-photo-or-independent-original,queued,dog-parks,Dog Parks,Woburn Park - North York,/dog-parks/woburn-park-north-york/,https://leashfree.ca/dog-parks/woburn-park-north-york/,Ontario,Toronto,77,95,130,180,true,401,false,"https://www.google.com/maps/place/Woburn+Dog+Park/@43.7236648,-79.4290498,18.73z/data=!4m14!1m7!3m6!1s0x882b325431000001:0xd00d4ab1e09fd164!2sWoburn+Park!8m2!3d43.7239018!4d-79.428719!16s%2Fg%2F11cm01h7n6!3m5!1s0x882b3345f394fb05:0x3b0f115822da6c3e!8m2!3d43.7238336!4d-79.4295641!16s%2Fg%2F11flfg9zw8!5m1!1e1?entry=ttu&g_ep=EgoyMDI1MDYxMS4wIKXMDSoASAFQAw%3D%3D",reviewedOn,,,,needs-content-expansion | needs-human-review,not-started,not-started,not-started,not-started,not-started
T3-standard-expansion,park-profile,rights-gated-park-photo-or-independent-original,queued,dog-parks,Dog Parks,Yonge and York Mills Parkette,/dog-parks/yonge-and-york-mills-parkette/,https://leashfree.ca/dog-parks/yonge-and-york-mills-parkette/,Ontario,Toronto,77,95,130,180,true,408,false,https://www.toronto.ca/explore-enjoy/parks-recreation/places-spaces/parks-and-recreation-facilities/location/?id=918,reviewedOn,,,,needs-content-expansion | needs-human-review,not-started,not-started,not-started,not-started,not-started
T3-standard-expansion,park-profile,rights-gated-park-photo-or-independent-original,queued,dog-parks,Dog Parks,Parc canin Saint-Augustin-de-Desmaures,/dog-parks/parc-canin-saint-augustin-de-desmaures/,https://leashfree.ca/dog-parks/parc-canin-saint-augustin-de-desmaures/,Quebec,Saint-Augustin-de-Desmaures,77,95,131,180,true,369,false,https://www.bringfido.com/attraction/25951,reviewedOn,,,,needs-content-expansion | needs-human-review,not-started,not-started,not-started,not-started,not-started
T3-standard-expansion,park-profile,rights-gated-park-photo-or-independent-original,queued,dog-parks,Dog Parks,Hemlock Ravine Park,/dog-parks/hemlock-ravine-park/,https://leashfree.ca/dog-parks/hemlock-ravine-park/,NS,Halifax,77,95,133,180,true,319,false,https://www.halifax.ca/parks-recreation/parks-trails-gardens/parks-outdoor-spaces/leash-dog-parks,reviewedOn,,,,needs-content-expansion | needs-human-review,not-started,not-started,not-started,not-started,not-started
T3-standard-expansion,park-profile,rights-gated-park-photo-or-independent-original,queued,dog-parks,Dog Parks,Kew Gardens,/dog-parks/kew-gardens/,https://leashfree.ca/dog-parks/kew-gardens/,Ontario,Toronto,77,95,133,180,true,408,false,https://www.toronto.ca/explore-enjoy/parks-recreation/places-spaces/parks-and-recreation-facilities/location/?id=107,reviewedOn,,,,needs-content-expansion | needs-human-review,not-started,not-started,not-started,not-started,not-started
T3-standard-expansion,park-profile,rights-gated-park-photo-or-independent-original,queued,dog-parks,Dog Parks,Marshview Dog Park,/dog-parks/marshview-dog-park-kentville/,https://leashfree.ca/dog-parks/marshview-dog-park-kentville/,NS,Kentville,77,95,133,180,true,319,false,https://kentville.ca/dogpark,reviewedOn,,,,needs-content-expansion | needs-human-review,not-started,not-started,not-started,not-started,not-started
T3-standard-expansion,park-profile,rights-gated-park-photo-or-independent-original,queued,dog-parks,Dog Parks,Long Lake Provincial Park,/dog-parks/long-lake-provincial-park/,https://leashfree.ca/dog-parks/long-lake-provincial-park/,NS,Halifax,77,95,134,180,true,319,false,https://en.wikipedia.org/wiki/Long_Lake_Provincial_Park_(Nova_Scotia),reviewedOn,,,,needs-content-expansion | needs-human-review,not-started,not-started,not-started,not-started,not-started
T3-standard-expansion,park-profile,rights-gated-park-photo-or-independent-original,queued,dog-parks,Dog Parks,Antigonish Dog Park,/dog-parks/antigonish-dog-park/,https://leashfree.ca/dog-parks/antigonish-dog-park/,NS,Antigonish,77,95,135,180,true,319,false,https://www.bringfido.com/attraction/16294/,reviewedOn,,,,needs-content-expansion | needs-human-review,not-started,not-started,not-started,not-started,not-started
T3-standard-expansion,park-profile,rights-gated-park-photo-or-independent-original,queued,dog-parks,Dog Parks,Balmy Beach Park,/dog-parks/balmy-beach-park/,https://leashfree.ca/dog-parks/balmy-beach-park/,Toronto,Toronto,77,95,135,180,true,408,false,https://www.toronto.ca/explore-enjoy/parks-recreation/places-spaces/parks-and-recreation-facilities/location/?id=427,reviewedOn,,,,needs-content-expansion | needs-human-review,not-started,not-started,not-started,not-started,not-started
T3-standard-expansion,park-profile,rights-gated-park-photo-or-independent-original,queued,dog-parks,Dog Parks,Cherry Beach/Clarke Beach Park,/dog-parks/cherry-beach-clarke-beach-park/,https://leashfree.ca/dog-parks/cherry-beach-clarke-beach-park/,Ontario,Toronto,77,95,135,180,true,401,false,"https://www.google.com/maps/place/Cherry+Beach+Off+Leash+Dog+Park/@43.6362916,-79.3458494,18.08z/data=!4m14!1m7!3m6!1s0x89d4cb0271a458bd:0xdf379a132aa1fb69!2sCherry+Beach!8m2!3d43.6369864!4d-79.3440914!16zL20vMDI4eno4!3m5!1s0x89d4cafd50ead0e9:0x5d295d330dea9b3c!8m2!3d43.6367497!4d-79.3453069!16s%2Fg%2F11c0w8z84v!5m1!1e1?entry=ttu&g_ep=EgoyMDI1MDYxMS4wIKXMDSoASAFQAw%3D%3D",reviewedOn,,,,needs-content-expansion | needs-human-review,not-started,not-started,not-started,not-started,not-started
T3-standard-expansion,park-profile,rights-gated-park-photo-or-independent-original,queued,dog-parks,Dog Parks,Dartmouth Common,/dog-parks/dartmouth-common/,https://leashfree.ca/dog-parks/dartmouth-common/,NS,Dartmouth,77,95,135,180,true,319,false,https://www.halifax.ca/parks-recreation/parks-trails-gardens/parks-outdoor-spaces/leash-dog-parks,reviewedOn,,,,needs-content-expansion | needs-human-review,not-started,not-started,not-started,not-started,not-started
T3-standard-expansion,park-profile,rights-gated-park-photo-or-independent-original,queued,dog-parks,Dog Parks,Pocket Designated Off-Leash Area,/dog-parks/pocket-designated-off-leash-area/,https://leashfree.ca/dog-parks/pocket-designated-off-leash-area/,Ontario,Toronto,77,95,135,180,true,408,false,https://www.toronto.ca/explore-enjoy/parks-recreation/places-spaces/parks-and-recreation-facilities/,reviewedOn,,,,needs-content-expansion | needs-human-review,not-started,not-started,not-started,not-started,not-started
T3-standard-expansion,park-profile,rights-gated-park-photo-or-independent-original,queued,dog-parks,Dog Parks,Sandy Lake Park,/dog-parks/sandy-lake-park/,https://leashfree.ca/dog-parks/sandy-lake-park/,NS,Bedford,77,95,135,180,true,319,false,https://www.halifax.ca/parks-recreation/parks-trails-gardens/parks-outdoor-spaces/leash-dog-parks,reviewedOn,,,,needs-content-expansion | needs-human-review,not-started,not-started,not-started,not-started,not-started
T3-standard-expansion,park-profile,rights-gated-park-photo-or-independent-original,queued,dog-parks,Dog Parks,Stoney Creek Off-Leash Area,/dog-parks/stoney-creek-off-leash-area/,https://leashfree.ca/dog-parks/stoney-creek-off-leash-area/,ON,London,77,95,135,180,true,282,false,https://london.ca/living-london/parks-facilities/parks/leash-dog-parks,reviewedOn,,,,needs-content-expansion | needs-human-review,not-started,not-started,not-started,not-started,not-started
T3-standard-expansion,park-profile,rights-gated-park-photo-or-independent-original,queued,dog-parks,Dog Parks,Don Bayer Park,/dog-parks/don-bayer-park/,https://leashfree.ca/dog-parks/don-bayer-park/,NS,Dartmouth,77,95,137,180,true,319,false,https://www.halifax.ca/parks-recreation/parks-trails-gardens/parks-outdoor-spaces/leash-dog-parks,reviewedOn,,,,needs-content-expansion | needs-human-review,not-started,not-started,not-started,not-started,not-started
T3-standard-expansion,park-profile,rights-gated-park-photo-or-independent-original,queued,dog-parks,Dog Parks,Irving Big Stop Bark Park,/dog-parks/irving-big-stop-bark-park/,https://leashfree.ca/dog-parks/irving-big-stop-bark-park/,NS,Various,77,95,137,180,true,319,false,https://www.bringfido.com/attraction/parks/state/nova_scotia/,reviewedOn,,,,needs-content-expansion | needs-human-review,not-started,not-started,not-started,not-started,not-started
T3-standard-expansion,park-profile,rights-gated-park-photo-or-independent-original,queued,dog-parks,Dog Parks,Withrow Park,/dog-parks/withrow-park/,https://leashfree.ca/dog-parks/withrow-park/,Ontario,Toronto,77,95,138,180,true,408,false,https://www.toronto.ca/explore-enjoy/parks-recreation/places-spaces/parks-and-recreation-facilities/location/?id=306,reviewedOn,,,,needs-content-expansion | needs-human-review,not-started,not-started,not-started,not-started,not-started
T3-standard-expansion,park-profile,rights-gated-park-photo-or-independent-original,queued,dog-parks,Dog Parks,Pottersburg-FIDO Off-Leash Dog Area,/dog-parks/pottersburg-fido-off-leash-dog-area/,https://leashfree.ca/dog-parks/pottersburg-fido-off-leash-dog-area/,ON,London,77,95,140,180,true,285,false,https://london.ca/living-london/parks-facilities/parks/leash-dog-parks,reviewedOn,,,,needs-content-expansion | needs-human-review,not-started,not-started,not-started,not-started,not-started
T3-standard-expansion,park-profile,rights-gated-park-photo-or-independent-original,queued,dog-parks,Dog Parks,Halifax Common,/dog-parks/halifax-common/,https://leashfree.ca/dog-parks/halifax-common/,NS,Halifax,77,95,141,180,true,319,false,https://www.halifax.ca/parks-recreation/parks-trails-gardens/parks-outdoor-spaces/leash-dog-parks,reviewedOn,,,,needs-content-expansion | needs-human-review,not-started,not-started,not-started,not-started,not-started
T3-standard-expansion,park-profile,rights-gated-park-photo-or-independent-original,queued,dog-parks,Dog Parks,Riverside Park,/dog-parks/riverside-park-guelph/,https://leashfree.ca/dog-parks/riverside-park-guelph/,Ontario,Guelph,77,95,141,180,true,393,false,https://guelph.ca/living/recreation/parks/riverside-park/,reviewedOn,,,,needs-content-expansion | needs-human-review,not-started,not-started,not-started,not-started,not-started
T3-standard-expansion,park-profile,rights-gated-park-photo-or-independent-original,queued,dog-parks,Dog Parks,Roth Park,/dog-parks/roth-park/,https://leashfree.ca/dog-parks/roth-park/,Ontario,Woodstock,77,95,142,180,true,393,false,https://www.cityofwoodstock.ca/en/live-and-play/dog-parks.aspx,reviewedOn,,,,needs-content-expansion | needs-human-review,not-started,not-started,not-started,not-started,not-started
T3-standard-expansion,park-profile,rights-gated-park-photo-or-independent-original,queued,dog-parks,Dog Parks,Thomson Memorial Park,/dog-parks/thomson-memorial-park/,https://leashfree.ca/dog-parks/thomson-memorial-park/,Ontario,Toronto,77,95,143,180,true,408,false,https://www.toronto.ca/explore-enjoy/parks-recreation/places-spaces/parks-and-recreation-facilities/location/?id=543,reviewedOn,,,,needs-content-expansion | needs-human-review,not-started,not-started,not-started,not-started,not-started
T3-standard-expansion,park-profile,rights-gated-park-photo-or-independent-original,queued,dog-parks,Dog Parks,Caesar’s Off-Leash Area,/dog-parks/caesars-off-leash-area/,https://leashfree.ca/dog-parks/caesars-off-leash-area/,ON,London,77,95,144,180,true,285,false,https://london.ca/living-london/parks-facilities/parks/leash-dog-parks,reviewedOn,,,,needs-content-expansion | needs-human-review,not-started,not-started,not-started,not-started,not-started
T3-standard-expansion,park-profile,rights-gated-park-photo-or-independent-original,queued,dog-parks,Dog Parks,Margaret Greene Park,/dog-parks/margaret-greene-park/,https://leashfree.ca/dog-parks/margaret-greene-park/,Ontario,Guelph,77,95,144,180,true,393,false,https://guelph.ca/living/recreation/parks/leash-free-zones-for-dogs/,reviewedOn,,,,needs-content-expansion | needs-human-review,not-started,not-started,not-started,not-started,not-started
T3-standard-expansion,park-profile,rights-gated-park-photo-or-independent-original,queued,dog-parks,Dog Parks,Parc canin de la Pente-Douce,/dog-parks/parc-canin-de-la-pente-douce/,https://leashfree.ca/dog-parks/parc-canin-de-la-pente-douce/,Quebec,Quebec City,77,95,145,180,true,369,false,https://www.bringfido.com/attraction/25950,reviewedOn,,,,needs-content-expansion | needs-human-review,not-started,not-started,not-started,not-started,not-started
T3-standard-expansion,park-profile,rights-gated-park-photo-or-independent-original,queued,dog-parks,Dog Parks,Fort Needham Memorial Park,/dog-parks/fort-needham-memorial-park/,https://leashfree.ca/dog-parks/fort-needham-memorial-park/,NS,Halifax,77,95,146,180,true,319,false,https://www.halifax.ca/parks-recreation/parks-trails-gardens/parks-outdoor-spaces/leash-dog-parks,reviewedOn,,,,needs-content-expansion | needs-human-review,not-started,not-started,not-started,not-started,not-started
T3-standard-expansion,park-profile,rights-gated-park-photo-or-independent-original,queued,dog-parks,Dog Parks,Norwood Park,/dog-parks/norwood-park/,https://leashfree.ca/dog-parks/norwood-park/,Ontario,Toronto,77,95,147,180,true,408,false,https://www.toronto.ca/explore-enjoy/parks-recreation/places-spaces/parks-and-recreation-facilities/location/?id=228,reviewedOn,,,,needs-content-expansion | needs-human-review,not-started,not-started,not-started,not-started,not-started
T3-standard-expansion,park-profile,rights-gated-park-photo-or-independent-original,queued,dog-parks,Dog Parks,Oakcrest Parkette,/dog-parks/oakcrest-parkette/,https://leashfree.ca/dog-parks/oakcrest-parkette/,Ontario,Toronto,77,95,147,180,true,408,false,https://www.toronto.ca/explore-enjoy/parks-recreation/places-spaces/parks-and-recreation-facilities/location/?id=236,reviewedOn,,,,needs-content-expansion | needs-human-review,not-started,not-started,not-started,not-started,not-started
T3-standard-expansion,park-profile,rights-gated-park-photo-or-independent-original,queued,dog-parks,Dog Parks,Base Plein-Air de Sainte-Foy Dog Park,/dog-parks/base-plein-air-de-sainte-foy-dog-park/,https://leashfree.ca/dog-parks/base-plein-air-de-sainte-foy-dog-park/,Quebec,Quebec City,77,95,148,180,true,369,false,https://www.bringfido.com/attraction/25952,reviewedOn,,,,needs-content-expansion | needs-human-review,not-started,not-started,not-started,not-started,not-started
T3-standard-expansion,park-profile,rights-gated-park-photo-or-independent-original,queued,dog-parks,Dog Parks,Conrose Park,/dog-parks/conrose-park/,https://leashfree.ca/dog-parks/conrose-park/,NS,Halifax,77,95,149,180,true,319,false,https://www.halifax.ca/parks-recreation/parks-trails-gardens/parks-outdoor-spaces/leash-dog-parks,reviewedOn,,,,needs-content-expansion | needs-human-review,not-started,not-started,not-started,not-started,not-started
T3-standard-expansion,park-profile,rights-gated-park-photo-or-independent-original,queued,dog-parks,Dog Parks,Gerrard - Carlaw Parkette,/dog-parks/gerrard-carlaw-parkette/,https://leashfree.ca/dog-parks/gerrard-carlaw-parkette/,Ontario,Toronto,77,95,149,180,true,408,false,https://www.toronto.ca/explore-enjoy/parks-recreation/places-spaces/parks-and-recreation-facilities/location/?id=50,reviewedOn,,,,needs-content-expansion | needs-human-review,not-started,not-started,not-started,not-started,not-started
T3-standard-expansion,park-profile,rights-gated-park-photo-or-independent-original,queued,dog-parks,Dog Parks,Peter Misersky Park,/dog-parks/peter-misersky-park/,https://leashfree.ca/dog-parks/peter-misersky-park/,Ontario,Guelph,77,95,149,180,true,393,false,https://guelph.ca/living/recreation/parks/leash-free-zones-for-dogs/,reviewedOn,,,,needs-content-expansion | needs-human-review,not-started,not-started,not-started,not-started,not-started
T3-standard-expansion,park-profile,rights-gated-park-photo-or-independent-original,queued,dog-parks,Dog Parks,Kortright Hills Park,/dog-parks/kortright-hills-park/,https://leashfree.ca/dog-parks/kortright-hills-park/,Ontario,Guelph,77,95,150,180,true,393,false,https://guelph.ca/living/recreation/parks/leash-free-zones-for-dogs/,reviewedOn,,,,needs-content-expansion | needs-human-review,not-started,not-started,not-started,not-started,not-started
T3-standard-expansion,park-profile,rights-gated-park-photo-or-independent-original,queued,dog-parks,Dog Parks,Point Pleasant Park,/dog-parks/point-pleasant-park/,https://leashfree.ca/dog-parks/point-pleasant-park/,NS,Halifax,77,95,150,180,true,319,false,https://www.halifax.ca/parks-recreation/parks-trails-gardens/parks-outdoor-spaces/point-pleasant-park,reviewedOn,,,,needs-content-expansion | needs-human-review,not-started,not-started,not-started,not-started,not-started
T3-standard-expansion,park-profile,rights-gated-park-photo-or-independent-original,queued,dog-parks,Dog Parks,Scarborough Heights Park,/dog-parks/scarborough-heights-park/,https://leashfree.ca/dog-parks/scarborough-heights-park/,Ontario,Toronto,77,95,150,180,true,408,false,https://www.toronto.ca/explore-enjoy/parks-recreation/places-spaces/parks-and-recreation-facilities/location/?id=1100,reviewedOn,,,,needs-content-expansion | needs-human-review,not-started,not-started,not-started,not-started,not-started
T3-standard-expansion,park-profile,rights-gated-park-photo-or-independent-original,queued,dog-parks,Dog Parks,Sandy Bruce Park,/dog-parks/sandy-bruce-park/,https://leashfree.ca/dog-parks/sandy-bruce-park/,Ontario,Toronto,77,95,151,180,true,408,false,https://www.toronto.ca/explore-enjoy/parks-recreation/places-spaces/parks-and-recreation-facilities/location/?id=439,reviewedOn,,,,needs-content-expansion | needs-human-review,not-started,not-started,not-started,not-started,not-started
T3-standard-expansion,park-profile,rights-gated-park-photo-or-independent-original,queued,dog-parks,Dog Parks,Cowan Sportsplex,/dog-parks/cowan-sportsplex-dog-park/,https://leashfree.ca/dog-parks/cowan-sportsplex-dog-park/,Ontario,Woodstock,77,95,152,180,true,393,false,https://www.cityofwoodstock.ca/en/live-and-play/dog-parks.aspx,reviewedOn,,,,needs-content-expansion | needs-human-review,not-started,not-started,not-started,not-started,not-started
T3-standard-expansion,park-profile,rights-gated-park-photo-or-independent-original,queued,dog-parks,Dog Parks,Merrill Bridge Road Park,/dog-parks/merrill-bridge-road-park/,https://leashfree.ca/dog-parks/merrill-bridge-road-park/,Ontario,Toronto,77,95,152,180,true,408,false,https://www.toronto.ca/explore-enjoy/parks-recreation/places-spaces/parks-and-recreation-facilities/location/?id=134,reviewedOn,,,,needs-content-expansion | needs-human-review,not-started,not-started,not-started,not-started,not-started
T3-standard-expansion,park-profile,rights-gated-park-photo-or-independent-original,queued,dog-parks,Dog Parks,Sherwood Park,/dog-parks/sherwood-park/,https://leashfree.ca/dog-parks/sherwood-park/,Ontario,Toronto,77,95,152,180,true,408,false,https://www.toronto.ca/explore-enjoy/parks-recreation/places-spaces/parks-and-recreation-facilities/location/?id=149,reviewedOn,,,,needs-content-expansion | needs-human-review,not-started,not-started,not-started,not-started,not-started
T3-standard-expansion,park-profile,rights-gated-park-photo-or-independent-original,queued,dog-parks,Dog Parks,Shubie Park,/dog-parks/shubie-park/,https://leashfree.ca/dog-parks/shubie-park/,NS,Dartmouth,77,95,152,180,true,319,false,https://www.halifax.ca/parks-recreation/parks-trails-gardens/parks-outdoor-spaces/leash-dog-parks,reviewedOn,,,,needs-content-expansion | needs-human-review,not-started,not-started,not-started,not-started,not-started
T3-standard-expansion,park-profile,rights-gated-park-photo-or-independent-original,queued,dog-parks,Dog Parks,Greenwood Park,/dog-parks/greenwood-park/,https://leashfree.ca/dog-parks/greenwood-park/,Ontario,Toronto,77,95,153,180,true,370,false,https://www.toronto.ca/explore-enjoy/parks-recreation/places-spaces/parks-and-recreation-facilities/location/?id=70,reviewedOn,,,,needs-content-expansion | needs-human-review,not-started,not-started,not-started,not-started,not-started
T3-standard-expansion,park-profile,rights-gated-park-photo-or-independent-original,queued,dog-parks,Dog Parks,Joe Veroni Park,/dog-parks/joe-veroni-park/,https://leashfree.ca/dog-parks/joe-veroni-park/,Ontario,Guelph,77,95,153,180,true,393,false,https://guelph.ca/living/recreation/parks/leash-free-zones-for-dogs/,reviewedOn,,,,needs-content-expansion | needs-human-review,not-started,not-started,not-started,not-started,not-started
T3-standard-expansion,park-profile,rights-gated-park-photo-or-independent-original,queued,dog-parks,Dog Parks,Truro-Bible Hill Off-Leash Dog Park,/dog-parks/truro-bible-hill-off-leash-dog-park/,https://leashfree.ca/dog-parks/truro-bible-hill-off-leash-dog-park/,NS,Truro,77,95,154,180,true,319,false,https://www.biblehill.ca/truro-bible-hill-off-leash-dog-park,reviewedOn,,,,needs-content-expansion | needs-human-review,not-started,not-started,not-started,not-started,not-started
T3-standard-expansion,park-profile,rights-gated-park-photo-or-independent-original,queued,dog-parks,Dog Parks,Wildwood Crescent Playground,/dog-parks/wildwood-crescent-playground/,https://leashfree.ca/dog-parks/wildwood-crescent-playground/,Ontario,Toronto,77,95,154,180,true,408,false,https://www.toronto.ca/explore-enjoy/parks-recreation/places-spaces/parks-and-recreation-facilities/location/?id=288,reviewedOn,,,,needs-content-expansion | needs-human-review,not-started,not-started,not-started,not-started,not-started
T3-standard-expansion,park-profile,rights-gated-park-photo-or-independent-original,queued,dog-parks,Dog Parks,Stan Wadlow Park,/dog-parks/stan-wadlow-park/,https://leashfree.ca/dog-parks/stan-wadlow-park/,Ontario,Toronto,77,95,156,180,true,409,false,https://www.toronto.ca/explore-enjoy/parks-recreation/places-spaces/parks-and-recreation-facilities/location/?id=421,reviewedOn,,,,needs-content-expansion | needs-human-review,not-started,not-started,not-started,not-started,not-started
T3-standard-expansion,park-profile,rights-gated-park-photo-or-independent-original,queued,dog-parks,Dog Parks,Warden Woods,/dog-parks/warden-woods/,https://leashfree.ca/dog-parks/warden-woods/,Ontario,Toronto,77,95,156,180,true,408,false,https://www.toronto.ca/explore-enjoy/parks-recreation/places-spaces/parks-and-recreation-facilities/location/?id=441,reviewedOn,,,,needs-content-expansion | needs-human-review,not-started,not-started,not-started,not-started,not-started
T3-standard-expansion,park-profile,rights-gated-park-photo-or-independent-original,queued,dog-parks,Dog Parks,Campbell Memorial Park Dog Off-Leash Area,/dog-parks/campbell-memorial-park-dog-off-leash-area/,https://leashfree.ca/dog-parks/campbell-memorial-park-dog-off-leash-area/,ON,London,77,95,157,180,true,285,false,https://london.ca/living-london/parks-facilities/parks/leash-dog-parks,reviewedOn,,,,needs-content-expansion | needs-human-review,not-started,not-started,not-started,not-started,not-started
T3-standard-expansion,park-profile,rights-gated-park-photo-or-independent-original,queued,dog-parks,Dog Parks,Mainland Common Dedicated Off-Leash Park,/dog-parks/mainland-common-dedicated-off-leash-park/,https://leashfree.ca/dog-parks/mainland-common-dedicated-off-leash-park/,NS,Halifax,77,95,158,180,true,319,false,https://www.halifax.ca/parks-recreation/parks-trails-gardens/parks-outdoor-spaces/leash-dog-parks,reviewedOn,,,,needs-content-expansion | needs-human-review,not-started,not-started,not-started,not-started,not-started
T3-standard-expansion,park-profile,rights-gated-park-photo-or-independent-original,queued,dog-parks,Dog Parks,South Shore Vet Dog Zone,/dog-parks/south-shore-vet-dog-zone/,https://leashfree.ca/dog-parks/south-shore-vet-dog-zone/,NS,Bridgewater,77,95,158,180,true,319,false,https://www.bridgewater.ca/facilities/parks-and-trails/south-shore-vet-dog-zone,reviewedOn,,,,needs-content-expansion | needs-human-review,not-started,not-started,not-started,not-started,not-started
T3-standard-expansion,park-profile,rights-gated-park-photo-or-independent-original,queued,dog-parks,Dog Parks,Monarch Park,/dog-parks/monarch-park/,https://leashfree.ca/dog-parks/monarch-park/,Ontario,Toronto,77,95,160,180,true,408,false,https://www.toronto.ca/explore-enjoy/parks-recreation/places-spaces/parks-and-recreation-facilities/location/?id=145,reviewedOn,,,,needs-content-expansion | needs-human-review,not-started,not-started,not-started,not-started,not-started
T3-standard-expansion,park-profile,rights-gated-park-photo-or-independent-original,queued,dog-parks,Dog Parks,Coxwell Ravine Park,/dog-parks/coxwell-ravine-park/,https://leashfree.ca/dog-parks/coxwell-ravine-park/,Ontario,Toronto,77,95,162,180,true,409,false,https://www.toronto.ca/explore-enjoy/parks-recreation/places-spaces/parks-and-recreation-facilities/location/?id=2430,reviewedOn,,,,needs-content-expansion | needs-human-review,not-started,not-started,not-started,not-started,not-started
T3-standard-expansion,park-profile,rights-gated-park-photo-or-independent-original,queued,dog-parks,Dog Parks,Linkwood Lane Park,/dog-parks/linkwood-lane-park/,https://leashfree.ca/dog-parks/linkwood-lane-park/,Ontario,Toronto,77,95,163,180,true,409,false,https://www.toronto.ca/explore-enjoy/parks-recreation/places-spaces/parks-and-recreation-facilities/location/?id=2443,reviewedOn,,,,needs-content-expansion | needs-human-review,not-started,not-started,not-started,not-started,not-started
T3-standard-expansion,park-profile,rights-gated-park-photo-or-independent-original,queued,dog-parks,Dog Parks,Paul Coffey Park,/dog-parks/paul-coffey-park/,https://leashfree.ca/dog-parks/paul-coffey-park/,Ontario,Mississauga,77,95,163,180,true,410,false,"https://www.google.com/maps/place/3430+Derry+Rd+E,+Mississauga,+ON+L4T+1A9",reviewedOn,,,,needs-content-expansion | needs-human-review,not-started,not-started,not-started,not-started,not-started
T3-standard-expansion,park-profile,rights-gated-park-photo-or-independent-original,queued,dog-parks,Dog Parks,Carol Disher Park,/dog-parks/carol-disher-park/,https://leashfree.ca/dog-parks/carol-disher-park/,Ontario,St. Catharines,77,95,165,180,true,409,false,https://www.stcatharines.ca/en/recreation-and-leisure/leash-free-dog-parks.aspx,reviewedOn,,,,needs-content-expansion | needs-human-review,not-started,not-started,not-started,not-started,not-started
T3-standard-expansion,park-profile,rights-gated-park-photo-or-independent-original,queued,dog-parks,Dog Parks,Sunnybrook Park,/dog-parks/sunnybrook-park/,https://leashfree.ca/dog-parks/sunnybrook-park/,Ontario,Toronto,77,95,165,180,true,408,false,https://www.toronto.ca/explore-enjoy/parks-recreation/places-spaces/parks-and-recreation-facilities/location/?id=28,reviewedOn,,,,needs-content-expansion | needs-human-review,not-started,not-started,not-started,not-started,not-started
T3-standard-expansion,park-profile,rights-gated-park-photo-or-independent-original,queued,dog-parks,Dog Parks,Henry Street,/dog-parks/henry-street-dog-park/,https://leashfree.ca/dog-parks/henry-street-dog-park/,Ontario,Woodstock,77,95,169,180,true,393,false,https://www.cityofwoodstock.ca/en/live-and-play/dog-parks.aspx,reviewedOn,,,,needs-content-expansion | needs-human-review,not-started,not-started,not-started,not-started,not-started
T3-standard-expansion,park-profile,rights-gated-park-photo-or-independent-original,queued,dog-parks,Dog Parks,Cassels Avenue Playground,/dog-parks/cassels-avenue-playground/,https://leashfree.ca/dog-parks/cassels-avenue-playground/,Ontario,Toronto,77,95,170,180,true,408,false,https://www.toronto.ca/explore-enjoy/parks-recreation/places-spaces/parks-and-recreation-facilities/location/?id=157,reviewedOn,,,,needs-content-expansion | needs-human-review,not-started,not-started,not-started,not-started,not-started
T3-standard-expansion,park-profile,rights-gated-park-photo-or-independent-original,queued,dog-parks,Dog Parks,Lakeside Park,/dog-parks/lakeside-park/,https://leashfree.ca/dog-parks/lakeside-park/,Ontario,Mississauga,77,95,170,180,true,410,false,https://leashfreemississauga.ca/?park=lakeside,reviewedOn,,,,needs-content-expansion | needs-human-review,not-started,not-started,not-started,not-started,not-started
T3-standard-expansion,park-profile,rights-gated-park-photo-or-independent-original,queued,dog-parks,Dog Parks,Parkway Belt Park,/dog-parks/parkway-belt-dog-park/,https://leashfree.ca/dog-parks/parkway-belt-dog-park/,Ontario,Mississauga,77,95,170,180,true,410,false,"https://www.google.com/maps/place/Parkway+Belt+Dog+Park/@43.6208827,-79.6786871,13z/data=!4m10!1m2!2m1!1sPaul+Coffey+Park+dog+park!3m6!1s0x882b4750ab949c8d:0x5f3129c8d8a9d454!8m2!3d43.6208165!4d-79.6400626!15sChlQYXVsIENvZmZleSBQYXJrIGRvZyBwYXJrWhsiGXBhdWwgY29mZmV5IHBhcmsgZG9nIHBhcmuSAQhkb2dfcGFya5oBI0NoWkRTVWhOTUc5blMwVkpRMEZuU1VRMmJVazNNa2QzRUFFqgFsCgkvbS8wYnQ5bHIQASodIhlwYXVsIGNvZmZleSBwYXJrIGRvZyBwYXJrKAAyHxABIhtpUFbEl-14eGJ2aMj3h-byry2FkezoxYuKS2EyHRACIhlwYXVsIGNvZmZleSBwYXJrIGRvZyBwYXJr4AEA-gEECAAQOw!16s%2Fg%2F11b69r7fdg?entry=ttu&g_ep=EgoyMDI1MDYwMi4wIKXMDSoASAFQAw%3D%3D",reviewedOn,,,,needs-content-expansion | needs-human-review,not-started,not-started,not-started,not-started,not-started
T3-standard-expansion,park-profile,rights-gated-park-photo-or-independent-original,queued,dog-parks,Dog Parks,Don Valley Brick Works,/dog-parks/don-valley-brick-works/,https://leashfree.ca/dog-parks/don-valley-brick-works/,Ontario,Toronto,77,95,174,180,true,408,false,https://www.toronto.ca/explore-enjoy/parks-recreation/places-spaces/parks-and-recreation-facilities/location/?id=1449,reviewedOn,,,,needs-content-expansion | needs-human-review,not-started,not-started,not-started,not-started,not-started
T3-standard-expansion,park-profile,rights-gated-park-photo-or-independent-original,queued,dog-parks,Dog Parks,Burgoyne Woods Leash-Free Dog Park,/dog-parks/burgoyne-woods-park/,https://leashfree.ca/dog-parks/burgoyne-woods-park/,Ontario,St. Catharines,77,95,175,180,true,409,false,https://www.stcatharines.ca/en/recreation-and-leisure/leash-free-dog-parks.aspx,reviewedOn,,,,needs-content-expansion | needs-human-review,not-started,not-started,not-started,not-started,not-started
T3-standard-expansion,park-profile,rights-gated-park-photo-or-independent-original,queued,dog-parks,Dog Parks,Centennial Park,/dog-parks/centennial-park-mission/,https://leashfree.ca/dog-parks/centennial-park-mission/,British Columbia,Mission,58,79,118,180,false,3,false,https://www.mission.ca/parks-recreation/parks-trails/centennial-park,latitude | longitude | rules | reviewedOn,,,,needs-content-expansion | needs-human-review,not-started,not-started,not-started,not-started,not-started
T3-standard-expansion,city-guide,original-location-context,queued,dog-park-locations,City Pages,Mission,/dog-parks/mission/,https://leashfree.ca/dog-parks/mission/,British Columbia,,51,91,410,450,false,3,false,https://www.mission.ca/parks-recreation/parks-trails/centennial-park,reviewedOn,,,,needs-content-expansion | needs-human-review,not-started,not-started,not-started,not-started,not-started
T3-standard-expansion,general-page,original-editorial-image,queued,blog,Blog Posts,Best Dog Leashes for Hiking in Canada: Tested on Trails,/blog/best-dog-leashes-for-hiking-in-canada/,https://leashfree.ca/blog/best-dog-leashes-for-hiking-in-canada/,,,35,100,678,700,false,260,false,,,,,,needs-content-expansion,not-started,not-started,not-started,not-started,not-started
T3-standard-expansion,general-page,original-editorial-image,queued,dog-breeds,Breed Groups,Hybrid,/dog-breeds/group/hybrid-designer-mixes/,https://leashfree.ca/dog-breeds/group/hybrid-designer-mixes/,,,33,100,101,600,false,281,false,,,,,,needs-content-expansion,not-started,not-started,not-started,not-started,not-started
T3-standard-expansion,general-page,original-editorial-image,queued,dog-breeds,Breed Groups,Sporting,/dog-breeds/group/sporting-dogs/,https://leashfree.ca/dog-breeds/group/sporting-dogs/,,,33,100,104,600,false,281,false,,,,,,needs-content-expansion,not-started,not-started,not-started,not-started,not-started
T3-standard-expansion,general-page,original-editorial-image,queued,dog-breeds,Breed Groups,Miscellaneous,/dog-breeds/group/miscellaneous/,https://leashfree.ca/dog-breeds/group/miscellaneous/,,,33,100,116,600,false,281,false,,,,,,needs-content-expansion,not-started,not-started,not-started,not-started,not-started
T3-standard-expansion,breed-profile,original-editorial-image,queued,dog-breeds,Dog Breeds,Maltipoo,/dog-breeds/maltipoo/,https://leashfree.ca/dog-breeds/maltipoo/,,,33,100,194,600,false,281,false,,,,,,needs-content-expansion,not-started,not-started,not-started,not-started,not-started
T3-standard-expansion,breed-profile,original-editorial-image,queued,dog-breeds,Dog Breeds,Yorkipoo,/dog-breeds/yorkipoo/,https://leashfree.ca/dog-breeds/yorkipoo/,,,33,100,198,600,false,281,false,,,,,,needs-content-expansion,not-started,not-started,not-started,not-started,not-started
T3-standard-expansion,breed-profile,original-editorial-image,queued,dog-breeds,Dog Breeds,Bordoodle,/dog-breeds/bordoodle/,https://leashfree.ca/dog-breeds/bordoodle/,,,33,100,205,600,false,281,false,,,,,,needs-content-expansion,not-started,not-started,not-started,not-started,not-started
T3-standard-expansion,breed-profile,original-editorial-image,queued,dog-breeds,Dog Breeds,Whoodle,/dog-breeds/whoodle/,https://leashfree.ca/dog-breeds/whoodle/,,,33,100,208,600,false,281,false,,,,,,needs-content-expansion,not-started,not-started,not-started,not-started,not-started
T3-standard-expansion,breed-profile,original-editorial-image,queued,dog-breeds,Dog Breeds,Cockapoo,/dog-breeds/cockapoo/,https://leashfree.ca/dog-breeds/cockapoo/,,,33,100,209,600,false,281,false,,,,,,needs-content-expansion,not-started,not-started,not-started,not-started,not-started
T3-standard-expansion,breed-profile,original-editorial-image,queued,dog-breeds,Dog Breeds,Irish Doodle,/dog-breeds/irish-doodle/,https://leashfree.ca/dog-breeds/irish-doodle/,,,33,100,214,600,false,281,false,,,,,,needs-content-expansion,not-started,not-started,not-started,not-started,not-started
T3-standard-expansion,breed-profile,original-editorial-image,queued,dog-breeds,Dog Breeds,Cavapoo,/dog-breeds/cavapoo/,https://leashfree.ca/dog-breeds/cavapoo/,,,33,100,221,600,false,281,false,,,,,,needs-content-expansion,not-started,not-started,not-started,not-started,not-started
T3-standard-expansion,breed-profile,original-editorial-image,queued,dog-breeds,Dog Breeds,Schnoodle,/dog-breeds/schnoodle/,https://leashfree.ca/dog-breeds/schnoodle/,,,33,100,222,600,false,281,false,,,,,,needs-content-expansion,not-started,not-started,not-started,not-started,not-started
T3-standard-expansion,breed-profile,original-editorial-image,queued,dog-breeds,Dog Breeds,Pyredoodle,/dog-breeds/pyredoodle/,https://leashfree.ca/dog-breeds/pyredoodle/,,,33,100,225,600,false,281,false,,,,,,needs-content-expansion,not-started,not-started,not-started,not-started,not-started
T3-standard-expansion,breed-profile,original-editorial-image,queued,dog-breeds,Dog Breeds,Sheepadoodle,/dog-breeds/sheepadoodle/,https://leashfree.ca/dog-breeds/sheepadoodle/,,,33,100,315,600,false,281,false,,,,,,needs-content-expansion,not-started,not-started,not-started,not-started,not-started
T3-standard-expansion,breed-profile,original-editorial-image,queued,dog-breeds,Dog Breeds,Aussiedoodle,/dog-breeds/aussiedoodle/,https://leashfree.ca/dog-breeds/aussiedoodle/,,,33,100,324,600,false,281,false,,,,,,needs-content-expansion,not-started,not-started,not-started,not-started,not-started
T3-standard-expansion,breed-profile,original-editorial-image,queued,dog-breeds,Dog Breeds,Labradoodle,/dog-breeds/labradoodle/,https://leashfree.ca/dog-breeds/labradoodle/,,,33,100,327,600,false,281,false,,,,,,needs-content-expansion,not-started,not-started,not-started,not-started,not-started
T3-standard-expansion,breed-profile,original-editorial-image,queued,dog-breeds,Dog Breeds,Husky Retriever Mix,/dog-breeds/husky-retriever-mix/,https://leashfree.ca/dog-breeds/husky-retriever-mix/,,,33,100,329,600,false,281,false,,,,,,needs-content-expansion,not-started,not-started,not-started,not-started,not-started
T3-standard-expansion,breed-profile,original-editorial-image,queued,dog-breeds,Dog Breeds,Morkie,/dog-breeds/morkie/,https://leashfree.ca/dog-breeds/morkie/,,,33,100,334,600,false,281,false,,,,,,needs-content-expansion,not-started,not-started,not-started,not-started,not-started
T3-standard-expansion,breed-profile,original-editorial-image,queued,dog-breeds,Dog Breeds,Bernedoodle,/dog-breeds/bernedoodle/,https://leashfree.ca/dog-breeds/bernedoodle/,,,33,100,337,600,false,281,false,,,,,,needs-content-expansion,not-started,not-started,not-started,not-started,not-started
T3-standard-expansion,breed-profile,original-editorial-image,queued,dog-breeds,Dog Breeds,Chiweenie,/dog-breeds/chiweenie/,https://leashfree.ca/dog-breeds/chiweenie/,,,33,100,341,600,false,281,false,,,,,,needs-content-expansion,not-started,not-started,not-started,not-started,not-started
T3-standard-expansion,breed-profile,original-editorial-image,queued,dog-breeds,Dog Breeds,Pomchi,/dog-breeds/pomchi/,https://leashfree.ca/dog-breeds/pomchi/,,,33,100,341,600,false,281,false,,,,,,needs-content-expansion,not-started,not-started,not-started,not-started,not-started
T3-standard-expansion,breed-profile,original-editorial-image,queued,dog-breeds,Dog Breeds,Japanese Terrier,/dog-breeds/japanese-terrier/,https://leashfree.ca/dog-breeds/japanese-terrier/,,,33,100,345,600,false,281,false,,,,,,needs-content-expansion,not-started,not-started,not-started,not-started,not-started
T3-standard-expansion,breed-profile,original-editorial-image,queued,dog-breeds,Dog Breeds,Malshi,/dog-breeds/malshi/,https://leashfree.ca/dog-breeds/malshi/,,,33,100,345,600,false,281,false,,,,,,needs-content-expansion,not-started,not-started,not-started,not-started,not-started
T3-standard-expansion,breed-profile,original-editorial-image,queued,dog-breeds,Dog Breeds,Large Munsterlander,/dog-breeds/large-munsterlander/,https://leashfree.ca/dog-breeds/large-munsterlander/,,,33,100,348,600,false,281,false,,,,,,needs-content-expansion,not-started,not-started,not-started,not-started,not-started
T3-standard-expansion,breed-profile,original-editorial-image,queued,dog-breeds,Dog Breeds,Manchester Terrier,/dog-breeds/manchester-terrier/,https://leashfree.ca/dog-breeds/manchester-terrier/,,,33,100,348,600,false,281,false,,,,,,needs-content-expansion,not-started,not-started,not-started,not-started,not-started
T3-standard-expansion,breed-profile,original-editorial-image,queued,dog-breeds,Dog Breeds,Shih-poo,/dog-breeds/shih-poo/,https://leashfree.ca/dog-breeds/shih-poo/,,,33,100,348,600,false,281,false,,,,,,needs-content-expansion,not-started,not-started,not-started,not-started,not-started
T3-standard-expansion,breed-profile,original-editorial-image,queued,dog-breeds,Dog Breeds,Boerboel,/dog-breeds/boerboel/,https://leashfree.ca/dog-breeds/boerboel/,,,33,100,349,600,false,281,false,,,,,,needs-content-expansion,not-started,not-started,not-started,not-started,not-started
T3-standard-expansion,breed-profile,original-editorial-image,queued,dog-breeds,Dog Breeds,Belgian Tervuren,/dog-breeds/belgian-tervuren/,https://leashfree.ca/dog-breeds/belgian-tervuren/,,,33,100,352,600,false,257,false,,,,,,needs-content-expansion,not-started,not-started,not-started,not-started,not-started
T3-standard-expansion,breed-profile,original-editorial-image,queued,dog-breeds,Dog Breeds,Bugg (Pugston),/dog-breeds/bugg-pugston/,https://leashfree.ca/dog-breeds/bugg-pugston/,,,33,100,352,600,false,281,false,,,,,,needs-content-expansion,not-started,not-started,not-started,not-started,not-started
T3-standard-expansion,breed-profile,original-editorial-image,queued,dog-breeds,Dog Breeds,Irish Water Spaniel,/dog-breeds/irish-water-spaniel/,https://leashfree.ca/dog-breeds/irish-water-spaniel/,,,33,100,352,600,false,281,false,,,,,,needs-content-expansion,not-started,not-started,not-started,not-started,not-started
T3-standard-expansion,breed-profile,original-editorial-image,queued,dog-breeds,Dog Breeds,Keeshond,/dog-breeds/keeshond/,https://leashfree.ca/dog-breeds/keeshond/,,,33,100,355,600,false,281,false,,,,,,needs-content-expansion,not-started,not-started,not-started,not-started,not-started
T3-standard-expansion,breed-profile,original-editorial-image,queued,dog-breeds,Dog Breeds,Pyrador,/dog-breeds/pyrador/,https://leashfree.ca/dog-breeds/pyrador/,,,33,100,355,600,false,281,false,,,,,,needs-content-expansion,not-started,not-started,not-started,not-started,not-started
T3-standard-expansion,breed-profile,original-editorial-image,queued,dog-breeds,Dog Breeds,Border Terrier,/dog-breeds/border-terrier/,https://leashfree.ca/dog-breeds/border-terrier/,,,33,100,358,600,false,281,false,,,,,,needs-content-expansion,not-started,not-started,not-started,not-started,not-started
T3-standard-expansion,breed-profile,original-editorial-image,queued,dog-breeds,Dog Breeds,Lapponian Herder,/dog-breeds/lapponian-herder/,https://leashfree.ca/dog-breeds/lapponian-herder/,,,33,100,360,600,false,281,false,,,,,,needs-content-expansion,not-started,not-started,not-started,not-started,not-started
T3-standard-expansion,breed-profile,original-editorial-image,queued,dog-breeds,Dog Breeds,Northern/Arctic Landrace Mix,/dog-breeds/northern-arctic-mix/,https://leashfree.ca/dog-breeds/northern-arctic-mix/,,,33,100,361,600,false,281,false,,,,,,needs-content-expansion,not-started,not-started,not-started,not-started,not-started
T3-standard-expansion,breed-profile,original-editorial-image,queued,dog-breeds,Dog Breeds,Zuchon (Teddy Bear),/dog-breeds/zuchon-teddy-bear/,https://leashfree.ca/dog-breeds/zuchon-teddy-bear/,,,33,100,361,600,false,281,false,,,,,,needs-content-expansion,not-started,not-started,not-started,not-started,not-started
T3-standard-expansion,breed-profile,original-editorial-image,queued,dog-breeds,Dog Breeds,Aussiedor,/dog-breeds/aussiedor/,https://leashfree.ca/dog-breeds/aussiedor/,,,33,100,363,600,false,281,false,,,,,,needs-content-expansion,not-started,not-started,not-started,not-started,not-started
T3-standard-expansion,breed-profile,original-editorial-image,queued,dog-breeds,Dog Breeds,Korean Jindo Dog,/dog-breeds/korean-jindo-dog/,https://leashfree.ca/dog-breeds/korean-jindo-dog/,,,33,100,366,600,false,281,false,,,,,,needs-content-expansion,not-started,not-started,not-started,not-started,not-started
T3-standard-expansion,breed-profile,original-editorial-image,queued,dog-breeds,Dog Breeds,Lakeland Terrier,/dog-breeds/lakeland-terrier/,https://leashfree.ca/dog-breeds/lakeland-terrier/,,,33,100,366,600,false,281,false,,,,,,needs-content-expansion,not-started,not-started,not-started,not-started,not-started
T3-standard-expansion,breed-profile,original-editorial-image,queued,dog-breeds,Dog Breeds,Borzoi,/dog-breeds/borzoi/,https://leashfree.ca/dog-breeds/borzoi/,,,33,100,367,600,false,281,false,,,,,,needs-content-expansion,not-started,not-started,not-started,not-started,not-started
T3-standard-expansion,breed-profile,original-editorial-image,queued,dog-breeds,Dog Breeds,Kai Ken,/dog-breeds/kai-ken/,https://leashfree.ca/dog-breeds/kai-ken/,,,33,100,367,600,false,281,false,,,,,,needs-content-expansion,not-started,not-started,not-started,not-started,not-started
T3-standard-expansion,breed-profile,original-editorial-image,queued,dog-breeds,Dog Breeds,Lagotto Romagnolo,/dog-breeds/lagotto-romagnolo/,https://leashfree.ca/dog-breeds/lagotto-romagnolo/,,,33,100,367,600,false,281,false,,,,,,needs-content-expansion,not-started,not-started,not-started,not-started,not-started
T3-standard-expansion,breed-profile,original-editorial-image,queued,dog-breeds,Dog Breeds,Husky Collie Mix,/dog-breeds/husky-collie-mix/,https://leashfree.ca/dog-breeds/husky-collie-mix/,,,33,100,368,600,false,281,false,,,,,,needs-content-expansion,not-started,not-started,not-started,not-started,not-started
T3-standard-expansion,breed-profile,original-editorial-image,queued,dog-breeds,Dog Breeds,Japanese Spitz,/dog-breeds/japanese-spitz/,https://leashfree.ca/dog-breeds/japanese-spitz/,,,33,100,369,600,false,281,false,,,,,,needs-content-expansion,not-started,not-started,not-started,not-started,not-started
T3-standard-expansion,breed-profile,original-editorial-image,queued,dog-breeds,Dog Breeds,Belgian Sheepdog,/dog-breeds/belgian-sheepdog/,https://leashfree.ca/dog-breeds/belgian-sheepdog/,,,33,100,370,600,false,281,false,,,,,,needs-content-expansion,not-started,not-started,not-started,not-started,not-started
T3-standard-expansion,breed-profile,original-editorial-image,queued,dog-breeds,Dog Breeds,Bluetick Coonhound,/dog-breeds/bluetick-coonhound/,https://leashfree.ca/dog-breeds/bluetick-coonhound/,,,33,100,370,600,false,281,false,,,,,,needs-content-expansion,not-started,not-started,not-started,not-started,not-started
T3-standard-expansion,breed-profile,original-editorial-image,queued,dog-breeds,Dog Breeds,Karelian Bear Dog,/dog-breeds/karelian-bear-dog/,https://leashfree.ca/dog-breeds/karelian-bear-dog/,,,33,100,370,600,false,281,false,,,,,,needs-content-expansion,not-started,not-started,not-started,not-started,not-started
T3-standard-expansion,breed-profile,original-editorial-image,queued,dog-breeds,Dog Breeds,Kuvasz,/dog-breeds/kuvasz/,https://leashfree.ca/dog-breeds/kuvasz/,,,33,100,370,600,false,281,false,,,,,,needs-content-expansion,not-started,not-started,not-started,not-started,not-started
T3-standard-expansion,breed-profile,original-editorial-image,queued,dog-breeds,Dog Breeds,Lancashire Heeler,/dog-breeds/lancashire-heeler/,https://leashfree.ca/dog-breeds/lancashire-heeler/,,,33,100,370,600,false,281,false,,,,,,needs-content-expansion,not-started,not-started,not-started,not-started,not-started
T3-standard-expansion,breed-profile,original-editorial-image,queued,dog-breeds,Dog Breeds,Harrier,/dog-breeds/harrier/,https://leashfree.ca/dog-breeds/harrier/,,,33,100,371,600,false,281,false,,,,,,needs-content-expansion,not-started,not-started,not-started,not-started,not-started
T3-standard-expansion,breed-profile,original-editorial-image,queued,dog-breeds,Dog Breeds,King Shepherd,/dog-breeds/king-shepherd/,https://leashfree.ca/dog-breeds/king-shepherd/,,,33,100,373,600,false,281,false,,,,,,needs-content-expansion,not-started,not-started,not-started,not-started,not-started
T3-standard-expansion,breed-profile,original-editorial-image,queued,dog-breeds,Dog Breeds,Labsky,/dog-breeds/labsky/,https://leashfree.ca/dog-breeds/labsky/,,,33,100,373,600,false,281,false,,,,,,needs-content-expansion,not-started,not-started,not-started,not-started,not-started
T3-standard-expansion,breed-profile,original-editorial-image,queued,dog-breeds,Dog Breeds,Jindo,/dog-breeds/jindo/,https://leashfree.ca/dog-breeds/jindo/,,,33,100,376,600,false,281,false,,,,,,needs-content-expansion,not-started,not-started,not-started,not-started,not-started
T3-standard-expansion,breed-profile,original-editorial-image,queued,dog-breeds,Dog Breeds,Boston Terrier,/dog-breeds/boston-terrier/,https://leashfree.ca/dog-breeds/boston-terrier/,,,33,100,377,600,false,280,false,,,,,,needs-content-expansion,not-started,not-started,not-started,not-started,not-started
T3-standard-expansion,breed-profile,original-editorial-image,queued,dog-breeds,Dog Breeds,Komondor,/dog-breeds/komondor/,https://leashfree.ca/dog-breeds/komondor/,,,33,100,377,600,false,281,false,,,,,,needs-content-expansion,not-started,not-started,not-started,not-started,not-started
T3-standard-expansion,breed-profile,original-editorial-image,queued,dog-breeds,Dog Breeds,Hamiltonstovare,/dog-breeds/hamiltonstovare/,https://leashfree.ca/dog-breeds/hamiltonstovare/,,,33,100,380,600,false,281,false,,,,,,needs-content-expansion,not-started,not-started,not-started,not-started,not-started
T3-standard-expansion,breed-profile,original-editorial-image,queued,dog-breeds,Dog Breeds,Goldendoodle,/dog-breeds/goldendoodle/,https://leashfree.ca/dog-breeds/goldendoodle/,,,33,100,382,600,false,281,false,,,,,,needs-content-expansion,not-started,not-started,not-started,not-started,not-started
T3-standard-expansion,breed-profile,original-editorial-image,queued,dog-breeds,Dog Breeds,Irish Red and White Setter,/dog-breeds/irish-red-and-white-setter/,https://leashfree.ca/dog-breeds/irish-red-and-white-setter/,,,33,100,383,600,false,281,false,,,,,,needs-content-expansion,not-started,not-started,not-started,not-started,not-started
T3-standard-expansion,breed-profile,original-editorial-image,queued,dog-breeds,Dog Breeds,Kooikerhondje,/dog-breeds/kooikerhondje/,https://leashfree.ca/dog-breeds/kooikerhondje/,,,33,100,385,600,false,281,false,,,,,,needs-content-expansion,not-started,not-started,not-started,not-started,not-started
T3-standard-expansion,breed-profile,original-editorial-image,queued,dog-breeds,Dog Breeds,Bouvier des Flandres,/dog-breeds/bouvier-des-flandres/,https://leashfree.ca/dog-breeds/bouvier-des-flandres/,,,33,100,388,600,false,281,false,,,,,,needs-content-expansion,not-started,not-started,not-started,not-started,not-started
T3-standard-expansion,breed-profile,original-editorial-image,queued,dog-breeds,Dog Breeds,Black and Tan Coonhound,/dog-breeds/black-and-tan-coonhound/,https://leashfree.ca/dog-breeds/black-and-tan-coonhound/,,,33,100,389,600,false,281,false,,,,,,needs-content-expansion,not-started,not-started,not-started,not-started,not-started
T3-standard-expansion,breed-profile,original-editorial-image,queued,dog-breeds,Dog Breeds,Italian Spinone,/dog-breeds/italian-spinone/,https://leashfree.ca/dog-breeds/italian-spinone/,,,33,100,389,600,false,281,false,,,,,,needs-content-expansion,not-started,not-started,not-started,not-started,not-started
T3-standard-expansion,breed-profile,original-editorial-image,queued,dog-breeds,Dog Breeds,Maremma Sheepdog,/dog-breeds/maremma-sheepdog/,https://leashfree.ca/dog-breeds/maremma-sheepdog/,,,33,100,389,600,false,281,false,,,,,,needs-content-expansion,not-started,not-started,not-started,not-started,not-started
T3-standard-expansion,breed-profile,original-editorial-image,queued,dog-breeds,Dog Breeds,Berger Picard,/dog-breeds/berger-picard/,https://leashfree.ca/dog-breeds/berger-picard/,,,33,100,391,600,false,258,false,,,,,,needs-content-expansion,not-started,not-started,not-started,not-started,not-started
T3-standard-expansion,breed-profile,original-editorial-image,queued,dog-breeds,Dog Breeds,Irish Terrier,/dog-breeds/irish-terrier/,https://leashfree.ca/dog-breeds/irish-terrier/,,,33,100,392,600,false,281,false,,,,,,needs-content-expansion,not-started,not-started,not-started,not-started,not-started
T3-standard-expansion,breed-profile,original-editorial-image,queued,dog-breeds,Dog Breeds,Gerberian Shepsky,/dog-breeds/gerberian-shepsky/,https://leashfree.ca/dog-breeds/gerberian-shepsky/,,,33,100,394,600,false,281,false,,,,,,needs-content-expansion,not-started,not-started,not-started,not-started,not-started
T3-standard-expansion,breed-profile,original-editorial-image,queued,dog-breeds,Dog Breeds,Great Bernese,/dog-breeds/great-bernese/,https://leashfree.ca/dog-breeds/great-bernese/,,,33,100,395,600,false,281,false,,,,,,needs-content-expansion,not-started,not-started,not-started,not-started,not-started
T3-standard-expansion,breed-profile,original-editorial-image,queued,dog-breeds,Dog Breeds,Borador,/dog-breeds/borador/,https://leashfree.ca/dog-breeds/borador/,,,33,100,397,600,false,281,false,,,,,,needs-content-expansion,not-started,not-started,not-started,not-started,not-started
T3-standard-expansion,breed-profile,original-editorial-image,queued,dog-breeds,Dog Breeds,Hokkaido,/dog-breeds/hokkaido/,https://leashfree.ca/dog-breeds/hokkaido/,,,33,100,398,600,false,281,false,,,,,,needs-content-expansion,not-started,not-started,not-started,not-started,not-started
T3-standard-expansion,breed-profile,original-editorial-image,queued,dog-breeds,Dog Breeds,Italian Greyhound,/dog-breeds/italian-greyhound/,https://leashfree.ca/dog-breeds/italian-greyhound/,,,33,100,401,600,false,281,false,,,,,,needs-content-expansion,not-started,not-started,not-started,not-started,not-started
T3-standard-expansion,breed-profile,original-editorial-image,queued,dog-breeds,Dog Breeds,Ibizan Hound,/dog-breeds/ibizan-hound/,https://leashfree.ca/dog-breeds/ibizan-hound/,,,33,100,402,600,false,281,false,,,,,,needs-content-expansion,not-started,not-started,not-started,not-started,not-started
T3-standard-expansion,breed-profile,original-editorial-image,queued,dog-breeds,Dog Breeds,Löwchen,/dog-breeds/l-wchen/,https://leashfree.ca/dog-breeds/l-wchen/,,,33,100,404,600,false,281,false,,,,,,needs-content-expansion,not-started,not-started,not-started,not-started,not-started
T3-standard-expansion,breed-profile,original-editorial-image,queued,dog-breeds,Dog Breeds,Biewer Terrier,/dog-breeds/biewer-terrier/,https://leashfree.ca/dog-breeds/biewer-terrier/,,,33,100,407,600,false,281,false,,,,,,needs-content-expansion,not-started,not-started,not-started,not-started,not-started
T3-standard-expansion,breed-profile,original-editorial-image,queued,dog-breeds,Dog Breeds,Black Russian Terrier,/dog-breeds/black-russian-terrier/,https://leashfree.ca/dog-breeds/black-russian-terrier/,,,33,100,410,600,false,281,false,,,,,,needs-content-expansion,not-started,not-started,not-started,not-started,not-started
T3-standard-expansion,breed-profile,original-editorial-image,queued,dog-breeds,Dog Breeds,Maltese,/dog-breeds/maltese/,https://leashfree.ca/dog-breeds/maltese/,,,33,100,411,600,false,281,false,,,,,,needs-content-expansion,not-started,not-started,not-started,not-started,not-started
T3-standard-expansion,breed-profile,original-editorial-image,queued,dog-breeds,Dog Breeds,Leonberger,/dog-breeds/leonberger/,https://leashfree.ca/dog-breeds/leonberger/,,,33,100,413,600,false,281,false,,,,,,needs-content-expansion,not-started,not-started,not-started,not-started,not-started
T3-standard-expansion,breed-profile,original-editorial-image,queued,dog-breeds,Dog Breeds,Puggle,/dog-breeds/puggle/,https://leashfree.ca/dog-breeds/puggle/,,,33,100,417,600,false,281,false,,,,,,needs-content-expansion,not-started,not-started,not-started,not-started,not-started
T3-standard-expansion,breed-profile,original-editorial-image,queued,dog-breeds,Dog Breeds,Goldador,/dog-breeds/goldador/,https://leashfree.ca/dog-breeds/goldador/,,,33,100,420,600,false,281,false,,,,,,needs-content-expansion,not-started,not-started,not-started,not-started,not-started
T3-standard-expansion,breed-profile,original-editorial-image,queued,dog-breeds,Dog Breeds,Lhasa Apso,/dog-breeds/lhasa-apso/,https://leashfree.ca/dog-breeds/lhasa-apso/,,,33,100,421,600,false,281,false,,,,,,needs-content-expansion,not-started,not-started,not-started,not-started,not-started
T3-standard-expansion,breed-profile,original-editorial-image,queued,dog-breeds,Dog Breeds,Sheprador,/dog-breeds/sheprador/,https://leashfree.ca/dog-breeds/sheprador/,,,33,100,423,600,false,281,false,,,,,,needs-content-expansion,not-started,not-started,not-started,not-started,not-started
T3-standard-expansion,breed-profile,original-editorial-image,queued,dog-breeds,Dog Breeds,Icelandic Sheepdog,/dog-breeds/icelandic-sheepdog/,https://leashfree.ca/dog-breeds/icelandic-sheepdog/,,,33,100,428,600,false,281,false,,,,,,needs-content-expansion,not-started,not-started,not-started,not-started,not-started
T3-standard-expansion,breed-profile,original-editorial-image,queued,dog-breeds,Dog Breeds,Bergamasco Sheepdog,/dog-breeds/bergamasco-sheepdog/,https://leashfree.ca/dog-breeds/bergamasco-sheepdog/,,,33,100,434,600,false,281,false,,,,,,needs-content-expansion,not-started,not-started,not-started,not-started,not-started
T3-standard-expansion,breed-profile,original-editorial-image,queued,dog-breeds,Dog Breeds,Bichon Frise,/dog-breeds/bichon-frise/,https://leashfree.ca/dog-breeds/bichon-frise/,,,33,100,435,600,false,281,false,,,,,,needs-content-expansion,not-started,not-started,not-started,not-started,not-started
T3-standard-expansion,breed-profile,original-editorial-image,queued,dog-breeds,Dog Breeds,Belgian Malinois,/dog-breeds/belgian-malinois/,https://leashfree.ca/dog-breeds/belgian-malinois/,,,33,100,436,600,false,281,false,,,,,,needs-content-expansion,not-started,not-started,not-started,not-started,not-started
T3-standard-expansion,breed-profile,original-editorial-image,queued,dog-breeds,Dog Breeds,Beauceron,/dog-breeds/beauceron/,https://leashfree.ca/dog-breeds/beauceron/,,,33,100,441,600,false,281,false,,,,,,needs-content-expansion,not-started,not-started,not-started,not-started,not-started
T3-standard-expansion,breed-profile,original-editorial-image,queued,dog-breeds,Dog Breeds,Irish Wolfhound,/dog-breeds/irish-wolfhound/,https://leashfree.ca/dog-breeds/irish-wolfhound/,,,33,100,441,600,false,281,false,,,,,,needs-content-expansion,not-started,not-started,not-started,not-started,not-started
T3-standard-expansion,breed-profile,original-editorial-image,queued,dog-breeds,Dog Breeds,Belgian Laekenois,/dog-breeds/belgian-laekenois/,https://leashfree.ca/dog-breeds/belgian-laekenois/,,,33,100,464,600,false,281,false,,,,,,needs-content-expansion,not-started,not-started,not-started,not-started,not-started
T3-standard-expansion,breed-profile,original-editorial-image,queued,dog-breeds,Dog Breeds,Havapoo (Poovanese),/dog-breeds/havapoo-poovanese/,https://leashfree.ca/dog-breeds/havapoo-poovanese/,,,33,100,464,600,false,281,false,,,,,,needs-content-expansion,not-started,not-started,not-started,not-started,not-started
T3-standard-expansion,breed-profile,original-editorial-image,queued,dog-breeds,Dog Breeds,Bedlington Terrier,/dog-breeds/bedlington-terrier/,https://leashfree.ca/dog-breeds/bedlington-terrier/,,,33,100,466,600,false,281,false,,,,,,needs-content-expansion,not-started,not-started,not-started,not-started,not-started
T3-standard-expansion,breed-profile,original-editorial-image,queued,dog-breeds,Dog Breeds,Greater Swiss Mountain Dog,/dog-breeds/greater-swiss-mountain-dog/,https://leashfree.ca/dog-breeds/greater-swiss-mountain-dog/,,,33,100,489,600,false,281,false,,,,,,needs-content-expansion,not-started,not-started,not-started,not-started,not-started
T3-standard-expansion,breed-profile,original-editorial-image,queued,dog-breeds,Dog Breeds,Bearded Collie,/dog-breeds/bearded-collie/,https://leashfree.ca/dog-breeds/bearded-collie/,,,33,100,510,600,false,281,false,,,,,,needs-content-expansion,not-started,not-started,not-started,not-started,not-started
T3-standard-expansion,breed-profile,original-editorial-image,queued,dog-breeds,Dog Breeds,Australian Stumpy Tail Cattle Dog,/dog-breeds/australian-stumpy-tail-cattle-dog/,https://leashfree.ca/dog-breeds/australian-stumpy-tail-cattle-dog/,,,33,100,518,600,false,281,false,,,,,,needs-content-expansion,not-started,not-started,not-started,not-started,not-started
T3-standard-expansion,breed-profile,original-editorial-image,queued,dog-breeds,Dog Breeds,Cavalier King Charles Spaniel,/dog-breeds/cavalier-king-charles-spaniel/,https://leashfree.ca/dog-breeds/cavalier-king-charles-spaniel/,,,33,100,574,600,false,281,false,,,,,,needs-content-expansion,not-started,not-started,not-started,not-started,not-started
T3-standard-expansion,name-guide,original-editorial-image,queued,dog-names,Dog Names,Maltese Dog Names,/dog-names/maltese-dog-names/,https://leashfree.ca/dog-names/maltese-dog-names/,,,29,100,154,500,false,316,false,,,,,,needs-content-expansion,not-started,not-started,not-started,not-started,not-started
T3-standard-expansion,name-guide,original-editorial-image,queued,dog-names,Dog Names,Boxer Dog Names,/dog-names/boxer-dog-names/,https://leashfree.ca/dog-names/boxer-dog-names/,,,29,100,155,500,false,316,false,,,,,,needs-content-expansion,not-started,not-started,not-started,not-started,not-started
T3-standard-expansion,name-guide,original-editorial-image,queued,dog-names,Dog Names,Rottweiler Dog Names,/dog-names/rottweiler-dog-names/,https://leashfree.ca/dog-names/rottweiler-dog-names/,,,29,100,155,500,false,316,false,,,,,,needs-content-expansion,not-started,not-started,not-started,not-started,not-started
T3-standard-expansion,name-guide,original-editorial-image,queued,dog-names,Dog Names,Border Collie Dog Names,/dog-names/border-collie-dog-names/,https://leashfree.ca/dog-names/border-collie-dog-names/,,,29,100,156,500,false,320,false,,,,,,needs-content-expansion,not-started,not-started,not-started,not-started,not-started
T3-standard-expansion,name-guide,original-editorial-image,queued,dog-names,Dog Names,Labradoodle Dog Names,/dog-names/labradoodle-dog-names/,https://leashfree.ca/dog-names/labradoodle-dog-names/,,,29,100,156,500,false,263,false,,,,,,needs-content-expansion,not-started,not-started,not-started,not-started,not-started
T3-standard-expansion,name-guide,original-editorial-image,queued,dog-names,Dog Names,Miniature Schnauzer Dog Names,/dog-names/miniature-schnauzer-dog-names/,https://leashfree.ca/dog-names/miniature-schnauzer-dog-names/,,,29,100,157,500,false,318,false,,,,,,needs-content-expansion,not-started,not-started,not-started,not-started,not-started
T3-standard-expansion,name-guide,original-editorial-image,queued,dog-names,Dog Names,Portuguese Water Dog Dog Names,/dog-names/portuguese-water-dog-dog-names/,https://leashfree.ca/dog-names/portuguese-water-dog-dog-names/,,,29,100,157,500,false,320,false,,,,,,needs-content-expansion,not-started,not-started,not-started,not-started,not-started
T3-standard-expansion,name-guide,original-editorial-image,queued,dog-names,Dog Names,Chihuahua Dog Names,/dog-names/chihuahua-dog-names/,https://leashfree.ca/dog-names/chihuahua-dog-names/,,,29,100,158,500,false,316,false,,,,,,needs-content-expansion,not-started,not-started,not-started,not-started,not-started
T3-standard-expansion,name-guide,original-editorial-image,queued,dog-names,Dog Names,Havanese Dog Names,/dog-names/havanese-dog-names/,https://leashfree.ca/dog-names/havanese-dog-names/,,,29,100,159,500,false,320,false,,,,,,needs-content-expansion,not-started,not-started,not-started,not-started,not-started
T3-standard-expansion,name-guide,original-editorial-image,queued,dog-names,Dog Names,Mastiff Dog Names,/dog-names/mastiff-dog-names/,https://leashfree.ca/dog-names/mastiff-dog-names/,,,29,100,160,500,false,316,false,,,,,,needs-content-expansion,not-started,not-started,not-started,not-started,not-started
T3-standard-expansion,name-guide,original-editorial-image,queued,dog-names,Dog Names,Poodle Dog Names,/dog-names/poodle-dog-names/,https://leashfree.ca/dog-names/poodle-dog-names/,,,29,100,160,500,false,320,false,,,,,,needs-content-expansion,not-started,not-started,not-started,not-started,not-started
T3-standard-expansion,name-guide,original-editorial-image,queued,dog-names,Dog Names,Boston Terrier Dog Names,/dog-names/boston-terrier-dog-names/,https://leashfree.ca/dog-names/boston-terrier-dog-names/,,,29,100,161,500,false,316,false,,,,,,needs-content-expansion,not-started,not-started,not-started,not-started,not-started
T3-standard-expansion,name-guide,original-editorial-image,queued,dog-names,Dog Names,Doberman Pinscher Dog Names,/dog-names/doberman-pinscher-dog-names/,https://leashfree.ca/dog-names/doberman-pinscher-dog-names/,,,29,100,161,500,false,316,false,,,,,,needs-content-expansion,not-started,not-started,not-started,not-started,not-started
T3-standard-expansion,name-guide,original-editorial-image,queued,dog-names,Dog Names,Newfoundland Dog Names,/dog-names/newfoundland-dog-names/,https://leashfree.ca/dog-names/newfoundland-dog-names/,,,29,100,161,500,false,314,false,,,,,,needs-content-expansion,not-started,not-started,not-started,not-started,not-started
T3-standard-expansion,name-guide,original-editorial-image,queued,dog-names,Dog Names,Pomeranian Dog Names,/dog-names/pomeranian-dog-names/,https://leashfree.ca/dog-names/pomeranian-dog-names/,,,29,100,163,500,false,316,false,,,,,,needs-content-expansion,not-started,not-started,not-started,not-started,not-started
T3-standard-expansion,name-guide,original-editorial-image,queued,dog-names,Dog Names,Bernese Mountain Dog Dog Names,/dog-names/bernese-mountain-dog-dog-names/,https://leashfree.ca/dog-names/bernese-mountain-dog-dog-names/,,,29,100,164,500,false,319,false,,,,,,needs-content-expansion,not-started,not-started,not-started,not-started,not-started
T3-standard-expansion,name-guide,original-editorial-image,queued,dog-names,Dog Names,Cocker Spaniel Dog Names,/dog-names/cocker-spaniel-dog-names/,https://leashfree.ca/dog-names/cocker-spaniel-dog-names/,,,29,100,164,500,false,263,false,,,,,,needs-content-expansion,not-started,not-started,not-started,not-started,not-started
T3-standard-expansion,name-guide,original-editorial-image,queued,dog-names,Dog Names,Shetland Sheepdog Dog Names,/dog-names/shetland-sheepdog-dog-names/,https://leashfree.ca/dog-names/shetland-sheepdog-dog-names/,,,29,100,164,500,false,320,false,,,,,,needs-content-expansion,not-started,not-started,not-started,not-started,not-started
T3-standard-expansion,name-guide,original-editorial-image,queued,dog-names,Dog Names,Shih Tzu Dog Names,/dog-names/shih-tzu-dog-names/,https://leashfree.ca/dog-names/shih-tzu-dog-names/,,,29,100,165,500,false,319,false,,,,,,needs-content-expansion,not-started,not-started,not-started,not-started,not-started
T3-standard-expansion,name-guide,original-editorial-image,queued,dog-names,Dog Names,Bulldog Dog Names,/dog-names/bulldog-dog-names/,https://leashfree.ca/dog-names/bulldog-dog-names/,,,29,100,166,500,false,316,false,,,,,,needs-content-expansion,not-started,not-started,not-started,not-started,not-started
T3-standard-expansion,name-guide,original-editorial-image,queued,dog-names,Dog Names,Australian Shepherd Dog Names,/dog-names/australian-shepherd-dog-names/,https://leashfree.ca/dog-names/australian-shepherd-dog-names/,,,29,100,167,500,false,320,false,,,,,,needs-content-expansion,not-started,not-started,not-started,not-started,not-started
T3-standard-expansion,name-guide,original-editorial-image,queued,dog-names,Dog Names,German Shorthaired Pointer Dog Names,/dog-names/german-shorthaired-pointer-dog-names/,https://leashfree.ca/dog-names/german-shorthaired-pointer-dog-names/,,,29,100,167,500,false,323,false,,,,,,needs-content-expansion,not-started,not-started,not-started,not-started,not-started
T3-standard-expansion,name-guide,original-editorial-image,queued,dog-names,Dog Names,Bernedoodle Dog Names,/dog-names/bernedoodle-dog-names/,https://leashfree.ca/dog-names/bernedoodle-dog-names/,,,29,100,168,500,false,288,false,,,,,,needs-content-expansion,not-started,not-started,not-started,not-started,not-started
T3-standard-expansion,name-guide,original-editorial-image,queued,dog-names,Dog Names,Saint Bernard Dog Names,/dog-names/saint-bernard-dog-names/,https://leashfree.ca/dog-names/saint-bernard-dog-names/,,,29,100,168,500,false,314,false,,,,,,needs-content-expansion,not-started,not-started,not-started,not-started,not-started
T3-standard-expansion,name-guide,original-editorial-image,queued,dog-names,Dog Names,Yorkshire Terrier Dog Names,/dog-names/yorkshire-terrier-dog-names/,https://leashfree.ca/dog-names/yorkshire-terrier-dog-names/,,,29,100,169,500,false,319,false,,,,,,needs-content-expansion,not-started,not-started,not-started,not-started,not-started
T3-standard-expansion,name-guide,original-editorial-image,queued,dog-names,Dog Names,Cavalier King Charles Spaniel Dog Names,/dog-names/cavalier-king-charles-spaniel-dog-names/,https://leashfree.ca/dog-names/cavalier-king-charles-spaniel-dog-names/,,,29,100,170,500,false,320,false,,,,,,needs-content-expansion,not-started,not-started,not-started,not-started,not-started
T3-standard-expansion,name-guide,original-editorial-image,queued,dog-names,Dog Names,German Wirehaired Pointer Dog Names,/dog-names/german-wirehaired-pointer-dog-names/,https://leashfree.ca/dog-names/german-wirehaired-pointer-dog-names/,,,29,100,170,500,false,323,false,,,,,,needs-content-expansion,not-started,not-started,not-started,not-started,not-started
T3-standard-expansion,name-guide,original-editorial-image,queued,dog-names,Dog Names,Great Dane Dog Names,/dog-names/great-dane-dog-names/,https://leashfree.ca/dog-names/great-dane-dog-names/,,,29,100,172,500,false,316,false,,,,,,needs-content-expansion,not-started,not-started,not-started,not-started,not-started
T3-standard-expansion,name-guide,original-editorial-image,queued,dog-names,Dog Names,Giant Schnauzer Dog Names,/dog-names/giant-schnauzer-dog-names/,https://leashfree.ca/dog-names/giant-schnauzer-dog-names/,,,29,100,173,500,false,323,false,,,,,,needs-content-expansion,not-started,not-started,not-started,not-started,not-started
T3-standard-expansion,name-guide,original-editorial-image,queued,dog-names,Dog Names,French Bulldog Dog Names,/dog-names/french-bulldog-dog-names/,https://leashfree.ca/dog-names/french-bulldog-dog-names/,,,29,100,175,500,false,320,false,,,,,,needs-content-expansion,not-started,not-started,not-started,not-started,not-started
T3-standard-expansion,name-guide,original-editorial-image,queued,dog-names,Dog Names,German Spitz Dog Names,/dog-names/german-spitz-dog-names/,https://leashfree.ca/dog-names/german-spitz-dog-names/,,,29,100,175,500,false,323,false,,,,,,needs-content-expansion,not-started,not-started,not-started,not-started,not-started
T3-standard-expansion,name-guide,original-editorial-image,queued,dog-names,Dog Names,English Springer Spaniel Dog Names,/dog-names/english-springer-spaniel-dog-names/,https://leashfree.ca/dog-names/english-springer-spaniel-dog-names/,,,29,100,177,500,false,258,false,,,,,,needs-content-expansion,not-started,not-started,not-started,not-started,not-started
T3-standard-expansion,name-guide,original-editorial-image,queued,dog-names,Dog Names,Glen of Imaal Terrier Dog Names,/dog-names/glen-of-imaal-terrier-dog-names/,https://leashfree.ca/dog-names/glen-of-imaal-terrier-dog-names/,,,29,100,179,500,false,323,false,,,,,,needs-content-expansion,not-started,not-started,not-started,not-started,not-started
T3-standard-expansion,name-guide,original-editorial-image,queued,dog-names,Dog Names,Cane Corso Dog Names,/dog-names/cane-corso-dog-names/,https://leashfree.ca/dog-names/cane-corso-dog-names/,,,29,100,180,500,false,263,false,,,,,,needs-content-expansion,not-started,not-started,not-started,not-started,not-started
T3-standard-expansion,name-guide,original-editorial-image,queued,dog-names,Dog Names,German Longhaired Pointer Dog Names,/dog-names/german-longhaired-pointer-dog-names/,https://leashfree.ca/dog-names/german-longhaired-pointer-dog-names/,,,29,100,182,500,false,323,false,,,,,,needs-content-expansion,not-started,not-started,not-started,not-started,not-started
T3-standard-expansion,name-guide,original-editorial-image,queued,dog-names,Dog Names,German Pinscher Dog Names,/dog-names/german-pinscher-dog-names/,https://leashfree.ca/dog-names/german-pinscher-dog-names/,,,29,100,190,500,false,323,false,,,,,,needs-content-expansion,not-started,not-started,not-started,not-started,not-started
T3-standard-expansion,name-guide,original-editorial-image,queued,dog-names,Dog Names,German Shepherd Dog Names,/dog-names/german-shepherd-dog-names/,https://leashfree.ca/dog-names/german-shepherd-dog-names/,,,29,100,244,500,false,323,false,,,,,,needs-content-expansion,not-started,not-started,not-started,not-started,not-started
T3-standard-expansion,name-guide,original-editorial-image,queued,dog-names,Dog Names,Golden Retriever Dog Names,/dog-names/golden-retriever-dog-names/,https://leashfree.ca/dog-names/golden-retriever-dog-names/,,,29,100,252,500,false,324,false,,,,,,needs-content-expansion,not-started,not-started,not-started,not-started,not-started
T3-standard-expansion,name-guide,original-editorial-image,queued,dog-names,Dog Names,Labrador Retriever Dog Names,/dog-names/labrador-retriever-dog-names/,https://leashfree.ca/dog-names/labrador-retriever-dog-names/,,,29,100,263,500,false,324,false,,,,,,needs-content-expansion,not-started,not-started,not-started,not-started,not-started
