route,page_type,collection,slug,title,status,notes
"/","homepage","Static","home","homepage","generated",""
"/404.html","not_found","Static","404.html","not_found","generated",""
"/blog/","blog_index","Static","blog","blog_index","generated",""
"/blog/average-vet-costs-in-canada/","blog_post","Blog Posts","average-vet-costs-in-canada","Average Vet Costs in Canada (2025) - Why Pet Insurance Matters","generated",""
"/blog/best-dog-leashes-for-hiking-in-canada/","blog_post","Blog Posts","best-dog-leashes-for-hiking-in-canada","Best Dog Leashes for Hiking in Canada: Tested on Trails","generated",""
"/blog/best-dogs-for-apartment-living-in-canada/","blog_post","Blog Posts","best-dogs-for-apartment-living-in-canada","Best Dogs for Apartment Living in Canada","generated",""
"/blog/best-family-dogs-in-canada/","blog_post","Blog Posts","best-family-dogs-in-canada","Best Family Dogs in Canada (By Breed Group)","generated",""
"/blog/best-fresh-dog-food-for-labrador-retrievers-in-canada/","blog_post","Blog Posts","best-fresh-dog-food-for-labrador-retrievers-in-canada","Best Fresh Dog Food for Labrador Retrievers in Canada (Vet-Approved & Delivered)","generated",""
"/blog/best-greeting-exercises-to-reduce-jumping-barking-or-biting/","blog_post","Blog Posts","best-greeting-exercises-to-reduce-jumping-barking-or-biting","Best Greeting Exercises to Reduce Jumping, Barking, or Biting","generated",""
"/blog/best-hypoallergenic-dog-breeds-canadian-families/","blog_post","Blog Posts","best-hypoallergenic-dog-breeds-canadian-families","Best Hypoallergenic Dog Breeds for Canadian Families","generated",""
"/blog/best-male-labrador-names/","blog_post","Blog Posts","best-male-labrador-names","What Is the Best Name for a Male Labrador?","generated",""
"/blog/blog-dog-park-etiquette-canada/","blog_post","Blog Posts","blog-dog-park-etiquette-canada","Dog Park Etiquette 101: A Canadian Guide","generated",""
"/blog/category/dog-breeds/","blogCategories","Blog Categories","dog-breeds","Discover Dog Breeds, Traits & Care Guides for Every Type of Dog","generated",""
"/blog/category/dog-gear/","blogCategories","Blog Categories","dog-gear","Dog Gear Guides, Reviews & Outdoor Essentials for Canadian Dogs","generated",""
"/blog/category/dog-names/","blogCategories","Blog Categories","dog-names","Dog Name Ideas, Meanings & Inspiration for Every Breed","generated",""
"/blog/category/dog-parks/","blogCategories","Blog Categories","dog-parks","Best Dog Parks in Canada | Off-Leash Guides by City & Province","generated",""
"/blog/category/health-wellness/","blogCategories","Blog Categories","health-wellness","Dog Health & Wellness Tips | Nutrition, Care & Prevention","generated",""
"/blog/category/lifestyle-community/","blogCategories","Blog Categories","lifestyle-community","Lifestyle & Community","generated",""
"/blog/category/training-behavior/","blogCategories","Blog Categories","training-behavior","Training & Behavior","generated",""
"/blog/crate-training-101-puppy-guide/","blog_post","Blog Posts","crate-training-101-puppy-guide","Crate Training 101: How to Make Crate Time Positive for Your Puppy","generated",""
"/blog/dealing-with-separation-anxiety-in-dogs/","blog_post","Blog Posts","dealing-with-separation-anxiety-in-dogs","Dealing with Separation Anxiety in Dogs: A Family Guide That Works","generated",""
"/blog/diy-halloween-dog-costumes/","blog_post","Blog Posts","diy-halloween-dog-costumes","DIY Dog Halloween Costumes You Can Make at Home","generated",""
"/blog/dog-age-calculator/","blog_post","Blog Posts","dog-age-calculator","Dog Age Calculator: Find Out How Old Your Dog Really Is in Human Years","generated",""
"/blog/dog-insurance-waiting-periods-canada/","blog_post","Blog Posts","dog-insurance-waiting-periods-canada","Dog Insurance Waiting Periods Explained (Accident vs Illness)","generated",""
"/blog/halloween-dog-costume-ideas-2025/","blog_post","Blog Posts","halloween-dog-costume-ideas-2025","Top 15 Halloween Dog Costume Ideas for 2025","generated",""
"/blog/halloween-dog-safety-tips/","blog_post","Blog Posts","halloween-dog-safety-tips","Halloween Safety Tips for Dogs: Keep Your Pup Calm and Safe","generated",""
"/blog/help-reactive-dog-stay-calm-on-walks/","blog_post","Blog Posts","help-reactive-dog-stay-calm-on-walks","How to Help a Reactive Dog Stay Calm on Walks","generated",""
"/blog/how-cold-is-too-cold-for-a-dog-walk/","blog_post","Blog Posts","how-cold-is-too-cold-for-a-dog-walk","How Cold Is Too Cold for a Dog Walk?","generated",""
"/blog/how-to-choose-the-right-dog-park-for-your-pup/","blog_post","Blog Posts","how-to-choose-the-right-dog-park-for-your-pup","How to Choose the Right Dog Park for Your Pup","generated",""
"/blog/how-to-potty-train-puppy-in-condo-apartment/","blog_post","Blog Posts","how-to-potty-train-puppy-in-condo-apartment","How to Potty Train (House Train) Your Puppy in a Condo or Apartment","generated",""
"/blog/how-to-socialize-your-puppy/","blog_post","Blog Posts","how-to-socialize-your-puppy","How to Socialize Your Puppy: A Step-by-Step Canadian Guide","generated",""
"/blog/is-dog-insurance-worth-it-canada/","blog_post","Blog Posts","is-dog-insurance-worth-it-canada","Is Dog Insurance Worth It in Canada?","generated",""
"/blog/is-it-ever-too-late-to-socialize-a-dog/","blog_post","Blog Posts","is-it-ever-too-late-to-socialize-a-dog","Is It Ever Too Late to Socialize a Dog?","generated",""
"/blog/keeping-your-dog-active-indoors-during-winter/","blog_post","Blog Posts","keeping-your-dog-active-indoors-during-winter","Keeping Your Dog Active Indoors During Winter","generated",""
"/blog/low-shedding-dog-breeds-for-allergy-sufferers/","blog_post","Blog Posts","low-shedding-dog-breeds-for-allergy-sufferers","Low-Shedding Dog Breeds for Allergy Sufferers (Canada Edition)","generated",""
"/blog/most-googled-dog-questions/","blog_post","Blog Posts","most-googled-dog-questions","5 Most Googled Dog Questions - Answered","generated",""
"/blog/puppy-training-independence-games/","blog_post","Blog Posts","puppy-training-independence-games","Puppy Training 101: Independence Games to Prevent Separation Anxiety","generated",""
"/blog/smartest-dog-breeds-in-canada-easy-to-train-and-eager-to-lear/","blog_post","Blog Posts","smartest-dog-breeds-in-canada-easy-to-train-and-eager-to-lear","Smartest Dog Breeds in Canada: Easy to Train and Eager to Learn","generated",""
"/blog/tag/adoption/","blogTags","Blog Tags","adoption","Dog Adoption Stories, Rescue Tips & Shelter Guides","generated",""
"/blog/tag/adventure-gear/","blogTags","Blog Tags","adventure-gear","Outdoor Adventure Gear for Active Dogs in Canada","generated",""
"/blog/tag/calgary/","blogTags","Blog Tags","calgary","Calgary Dog Parks, Events & Local Dog Life","generated",""
"/blog/tag/canadian-brands/","blogTags","Blog Tags","canadian-brands","Trusted Canadian Dog Gear Brands You’ll Love","generated",""
"/blog/tag/canadian-dogs/","blogTags","Blog Tags","canadian-dogs","Celebrating Canadian Dogs, Culture & Lifestyle","generated",""
"/blog/tag/dog-allergies/","blogTags","Blog Tags","dog-allergies","Dog Allergies","generated",""
"/blog/tag/dog-friendly-travel/","blogTags","Blog Tags","dog-friendly-travel","Dog-Friendly Travel","generated",""
"/blog/tag/dog-parks/","blogTags","Blog Tags","dog-parks","Dog Parks","generated",""
"/blog/tag/french-bulldog/","blogTags","Blog Tags","french-bulldog","French Bulldog","generated",""
"/blog/tag/german-shepherd/","blogTags","Blog Tags","german-shepherd","German Shepherd","generated",""
"/blog/tag/golden-retriever/","blogTags","Blog Tags","golden-retriever","Golden Retriever","generated",""
"/blog/tag/halifax/","blogTags","Blog Tags","halifax","Halifax","generated",""
"/blog/tag/hiking-gear/","blogTags","Blog Tags","hiking-gear","Exploring the Best Hiking Gear for Dogs in Canada","generated",""
"/blog/tag/labrador-retriever/","blogTags","Blog Tags","labrador-retriever","Labrador Retriever","generated",""
"/blog/tag/leashes/","blogTags","Blog Tags","leashes","Exploring the Top Dog Leashes in Canada for Hiking, Walking & Training","generated",""
"/blog/tag/montreal/","blogTags","Blog Tags","montreal","Montreal","generated",""
"/blog/tag/park-etiquette/","blogTags","Blog Tags","park-etiquette","Park Etiquette","generated",""
"/blog/tag/poodle/","blogTags","Blog Tags","poodle","Poodle","generated",""
"/blog/tag/puppy-training/","blogTags","Blog Tags","puppy-training","Puppy Training","generated",""
"/blog/tag/seasonal/","blogTags","Blog Tags","seasonal","Seasonal","generated",""
"/blog/tag/senior-dogs/","blogTags","Blog Tags","senior-dogs","Senior Dogs","generated",""
"/blog/tag/socialization/","blogTags","Blog Tags","socialization","Socialization","generated",""
"/blog/tag/summer-fun/","blogTags","Blog Tags","summer-fun","Summer Fun","generated",""
"/blog/tag/toronto/","blogTags","Blog Tags","toronto","Toronto","generated",""
"/blog/tag/training-tips/","blogTags","Blog Tags","training-tips","Training Tips","generated",""
"/blog/tag/travel-with-dogs/","blogTags","Blog Tags","travel-with-dogs","Travel with Dogs","generated",""
"/blog/tag/vancouver/","blogTags","Blog Tags","vancouver","Vancouver","generated",""
"/blog/tag/winter-safety/","blogTags","Blog Tags","winter-safety","Winter Safety","generated",""
"/blog/the-7-7-7-rule-for-puppies/","blog_post","Blog Posts","the-7-7-7-rule-for-puppies","The 7-7-7 Rule for Puppies: Building Confidence from the Start","generated",""
"/blog/tips-for-living-with-dogs-if-you-have-allergies/","blog_post","Blog Posts","tips-for-living-with-dogs-if-you-have-allergies","Tips for Living with Dogs if You Have Allergies","generated",""
"/blog/top-10-dog-breeds-for-canadian-families/","blog_post","Blog Posts","top-10-dog-breeds-for-canadian-families","Top 10 Dog Breeds for Canadian Families","generated",""
"/blog/top-10-dog-breeds-for-condo-living-canada/","blog_post","Blog Posts","top-10-dog-breeds-for-condo-living-canada","Top 10 Dog Breeds for Condo & Apartment Living in Canada","generated",""
"/blog/top-10-dog-parks-in-vancouver/","blog_post","Blog Posts","top-10-dog-parks-in-vancouver","Top 10 Dog Parks in Vancouver for Off-Leash Fun (2025 Guide)","generated",""
"/blog/top-10-off-leash-dog-parks-in-toronto/","blog_post","Blog Posts","top-10-off-leash-dog-parks-in-toronto","Top 10 Off-Leash Dog Parks in Toronto","generated",""
"/blog/trending-dog-names-2025/","blog_post","Blog Posts","trending-dog-names-2025","Trending Dog Names for 2025: What’s Hot Now (and Why)","generated",""
"/blog/unlimited-vs-10000-annual-limit/","blog_post","Blog Posts","unlimited-vs-10000-annual-limit","Unlimited vs $10,000 Annual Limit - Which Should You Choose? (Canada)","generated",""
"/blog/winter-dog-care-tips-canada/","blog_post","Blog Posts","winter-dog-care-tips-canada","Winter Dog Care Tips: Keeping Your Pup Safe in the Canadian Cold","generated",""
"/blog/winter-paw-care-for-canadian-dogs/","blog_post","Blog Posts","winter-paw-care-for-canadian-dogs","Winter Paw Care for Canadian Dogs: Salt, Ice, and Boot Tips","generated",""
"/directory/","directory_index","Static","directory","directory_index","generated",""
"/directory/alberta-animal-rescue-crew-society-aarcs/","directory_detail","Directories","alberta-animal-rescue-crew-society-aarcs","Alberta Animal Rescue Crew Society (AARCS)","generated",""
"/directory/aldershot-animal-hospital-burlington/","directory_detail","Directories","aldershot-animal-hospital-burlington","Aldershot Animal Hospital","generated",""
"/directory/alderwood-veterinary-clinic/","directory_detail","Directories","alderwood-veterinary-clinic","Alderwood Veterinary Clinic","generated",""
"/directory/animal-hospital-of-milton-e6f9b/","directory_detail","Directories","animal-hospital-of-milton-e6f9b","Animal Hospital of Milton","generated",""
"/directory/animal-hospital-of-milton/","directory_detail","Directories","animal-hospital-of-milton","Animal Hospital of Milton","generated",""
"/directory/animal-hospital-of-oakville/","directory_detail","Directories","animal-hospital-of-oakville","Animal Hospital of Oakville","generated",""
"/directory/animal-shelters-and-rescues/","categories","Categories","animal-shelters-and-rescues","Animal Shelters & Dog Rescues Across Canada","generated",""
"/directory/applewood-veterinary-hospital-mississauga/","directory_detail","Directories","applewood-veterinary-hospital-mississauga","Applewood Veterinary Hospital","generated",""
"/directory/aquitaine-animal-hospital-mississauga/","directory_detail","Directories","aquitaine-animal-hospital-mississauga","Aquitaine Animal Hospital","generated",""
"/directory/bc-spca-vancouver-branch/","directory_detail","Directories","bc-spca-vancouver-branch","BC SPCA – Vancouver Branch","generated",""
"/directory/bristol-veterinary-hospital-mississauga/","directory_detail","Directories","bristol-veterinary-hospital-mississauga","Bristol Veterinary Hospital","generated",""
"/directory/burlington-veterinary-emergency-and-referral-hospital/","directory_detail","Directories","burlington-veterinary-emergency-and-referral-hospital","Burlington Veterinary Emergency & Referral Hospital","generated",""
"/directory/burloak-animal-hospital/","directory_detail","Directories","burloak-animal-hospital","Burloak Animal Hospital","generated",""
"/directory/credit-valley-animal-hospital-mississauga/","directory_detail","Directories","credit-valley-animal-hospital-mississauga","Credit Valley Animal Hospital","generated",""
"/directory/derry-heights-animal-hospital-milton/","directory_detail","Directories","derry-heights-animal-hospital-milton","Derry Heights Animal Hospital","generated",""
"/directory/dog-daycares-and-boarding/","categories","Categories","dog-daycares-and-boarding","Dog Daycares & Boarding Services Across Canada","generated",""
"/directory/dog-groomers/","categories","Categories","dog-groomers","Find Dog Groomers Across Canada","generated",""
"/directory/dog-tales-rescue-and-sanctuary/","directory_detail","Directories","dog-tales-rescue-and-sanctuary","Dog Tales Rescue and Sanctuary","generated",""
"/directory/dog-trainers/","categories","Categories","dog-trainers","Dog Trainers & Obedience Classes Across Canada","generated",""
"/directory/dog-walkers-and-pet-sitters/","categories","Categories","dog-walkers-and-pet-sitters","Dog Walkers & Pet Sitters Across Canada","generated",""
"/directory/east-plains-animal-hospital-burlington/","directory_detail","Directories","east-plains-animal-hospital-burlington","East Plains Animal Hospital","generated",""
"/directory/eatonville-animal-hospital/","directory_detail","Directories","eatonville-animal-hospital","Eatonville Animal Hospital","generated",""
"/directory/eglinton-hwy-10-veterinary-clinic-mississauga/","directory_detail","Directories","eglinton-hwy-10-veterinary-clinic-mississauga","Eglinton-Hwy 10 Veterinary Clinic","generated",""
"/directory/erin-mills-pet-hospital-mississauga/","directory_detail","Directories","erin-mills-pet-hospital-mississauga","Erin Mills Pet Hospital","generated",""
"/directory/erindale-animal-hospital-mississauga/","directory_detail","Directories","erindale-animal-hospital-mississauga","Erindale Animal Hospital","generated",""
"/directory/etobicoke-veterinary-hospital/","directory_detail","Directories","etobicoke-veterinary-hospital","Etobicoke Veterinary Hospital","generated",""
"/directory/glen-erin-animal-hospital-mississauga/","directory_detail","Directories","glen-erin-animal-hospital-mississauga","Glen Erin Animal Hospital","generated",""
"/directory/halton-peel-animal-hospital-milton/","directory_detail","Directories","halton-peel-animal-hospital-milton","Halton Peel Animal Hospital","generated",""
"/directory/hamilton-burlington-spca/","directory_detail","Directories","hamilton-burlington-spca","Hamilton/Burlington SPCA","generated",""
"/directory/hawkins-animal-hospital-milton/","directory_detail","Directories","hawkins-animal-hospital-milton","Hawkins Animal Hospital","generated",""
"/directory/hawkins-animal-hospital/","directory_detail","Directories","hawkins-animal-hospital","Hawkins Animal Hospital","generated",""
"/directory/heartland-pet-hospital-mississauga/","directory_detail","Directories","heartland-pet-hospital-mississauga","Heartland Pet Hospital","generated",""
"/directory/hollybank-animal-hospital-milton/","directory_detail","Directories","hollybank-animal-hospital-milton","Hollybank Animal Hospital","generated",""
"/directory/humber-bay-veterinary-hospital/","directory_detail","Directories","humber-bay-veterinary-hospital","Humber Bay Veterinary Hospital","generated",""
"/directory/it-takes-a-village-dog-rescue/","directory_detail","Directories","it-takes-a-village-dog-rescue","It Takes a Village Dog Rescue","generated",""
"/directory/james-snow-animal-hospital-milton/","directory_detail","Directories","james-snow-animal-hospital-milton","James Snow Animal Hospital","generated",""
"/directory/james-snow-animal-hospital/","directory_detail","Directories","james-snow-animal-hospital","James Snow Animal Hospital","generated",""
"/directory/long-branch-animal-clinic/","directory_detail","Directories","long-branch-animal-clinic","Long Branch Animal Clinic","generated",""
"/directory/lorne-park-animal-hospital-mississauga/","directory_detail","Directories","lorne-park-animal-hospital-mississauga","Lorne Park Animal Hospital","generated",""
"/directory/loved-at-last-dog-rescue/","directory_detail","Directories","loved-at-last-dog-rescue","Loved at Last Dog Rescue","generated",""
"/directory/mainview-animal-hospital-milton/","directory_detail","Directories","mainview-animal-hospital-milton","Mainview Animal Hospital","generated",""
"/directory/martin-veterinary-hospital/","directory_detail","Directories","martin-veterinary-hospital","Martin Veterinary Hospital","generated",""
"/directory/mavis-road-animal-clinic-mississauga/","directory_detail","Directories","mavis-road-animal-clinic-mississauga","Mavis Road Animal Clinic","generated",""
"/directory/mccleary-animal-hospital-mississauga/","directory_detail","Directories","mccleary-animal-hospital-mississauga","McCleary Animal Hospital","generated",""
"/directory/meadowvale-animal-clinic-mississauga/","directory_detail","Directories","meadowvale-animal-clinic-mississauga","Meadowvale Animal Clinic","generated",""
"/directory/mississauga-animal-hospital/","directory_detail","Directories","mississauga-animal-hospital","Mississauga Animal Hospital","generated",""
"/directory/montreal-spca/","directory_detail","Directories","montreal-spca","Montreal SPCA","generated",""
"/directory/niagara-dog-rescue/","directory_detail","Directories","niagara-dog-rescue","Niagara Dog Rescue","generated",""
"/directory/niagara-spca-and-humane-society/","directory_detail","Directories","niagara-spca-and-humane-society","Niagara SPCA and Humane Society","generated",""
"/directory/oakville-animal-clinic/","directory_detail","Directories","oakville-animal-clinic","Oakville Animal Clinic","generated",""
"/directory/oakville-lakeshore-animal-hospital/","directory_detail","Directories","oakville-lakeshore-animal-hospital","Oakville Lakeshore Animal Hospital","generated",""
"/directory/ontario-spca-and-humane-society/","directory_detail","Directories","ontario-spca-and-humane-society","Ontario SPCA and Humane Society","generated",""
"/directory/pet-stores-and-boutiques/","categories","Categories","pet-stores-and-boutiques","Pet Stores & Dog Boutiques Across Canada","generated",""
"/directory/redemption-paws/","directory_detail","Directories","redemption-paws","Redemption Paws","generated",""
"/directory/richview-animal-hospital/","directory_detail","Directories","richview-animal-hospital","Richview Animal Hospital","generated",""
"/directory/river-grove-animal-hospital-mississauga/","directory_detail","Directories","river-grove-animal-hospital-mississauga","River Grove Animal Hospital","generated",""
"/directory/robinson-pet-hospital-milton/","directory_detail","Directories","robinson-pet-hospital-milton","Robinson Pet Hospital","generated",""
"/directory/royal-ford-veterinary-hospital/","directory_detail","Directories","royal-ford-veterinary-hospital","Royal Ford Veterinary Hospital","generated",""
"/directory/royal-york-animal-hospital/","directory_detail","Directories","royal-york-animal-hospital","Royal York Animal Hospital","generated",""
"/directory/second-chance-animal-rescue-society-scars/","directory_detail","Directories","second-chance-animal-rescue-society-scars","Second Chance Animal Rescue Society (SCARS)","generated",""
"/directory/senior-animals-in-need-today-society-saints/","directory_detail","Directories","senior-animals-in-need-today-society-saints","Senior Animals In Need Today Society (SAINTS)","generated",""
"/directory/south-etobicoke-animal-hospital/","directory_detail","Directories","south-etobicoke-animal-hospital","South Etobicoke Animal Hospital","generated",""
"/directory/southdown-animal-clinic-mississauga/","directory_detail","Directories","southdown-animal-clinic-mississauga","Southdown Animal Clinic","generated",""
"/directory/southeast-oakville-vet/","directory_detail","Directories","southeast-oakville-vet","Southeast Oakville Vet","generated",""
"/directory/streetsville-animal-hospital-mississauga/","directory_detail","Directories","streetsville-animal-hospital-mississauga","Streetsville Animal Hospital","generated",""
"/directory/tansley-woods-veterinary-hospital/","directory_detail","Directories","tansley-woods-veterinary-hospital","Tansley Woods Veterinary Hospital","generated",""
"/directory/toronto-humane-society/","directory_detail","Directories","toronto-humane-society","Toronto Humane Society","generated",""
"/directory/toronto-veterinary-clinic-etobicoke/","directory_detail","Directories","toronto-veterinary-clinic-etobicoke","Toronto Veterinary Clinic","generated",""
"/directory/upper-middle-road-animal-hospital-burlington/","directory_detail","Directories","upper-middle-road-animal-hospital-burlington","Upper Middle Road Animal Hospital","generated",""
"/directory/upper-oakville-pet-hospital/","directory_detail","Directories","upper-oakville-pet-hospital","Upper Oakville Pet Hospital","generated",""
"/directory/vca-canada-burlington-animal-hospital/","directory_detail","Directories","vca-canada-burlington-animal-hospital","VCA Canada Burlington Animal Hospital","generated",""
"/directory/veterinarians/","categories","Categories","veterinarians","Veterinarians & Animal Hospitals Across Canada","generated",""
"/directory/westbridge-veterinary-hospital-mississauga/","directory_detail","Directories","westbridge-veterinary-hospital-mississauga","Westbridge Veterinary Hospital","generated",""
"/dog-breeds/","dog_breeds_index","Static","dog-breeds","dog_breeds_index","generated",""
"/dog-breeds/affenpinscher/","dog_breed_detail","Dog Breeds","affenpinscher","Is the Affenpinscher Right for You? Traits, Training & Care Tips","generated",""
"/dog-breeds/afghan-hound/","dog_breed_detail","Dog Breeds","afghan-hound","Afghan Hound Temperament & Training: Family Fit, Exercise & Shedding","generated",""
"/dog-breeds/airedale-terrier/","dog_breed_detail","Dog Breeds","airedale-terrier","Airedale Terrier Care Guide: Temperament, Grooming & Health Considerations","generated",""
"/dog-breeds/akita/","dog_breed_detail","Dog Breeds","akita","Everything to Know About the Akita: Temperament, Shedding & Exercise in Canada","generated",""
"/dog-breeds/alaskan-klee-kai/","dog_breed_detail","Dog Breeds","alaskan-klee-kai","Alaskan Klee Kai Temperament & Training: Family Fit, Exercise & Shedding","generated",""
"/dog-breeds/alaskan-malamute/","dog_breed_detail","Dog Breeds","alaskan-malamute","Alaskan Malamute Care Guide: Temperament, Grooming & Health Considerations","generated",""
"/dog-breeds/american-bulldog/","dog_breed_detail","Dog Breeds","american-bulldog","Choosing a American Bulldog: Energy Level, Trainability & Family Fit in Canada","generated",""
"/dog-breeds/american-cocker-spaniel/","dog_breed_detail","Dog Breeds","american-cocker-spaniel","New to the American Cocker Spaniel? Temperament, Training & Daily Care for Canadians","generated",""
"/dog-breeds/american-english-coonhound/","dog_breed_detail","Dog Breeds","american-english-coonhound","American English Coonhound Temperament & Training: Family Fit, Exercise & Shedding","generated",""
"/dog-breeds/american-eskimo-dog/","dog_breed_detail","Dog Breeds","american-eskimo-dog","New to the American Eskimo Dog? Temperament, Training & Daily Care for Canadians","generated",""
"/dog-breeds/american-foxhound/","dog_breed_detail","Dog Breeds","american-foxhound","Choosing a American Foxhound: Energy Level, Trainability & Family Fit in Canada","generated",""
"/dog-breeds/american-hairless-terrier/","dog_breed_detail","Dog Breeds","american-hairless-terrier","American Hairless Terrier Care Guide: Temperament, Grooming & Health Considerations","generated",""
"/dog-breeds/american-leopard-hound/","dog_breed_detail","Dog Breeds","american-leopard-hound","American Leopard Hound Care Guide: Temperament, Grooming & Health Considerations","generated",""
"/dog-breeds/american-staffordshire-terrier/","dog_breed_detail","Dog Breeds","american-staffordshire-terrier","The American Staffordshire Terrier at a Glance: Personality, Exercise Needs & Shedding","generated",""
"/dog-breeds/american-water-spaniel/","dog_breed_detail","Dog Breeds","american-water-spaniel","Everything to Know About the American Water Spaniel: Temperament, Shedding & Exercise in Canada","generated",""
"/dog-breeds/anatolian-shepherd-dog/","dog_breed_detail","Dog Breeds","anatolian-shepherd-dog","Anatolian Shepherd Dog Temperament & Training: Family Fit, Exercise & Shedding","generated",""
"/dog-breeds/appenzeller-sennenhund/","dog_breed_detail","Dog Breeds","appenzeller-sennenhund","Appenzeller Sennenhund 101: Traits, Shedding and Exercise Needs for Busy Families","generated",""
"/dog-breeds/aussiedoodle/","dog_breed_detail","Dog Breeds","aussiedoodle","The Aussiedoodle at a Glance: Personality, Exercise Needs & Shedding","generated",""
"/dog-breeds/aussiedor/","dog_breed_detail","Dog Breeds","aussiedor","Is the Aussiedor Right for You? Traits, Training & Care Tips","generated",""
"/dog-breeds/australian-cattle-dog/","dog_breed_detail","Dog Breeds","australian-cattle-dog","Australian Cattle Dog Guide for Canadian Owners: Energy, Grooming & Health Essentials","generated",""
"/dog-breeds/australian-kelpie/","dog_breed_detail","Dog Breeds","australian-kelpie","Australian Kelpie Care Guide: Temperament, Grooming & Health Considerations","generated",""
"/dog-breeds/australian-shepherd/","dog_breed_detail","Dog Breeds","australian-shepherd","Everything to Know About the Australian Shepherd: Temperament, Shedding & Exercise in Canada","generated",""
"/dog-breeds/australian-stumpy-tail-cattle-dog/","dog_breed_detail","Dog Breeds","australian-stumpy-tail-cattle-dog","New to the Australian Stumpy Tail Cattle Dog? Temperament, Training & Daily Care for Canadians","generated",""
"/dog-breeds/australian-terrier/","dog_breed_detail","Dog Breeds","australian-terrier","Choosing a Australian Terrier: Energy Level, Trainability & Family Fit in Canada","generated",""
"/dog-breeds/azawakh/","dog_breed_detail","Dog Breeds","azawakh","New to the Azawakh? Temperament, Training & Daily Care for Canadians","generated",""
"/dog-breeds/barbado-da-terceira/","dog_breed_detail","Dog Breeds","barbado-da-terceira","Barbado da Terceira Guide for Canadian Owners: Energy, Grooming & Health Essentials","generated",""
"/dog-breeds/barbet/","dog_breed_detail","Dog Breeds","barbet","Barbet Care Guide: Temperament, Grooming & Health Considerations","generated",""
"/dog-breeds/basenji/","dog_breed_detail","Dog Breeds","basenji","New to the Basenji? Temperament, Training & Daily Care for Canadians","generated",""
"/dog-breeds/basset-fauve-de-bretagne/","dog_breed_detail","Dog Breeds","basset-fauve-de-bretagne","Basset Fauve de Bretagne Guide for Canadian Owners: Energy, Grooming & Health Essentials","generated",""
"/dog-breeds/basset-hound/","dog_breed_detail","Dog Breeds","basset-hound","Is the Basset Hound Right for You? Traits, Training & Care Tips","generated",""
"/dog-breeds/beagle/","dog_breed_detail","Dog Breeds","beagle","New to the Beagle? Temperament, Training & Daily Care for Canadians","generated",""
"/dog-breeds/bearded-collie/","dog_breed_detail","Dog Breeds","bearded-collie","Choosing a Bearded Collie: Energy Level, Trainability & Family Fit in Canada","generated",""
"/dog-breeds/beauceron/","dog_breed_detail","Dog Breeds","beauceron","Beauceron Care Guide: Temperament, Grooming & Health Considerations","generated",""
"/dog-breeds/bedlington-terrier/","dog_breed_detail","Dog Breeds","bedlington-terrier","Bedlington Terrier Care Guide: Temperament, Grooming & Health Considerations","generated",""
"/dog-breeds/belgian-laekenois/","dog_breed_detail","Dog Breeds","belgian-laekenois","Is the Belgian Laekenois Right for You? Traits, Training & Care Tips","generated",""
"/dog-breeds/belgian-malinois/","dog_breed_detail","Dog Breeds","belgian-malinois","Belgian Malinois 101: Traits, Shedding and Exercise Needs for Busy Families","generated",""
"/dog-breeds/belgian-sheepdog/","dog_breed_detail","Dog Breeds","belgian-sheepdog","Belgian Sheepdog Care Guide: Temperament, Grooming & Health Considerations","generated",""
"/dog-breeds/belgian-tervuren/","dog_breed_detail","Dog Breeds","belgian-tervuren","Caring for a Belgian Tervuren in Canada: Lifestyle, Grooming & Health Basics","generated",""
"/dog-breeds/bergamasco-sheepdog/","dog_breed_detail","Dog Breeds","bergamasco-sheepdog","Bergamasco Sheepdog Guide for Canadian Owners: Energy, Grooming & Health Essentials","generated",""
"/dog-breeds/berger-picard/","dog_breed_detail","Dog Breeds","berger-picard","Berger Picard 101: Traits, Shedding and Exercise Needs for Busy Families","generated",""
"/dog-breeds/bernedoodle/","dog_breed_detail","Dog Breeds","bernedoodle","Caring for a Bernedoodle in Canada: Lifestyle, Grooming & Health Basics","generated",""
"/dog-breeds/bernese-mountain-dog/","dog_breed_detail","Dog Breeds","bernese-mountain-dog","Choosing a Bernese Mountain Dog: Energy Level, Trainability & Family Fit in Canada","generated",""
"/dog-breeds/bichon-frise/","dog_breed_detail","Dog Breeds","bichon-frise","Is the Bichon Frise Right for You? Traits, Training & Care Tips","generated",""
"/dog-breeds/biewer-terrier/","dog_breed_detail","Dog Breeds","biewer-terrier","Biewer Terrier Care Guide: Temperament, Grooming & Health Considerations","generated",""
"/dog-breeds/black-and-tan-coonhound/","dog_breed_detail","Dog Breeds","black-and-tan-coonhound","Black and Tan Coonhound Temperament & Training: Family Fit, Exercise & Shedding","generated",""
"/dog-breeds/black-russian-terrier/","dog_breed_detail","Dog Breeds","black-russian-terrier","Choosing a Black Russian Terrier: Energy Level, Trainability & Family Fit in Canada","generated",""
"/dog-breeds/bloodhound/","dog_breed_detail","Dog Breeds","bloodhound","Bloodhound 101: Traits, Shedding and Exercise Needs for Busy Families","generated",""
"/dog-breeds/bluetick-coonhound/","dog_breed_detail","Dog Breeds","bluetick-coonhound","Bluetick Coonhound Temperament & Training: Family Fit, Exercise & Shedding","generated",""
"/dog-breeds/boerboel/","dog_breed_detail","Dog Breeds","boerboel","Choosing a Boerboel: Energy Level, Trainability & Family Fit in Canada","generated",""
"/dog-breeds/borador/","dog_breed_detail","Dog Breeds","borador","Everything to Know About the Borador: Temperament, Shedding & Exercise in Canada","generated",""
"/dog-breeds/border-collie/","dog_breed_detail","Dog Breeds","border-collie","Border Collie Temperament & Training: Family Fit, Exercise & Shedding","generated",""
"/dog-breeds/border-terrier/","dog_breed_detail","Dog Breeds","border-terrier","Is the Border Terrier Right for You? Traits, Training & Care Tips","generated",""
"/dog-breeds/bordoodle/","dog_breed_detail","Dog Breeds","bordoodle","Bordoodle Temperament & Training: Family Fit, Exercise & Shedding","generated",""
"/dog-breeds/borzoi/","dog_breed_detail","Dog Breeds","borzoi","Choosing a Borzoi: Energy Level, Trainability & Family Fit in Canada","generated",""
"/dog-breeds/boston-terrier/","dog_breed_detail","Dog Breeds","boston-terrier","New to the Boston Terrier? Temperament, Training & Daily Care for Canadians","generated",""
"/dog-breeds/bouvier-des-flandres/","dog_breed_detail","Dog Breeds","bouvier-des-flandres","New to the Bouvier des Flandres? Temperament, Training & Daily Care for Canadians","generated",""
"/dog-breeds/boxer/","dog_breed_detail","Dog Breeds","boxer","Boxer 101: Traits, Shedding and Exercise Needs for Busy Families","generated",""
"/dog-breeds/boykin-spaniel/","dog_breed_detail","Dog Breeds","boykin-spaniel","Everything to Know About the Boykin Spaniel: Temperament, Shedding & Exercise in Canada","generated",""
"/dog-breeds/bracco-italiano/","dog_breed_detail","Dog Breeds","bracco-italiano","Is the Bracco Italiano Right for You? Traits, Training & Care Tips","generated",""
"/dog-breeds/braque-du-bourbonnais/","dog_breed_detail","Dog Breeds","braque-du-bourbonnais","Braque du Bourbonnais Care Guide: Temperament, Grooming & Health Considerations","generated",""
"/dog-breeds/briard/","dog_breed_detail","Dog Breeds","briard","Briard Guide for Canadian Owners: Energy, Grooming & Health Essentials","generated",""
"/dog-breeds/brittany/","dog_breed_detail","Dog Breeds","brittany","Is the Brittany Right for You? Traits, Training & Care Tips","generated",""
"/dog-breeds/broholmer/","dog_breed_detail","Dog Breeds","broholmer","Everything to Know About the Broholmer: Temperament, Shedding & Exercise in Canada","generated",""
"/dog-breeds/brussels-griffon/","dog_breed_detail","Dog Breeds","brussels-griffon","Brussels Griffon Guide for Canadian Owners: Energy, Grooming & Health Essentials","generated",""
"/dog-breeds/bugg-pugston/","dog_breed_detail","Dog Breeds","bugg-pugston","Bugg (Pugston) Temperament & Training: Family Fit, Exercise & Shedding","generated",""
"/dog-breeds/bull-terrier/","dog_breed_detail","Dog Breeds","bull-terrier","New to the Bull Terrier? Temperament, Training & Daily Care for Canadians","generated",""
"/dog-breeds/bulldog/","dog_breed_detail","Dog Breeds","bulldog","Bulldog 101: Traits, Shedding and Exercise Needs for Busy Families","generated",""
"/dog-breeds/bullmastiff/","dog_breed_detail","Dog Breeds","bullmastiff","Bullmastiff 101: Traits, Shedding and Exercise Needs for Busy Families","generated",""
"/dog-breeds/cairn-terrier/","dog_breed_detail","Dog Breeds","cairn-terrier","Cairn Terrier Temperament & Training: Family Fit, Exercise & Shedding","generated",""
"/dog-breeds/canaan-dog/","dog_breed_detail","Dog Breeds","canaan-dog","Everything to Know About the Canaan Dog: Temperament, Shedding & Exercise in Canada","generated",""
"/dog-breeds/cane-corso/","dog_breed_detail","Dog Breeds","cane-corso","Choosing a Cane Corso: Energy Level, Trainability & Family Fit in Canada","generated",""
"/dog-breeds/cardigan-welsh-corgi/","dog_breed_detail","Dog Breeds","cardigan-welsh-corgi","Cardigan Welsh Corgi Guide for Canadian Owners: Energy, Grooming & Health Essentials","generated",""
"/dog-breeds/carolina-dog/","dog_breed_detail","Dog Breeds","carolina-dog","Carolina Dog Guide for Canadian Owners: Energy, Grooming & Health Essentials","generated",""
"/dog-breeds/catahoula-leopard-dog/","dog_breed_detail","Dog Breeds","catahoula-leopard-dog","Catahoula Leopard Dog Temperament & Training: Family Fit, Exercise & Shedding","generated",""
"/dog-breeds/caucasian-shepherd-dog/","dog_breed_detail","Dog Breeds","caucasian-shepherd-dog","Caucasian Shepherd Dog Temperament & Training: Family Fit, Exercise & Shedding","generated",""
"/dog-breeds/cavalier-king-charles-spaniel/","dog_breed_detail","Dog Breeds","cavalier-king-charles-spaniel","New to the Cavalier King Charles Spaniel? Temperament, Training & Daily Care for Canadians","generated",""
"/dog-breeds/cavapoo/","dog_breed_detail","Dog Breeds","cavapoo","The Cavapoo at a Glance: Personality, Exercise Needs & Shedding","generated",""
"/dog-breeds/central-asian-shepherd-dog/","dog_breed_detail","Dog Breeds","central-asian-shepherd-dog","Central Asian Shepherd Dog Guide for Canadian Owners: Energy, Grooming & Health Essentials","generated",""
"/dog-breeds/cesky-terrier/","dog_breed_detail","Dog Breeds","cesky-terrier","Is the Cesky Terrier Right for You? Traits, Training & Care Tips","generated",""
"/dog-breeds/chesapeake-bay-retriever/","dog_breed_detail","Dog Breeds","chesapeake-bay-retriever","Choosing a Chesapeake Bay Retriever: Energy Level, Trainability & Family Fit in Canada","generated",""
"/dog-breeds/chihuahua/","dog_breed_detail","Dog Breeds","chihuahua","Chihuahua Temperament & Training: Family Fit, Exercise & Shedding","generated",""
"/dog-breeds/chinese-crested/","dog_breed_detail","Dog Breeds","chinese-crested","Is the Chinese Crested Right for You? Traits, Training & Care Tips","generated",""
"/dog-breeds/chinese-shar-pei/","dog_breed_detail","Dog Breeds","chinese-shar-pei","Chinese Shar-Pei Guide for Canadian Owners: Energy, Grooming & Health Essentials","generated",""
"/dog-breeds/chinook/","dog_breed_detail","Dog Breeds","chinook","Choosing a Chinook: Energy Level, Trainability & Family Fit in Canada","generated",""
"/dog-breeds/chiweenie/","dog_breed_detail","Dog Breeds","chiweenie","Caring for a Chiweenie in Canada: Lifestyle, Grooming & Health Basics","generated",""
"/dog-breeds/chow-chow/","dog_breed_detail","Dog Breeds","chow-chow","Is the Chow Chow Right for You? Traits, Training & Care Tips","generated",""
"/dog-breeds/cirneco-delletna/","dog_breed_detail","Dog Breeds","cirneco-delletna","Cirneco dell’Etna Guide for Canadian Owners: Energy, Grooming & Health Essentials","generated",""
"/dog-breeds/clumber-spaniel/","dog_breed_detail","Dog Breeds","clumber-spaniel","Clumber Spaniel Temperament & Training: Family Fit, Exercise & Shedding","generated",""
"/dog-breeds/cockapoo/","dog_breed_detail","Dog Breeds","cockapoo","Cockapoo Care Guide: Temperament, Grooming & Health Considerations","generated",""
"/dog-breeds/cocker-spaniel/","dog_breed_detail","Dog Breeds","cocker-spaniel","Is the Cocker Spaniel Right for You? Traits, Training & Care Tips","generated",""
"/dog-breeds/collie/","dog_breed_detail","Dog Breeds","collie","Everything to Know About the Collie: Temperament, Shedding & Exercise in Canada","generated",""
"/dog-breeds/coton-de-tulear/","dog_breed_detail","Dog Breeds","coton-de-tulear","Coton de Tulear Guide for Canadian Owners: Energy, Grooming & Health Essentials","generated",""
"/dog-breeds/croatian-sheepdog/","dog_breed_detail","Dog Breeds","croatian-sheepdog","Croatian Sheepdog Care Guide: Temperament, Grooming & Health Considerations","generated",""
"/dog-breeds/curly-coated-retriever/","dog_breed_detail","Dog Breeds","curly-coated-retriever","Curly-Coated Retriever Guide for Canadian Owners: Energy, Grooming & Health Essentials","generated",""
"/dog-breeds/czechoslovakian-vlcak/","dog_breed_detail","Dog Breeds","czechoslovakian-vlcak","Czechoslovakian Vlcak Care Guide: Temperament, Grooming & Health Considerations","generated",""
"/dog-breeds/dachshund/","dog_breed_detail","Dog Breeds","dachshund","Everything to Know About the Dachshund: Temperament, Shedding & Exercise in Canada","generated",""
"/dog-breeds/dalmatian/","dog_breed_detail","Dog Breeds","dalmatian","The Dalmatian at a Glance: Personality, Exercise Needs & Shedding","generated",""
"/dog-breeds/dandie-dinmont-terrier/","dog_breed_detail","Dog Breeds","dandie-dinmont-terrier","Is the Dandie Dinmont Terrier Right for You? Traits, Training & Care Tips","generated",""
"/dog-breeds/danish-swedish-farmdog/","dog_breed_detail","Dog Breeds","danish-swedish-farmdog","Choosing a Danish-Swedish Farmdog: Energy Level, Trainability & Family Fit in Canada","generated",""
"/dog-breeds/deutscher-wachtelhund/","dog_breed_detail","Dog Breeds","deutscher-wachtelhund","Deutscher Wachtelhund Guide for Canadian Owners: Energy, Grooming & Health Essentials","generated",""
"/dog-breeds/doberman-pinscher/","dog_breed_detail","Dog Breeds","doberman-pinscher","The Doberman Pinscher at a Glance: Personality, Exercise Needs & Shedding","generated",""
"/dog-breeds/dogo-argentino/","dog_breed_detail","Dog Breeds","dogo-argentino","Caring for a Dogo Argentino in Canada: Lifestyle, Grooming & Health Basics","generated",""
"/dog-breeds/dogue-de-bordeaux/","dog_breed_detail","Dog Breeds","dogue-de-bordeaux","New to the Dogue de Bordeaux? Temperament, Training & Daily Care for Canadians","generated",""
"/dog-breeds/drentsche-patrijshond/","dog_breed_detail","Dog Breeds","drentsche-patrijshond","Drentsche Patrijshond Temperament & Training: Family Fit, Exercise & Shedding","generated",""
"/dog-breeds/dutch-shepherd/","dog_breed_detail","Dog Breeds","dutch-shepherd","Dutch Shepherd Temperament & Training: Family Fit, Exercise & Shedding","generated",""
"/dog-breeds/english-cocker-spaniel/","dog_breed_detail","Dog Breeds","english-cocker-spaniel","New to the English Cocker Spaniel? Temperament, Training & Daily Care for Canadians","generated",""
"/dog-breeds/english-foxhound/","dog_breed_detail","Dog Breeds","english-foxhound","Caring for a English Foxhound in Canada: Lifestyle, Grooming & Health Basics","generated",""
"/dog-breeds/english-setter/","dog_breed_detail","Dog Breeds","english-setter","New to the English Setter? Temperament, Training & Daily Care for Canadians","generated",""
"/dog-breeds/english-springer-spaniel/","dog_breed_detail","Dog Breeds","english-springer-spaniel","Caring for a English Springer Spaniel in Canada: Lifestyle, Grooming & Health Basics","generated",""
"/dog-breeds/english-toy-spaniel/","dog_breed_detail","Dog Breeds","english-toy-spaniel","Everything to Know About the English Toy Spaniel: Temperament, Shedding & Exercise in Canada","generated",""
"/dog-breeds/entlebucher-mountain-dog/","dog_breed_detail","Dog Breeds","entlebucher-mountain-dog","The Entlebucher Mountain Dog at a Glance: Personality, Exercise Needs & Shedding","generated",""
"/dog-breeds/estrela-mountain-dog/","dog_breed_detail","Dog Breeds","estrela-mountain-dog","Estrela Mountain Dog Care Guide: Temperament, Grooming & Health Considerations","generated",""
"/dog-breeds/eurasier/","dog_breed_detail","Dog Breeds","eurasier","Eurasier Temperament & Training: Family Fit, Exercise & Shedding","generated",""
"/dog-breeds/field-spaniel/","dog_breed_detail","Dog Breeds","field-spaniel","Everything to Know About the Field Spaniel: Temperament, Shedding & Exercise in Canada","generated",""
"/dog-breeds/finnish-lapphund/","dog_breed_detail","Dog Breeds","finnish-lapphund","Is the Finnish Lapphund Right for You? Traits, Training & Care Tips","generated",""
"/dog-breeds/finnish-spitz/","dog_breed_detail","Dog Breeds","finnish-spitz","Is the Finnish Spitz Right for You? Traits, Training & Care Tips","generated",""
"/dog-breeds/flat-coated-retriever/","dog_breed_detail","Dog Breeds","flat-coated-retriever","New to the Flat-Coated Retriever? Temperament, Training & Daily Care for Canadians","generated",""
"/dog-breeds/french-bulldog/","dog_breed_detail","Dog Breeds","french-bulldog","French Bulldog Care Guide: Temperament, Grooming & Health Considerations","generated",""
"/dog-breeds/gerberian-shepsky/","dog_breed_detail","Dog Breeds","gerberian-shepsky","New to the Gerberian Shepsky? Temperament, Training & Daily Care for Canadians","generated",""
"/dog-breeds/german-longhaired-pointer/","dog_breed_detail","Dog Breeds","german-longhaired-pointer","Caring for a German Longhaired Pointer in Canada: Lifestyle, Grooming & Health Basics","generated",""
"/dog-breeds/german-pinscher/","dog_breed_detail","Dog Breeds","german-pinscher","Caring for a German Pinscher in Canada: Lifestyle, Grooming & Health Basics","generated",""
"/dog-breeds/german-shepherd-dog/","dog_breed_detail","Dog Breeds","german-shepherd-dog","German Shepherd Dog 101: Traits, Shedding and Exercise Needs for Busy Families","generated",""
"/dog-breeds/german-shepherd/","dog_breed_detail","Dog Breeds","german-shepherd","Choosing a German Shepherd: Energy Level, Trainability & Family Fit in Canada","generated",""
"/dog-breeds/german-shorthaired-pointer/","dog_breed_detail","Dog Breeds","german-shorthaired-pointer","German Shorthaired Pointer Guide for Canadian Owners: Energy, Grooming & Health Essentials","generated",""
"/dog-breeds/german-spitz/","dog_breed_detail","Dog Breeds","german-spitz","Choosing a German Spitz: Energy Level, Trainability & Family Fit in Canada","generated",""
"/dog-breeds/german-wirehaired-pointer/","dog_breed_detail","Dog Breeds","german-wirehaired-pointer","Caring for a German Wirehaired Pointer in Canada: Lifestyle, Grooming & Health Basics","generated",""
"/dog-breeds/giant-schnauzer/","dog_breed_detail","Dog Breeds","giant-schnauzer","Everything to Know About the Giant Schnauzer: Temperament, Shedding & Exercise in Canada","generated",""
"/dog-breeds/glen-of-imaal-terrier/","dog_breed_detail","Dog Breeds","glen-of-imaal-terrier","Choosing a Glen of Imaal Terrier: Energy Level, Trainability & Family Fit in Canada","generated",""
"/dog-breeds/goldador/","dog_breed_detail","Dog Breeds","goldador","Choosing a Goldador: Energy Level, Trainability & Family Fit in Canada","generated",""
"/dog-breeds/golden-retriever/","dog_breed_detail","Dog Breeds","golden-retriever","Golden Retriever 101: Traits, Shedding and Exercise Needs for Busy Families","generated",""
"/dog-breeds/goldendoodle/","dog_breed_detail","Dog Breeds","goldendoodle","Everything to Know About the Goldendoodle: Temperament, Shedding & Exercise in Canada","generated",""
"/dog-breeds/gordon-setter/","dog_breed_detail","Dog Breeds","gordon-setter","Gordon Setter Guide for Canadian Owners: Energy, Grooming & Health Essentials","generated",""
"/dog-breeds/grand-basset-griffon-vendeen/","dog_breed_detail","Dog Breeds","grand-basset-griffon-vendeen","Grand Basset Griffon Vendeen Temperament & Training: Family Fit, Exercise & Shedding","generated",""
"/dog-breeds/great-bernese/","dog_breed_detail","Dog Breeds","great-bernese","Great Bernese 101: Traits, Shedding and Exercise Needs for Busy Families","generated",""
"/dog-breeds/great-dane/","dog_breed_detail","Dog Breeds","great-dane","Great Dane Care Guide: Temperament, Grooming & Health Considerations","generated",""
"/dog-breeds/great-pyrenees/","dog_breed_detail","Dog Breeds","great-pyrenees","Great Pyrenees Guide for Canadian Owners: Energy, Grooming & Health Essentials","generated",""
"/dog-breeds/greater-swiss-mountain-dog/","dog_breed_detail","Dog Breeds","greater-swiss-mountain-dog","Greater Swiss Mountain Dog Temperament & Training: Family Fit, Exercise & Shedding","generated",""
"/dog-breeds/greyhound/","dog_breed_detail","Dog Breeds","greyhound","Greyhound Temperament & Training: Family Fit, Exercise & Shedding","generated",""
"/dog-breeds/group/herding-dogs/","breed_group","Breed Groups","herding-dogs","Brilliant workers with big energy—best for engaged Canadian owners","generated",""
"/dog-breeds/group/hound-dogs/","breed_group","Breed Groups","hound-dogs","Scent and sight specialists with independent streaks—great for explorers","generated",""
"/dog-breeds/group/hybrid-designer-mixes/","breed_group","Breed Groups","hybrid-designer-mixes","Popular designer and Doodle mixes—family‑friendly with varied coats","generated",""
"/dog-breeds/group/miscellaneous/","breed_group","Breed Groups","miscellaneous","Rare and emerging dog breeds gaining recognition in Canada","generated",""
"/dog-breeds/group/non-sporting-dogs/","breed_group","Breed Groups","non-sporting-dogs","A diverse group—unique coats, sizes and personalities for Canadian homes","generated",""
"/dog-breeds/group/sporting-dogs/","breed_group","Breed Groups","sporting-dogs","Active, trainable companions built for outdoor adventures in Canada","generated",""
"/dog-breeds/group/terrier-dogs/","breed_group","Breed Groups","terrier-dogs","Feisty, clever companions with big personalities and bold energy","generated",""
"/dog-breeds/group/toy-dogs/","breed_group","Breed Groups","toy-dogs","Small in size, big in personality—great for condos and city life","generated",""
"/dog-breeds/group/working-dogs/","breed_group","Breed Groups","working-dogs","Strong, reliable guardians and workers suited to Canada’s climates","generated",""
"/dog-breeds/hamiltonstovare/","dog_breed_detail","Dog Breeds","hamiltonstovare","Caring for a Hamiltonstovare in Canada: Lifestyle, Grooming & Health Basics","generated",""
"/dog-breeds/harrier/","dog_breed_detail","Dog Breeds","harrier","The Harrier at a Glance: Personality, Exercise Needs & Shedding","generated",""
"/dog-breeds/havanese/","dog_breed_detail","Dog Breeds","havanese","Havanese Temperament & Training: Family Fit, Exercise & Shedding","generated",""
"/dog-breeds/havapoo-poovanese/","dog_breed_detail","Dog Breeds","havapoo-poovanese","Havapoo (Poovanese) Temperament & Training: Family Fit, Exercise & Shedding","generated",""
"/dog-breeds/hokkaido/","dog_breed_detail","Dog Breeds","hokkaido","The Hokkaido at a Glance: Personality, Exercise Needs & Shedding","generated",""
"/dog-breeds/hovawart/","dog_breed_detail","Dog Breeds","hovawart","Hovawart Temperament & Training: Family Fit, Exercise & Shedding","generated",""
"/dog-breeds/husky-collie-mix/","dog_breed_detail","Dog Breeds","husky-collie-mix","Everything to Know About the Husky Collie Mix: Temperament, Shedding & Exercise in Canada","generated",""
"/dog-breeds/husky-retriever-mix/","dog_breed_detail","Dog Breeds","husky-retriever-mix","The Husky Retriever Mix at a Glance: Personality, Exercise Needs & Shedding","generated",""
"/dog-breeds/ibizan-hound/","dog_breed_detail","Dog Breeds","ibizan-hound","Ibizan Hound Care Guide: Temperament, Grooming & Health Considerations","generated",""
"/dog-breeds/icelandic-sheepdog/","dog_breed_detail","Dog Breeds","icelandic-sheepdog","Caring for a Icelandic Sheepdog in Canada: Lifestyle, Grooming & Health Basics","generated",""
"/dog-breeds/irish-doodle/","dog_breed_detail","Dog Breeds","irish-doodle","New to the Irish Doodle? Temperament, Training & Daily Care for Canadians","generated",""
"/dog-breeds/irish-red-and-white-setter/","dog_breed_detail","Dog Breeds","irish-red-and-white-setter","Irish Red and White Setter Guide for Canadian Owners: Energy, Grooming & Health Essentials","generated",""
"/dog-breeds/irish-setter/","dog_breed_detail","Dog Breeds","irish-setter","Irish Setter Care Guide: Temperament, Grooming & Health Considerations","generated",""
"/dog-breeds/irish-terrier/","dog_breed_detail","Dog Breeds","irish-terrier","Choosing a Irish Terrier: Energy Level, Trainability & Family Fit in Canada","generated",""
"/dog-breeds/irish-water-spaniel/","dog_breed_detail","Dog Breeds","irish-water-spaniel","Irish Water Spaniel Guide for Canadian Owners: Energy, Grooming & Health Essentials","generated",""
"/dog-breeds/irish-wolfhound/","dog_breed_detail","Dog Breeds","irish-wolfhound","Caring for a Irish Wolfhound in Canada: Lifestyle, Grooming & Health Basics","generated",""
"/dog-breeds/italian-greyhound/","dog_breed_detail","Dog Breeds","italian-greyhound","Italian Greyhound 101: Traits, Shedding and Exercise Needs for Busy Families","generated",""
"/dog-breeds/italian-spinone/","dog_breed_detail","Dog Breeds","italian-spinone","Caring for a Italian Spinone in Canada: Lifestyle, Grooming & Health Basics","generated",""
"/dog-breeds/japanese-chin/","dog_breed_detail","Dog Breeds","japanese-chin","Japanese Chin 101: Traits, Shedding and Exercise Needs for Busy Families","generated",""
"/dog-breeds/japanese-spitz/","dog_breed_detail","Dog Breeds","japanese-spitz","Everything to Know About the Japanese Spitz: Temperament, Shedding & Exercise in Canada","generated",""
"/dog-breeds/japanese-terrier/","dog_breed_detail","Dog Breeds","japanese-terrier","Everything to Know About the Japanese Terrier: Temperament, Shedding & Exercise in Canada","generated",""
"/dog-breeds/jindo/","dog_breed_detail","Dog Breeds","jindo","Everything to Know About the Jindo: Temperament, Shedding & Exercise in Canada","generated",""
"/dog-breeds/kai-ken/","dog_breed_detail","Dog Breeds","kai-ken","Kai Ken 101: Traits, Shedding and Exercise Needs for Busy Families","generated",""
"/dog-breeds/karelian-bear-dog/","dog_breed_detail","Dog Breeds","karelian-bear-dog","Karelian Bear Dog 101: Traits, Shedding and Exercise Needs for Busy Families","generated",""
"/dog-breeds/keeshond/","dog_breed_detail","Dog Breeds","keeshond","Choosing a Keeshond: Energy Level, Trainability & Family Fit in Canada","generated",""
"/dog-breeds/kerry-blue-terrier/","dog_breed_detail","Dog Breeds","kerry-blue-terrier","Is the Kerry Blue Terrier Right for You? Traits, Training & Care Tips","generated",""
"/dog-breeds/king-shepherd/","dog_breed_detail","Dog Breeds","king-shepherd","New to the King Shepherd? Temperament, Training & Daily Care for Canadians","generated",""
"/dog-breeds/komondor/","dog_breed_detail","Dog Breeds","komondor","Is the Komondor Right for You? Traits, Training & Care Tips","generated",""
"/dog-breeds/kooikerhondje/","dog_breed_detail","Dog Breeds","kooikerhondje","Choosing a Kooikerhondje: Energy Level, Trainability & Family Fit in Canada","generated",""
"/dog-breeds/korean-jindo-dog/","dog_breed_detail","Dog Breeds","korean-jindo-dog","The Korean Jindo Dog at a Glance: Personality, Exercise Needs & Shedding","generated",""
"/dog-breeds/kuvasz/","dog_breed_detail","Dog Breeds","kuvasz","Is the Kuvasz Right for You? Traits, Training & Care Tips","generated",""
"/dog-breeds/l-wchen/","dog_breed_detail","Dog Breeds","l-wchen","New to the Löwchen? Temperament, Training & Daily Care for Canadians","generated",""
"/dog-breeds/labradoodle/","dog_breed_detail","Dog Breeds","labradoodle","Labradoodle 101: Traits, Shedding and Exercise Needs for Busy Families","generated",""
"/dog-breeds/labrador-retriever/","dog_breed_detail","Dog Breeds","labrador-retriever","Labrador Retriever 101: Traits, Shedding and Exercise Needs for Busy Families","generated",""
"/dog-breeds/labsky/","dog_breed_detail","Dog Breeds","labsky","Labsky Care Guide: Temperament, Grooming & Health Considerations","generated",""
"/dog-breeds/lagotto-romagnolo/","dog_breed_detail","Dog Breeds","lagotto-romagnolo","Lagotto Romagnolo 101: Traits, Shedding and Exercise Needs for Busy Families","generated",""
"/dog-breeds/lakeland-terrier/","dog_breed_detail","Dog Breeds","lakeland-terrier","Caring for a Lakeland Terrier in Canada: Lifestyle, Grooming & Health Basics","generated",""
"/dog-breeds/lancashire-heeler/","dog_breed_detail","Dog Breeds","lancashire-heeler","Caring for a Lancashire Heeler in Canada: Lifestyle, Grooming & Health Basics","generated",""
"/dog-breeds/landseer/","dog_breed_detail","Dog Breeds","landseer","Choosing a Landseer: Energy Level, Trainability & Family Fit in Canada","generated",""
"/dog-breeds/lapponian-herder/","dog_breed_detail","Dog Breeds","lapponian-herder","Lapponian Herder 101: Traits, Shedding and Exercise Needs for Busy Families","generated",""
"/dog-breeds/large-munsterlander/","dog_breed_detail","Dog Breeds","large-munsterlander","Large Munsterlander Temperament & Training: Family Fit, Exercise & Shedding","generated",""
"/dog-breeds/leonberger/","dog_breed_detail","Dog Breeds","leonberger","Caring for a Leonberger in Canada: Lifestyle, Grooming & Health Basics","generated",""
"/dog-breeds/lhasa-apso/","dog_breed_detail","Dog Breeds","lhasa-apso","Lhasa Apso Care Guide: Temperament, Grooming & Health Considerations","generated",""
"/dog-breeds/malshi/","dog_breed_detail","Dog Breeds","malshi","Malshi 101: Traits, Shedding and Exercise Needs for Busy Families","generated",""
"/dog-breeds/maltese/","dog_breed_detail","Dog Breeds","maltese","Is the Maltese Right for You? Traits, Training & Care Tips","generated",""
"/dog-breeds/maltipoo/","dog_breed_detail","Dog Breeds","maltipoo","Maltipoo Temperament & Training: Family Fit, Exercise & Shedding","generated",""
"/dog-breeds/manchester-terrier/","dog_breed_detail","Dog Breeds","manchester-terrier","The Manchester Terrier at a Glance: Personality, Exercise Needs & Shedding","generated",""
"/dog-breeds/maremma-sheepdog/","dog_breed_detail","Dog Breeds","maremma-sheepdog","The Maremma Sheepdog at a Glance: Personality, Exercise Needs & Shedding","generated",""
"/dog-breeds/mastiff/","dog_breed_detail","Dog Breeds","mastiff","The Mastiff at a Glance: Personality, Exercise Needs & Shedding","generated",""
"/dog-breeds/miniature-american-shepherd-2/","dog_breed_detail","Dog Breeds","miniature-american-shepherd-2","Is the Miniature American Shepherd Right for You? Traits, Training & Care Tips","generated",""
"/dog-breeds/miniature-american-shepherd/","dog_breed_detail","Dog Breeds","miniature-american-shepherd","Caring for a Miniature American Shepherd in Canada: Lifestyle, Grooming & Health Basics","generated",""
"/dog-breeds/miniature-bull-terrier/","dog_breed_detail","Dog Breeds","miniature-bull-terrier","Miniature Bull Terrier Care Guide: Temperament, Grooming & Health Considerations","generated",""
"/dog-breeds/miniature-pinscher/","dog_breed_detail","Dog Breeds","miniature-pinscher","Miniature Pinscher 101: Traits, Shedding and Exercise Needs for Busy Families","generated",""
"/dog-breeds/miniature-schnauzer/","dog_breed_detail","Dog Breeds","miniature-schnauzer","Miniature Schnauzer Care Guide: Temperament, Grooming & Health Considerations","generated",""
"/dog-breeds/morkie/","dog_breed_detail","Dog Breeds","morkie","Caring for a Morkie in Canada: Lifestyle, Grooming & Health Basics","generated",""
"/dog-breeds/mountain-cur/","dog_breed_detail","Dog Breeds","mountain-cur","Caring for a Mountain Cur in Canada: Lifestyle, Grooming & Health Basics","generated",""
"/dog-breeds/mudi/","dog_breed_detail","Dog Breeds","mudi","Mudi Guide for Canadian Owners: Energy, Grooming & Health Essentials","generated",""
"/dog-breeds/neapolitan-mastiff/","dog_breed_detail","Dog Breeds","neapolitan-mastiff","Neapolitan Mastiff Care Guide: Temperament, Grooming & Health Considerations","generated",""
"/dog-breeds/nederlandse-kooikerhondje/","dog_breed_detail","Dog Breeds","nederlandse-kooikerhondje","Nederlandse Kooikerhondje 101: Traits, Shedding and Exercise Needs for Busy Families","generated",""
"/dog-breeds/newfoundland/","dog_breed_detail","Dog Breeds","newfoundland","Caring for a Newfoundland in Canada: Lifestyle, Grooming & Health Basics","generated",""
"/dog-breeds/newfypoo/","dog_breed_detail","Dog Breeds","newfypoo","The Newfypoo at a Glance: Personality, Exercise Needs & Shedding","generated",""
"/dog-breeds/norfolk-terrier/","dog_breed_detail","Dog Breeds","norfolk-terrier","Norfolk Terrier 101: Traits, Shedding and Exercise Needs for Busy Families","generated",""
"/dog-breeds/norrbottenspets/","dog_breed_detail","Dog Breeds","norrbottenspets","Norrbottenspets 101: Traits, Shedding and Exercise Needs for Busy Families","generated",""
"/dog-breeds/northern-arctic-mix/","dog_breed_detail","Dog Breeds","northern-arctic-mix","Northern/Arctic Landrace Mix Guide for Canadian Owners: Energy, Grooming & Health Essentials","generated",""
"/dog-breeds/norwegian-buhund/","dog_breed_detail","Dog Breeds","norwegian-buhund","Is the Norwegian Buhund Right for You? Traits, Training & Care Tips","generated",""
"/dog-breeds/norwegian-elkhound/","dog_breed_detail","Dog Breeds","norwegian-elkhound","New to the Norwegian Elkhound? Temperament, Training & Daily Care for Canadians","generated",""
"/dog-breeds/norwegian-lundehund/","dog_breed_detail","Dog Breeds","norwegian-lundehund","Norwegian Lundehund 101: Traits, Shedding and Exercise Needs for Busy Families","generated",""
"/dog-breeds/norwich-terrier/","dog_breed_detail","Dog Breeds","norwich-terrier","New to the Norwich Terrier? Temperament, Training & Daily Care for Canadians","generated",""
"/dog-breeds/nova-scotia-duck-tolling-retriever/","dog_breed_detail","Dog Breeds","nova-scotia-duck-tolling-retriever","Everything to Know About the Nova Scotia Duck Tolling Retriever: Temperament, Shedding & Exercise in Canada","generated",""
"/dog-breeds/old-english-sheepdog/","dog_breed_detail","Dog Breeds","old-english-sheepdog","Caring for a Old English Sheepdog in Canada: Lifestyle, Grooming & Health Basics","generated",""
"/dog-breeds/otterhound/","dog_breed_detail","Dog Breeds","otterhound","Otterhound Guide for Canadian Owners: Energy, Grooming & Health Essentials","generated",""
"/dog-breeds/papillon/","dog_breed_detail","Dog Breeds","papillon","New to the Papillon? Temperament, Training & Daily Care for Canadians","generated",""
"/dog-breeds/parson-russell-terrier/","dog_breed_detail","Dog Breeds","parson-russell-terrier","Parson Russell Terrier 101: Traits, Shedding and Exercise Needs for Busy Families","generated",""
"/dog-breeds/pekingese/","dog_breed_detail","Dog Breeds","pekingese","Caring for a Pekingese in Canada: Lifestyle, Grooming & Health Basics","generated",""
"/dog-breeds/pembroke-welsh-corgi/","dog_breed_detail","Dog Breeds","pembroke-welsh-corgi","Is the Pembroke Welsh Corgi Right for You? Traits, Training & Care Tips","generated",""
"/dog-breeds/perro-de-presa-canario/","dog_breed_detail","Dog Breeds","perro-de-presa-canario","Perro de Presa Canario Temperament & Training: Family Fit, Exercise & Shedding","generated",""
"/dog-breeds/peruvian-inca-orchid/","dog_breed_detail","Dog Breeds","peruvian-inca-orchid","Peruvian Inca Orchid Temperament & Training: Family Fit, Exercise & Shedding","generated",""
"/dog-breeds/petit-basset-griffon-vendeen/","dog_breed_detail","Dog Breeds","petit-basset-griffon-vendeen","Is the Petit Basset Griffon Vendeen Right for You? Traits, Training & Care Tips","generated",""
"/dog-breeds/pharaoh-hound/","dog_breed_detail","Dog Breeds","pharaoh-hound","Choosing a Pharaoh Hound: Energy Level, Trainability & Family Fit in Canada","generated",""
"/dog-breeds/plott-hound/","dog_breed_detail","Dog Breeds","plott-hound","Plott Hound 101: Traits, Shedding and Exercise Needs for Busy Families","generated",""
"/dog-breeds/pointer/","dog_breed_detail","Dog Breeds","pointer","Caring for a Pointer in Canada: Lifestyle, Grooming & Health Basics","generated",""
"/dog-breeds/polish-lowland-sheepdog/","dog_breed_detail","Dog Breeds","polish-lowland-sheepdog","Choosing a Polish Lowland Sheepdog: Energy Level, Trainability & Family Fit in Canada","generated",""
"/dog-breeds/pomchi/","dog_breed_detail","Dog Breeds","pomchi","Choosing a Pomchi: Energy Level, Trainability & Family Fit in Canada","generated",""
"/dog-breeds/pomeranian/","dog_breed_detail","Dog Breeds","pomeranian","Pomeranian Temperament & Training: Family Fit, Exercise & Shedding","generated",""
"/dog-breeds/poodle/","dog_breed_detail","Dog Breeds","poodle","Choosing a Poodle: Energy Level, Trainability & Family Fit in Canada","generated",""
"/dog-breeds/portuguese-podengo-pequeno/","dog_breed_detail","Dog Breeds","portuguese-podengo-pequeno","Portuguese Podengo Pequeno Care Guide: Temperament, Grooming & Health Considerations","generated",""
"/dog-breeds/portuguese-pointer/","dog_breed_detail","Dog Breeds","portuguese-pointer","Choosing a Portuguese Pointer: Energy Level, Trainability & Family Fit in Canada","generated",""
"/dog-breeds/portuguese-water-dog/","dog_breed_detail","Dog Breeds","portuguese-water-dog","Is the Portuguese Water Dog Right for You? Traits, Training & Care Tips","generated",""
"/dog-breeds/presa-canario/","dog_breed_detail","Dog Breeds","presa-canario","The Presa Canario at a Glance: Personality, Exercise Needs & Shedding","generated",""
"/dog-breeds/pudelpointer/","dog_breed_detail","Dog Breeds","pudelpointer","Pudelpointer Guide for Canadian Owners: Energy, Grooming & Health Essentials","generated",""
"/dog-breeds/puggle/","dog_breed_detail","Dog Breeds","puggle","Caring for a Puggle in Canada: Lifestyle, Grooming & Health Basics","generated",""
"/dog-breeds/puli/","dog_breed_detail","Dog Breeds","puli","Puli 101: Traits, Shedding and Exercise Needs for Busy Families","generated",""
"/dog-breeds/pumi/","dog_breed_detail","Dog Breeds","pumi","The Pumi at a Glance: Personality, Exercise Needs & Shedding","generated",""
"/dog-breeds/pyrador/","dog_breed_detail","Dog Breeds","pyrador","Everything to Know About the Pyrador: Temperament, Shedding & Exercise in Canada","generated",""
"/dog-breeds/pyredoodle/","dog_breed_detail","Dog Breeds","pyredoodle","Pyredoodle Temperament & Training: Family Fit, Exercise & Shedding","generated",""
"/dog-breeds/pyrenean-mastiff/","dog_breed_detail","Dog Breeds","pyrenean-mastiff","Pyrenean Mastiff 101: Traits, Shedding and Exercise Needs for Busy Families","generated",""
"/dog-breeds/pyrenean-shepherd/","dog_breed_detail","Dog Breeds","pyrenean-shepherd","Pyrenean Shepherd Care Guide: Temperament, Grooming & Health Considerations","generated",""
"/dog-breeds/rafeiro-do-alentejo/","dog_breed_detail","Dog Breeds","rafeiro-do-alentejo","Rafeiro do Alentejo 101: Traits, Shedding and Exercise Needs for Busy Families","generated",""
"/dog-breeds/rat-terrier/","dog_breed_detail","Dog Breeds","rat-terrier","Rat Terrier Temperament & Training: Family Fit, Exercise & Shedding","generated",""
"/dog-breeds/redbone-coonhound/","dog_breed_detail","Dog Breeds","redbone-coonhound","Everything to Know About the Redbone Coonhound: Temperament, Shedding & Exercise in Canada","generated",""
"/dog-breeds/rhodesian-ridgeback/","dog_breed_detail","Dog Breeds","rhodesian-ridgeback","Is the Rhodesian Ridgeback Right for You? Traits, Training & Care Tips","generated",""
"/dog-breeds/rottweiler/","dog_breed_detail","Dog Breeds","rottweiler","Rottweiler 101: Traits, Shedding and Exercise Needs for Busy Families","generated",""
"/dog-breeds/russian-toy/","dog_breed_detail","Dog Breeds","russian-toy","New to the Russian Toy? Temperament, Training & Daily Care for Canadians","generated",""
"/dog-breeds/russian-tsvetnaya-bolonka/","dog_breed_detail","Dog Breeds","russian-tsvetnaya-bolonka","Russian Tsvetnaya Bolonka 101: Traits, Shedding and Exercise Needs for Busy Families","generated",""
"/dog-breeds/saint-berdoodle/","dog_breed_detail","Dog Breeds","saint-berdoodle","Choosing a Saint Berdoodle: Energy Level, Trainability & Family Fit in Canada","generated",""
"/dog-breeds/saint-bernard/","dog_breed_detail","Dog Breeds","saint-bernard","New to the Saint Bernard? Temperament, Training & Daily Care for Canadians","generated",""
"/dog-breeds/saluki/","dog_breed_detail","Dog Breeds","saluki","Everything to Know About the Saluki: Temperament, Shedding & Exercise in Canada","generated",""
"/dog-breeds/samoyed/","dog_breed_detail","Dog Breeds","samoyed","Choosing a Samoyed: Energy Level, Trainability & Family Fit in Canada","generated",""
"/dog-breeds/sarplaninac/","dog_breed_detail","Dog Breeds","sarplaninac","Sarplaninac Care Guide: Temperament, Grooming & Health Considerations","generated",""
"/dog-breeds/schapendoes/","dog_breed_detail","Dog Breeds","schapendoes","Schapendoes Care Guide: Temperament, Grooming & Health Considerations","generated",""
"/dog-breeds/schipperke/","dog_breed_detail","Dog Breeds","schipperke","Schipperke Temperament & Training: Family Fit, Exercise & Shedding","generated",""
"/dog-breeds/schnoodle/","dog_breed_detail","Dog Breeds","schnoodle","Schnoodle Temperament & Training: Family Fit, Exercise & Shedding","generated",""
"/dog-breeds/scottish-deerhound/","dog_breed_detail","Dog Breeds","scottish-deerhound","Scottish Deerhound 101: Traits, Shedding and Exercise Needs for Busy Families","generated",""
"/dog-breeds/scottish-terrier/","dog_breed_detail","Dog Breeds","scottish-terrier","Scottish Terrier 101: Traits, Shedding and Exercise Needs for Busy Families","generated",""
"/dog-breeds/sealyham-terrier/","dog_breed_detail","Dog Breeds","sealyham-terrier","Choosing a Sealyham Terrier: Energy Level, Trainability & Family Fit in Canada","generated",""
"/dog-breeds/segugio-italiano/","dog_breed_detail","Dog Breeds","segugio-italiano","Is the Segugio Italiano Right for You? Traits, Training & Care Tips","generated",""
"/dog-breeds/sheepadoodle/","dog_breed_detail","Dog Breeds","sheepadoodle","New to the Sheepadoodle? Temperament, Training & Daily Care for Canadians","generated",""
"/dog-breeds/sheprador/","dog_breed_detail","Dog Breeds","sheprador","Caring for a Sheprador in Canada: Lifestyle, Grooming & Health Basics","generated",""
"/dog-breeds/shetland-sheepdog/","dog_breed_detail","Dog Breeds","shetland-sheepdog","Is the Shetland Sheepdog Right for You? Traits, Training & Care Tips","generated",""
"/dog-breeds/shiba-inu/","dog_breed_detail","Dog Breeds","shiba-inu","New to the Shiba Inu? Temperament, Training & Daily Care for Canadians","generated",""
"/dog-breeds/shih-poo/","dog_breed_detail","Dog Breeds","shih-poo","Shih-poo Temperament & Training: Family Fit, Exercise & Shedding","generated",""
"/dog-breeds/shih-tzu/","dog_breed_detail","Dog Breeds","shih-tzu","Shih Tzu Care Guide: Temperament, Grooming & Health Considerations","generated",""
"/dog-breeds/shikoku/","dog_breed_detail","Dog Breeds","shikoku","New to the Shikoku? Temperament, Training & Daily Care for Canadians","generated",""
"/dog-breeds/siberian-husky/","dog_breed_detail","Dog Breeds","siberian-husky","Siberian Husky 101: Traits, Shedding and Exercise Needs for Busy Families","generated",""
"/dog-breeds/silky-terrier/","dog_breed_detail","Dog Breeds","silky-terrier","Everything to Know About the Silky Terrier: Temperament, Shedding & Exercise in Canada","generated",""
"/dog-breeds/skye-terrier/","dog_breed_detail","Dog Breeds","skye-terrier","Caring for a Skye Terrier in Canada: Lifestyle, Grooming & Health Basics","generated",""
"/dog-breeds/sloughi/","dog_breed_detail","Dog Breeds","sloughi","Sloughi Guide for Canadian Owners: Energy, Grooming & Health Essentials","generated",""
"/dog-breeds/slovakian-wirehaired-pointer/","dog_breed_detail","Dog Breeds","slovakian-wirehaired-pointer","Choosing a Slovakian Wirehaired Pointer: Energy Level, Trainability & Family Fit in Canada","generated",""
"/dog-breeds/slovensky-cuvac/","dog_breed_detail","Dog Breeds","slovensky-cuvac","Is the Slovensky Cuvac Right for You? Traits, Training & Care Tips","generated",""
"/dog-breeds/slovensky-kopov/","dog_breed_detail","Dog Breeds","slovensky-kopov","Slovensky Kopov 101: Traits, Shedding and Exercise Needs for Busy Families","generated",""
"/dog-breeds/small-munsterlander-pointer/","dog_breed_detail","Dog Breeds","small-munsterlander-pointer","Caring for a Small Munsterlander Pointer in Canada: Lifestyle, Grooming & Health Basics","generated",""
"/dog-breeds/smooth-fox-terrier/","dog_breed_detail","Dog Breeds","smooth-fox-terrier","Smooth Fox Terrier 101: Traits, Shedding and Exercise Needs for Busy Families","generated",""
"/dog-breeds/soft-coated-wheaten-terrier/","dog_breed_detail","Dog Breeds","soft-coated-wheaten-terrier","Soft Coated Wheaten Terrier Guide for Canadian Owners: Energy, Grooming & Health Essentials","generated",""
"/dog-breeds/spanish-mastiff/","dog_breed_detail","Dog Breeds","spanish-mastiff","Choosing a Spanish Mastiff: Energy Level, Trainability & Family Fit in Canada","generated",""
"/dog-breeds/spanish-water-dog/","dog_breed_detail","Dog Breeds","spanish-water-dog","Caring for a Spanish Water Dog in Canada: Lifestyle, Grooming & Health Basics","generated",""
"/dog-breeds/spinone-italiano/","dog_breed_detail","Dog Breeds","spinone-italiano","New to the Spinone Italiano? Temperament, Training & Daily Care for Canadians","generated",""
"/dog-breeds/stabyhoun/","dog_breed_detail","Dog Breeds","stabyhoun","New to the Stabyhoun? Temperament, Training & Daily Care for Canadians","generated",""
"/dog-breeds/staffordshire-bull-terrier/","dog_breed_detail","Dog Breeds","staffordshire-bull-terrier","Caring for a Staffordshire Bull Terrier in Canada: Lifestyle, Grooming & Health Basics","generated",""
"/dog-breeds/standard-schnauzer/","dog_breed_detail","Dog Breeds","standard-schnauzer","Caring for a Standard Schnauzer in Canada: Lifestyle, Grooming & Health Basics","generated",""
"/dog-breeds/sussex-spaniel/","dog_breed_detail","Dog Breeds","sussex-spaniel","Choosing a Sussex Spaniel: Energy Level, Trainability & Family Fit in Canada","generated",""
"/dog-breeds/swedish-lapphund/","dog_breed_detail","Dog Breeds","swedish-lapphund","Choosing a Swedish Lapphund: Energy Level, Trainability & Family Fit in Canada","generated",""
"/dog-breeds/swedish-vallhund/","dog_breed_detail","Dog Breeds","swedish-vallhund","Choosing a Swedish Vallhund: Energy Level, Trainability & Family Fit in Canada","generated",""
"/dog-breeds/taiwan-dog/","dog_breed_detail","Dog Breeds","taiwan-dog","Is the Taiwan Dog Right for You? Traits, Training & Care Tips","generated",""
"/dog-breeds/teddy-roosevelt-terrier/","dog_breed_detail","Dog Breeds","teddy-roosevelt-terrier","Everything to Know About the Teddy Roosevelt Terrier: Temperament, Shedding & Exercise in Canada","generated",""
"/dog-breeds/thai-ridgeback/","dog_breed_detail","Dog Breeds","thai-ridgeback","Is the Thai Ridgeback Right for You? Traits, Training & Care Tips","generated",""
"/dog-breeds/tibetan-mastiff/","dog_breed_detail","Dog Breeds","tibetan-mastiff","Tibetan Mastiff Guide for Canadian Owners: Energy, Grooming & Health Essentials","generated",""
"/dog-breeds/tibetan-spaniel/","dog_breed_detail","Dog Breeds","tibetan-spaniel","The Tibetan Spaniel at a Glance: Personality, Exercise Needs & Shedding","generated",""
"/dog-breeds/tibetan-terrier/","dog_breed_detail","Dog Breeds","tibetan-terrier","Tibetan Terrier 101: Traits, Shedding and Exercise Needs for Busy Families","generated",""
"/dog-breeds/tornjak/","dog_breed_detail","Dog Breeds","tornjak","Is the Tornjak Right for You? Traits, Training & Care Tips","generated",""
"/dog-breeds/tosa/","dog_breed_detail","Dog Breeds","tosa","Tosa Temperament & Training: Family Fit, Exercise & Shedding","generated",""
"/dog-breeds/toy-fox-terrier/","dog_breed_detail","Dog Breeds","toy-fox-terrier","Is the Toy Fox Terrier Right for You? Traits, Training & Care Tips","generated",""
"/dog-breeds/transylvanian-hound/","dog_breed_detail","Dog Breeds","transylvanian-hound","Transylvanian Hound Care Guide: Temperament, Grooming & Health Considerations","generated",""
"/dog-breeds/treeing-tennessee-brindle/","dog_breed_detail","Dog Breeds","treeing-tennessee-brindle","Caring for a Treeing Tennessee Brindle in Canada: Lifestyle, Grooming & Health Basics","generated",""
"/dog-breeds/treeing-walker-coonhound/","dog_breed_detail","Dog Breeds","treeing-walker-coonhound","Is the Treeing Walker Coonhound Right for You? Traits, Training & Care Tips","generated",""
"/dog-breeds/vizsla/","dog_breed_detail","Dog Breeds","vizsla","Choosing a Vizsla: Energy Level, Trainability & Family Fit in Canada","generated",""
"/dog-breeds/volpino-italiano/","dog_breed_detail","Dog Breeds","volpino-italiano","Is the Volpino Italiano Right for You? Traits, Training & Care Tips","generated",""
"/dog-breeds/weimaraner/","dog_breed_detail","Dog Breeds","weimaraner","New to the Weimaraner? Temperament, Training & Daily Care for Canadians","generated",""
"/dog-breeds/welsh-springer-spaniel/","dog_breed_detail","Dog Breeds","welsh-springer-spaniel","Everything to Know About the Welsh Springer Spaniel: Temperament, Shedding & Exercise in Canada","generated",""
"/dog-breeds/welsh-terrier/","dog_breed_detail","Dog Breeds","welsh-terrier","Is the Welsh Terrier Right for You? Traits, Training & Care Tips","generated",""
"/dog-breeds/west-highland-white-terrier/","dog_breed_detail","Dog Breeds","west-highland-white-terrier","New to the West Highland White Terrier? Temperament, Training & Daily Care for Canadians","generated",""
"/dog-breeds/whippet/","dog_breed_detail","Dog Breeds","whippet","New to the Whippet? Temperament, Training & Daily Care for Canadians","generated",""
"/dog-breeds/white-shepherd/","dog_breed_detail","Dog Breeds","white-shepherd","White Shepherd 101: Traits, Shedding and Exercise Needs for Busy Families","generated",""
"/dog-breeds/whoodle/","dog_breed_detail","Dog Breeds","whoodle","The Whoodle at a Glance: Personality, Exercise Needs & Shedding","generated",""
"/dog-breeds/wire-fox-terrier/","dog_breed_detail","Dog Breeds","wire-fox-terrier","Wire Fox Terrier Temperament & Training: Family Fit, Exercise & Shedding","generated",""
"/dog-breeds/wirehaired-pointing-griffon/","dog_breed_detail","Dog Breeds","wirehaired-pointing-griffon","Wirehaired Pointing Griffon Care Guide: Temperament, Grooming & Health Considerations","generated",""
"/dog-breeds/wirehaired-vizsla/","dog_breed_detail","Dog Breeds","wirehaired-vizsla","Caring for a Wirehaired Vizsla in Canada: Lifestyle, Grooming & Health Basics","generated",""
"/dog-breeds/working-kelpie/","dog_breed_detail","Dog Breeds","working-kelpie","Is the Working Kelpie Right for You? Traits, Training & Care Tips","generated",""
"/dog-breeds/xoloitzcuintli/","dog_breed_detail","Dog Breeds","xoloitzcuintli","Everything to Know About the Xoloitzcuintli: Temperament, Shedding & Exercise in Canada","generated",""
"/dog-breeds/yakutian-laika/","dog_breed_detail","Dog Breeds","yakutian-laika","Yakutian Laika Guide for Canadian Owners: Energy, Grooming & Health Essentials","generated",""
"/dog-breeds/yorkipoo/","dog_breed_detail","Dog Breeds","yorkipoo","Yorkipoo Temperament & Training: Family Fit, Exercise & Shedding","generated",""
"/dog-breeds/yorkshire-terrier/","dog_breed_detail","Dog Breeds","yorkshire-terrier","Yorkshire Terrier Guide for Canadian Owners: Energy, Grooming & Health Essentials","generated",""
"/dog-breeds/zuchon-teddy-bear/","dog_breed_detail","Dog Breeds","zuchon-teddy-bear","Zuchon (Teddy Bear) Guide for Canadian Owners: Energy, Grooming & Health Essentials","generated",""
"/dog-insurance-canada/desjardins-pet-insurance/","provider_detail","Pet Insurance Providers","desjardins-pet-insurance","Desjardins Pet Insurance","generated",""
"/dog-insurance-canada/fetch-pet-insurance/","provider_detail","Pet Insurance Providers","fetch-pet-insurance","Fetch by The Dodo","generated",""
"/dog-insurance-canada/furkin/","provider_detail","Pet Insurance Providers","furkin","Furkin","generated",""
"/dog-insurance-canada/ovma-pet-health-insurance/","provider_detail","Pet Insurance Providers","ovma-pet-health-insurance","OVMA Pet Health Insurance","generated",""
"/dog-insurance-canada/peppermint/","provider_detail","Pet Insurance Providers","peppermint","Peppermint","generated",""
"/dog-insurance-canada/pets-plus-us/","provider_detail","Pet Insurance Providers","pets-plus-us","Pets Plus Us","generated",""
"/dog-insurance-canada/petsecure/","provider_detail","Pet Insurance Providers","petsecure","Petsecure","generated",""
"/dog-insurance-canada/trupanion/","provider_detail","Pet Insurance Providers","trupanion","Trupanion","generated",""
"/dog-parks/","dog_parks_directory","Static","dog-parks","dog_parks_directory","generated",""
"/dog-parks/ab/","province_landing","Provinces","ab","Alberta","generated",""
"/dog-parks/adams-park-cornwall/","park_detail","Dog Parks","adams-park-cornwall","Adams Park Leash Free Dog Park","generated",""
"/dog-parks/aitken-place-park/","park_detail","Dog Parks","aitken-place-park","Aitken Place Park (Dogs Allowed Area)","generated",""
"/dog-parks/ajax-waterfront-park/","park_detail","Dog Parks","ajax-waterfront-park","Ajax Waterfront Park Leash-Free Dog Park","generated",""
"/dog-parks/ajax/","city_landing","City Pages","ajax","Ajax","generated",""
"/dog-parks/albert-park-radisson-heights-off-leash-area/","park_detail","Dog Parks","albert-park-radisson-heights-off-leash-area","Albert Park/Radisson Heights (Off-Leash Area)","generated",""
"/dog-parks/albion-fairgrounds-maple-ridge/","park_detail","Dog Parks","albion-fairgrounds-maple-ridge","Albion Fairgrounds Leash-Free Dog Park","generated",""
"/dog-parks/alexander-park-victoria/","park_detail","Dog Parks","alexander-park-victoria","Alexander Park Leash-Free Area","generated",""
"/dog-parks/alguire-park-cornwall/","park_detail","Dog Parks","alguire-park-cornwall","Alguire Park Leash Free Dog Park","generated",""
"/dog-parks/allan-gardens/","park_detail","Dog Parks","allan-gardens","Allan Gardens (Dogs Allowed Area)","generated",""
"/dog-parks/allan-hogg-rotary-park/","park_detail","Dog Parks","allan-hogg-rotary-park","Dr. R. J. Allan Hogg Rotary Park Leash-Free Area","generated",""
"/dog-parks/amherst/","city_landing","City Pages","amherst","Amherst","generated",""
"/dog-parks/andy-livingstone-dog-park/","park_detail","Dog Parks","andy-livingstone-dog-park","Andy Livingstone (off-leash dog park)","generated",""
"/dog-parks/antigonish-dog-park/","park_detail","Dog Parks","antigonish-dog-park","Antigonish Dog Park Leash-Free Dog Park","generated",""
"/dog-parks/apollo-crater-park/","park_detail","Dog Parks","apollo-crater-park","Apollo Crater Park Leash-Free Dog Park","generated",""
"/dog-parks/ardmore-park-service-dog-park/","park_detail","Dog Parks","ardmore-park-service-dog-park","Ardmore Park Service Dog Park Leash-Free Dog Park","generated",""
"/dog-parks/auburn-bay-off-leash-area/","park_detail","Dog Parks","auburn-bay-off-leash-area","Auburn Bay Dog Park (Community Off-Leash Greenspace)","generated",""
"/dog-parks/audley-recreation-centre/","park_detail","Dog Parks","audley-recreation-centre","Audley Recreation Centre Off-Leash Area Leash-Free Dog Park","generated",""
"/dog-parks/avalon-dog-park/","park_detail","Dog Parks","avalon-dog-park","Avalon Dog Park Leash-Free Dog Park","generated",""
"/dog-parks/awenda-pet-beach-area/","park_detail","Dog Parks","awenda-pet-beach-area","Awenda Pet Beach Area Leash-Free Dog Park","generated",""
"/dog-parks/baffin-dog-park/","park_detail","Dog Parks","baffin-dog-park","Baffin Dog Park Leash-Free Dog Park","generated",""
"/dog-parks/bakerview-park-surrey/","park_detail","Dog Parks","bakerview-park-surrey","Bakerview Park Leash-Free Area","generated",""
"/dog-parks/balaclava-dog-park/","park_detail","Dog Parks","balaclava-dog-park","Andy Livingstone (off-leash dog park)","generated",""
"/dog-parks/ballantyne-park/","park_detail","Dog Parks","ballantyne-park","Ballantyne Park Leash-Free Dog Park","generated",""
"/dog-parks/balmoral-park-chilliwack/","park_detail","Dog Parks","balmoral-park-chilliwack","Balmoral Park Leash-Free Dog Park","generated",""
"/dog-parks/balmy-beach-park/","park_detail","Dog Parks","balmy-beach-park","Balmy Beach Park (Leash-Free Dog Area)","generated",""
"/dog-parks/banfield-park-victoria/","park_detail","Dog Parks","banfield-park-victoria","Banfield Park Leash-Free Area","generated",""
"/dog-parks/barbara-hall-park/","park_detail","Dog Parks","barbara-hall-park","Barbara Hall Park (Leash-Free Dog Area)","generated",""
"/dog-parks/barber-park-chilliwack/","park_detail","Dog Parks","barber-park-chilliwack","Barber Park Leash-Free Dog Park","generated",""
"/dog-parks/barkwood-forest/","park_detail","Dog Parks","barkwood-forest","Barkwood Forest Leash-Free Dog Park","generated",""
"/dog-parks/barnet-marine-park-burnaby/","park_detail","Dog Parks","barnet-marine-park-burnaby","Barnet Marine Park Leash-Free Area","generated",""
"/dog-parks/barrie/","city_landing","City Pages","barrie","Barrie","generated",""
"/dog-parks/base-plein-air-de-sainte-foy-dog-park/","park_detail","Dog Parks","base-plein-air-de-sainte-foy-dog-park","Base Plein-Air de Sainte-Foy Dog Park Leash-Free Dog Park","generated",""
"/dog-parks/battleford/","city_landing","City Pages","battleford","Battleford","generated",""
"/dog-parks/bayview-arena-park/","park_detail","Dog Parks","bayview-arena-park","Bayview Arena Park (Dogs Allowed Area)","generated",""
"/dog-parks/bayview-drive/","park_detail","Dog Parks","bayview-drive","Bayview Drive Leash Free Dog Park","generated",""
"/dog-parks/bayview-park/","park_detail","Dog Parks","bayview-park","Bayview Park (Leash Free Dog Park)","generated",""
"/dog-parks/bc/","province_landing","Provinces","bc","British Columbia","generated",""
"/dog-parks/beacon-hill-park-victoria/","park_detail","Dog Parks","beacon-hill-park-victoria","Beacon Hill Park Leash-Free Area","generated",""
"/dog-parks/bearspaw-off-leash-area/","park_detail","Dog Parks","bearspaw-off-leash-area","Bearspaw Off-Leash Area","generated",""
"/dog-parks/beckett-park-maple-ridge/","park_detail","Dog Parks","beckett-park-maple-ridge","Beckett Park Leash-Free Dog Park","generated",""
"/dog-parks/beddington-heights-off-leash-area/","park_detail","Dog Parks","beddington-heights-off-leash-area","Beddington Heights Off-Leash Area (NW Calgary Dog Park)","generated",""
"/dog-parks/bell-park-burnaby/","park_detail","Dog Parks","bell-park-burnaby","Bell Park Leash-Free Area","generated",""
"/dog-parks/belleville/","city_landing","City Pages","belleville","Belleville","generated",""
"/dog-parks/bickford-park/","park_detail","Dog Parks","bickford-park","Bickford Park (Leash-Free Dog Area)","generated",""
"/dog-parks/bishops-park/","park_detail","Dog Parks","bishops-park","Bishop's Park Dog Park in Hamilton, Ontario","generated",""
"/dog-parks/blackie-spit-surrey/","park_detail","Dog Parks","blackie-spit-surrey","Blackie Spit Leash-Free Dog Area","generated",""
"/dog-parks/blue-heron-park-ladysmith/","park_detail","Dog Parks","blue-heron-park-ladysmith","Blue Heron Park Leash-Free Area","generated",""
"/dog-parks/bob-hunter-park/","park_detail","Dog Parks","bob-hunter-park","Bob Hunter Park Dog Park in Toronto, Ontario","generated",""
"/dog-parks/bonavista/","park_detail","Dog Parks","bonavista","Bonavista Park (Off-Leash Area)","generated",""
"/dog-parks/bonnycastle-park/","park_detail","Dog Parks","bonnycastle-park","Bonnycastle Park Leash-Free Dog Park","generated",""
"/dog-parks/borers-falls-conservation-area/","park_detail","Dog Parks","borers-falls-conservation-area","Borer's Falls Conservation Area Dog Park in Flamborough, Ontario","generated",""
"/dog-parks/botany-hill-park/","park_detail","Dog Parks","botany-hill-park","Botany Hill Park (Dogs Allowed Area)","generated",""
"/dog-parks/bourkevale-park/","park_detail","Dog Parks","bourkevale-park","Bourkevale Park Leash-Free Dog Park","generated",""
"/dog-parks/bowmont-park/","park_detail","Dog Parks","bowmont-park","Bowmont Park (Leash-Free Dog Area)","generated",""
"/dog-parks/braeside-off-leash-area/","park_detail","Dog Parks","braeside-off-leash-area","Braeside Off-Leash Area (South Calgary)","generated",""
"/dog-parks/bramalea-community-park/","park_detail","Dog Parks","bramalea-community-park","Bramalea Ltd Community Park Leash-Free Dog Park","generated",""
"/dog-parks/brampton/","city_landing","City Pages","brampton","Brampton","generated",""
"/dog-parks/brandon/","city_landing","City Pages","brandon","Brandon","generated",""
"/dog-parks/brenda-leipsic-park/","park_detail","Dog Parks","brenda-leipsic-park","Brenda Leipsic Park Leash-Free Dog Park","generated",""
"/dog-parks/brewer-park/","park_detail","Dog Parks","brewer-park","Brewer Park Leash-Free Dog Park","generated",""
"/dog-parks/bridgeland-riverside-off-leash-area/","park_detail","Dog Parks","bridgeland-riverside-off-leash-area","Bridgeland Riverside Off-Leash Area (NE Calgary)","generated",""
"/dog-parks/bridgewater/","city_landing","City Pages","bridgewater","Bridgewater","generated",""
"/dog-parks/britannia-slopes-off-leash-area/","park_detail","Dog Parks","britannia-slopes-off-leash-area","Britannia Slopes Off-Leash Area (SW Calgary)","generated",""
"/dog-parks/bronte-creek-provincial-park/","park_detail","Dog Parks","bronte-creek-provincial-park","Bronte Creek Provincial Park (Leash-Free Trails)","generated",""
"/dog-parks/broughton-east-park/","park_detail","Dog Parks","broughton-east-park","Broughton East Park Dog Park in Hamilton, Ontario","generated",""
"/dog-parks/bruce-pit/","park_detail","Dog Parks","bruce-pit","Bruce Pit Leash-Free Dog Park","generated",""
"/dog-parks/buena-vista-park-off-leash-dog-park/","park_detail","Dog Parks","buena-vista-park-off-leash-dog-park","Buena Vista Park Off-Leash Dog Park","generated",""
"/dog-parks/burgoyne-woods-park/","park_detail","Dog Parks","burgoyne-woods-park","Burgoyne Woods Leash-Free Dog Park (St. Catharines)","generated",""
"/dog-parks/burlington/","city_landing","City Pages","burlington","Burlington","generated",""
"/dog-parks/burnaby-fraser-foreshore-park/","park_detail","Dog Parks","burnaby-fraser-foreshore-park","Burnaby Fraser Foreshore Park Leash-Free Area","generated",""
"/dog-parks/burnaby-heights-park/","park_detail","Dog Parks","burnaby-heights-park","Burnaby Heights Park Leash-Free Area","generated",""
"/dog-parks/burnaby/","city_landing","City Pages","burnaby","Burnaby","generated",""
"/dog-parks/burrard-view-dog-park-vancouver/","park_detail","Dog Parks","burrard-view-dog-park-vancouver","Burrard View Park (off-leash dog park)","generated",""
"/dog-parks/caesars-off-leash-area/","park_detail","Dog Parks","caesars-off-leash-area","Caesar’s Off-Leash Dog Park","generated",""
"/dog-parks/calgary/","city_landing","City Pages","calgary","Calgary","generated",""
"/dog-parks/callingwood-park-off-leash-area/","park_detail","Dog Parks","callingwood-park-off-leash-area","Callingwood Park Off-Leash Area","generated",""
"/dog-parks/campbell-memorial-park-dog-off-leash-area/","park_detail","Dog Parks","campbell-memorial-park-dog-off-leash-area","Campbell Memorial Park Dog Off-Leash Area","generated",""
"/dog-parks/campbellford-dog-park/","park_detail","Dog Parks","campbellford-dog-park","Campbellford Dog Park Leash-Free Dog Park","generated",""
"/dog-parks/campbellford/","city_landing","City Pages","campbellford","Campbellford","generated",""
"/dog-parks/canoe-landing-park/","park_detail","Dog Parks","canoe-landing-park","Canoe Landing Park (Leash-Free Dog Area)","generated",""
"/dog-parks/canyon-meadows-off-leash-area/","park_detail","Dog Parks","canyon-meadows-off-leash-area","Canyon Meadows Off-Leash Area (South Calgary)","generated",""
"/dog-parks/captain-cornelius-park/","park_detail","Dog Parks","captain-cornelius-park","Captain Cornelius Park Dog Park in Hamilton, Ontario","generated",""
"/dog-parks/carburn-park-off-leash-area/","park_detail","Dog Parks","carburn-park-off-leash-area","Carburn Park (Scenic Off-Leash Trails by the River)","generated",""
"/dog-parks/carmel-park-chilliwack/","park_detail","Dog Parks","carmel-park-chilliwack","Carmel Park Leash-Free Dog Park","generated",""
"/dog-parks/carol-disher-park/","park_detail","Dog Parks","carol-disher-park","Carol Disher Leash-Free Dog Park (Catherine Street Park)","generated",""
"/dog-parks/cassels-avenue-playground/","park_detail","Dog Parks","cassels-avenue-playground","Cassels Avenue Playground (Leash-Free Dog Area)","generated",""
"/dog-parks/castle-park/","park_detail","Dog Parks","castle-park","Castle Park Off Leash Dog Area","generated",""
"/dog-parks/caswell-mayfair-dog-park/","park_detail","Dog Parks","caswell-mayfair-dog-park","Caswell (Mayfair) Dog Park Leash-Free Dog Park","generated",""
"/dog-parks/cathy-lauritsen-memorial-off-leash-dog-park/","park_detail","Dog Parks","cathy-lauritsen-memorial-off-leash-dog-park","Cathy Lauritsen Memorial Off-Leash Dog Park Leash-Free Dog Park","generated",""
"/dog-parks/cedar-creek-park-kelowna/","park_detail","Dog Parks","cedar-creek-park-kelowna","Cedar Creek Park Leash-Free Beach Area","generated",""
"/dog-parks/cedar-hedge-park-west/","park_detail","Dog Parks","cedar-hedge-park-west","Cedar Hedge Park West Leash-Free Dog Park in Milton, Ontario","generated",""
"/dog-parks/cedarvale-park-halton-hills/","park_detail","Dog Parks","cedarvale-park-halton-hills","Cedarvale Park Leash-Free Dog Park in Halton Hills, Ontario","generated",""
"/dog-parks/cedarvale-park/","park_detail","Dog Parks","cedarvale-park","Cedarvale Park (Leash-Free Dog Area)","generated",""
"/dog-parks/centennial-park-white-rock/","park_detail","Dog Parks","centennial-park-white-rock","Centennial Park Leash-Free Dog Area","generated",""
"/dog-parks/central-bark-dog-park/","park_detail","Dog Parks","central-bark-dog-park","Central Bark Dog Park Leash-Free Dog Park","generated",""
"/dog-parks/central-park/","park_detail","Dog Parks","central-park","Central Park (Leash-Free Dog Area)","generated",""
"/dog-parks/charleson-dog-park-8fc05/","park_detail","Dog Parks","charleson-dog-park-8fc05","Charleson Park (off-leash dog park)","generated",""
"/dog-parks/charleson-dog-park/","park_detail","Dog Parks","charleson-dog-park","Charleson Park (off-leash dog park)","generated",""
"/dog-parks/charleston-lake-provincial-park/","park_detail","Dog Parks","charleston-lake-provincial-park","Charleston Lake Provincial Park Leash-Free Dog Park","generated",""
"/dog-parks/charleston-lake/","city_landing","City Pages","charleston-lake","Charleston Lake","generated",""
"/dog-parks/charleswood-dog-park/","park_detail","Dog Parks","charleswood-dog-park","Charleswood Dog Park Leash-Free Dog Park","generated",""
"/dog-parks/chemainus-lake-park-ladysmith/","park_detail","Dog Parks","chemainus-lake-park-ladysmith","Chemainus Lake Park Leash-Free Area","generated",""
"/dog-parks/cherry-beach-clarke-beach-park/","park_detail","Dog Parks","cherry-beach-clarke-beach-park","Cherry Beach/Clarke Beach Park (Leash-Free Dog Area)","generated",""
"/dog-parks/chevrier-park-cornwall/","park_detail","Dog Parks","chevrier-park-cornwall","Chevrier Park Leash Free Dog Park","generated",""
"/dog-parks/chief-whitecap-park/","park_detail","Dog Parks","chief-whitecap-park","Chief Whitecap Park Leash-Free Dog Park","generated",""
"/dog-parks/chilliwack-community-forest/","park_detail","Dog Parks","chilliwack-community-forest","Chilliwack Community Forest Leash-Free Dog Park","generated",""
"/dog-parks/chilliwack/","city_landing","City Pages","chilliwack","Chilliwack","generated",""
"/dog-parks/chris-gibson-park/","park_detail","Dog Parks","chris-gibson-park","Chris Gibson Park Leash-Free Dog Park","generated",""
"/dog-parks/churchill-park/","park_detail","Dog Parks","churchill-park","Churchill Park Dog Park in Hamilton, Ontario","generated",""
"/dog-parks/clarence-square-park/","park_detail","Dog Parks","clarence-square-park","Clarence Square Park (Leash-Free Dog Area)","generated",""
"/dog-parks/coach-hill-off-leash-area/","park_detail","Dog Parks","coach-hill-off-leash-area","Coach Hill Off-Leash Area (Scenic Southwest Trail)","generated",""
"/dog-parks/colin-alton-parkette/","park_detail","Dog Parks","colin-alton-parkette","Colin Alton Parkette (Leash-Free Dog Area)","generated",""
"/dog-parks/colonel-danforth-park/","park_detail","Dog Parks","colonel-danforth-park","Colonel Danforth Park Dog Park in Scarborough, Ontario","generated",""
"/dog-parks/colonel-samuel-smith-park-etobicoke/","park_detail","Dog Parks","colonel-samuel-smith-park-etobicoke","Colonel Samuel Smith Park Leash-Free Dog Park","generated",""
"/dog-parks/colonel-samuel-smith-park/","park_detail","Dog Parks","colonel-samuel-smith-park","Colonel Samuel Smith Park Leash-Free Dog Park on Toronto Waterfront","generated",""
"/dog-parks/community-common/","park_detail","Dog Parks","community-common","Community Common (Urban Leash-Free Zone)","generated",""
"/dog-parks/confederation-park-075b6/","park_detail","Dog Parks","confederation-park-075b6","Confederation Park (Leash-Free Dog Area)","generated",""
"/dog-parks/confederation-park-burnaby/","park_detail","Dog Parks","confederation-park-burnaby","Confederation Park Leash-Free Area","generated",""
"/dog-parks/confederation-park/","park_detail","Dog Parks","confederation-park","Confederation Park (Leash-Free Dog Area)","generated",""
"/dog-parks/connaught-off-leash-area/","park_detail","Dog Parks","connaught-off-leash-area","Connaught Off-Leash Area (Compact Green Pocket)","generated",""
"/dog-parks/conrose-park/","park_detail","Dog Parks","conrose-park","Conrose Park Leash-Free Dog Park","generated",""
"/dog-parks/conroy-pit/","park_detail","Dog Parks","conroy-pit","Conroy Pit Leash-Free Dog Park","generated",""
"/dog-parks/coopers-dog-park/","park_detail","Dog Parks","coopers-dog-park","Coopers' Park (off-leash dog park)","generated",""
"/dog-parks/coquitlam/","city_landing","City Pages","coquitlam","Coquitlam","generated",""
"/dog-parks/corbetts-park/","park_detail","Dog Parks","corbetts-park","Corbett's Park Leash-Free Dog Park","generated",""
"/dog-parks/cornwall/","city_landing","City Pages","cornwall","Cornwall","generated",""
"/dog-parks/cottonwood-falls-park-nelson/","park_detail","Dog Parks","cottonwood-falls-park-nelson","Cottonwood Falls Park Leash-Free Area","generated",""
"/dog-parks/courtice/","city_landing","City Pages","courtice","Courtice","generated",""
"/dog-parks/cowan-sportsplex-dog-park/","park_detail","Dog Parks","cowan-sportsplex-dog-park","Cowan Sportsplex Dog Park (Leash-Free Dog Area)","generated",""
"/dog-parks/coxwell-ravine-park/","park_detail","Dog Parks","coxwell-ravine-park","Coxwell Ravine Park (Leash-Free Dog Area)","generated",""
"/dog-parks/crab-park-at-portside-dog-park/","park_detail","Dog Parks","crab-park-at-portside-dog-park","CRAB Park at Portside (off-leash dog park)","generated",""
"/dog-parks/craigleigh-gardens/","park_detail","Dog Parks","craigleigh-gardens","Craigleigh Gardens (Leash-Free Dog Area)","generated",""
"/dog-parks/crimson-ridge-park-chilliwack/","park_detail","Dog Parks","crimson-ridge-park-chilliwack","Crimson Ridge Park Leash-Free Dog Park","generated",""
"/dog-parks/crystal-ridge-neighbourhood-off-leash-area/","park_detail","Dog Parks","crystal-ridge-neighbourhood-off-leash-area","Crystal Ridge Neighbourhood Off-Leash Area","generated",""
"/dog-parks/currie-bark-park/","park_detail","Dog Parks","currie-bark-park","Currie Bark Park (Fenced Dog Park)","generated",""
"/dog-parks/dale-hodges-park/","park_detail","Dog Parks","dale-hodges-park","Dale Hodges Park (Leash-Free Dog Area)","generated",""
"/dog-parks/dartmouth-common/","park_detail","Dog Parks","dartmouth-common","Dartmouth Common Leash-Free Dog Park","generated",""
"/dog-parks/david-bartlett-park/","park_detail","Dog Parks","david-bartlett-park","David Bartlett Park Leash-Free Dog Park","generated",""
"/dog-parks/david-crombie-park/","park_detail","Dog Parks","david-crombie-park","David Crombie Park (Dogs Allowed Area)","generated",""
"/dog-parks/david-gray-park-burnaby/","park_detail","Dog Parks","david-gray-park-burnaby","David Gray Park Leash-Free Area","generated",""
"/dog-parks/dawson-park-off-leash-area/","park_detail","Dog Parks","dawson-park-off-leash-area","Dawson Park Off-Leash Area","generated",""
"/dog-parks/deer-ridge-park/","park_detail","Dog Parks","deer-ridge-park","Deer Ridge Park (Off-Leash Area)","generated",""
"/dog-parks/deveaux-woods-state-park-dog-park/","park_detail","Dog Parks","deveaux-woods-state-park-dog-park","DeVeaux Woods State Park Dog Park Leash-Free Dog Park","generated",""
"/dog-parks/devonian-harbour-dog-park/","park_detail","Dog Parks","devonian-harbour-dog-park","Devonian Harbour (Leash Free Dog Park)","generated",""
"/dog-parks/diamond-jubilee-park/","park_detail","Dog Parks","diamond-jubilee-park","Diamond Jubilee Park Leash-Free Dog Park","generated",""
"/dog-parks/diana-princess-of-wales-park-ladysmith/","park_detail","Dog Parks","diana-princess-of-wales-park-ladysmith","Diana, Princess of Wales Park Leash-Free Area","generated",""
"/dog-parks/dodger-dog-park/","park_detail","Dog Parks","dodger-dog-park","Dodger Dog Park","generated",""
"/dog-parks/dog-beach-white-rock/","park_detail","Dog Parks","dog-beach-white-rock","Dog Off-leash Swimming Beach","generated",""
"/dog-parks/dog-friendly-beach-island-22/","park_detail","Dog Parks","dog-friendly-beach-island-22","Dog-Friendly Beach (Island 22 Riverside) Leash-Free Dog Park","generated",""
"/dog-parks/dog-park-at-selkirk-park/","park_detail","Dog Parks","dog-park-at-selkirk-park","Dog Park at Selkirk Park Leash-Free Dog Park","generated",""
"/dog-parks/dog-relief-station-new-westminster/","park_detail","Dog Parks","dog-relief-station-new-westminster","Dog Relief Station Leash Free Area","generated",""
"/dog-parks/doggy-diamond-off-leash-park/","park_detail","Dog Parks","doggy-diamond-off-leash-park","Doggy Diamond Off-Leash Park Leash-Free Dog Park","generated",""
"/dog-parks/dogwood-park/","park_detail","Dog Parks","dogwood-park","Dogwood Park Leash-Free Dog Park","generated",""
"/dog-parks/don-bayer-park/","park_detail","Dog Parks","don-bayer-park","Don Bayer Park Leash-Free Dog Park","generated",""
"/dog-parks/don-boudria-park/","park_detail","Dog Parks","don-boudria-park","Don Boudria Park Leash-Free Dog Park","generated",""
"/dog-parks/don-russell-memorial-park-etobicoke/","park_detail","Dog Parks","don-russell-memorial-park-etobicoke","Don Russell Memorial Park Leash-Free Dog Park","generated",""
"/dog-parks/don-russell-memorial-park/","park_detail","Dog Parks","don-russell-memorial-park","Don Russell Memorial Park Dog Park in Etobicoke, Ontario","generated",""
"/dog-parks/don-valley-brick-works/","park_detail","Dog Parks","don-valley-brick-works","Don Valley Brick Works Park (Leash-Free Dog Area)","generated",""
"/dog-parks/douglasdale-off-leash-area/","park_detail","Dog Parks","douglasdale-off-leash-area","Douglasdale Park (Off-Leash Pathway Loop)","generated",""
"/dog-parks/duggan-park-kelowna/","park_detail","Dog Parks","duggan-park-kelowna","Duggan Park Leash-Free Area","generated",""
"/dog-parks/duggan-park/","park_detail","Dog Parks","duggan-park","Duggan Park Leash-Free Dog Park","generated",""
"/dog-parks/dunmoore-park-pickering/","park_detail","Dog Parks","dunmoore-park-pickering","Dunmoore Park Leash-Free Dog Park","generated",""
"/dog-parks/dusty-greenwell-dog-park-vancouver/","park_detail","Dog Parks","dusty-greenwell-dog-park-vancouver","Dusty Greenwell Park (off-leash dog park)","generated",""
"/dog-parks/earl-bales-park/","park_detail","Dog Parks","earl-bales-park","Earl Bales Park (Leash-Free Dog Area)","generated",""
"/dog-parks/east-end-paw-park/","park_detail","Dog Parks","east-end-paw-park","East End Paw Park Leash-Free Dog Park","generated",""
"/dog-parks/east-village-dog-park/","park_detail","Dog Parks","east-village-dog-park","East Village Dog Park (Urban Core Leash-Free Zone)","generated",""
"/dog-parks/east-zwicks-centennial-park/","park_detail","Dog Parks","east-zwicks-centennial-park","East Zwick's Centennial Park Leash Free Dog Park","generated",""
"/dog-parks/eastview-community-park-guelph/","park_detail","Dog Parks","eastview-community-park-guelph","Eastview Community Park (Leash-Free Dog Area)","generated",""
"/dog-parks/echo-dale-regional-park/","park_detail","Dog Parks","echo-dale-regional-park","Echo Dale Regional Park","generated",""
"/dog-parks/edgemont-area-1-off-leash-dog-park/","park_detail","Dog Parks","edgemont-area-1-off-leash-dog-park","Edgemont Area 1 Off-Leash Dog Park (Dog Park in NW Calgary)","generated",""
"/dog-parks/edmonton/","city_landing","City Pages","edmonton","Edmonton","generated",""
"/dog-parks/edworthy-park/","park_detail","Dog Parks","edworthy-park","Edworthy Park (Leash-Free Dog Area)","generated",""
"/dog-parks/elbow-park-off-leash-area/","park_detail","Dog Parks","elbow-park-off-leash-area","Elbow Park Off-Leash Area (Inner SW Calgary)","generated",""
"/dog-parks/elboya-off-leash-area/","park_detail","Dog Parks","elboya-off-leash-area","Elboya Off-Leash Area (SW Calgary)","generated",""
"/dog-parks/elliots-beach-park-ladysmith/","park_detail","Dog Parks","elliots-beach-park-ladysmith","Elliots Beach Park Leash-Free Area","generated",""
"/dog-parks/ellison-dog-park-kelowna/","park_detail","Dog Parks","ellison-dog-park-kelowna","Ellison Dog Park Leash-Free Area","generated",""
"/dog-parks/emery-barnes-dog-park/","park_detail","Dog Parks","emery-barnes-dog-park","Emery Barnes (off-leash dog park)","generated",""
"/dog-parks/estevan/","city_landing","City Pages","estevan","Estevan","generated",""
"/dog-parks/etobicoke-valley-dog-park/","park_detail","Dog Parks","etobicoke-valley-dog-park","Etobicoke Valley Dog Park (Leash-Free Dog Park)","generated",""
"/dog-parks/etobicoke/","city_landing","City Pages","etobicoke","Etobicoke","generated",""
"/dog-parks/evanston-dog-park/","park_detail","Dog Parks","evanston-dog-park","Evanston Dog Park (NW Calgary)","generated",""
"/dog-parks/everett-crowley-dog-park/","park_detail","Dog Parks","everett-crowley-dog-park","Everett Crowley (off-leash dog park)","generated",""
"/dog-parks/fairfield-park-chilliwack/","park_detail","Dog Parks","fairfield-park-chilliwack","Fairfield Park Leash-Free Dog Park","generated",""
"/dog-parks/falaise-dog-park-vancouver/","park_detail","Dog Parks","falaise-dog-park-vancouver","Falaise Park (off-leash dog park)","generated",""
"/dog-parks/falaise-dog-park/","park_detail","Dog Parks","falaise-dog-park","Falaise Park (off-leash dog park)","generated",""
"/dog-parks/falaise-park-dog-park/","park_detail","Dog Parks","falaise-park-dog-park","Falaise Park (off-leash dog park)","generated",""
"/dog-parks/firemens-park/","park_detail","Dog Parks","firemens-park","Firemen's Park Leash-Free Dog Park","generated",""
"/dog-parks/fish-creek-marshall-votiers/","park_detail","Dog Parks","fish-creek-marshall-votiers","Fish Creek Park (Marshall Springs & Votiers Flats Off-Leash Zones)","generated",""
"/dog-parks/fish-creek-provincial-park-off-leash-area/","park_detail","Dog Parks","fish-creek-provincial-park-off-leash-area","Fish Creek Provincial Park (Expansive Natural Off-Leash Zones)","generated",""
"/dog-parks/fort-needham-memorial-park/","park_detail","Dog Parks","fort-needham-memorial-park","Fort Needham Memorial Park Leash-Free Dog Park","generated",""
"/dog-parks/frank-faubert-wood-lot/","park_detail","Dog Parks","frank-faubert-wood-lot","Frank Faubert Wood Lot (Dogs Allowed Area)","generated",""
"/dog-parks/fraser-river-dog-park/","park_detail","Dog Parks","fraser-river-dog-park","Fraser River Park (off-leash dog park)","generated",""
"/dog-parks/fraserview-golf-course-vancouver/","park_detail","Dog Parks","fraserview-golf-course-vancouver","Fraserview Golf Course (off-leash dog park)","generated",""
"/dog-parks/fred-mendel-dog-park/","park_detail","Dog Parks","fred-mendel-dog-park","Fred Mendel Dog Park Leash-Free Dog Park","generated",""
"/dog-parks/gallinger-park-cornwall/","park_detail","Dog Parks","gallinger-park-cornwall","Gallinger Park Leash Free Dog Park","generated",""
"/dog-parks/garnetwood-park/","park_detail","Dog Parks","garnetwood-park","Garnetwood Park (Leash-Free Dog Park)","generated",""
"/dog-parks/gatineau/","city_landing","City Pages","gatineau","Gatineau","generated",""
"/dog-parks/george-dog-park-vancouver/","park_detail","Dog Parks","george-dog-park-vancouver","George Park (off-leash dog park)","generated",""
"/dog-parks/george-lippert-park/","park_detail","Dog Parks","george-lippert-park","George Lippert Park (Leash-Free Dog Area)","generated",""
"/dog-parks/gerrard-carlaw-parkette/","park_detail","Dog Parks","gerrard-carlaw-parkette","Gerrard – Carlaw Parkette (Leash-Free Dog Area)","generated",""
"/dog-parks/gimli-off-leash-dog-park/","park_detail","Dog Parks","gimli-off-leash-dog-park","Gimli Off-Leash Dog Park Leash-Free Dog Park","generated",""
"/dog-parks/gimli/","city_landing","City Pages","gimli","Gimli","generated",""
"/dog-parks/glamorgan-off-leash-area/","park_detail","Dog Parks","glamorgan-off-leash-area","Glamorgan Off-Leash Area (West Calgary)","generated",""
"/dog-parks/glen-park/","park_detail","Dog Parks","glen-park","Glen Park Off Leash Dog Area","generated",""
"/dog-parks/glenashton-park/","park_detail","Dog Parks","glenashton-park","Glenashton Park (Leash-Free Dog Area)","generated",""
"/dog-parks/glenmore-dam-off-leash-area/","park_detail","Dog Parks","glenmore-dam-off-leash-area","Glenmore Dam Off-Leash Area (Reservoir Trail)","generated",""
"/dog-parks/gold-bar-park-off-leash-area/","park_detail","Dog Parks","gold-bar-park-off-leash-area","Gold Bar Park Off-Leash Area","generated",""
"/dog-parks/gourlay-janes-park/","park_detail","Dog Parks","gourlay-janes-park","Gourlay-Janes Park Leash Free Area","generated",""
"/dog-parks/grand-avenue-park/","park_detail","Dog Parks","grand-avenue-park","Grand Avenue Park Leash-Free Dog Park in Etobicoke, Toronto, Ontario","generated",""
"/dog-parks/grand-valley-park-pickering/","park_detail","Dog Parks","grand-valley-park-pickering","Grand Valley Park Leash-Free Dog Park","generated",""
"/dog-parks/grande-prairie/","city_landing","City Pages","grande-prairie","Grande Prairie","generated",""
"/dog-parks/grange-park/","park_detail","Dog Parks","grange-park","Grange Park (Dogs Allowed Area)","generated",""
"/dog-parks/greenhill-bowl-park/","park_detail","Dog Parks","greenhill-bowl-park","Greenhill Bowl Park Dog Park in Hamilton, Ontario","generated",""
"/dog-parks/greenwood-conservation-area/","park_detail","Dog Parks","greenwood-conservation-area","Greenwood Conservation Area Leash-Free Dog Park","generated",""
"/dog-parks/greenwood-park/","park_detail","Dog Parks","greenwood-park","Greenwood Park (Leash-Free Dog Area)","generated",""
"/dog-parks/grimsby/","city_landing","City Pages","grimsby","Grimsby","generated",""
"/dog-parks/guelph/","city_landing","City Pages","guelph","Guelph","generated",""
"/dog-parks/guindon-park-cornwall/","park_detail","Dog Parks","guindon-park-cornwall","Guindon Park Leash Free Dog Park","generated",""
"/dog-parks/hadden-dog-park/","park_detail","Dog Parks","hadden-dog-park","Hadden Park (off-leash dog park)","generated",""
"/dog-parks/halifax-common/","park_detail","Dog Parks","halifax-common","Halifax Common Leash-Free Dog Park","generated",""
"/dog-parks/halifax/","city_landing","City Pages","halifax","Halifax","generated",""
"/dog-parks/halton-hills-dog-parks/","city_landing","City Pages","halton-hills-dog-parks","Halton Hills","generated",""
"/dog-parks/hamilton-beach/","park_detail","Dog Parks","hamilton-beach","Hamilton Beach Dog Park in Hamilton, Ontario","generated",""
"/dog-parks/hamilton/","city_landing","City Pages","hamilton","Hamilton","generated",""
"/dog-parks/hammond-dog-off-leash-area/","park_detail","Dog Parks","hammond-dog-off-leash-area","Hammond Dog Off‑Leash Area Leash-Free Dog Park","generated",""
"/dog-parks/hampton-dog-park-89f0c/","park_detail","Dog Parks","hampton-dog-park-89f0c","Hampton Dog Park Leash-Free Dog Park","generated",""
"/dog-parks/hampton-dog-park/","park_detail","Dog Parks","hampton-dog-park","Hampton Dog Park (Leash-Free)","generated",""
"/dog-parks/hanbury-hill-pooch-park/","park_detail","Dog Parks","hanbury-hill-pooch-park","Hanbury Hill Pooch Park Leash-Free Dog Park","generated",""
"/dog-parks/hanna-park-dog-park-quinte-west/","park_detail","Dog Parks","hanna-park-dog-park-quinte-west","Hanna Park & Dog Park Leash-Free Dog Park","generated",""
"/dog-parks/harbourview-park/","park_detail","Dog Parks","harbourview-park","Harbourview Park Leash Free Area","generated",""
"/dog-parks/harmony-valley-park/","park_detail","Dog Parks","harmony-valley-park","Harmony Valley Park and Off-Leash Dog Park","generated",""
"/dog-parks/harvey-park/","park_detail","Dog Parks","harvey-park","Harvey Park Dog Park in Hamilton, Ontario","generated",""
"/dog-parks/hawrelak-trail-off-leash-area/","park_detail","Dog Parks","hawrelak-trail-off-leash-area","Hawrelak Trail Off-Leash Area","generated",""
"/dog-parks/heber-down-conservation-area/","park_detail","Dog Parks","heber-down-conservation-area","Heber Down Conservation Area Leash-Free Dog Park","generated",""
"/dog-parks/hemlock-ravine-park/","park_detail","Dog Parks","hemlock-ravine-park","Hemlock Ravine Park Leash-Free Dog Park","generated",""
"/dog-parks/henry-street-dog-park/","park_detail","Dog Parks","henry-street-dog-park","Henry Street Dog Park (Leash-Free Dog Area)","generated",""
"/dog-parks/hermitage-park-off-leash-area/","park_detail","Dog Parks","hermitage-park-off-leash-area","Hermitage Park Off-Leash Area","generated",""
"/dog-parks/hermitage-park/","park_detail","Dog Parks","hermitage-park","Hermitage Park Leash-Free Dog Park","generated",""
"/dog-parks/hidden-valley-area-2-off-leash-dog-park/","park_detail","Dog Parks","hidden-valley-area-2-off-leash-dog-park","Hidden Valley Area 2 Off-Leash Dog Park (North Calgary Dog Park)","generated",""
"/dog-parks/hidden-valley-park/","park_detail","Dog Parks","hidden-valley-park","Hidden Valley Park (Leash-Free Dog Area)","generated",""
"/dog-parks/hideaway-park/","park_detail","Dog Parks","hideaway-park","Hideaway Park (Leash-Free Dog Area)","generated",""
"/dog-parks/high-park/","park_detail","Dog Parks","high-park","High Park Leash-Free Dog Park","generated",""
"/dog-parks/hillcrest-park/","park_detail","Dog Parks","hillcrest-park","Hillcrest Park (Leash-Free Dog Area)","generated",""
"/dog-parks/hinge-park-dog-park/","park_detail","Dog Parks","hinge-park-dog-park","Hinge Park (Southeast False Creek) - off-leash dog park","generated",""
"/dog-parks/holland-creek-trail-head-ladysmith/","park_detail","Dog Parks","holland-creek-trail-head-ladysmith","Holland Creek Trail Head Leash-Free Area","generated",""
"/dog-parks/horizon-station-off-leash-dog-park/","park_detail","Dog Parks","horizon-station-off-leash-dog-park","Horizon Station Off-Leash Dog Park Leash-Free Dog Park","generated",""
"/dog-parks/horovitz-park-cornwall/","park_detail","Dog Parks","horovitz-park-cornwall","Horovitz Park Leash Free Dog Park","generated",""
"/dog-parks/humber-bay-park-west-etobicoke/","park_detail","Dog Parks","humber-bay-park-west-etobicoke","Humber Bay Park West Leash-Free Dog Park","generated",""
"/dog-parks/humber-bay-park-west/","park_detail","Dog Parks","humber-bay-park-west","Humber Bay Park West Off-Leash Dog Park on Toronto Waterfront","generated",""
"/dog-parks/humboldt/","city_landing","City Pages","humboldt","Humboldt","generated",""
"/dog-parks/hume-park/","park_detail","Dog Parks","hume-park","Hume Park Leash Free Dog Park","generated",""
"/dog-parks/hyde-park-dog-park/","park_detail","Dog Parks","hyde-park-dog-park","Hyde Park Off-Leash Dog Park Leash-Free Dog Park","generated",""
"/dog-parks/idlewood-park/","park_detail","Dog Parks","idlewood-park","Idlewood Park (Leash-Free Dog Area)","generated",""
"/dog-parks/irving-big-stop-bark-park/","park_detail","Dog Parks","irving-big-stop-bark-park","Irving Big Stop Bark Park Leash-Free Dog Park","generated",""
"/dog-parks/island-22-dog-park/","park_detail","Dog Parks","island-22-dog-park","Island 22 Dog Park Leash-Free Dog Park","generated",""
"/dog-parks/jack-darling-park/","park_detail","Dog Parks","jack-darling-park","Jack Darling Park (Leash-Free Dog Park)","generated",""
"/dog-parks/jack-purcell-dog-park/","park_detail","Dog Parks","jack-purcell-dog-park","Jack Purcell Dog Park (Leash-Free)","generated",""
"/dog-parks/jackie-parker-park-off-leash-area/","park_detail","Dog Parks","jackie-parker-park-off-leash-area","Jackie Parker Park Off-Leash Area","generated",""
"/dog-parks/jerome-neighbourhood-park/","park_detail","Dog Parks","jerome-neighbourhood-park","Jerome Neighbourhood Park Dog Park in Hamilton, Ontario","generated",""
"/dog-parks/jerry-sulina-park-maple-ridge/","park_detail","Dog Parks","jerry-sulina-park-maple-ridge","Jerry Sulina Park Leash-Free Dog Park","generated",""
"/dog-parks/jinkerson-dog-park/","park_detail","Dog Parks","jinkerson-dog-park","Jinkerson Dog Park Leash-Free Dog Park","generated",""
"/dog-parks/joe-veroni-park/","park_detail","Dog Parks","joe-veroni-park","Joe Veroni Park (Leash-Free Dog Area)","generated",""
"/dog-parks/john-hendry-dog-park/","park_detail","Dog Parks","john-hendry-dog-park","John Hendry (off-leash dog park)","generated",""
"/dog-parks/john-rebecca-park/","park_detail","Dog Parks","john-rebecca-park","John Rebecca Park Dog Park in Hamilton, Ontario","generated",""
"/dog-parks/jones-dog-park-vancouver/","park_detail","Dog Parks","jones-dog-park-vancouver","Jones Park (off-leash dog park)","generated",""
"/dog-parks/kelowna/","city_landing","City Pages","kelowna","Kelowna","generated",""
"/dog-parks/kentville/","city_landing","City Pages","kentville","Kentville","generated",""
"/dog-parks/kew-gardens/","park_detail","Dog Parks","kew-gardens","Kew Gardens (Leash-Free Dog Area)","generated",""
"/dog-parks/kilcona-park/","park_detail","Dog Parks","kilcona-park","Kilcona Park Leash-Free Dog Park","generated",""
"/dog-parks/killarney-off-leash-area/","park_detail","Dog Parks","killarney-off-leash-area","Killarney Off-Leash Area (Inner West Calgary)","generated",""
"/dog-parks/killarney-park-dog-park/","park_detail","Dog Parks","killarney-park-dog-park","Killarney Park (off-leash dog park)","generated",""
"/dog-parks/kin-coulee-park/","park_detail","Dog Parks","kin-coulee-park","Kin Coulee Park","generated",""
"/dog-parks/king-city/","city_landing","City Pages","king-city","King city","generated",""
"/dog-parks/king-george-park-cornwall/","park_detail","Dog Parks","king-george-park-cornwall","King George Park Leash Free Dog Park","generated",""
"/dog-parks/king-road/","park_detail","Dog Parks","king-road","King Road Leash-Free Dog Park (Bayview Park)","generated",""
"/dog-parks/kingcrest-dog-park-vancouver/","park_detail","Dog Parks","kingcrest-dog-park-vancouver","Kingcrest Park (off-leash dog park)","generated",""
"/dog-parks/kings-mill-park-etobicoke/","park_detail","Dog Parks","kings-mill-park-etobicoke","King's Mill Park Leash-Free Dog Park","generated",""
"/dog-parks/kings-mill-park/","park_detail","Dog Parks","kings-mill-park","King's Mill Park Dog Park in Toronto, Ontario","generated",""
"/dog-parks/kings-park/","park_detail","Dog Parks","kings-park","Kings Park Leash-Free Dog Park","generated",""
"/dog-parks/kingsford-gardens/","park_detail","Dog Parks","kingsford-gardens","Kingsford Gardens (Leash-Free Dog Area)","generated",""
"/dog-parks/kinsmen-dog-park-quinte-west/","park_detail","Dog Parks","kinsmen-dog-park-quinte-west","Kinsmen Dog Park Leash-Free Dog Park","generated",""
"/dog-parks/kinsmen-park-chilliwack/","park_detail","Dog Parks","kinsmen-park-chilliwack","Kinsmen Park Leash-Free Dog Park","generated",""
"/dog-parks/kinsmen-park-playground-ladysmith/","park_detail","Dog Parks","kinsmen-park-playground-ladysmith","Kinsmen Park & Playground Leash-Free Area","generated",""
"/dog-parks/kitchener/","city_landing","City Pages","kitchener","Kitchener","generated",""
"/dog-parks/kiwanis-park/","park_detail","Dog Parks","kiwanis-park","Kiwanis Park (Leash-Free Dog Area)","generated",""
"/dog-parks/klarvatten-off-leash-area/","park_detail","Dog Parks","klarvatten-off-leash-area","Klarvatten Off-Leash Area","generated",""
"/dog-parks/knox-mountain-dog-park-kelowna/","park_detail","Dog Parks","knox-mountain-dog-park-kelowna","Knox Mountain Park Leash-Free Area","generated",""
"/dog-parks/kortright-hills-park/","park_detail","Dog Parks","kortright-hills-park","Kortright Hills Park (Leash-Free Dog Park)","generated",""
"/dog-parks/la-barkman-park-off-leash-area/","park_detail","Dog Parks","la-barkman-park-off-leash-area","L.A. Barkman Park Off-Leash Area Leash-Free Dog Park","generated",""
"/dog-parks/lacombe-lake-dog-park/","park_detail","Dog Parks","lacombe-lake-dog-park","Lacombe Lake Dog Park","generated",""
"/dog-parks/ladysmith-leash-free-dog-park/","park_detail","Dog Parks","ladysmith-leash-free-dog-park","Ladysmith Leash-Free Dog Park","generated",""
"/dog-parks/ladysmith/","city_landing","City Pages","ladysmith","Ladysmith","generated",""
"/dog-parks/lake-bonavista/","park_detail","Dog Parks","lake-bonavista","Lake Bonavista (Off-Leash Area)","generated",""
"/dog-parks/lakefront-walkway-dog-park-nelson/","park_detail","Dog Parks","lakefront-walkway-dog-park-nelson","Lakefront Walkway Dog Park Leash-Free Area","generated",""
"/dog-parks/lakeland-neighbourhood-off-leash-area/","park_detail","Dog Parks","lakeland-neighbourhood-off-leash-area","Lakeland Neighbourhood Off-Leash Area","generated",""
"/dog-parks/lakeside-park/","park_detail","Dog Parks","lakeside-park","Lakeside Park (Leash-Free Dog Park)","generated",""
"/dog-parks/lamoreaux-north-park/","park_detail","Dog Parks","lamoreaux-north-park","L'Amoreaux North Park (Leash-Free Dog Area)","generated",""
"/dog-parks/larkspur-off-leash-dog-park/","park_detail","Dog Parks","larkspur-off-leash-dog-park","Larkspur Off-Leash Dog Park","generated",""
"/dog-parks/lauderdale-dog-park/","park_detail","Dog Parks","lauderdale-dog-park","Lauderdale Dog Park","generated",""
"/dog-parks/laval/","city_landing","City Pages","laval","Laval","generated",""
"/dog-parks/lee-street-park-202b1/","park_detail","Dog Parks","lee-street-park-202b1","Lee Street Park (Leash-Free Dog Area)","generated",""
"/dog-parks/lee-street-park/","park_detail","Dog Parks","lee-street-park","Lee Street Park (Leash-Free Dog Area)","generated",""
"/dog-parks/legacy-park/","park_detail","Dog Parks","legacy-park","Legacy Park (Off-Leash Area)","generated",""
"/dog-parks/leigh-park/","park_detail","Dog Parks","leigh-park","Leigh Park Off Leash Dog Area","generated",""
"/dog-parks/lethbridge/","city_landing","City Pages","lethbridge","Lethbridge","generated",""
"/dog-parks/linkwood-lane-park/","park_detail","Dog Parks","linkwood-lane-park","Linkwood Lane Park (Leash-Free Dog Area)","generated",""
"/dog-parks/lions-park-belleville/","park_detail","Dog Parks","lions-park-belleville","Lion's Park Leash Free Dog Park","generated",""
"/dog-parks/lions-park/","park_detail","Dog Parks","lions-park","Lion's Park Leash-Free Dog Park","generated",""
"/dog-parks/little-mountain-park/","park_detail","Dog Parks","little-mountain-park","Little Mountain Park Leash-Free Dog Park","generated",""
"/dog-parks/lloydminster/","city_landing","City Pages","lloydminster","Lloydminster","generated",""
"/dog-parks/locarno-beach-dog-park-vancouver/","park_detail","Dog Parks","locarno-beach-dog-park-vancouver","Locarno Beach Park (off-leash dog park)","generated",""
"/dog-parks/london/","city_landing","City Pages","london","London","generated",""
"/dog-parks/long-lake-provincial-park/","park_detail","Dog Parks","long-lake-provincial-park","Long Lake Provincial Park Leash-Free Dog Park","generated",""
"/dog-parks/love-park/","park_detail","Dog Parks","love-park","Love Park (Dogs Allowed Area)","generated",""
"/dog-parks/maccaud-park/","park_detail","Dog Parks","maccaud-park","Maccaud Park Leash-Free Dog Area","generated",""
"/dog-parks/mahogany-wetlands-off-leash-area/","park_detail","Dog Parks","mahogany-wetlands-off-leash-area","Mahogany Wetlands (Off-Leash Trails & Views)","generated",""
"/dog-parks/mainland-common-dedicated-off-leash-park/","park_detail","Dog Parks","mainland-common-dedicated-off-leash-park","Mainland Common Dedicated Off-Leash Park Leash-Free Dog Park","generated",""
"/dog-parks/malvern-park-burnaby/","park_detail","Dog Parks","malvern-park-burnaby","Malvern Park Leash-Free Area","generated",""
"/dog-parks/mamowimiweyitamowin-park-off-leash-area/","park_detail","Dog Parks","mamowimiweyitamowin-park-off-leash-area","Māmowimīwēyitamōwin Park Off-Leash Area Leash-Free Dog Park","generated",""
"/dog-parks/maple-grove-park/","park_detail","Dog Parks","maple-grove-park","Maple Grove Park Leash-Free Dog Park","generated",""
"/dog-parks/maple-ridge-upper-park/","park_detail","Dog Parks","maple-ridge-upper-park","Maple Ridge Upper Park Leash-Free Dog Park","generated",""
"/dog-parks/margaret-greene-park/","park_detail","Dog Parks","margaret-greene-park","Margaret Greene Park (Leash-Free Dog Area)","generated",""
"/dog-parks/marie-curtis-park-etobicoke/","park_detail","Dog Parks","marie-curtis-park-etobicoke","Marie Curtis Park Leash-Free Dog Park","generated",""
"/dog-parks/marie-curtis-park/","park_detail","Dog Parks","marie-curtis-park","Marie Curtis Park Leash-Free Dog Park on Toronto Waterfront","generated",""
"/dog-parks/marshview-dog-park-kentville/","park_detail","Dog Parks","marshview-dog-park-kentville","Marshview Dog Park Leash-Free Dog Park","generated",""
"/dog-parks/martensville/","city_landing","City Pages","martensville","Martensville","generated",""
"/dog-parks/martindale-off-leash-area/","park_detail","Dog Parks","martindale-off-leash-area","Martindale Off-Leash Area (NE Calgary)","generated",""
"/dog-parks/mattamy-sports-park/","park_detail","Dog Parks","mattamy-sports-park","Mattamy Sports Park (Leash-Free Dog Park)","generated",""
"/dog-parks/mayland-heights-off-leash-area/","park_detail","Dog Parks","mayland-heights-off-leash-area","Mayland Heights Off-Leash Area (NE Calgary)","generated",""
"/dog-parks/mazenod-park/","park_detail","Dog Parks","mazenod-park","Mazenod Park Leash-Free Dog Park","generated",""
"/dog-parks/mccall-lake-off-leash-area/","park_detail","Dog Parks","mccall-lake-off-leash-area","McCall Lake Off-Leash Area (NE Calgary)","generated",""
"/dog-parks/mccowan-park/","park_detail","Dog Parks","mccowan-park","McCowan Park (Leash-Free Dog Area)","generated",""
"/dog-parks/mcintosh-run-off-leash-dog-park/","park_detail","Dog Parks","mcintosh-run-off-leash-dog-park","McIntosh Run Off-Leash Dog Park Leash-Free Dog Park","generated",""
"/dog-parks/mcknight-falconridge-off-leash-area/","park_detail","Dog Parks","mcknight-falconridge-off-leash-area","McKnight-Falconridge Off-Leash Area (NE Calgary)","generated",""
"/dog-parks/mclaren-park/","park_detail","Dog Parks","mclaren-park","McLaren Park Dog Park in Hamilton, Ontario","generated",""
"/dog-parks/mclennan-park/","park_detail","Dog Parks","mclennan-park","McLennan Park (Leash-Free Dog Area)","generated",""
"/dog-parks/mcmaster-forest-nature-preserve/","park_detail","Dog Parks","mcmaster-forest-nature-preserve","McMaster Forest Nature Preserve Dog Park in Hamilton, Ontario","generated",""
"/dog-parks/meadow-lake/","city_landing","City Pages","meadow-lake","Meadow Lake","generated",""
"/dog-parks/medicine-hat/","city_landing","City Pages","medicine-hat","Medicine Hat","generated",""
"/dog-parks/melfort/","city_landing","City Pages","melfort","Melfort","generated",""
"/dog-parks/melville-dog-park/","park_detail","Dog Parks","melville-dog-park","Melville Dog Park Leash-Free Dog Park","generated",""
"/dog-parks/melville/","city_landing","City Pages","melville","Melville","generated",""
"/dog-parks/memorial-park-white-rock/","park_detail","Dog Parks","memorial-park-white-rock","Memorial Park Leash-Free Area","generated",""
"/dog-parks/memorial-park/","park_detail","Dog Parks","memorial-park","Memorial Park (Leash-Free Dog Area)","generated",""
"/dog-parks/merrill-bridge-road-park/","park_detail","Dog Parks","merrill-bridge-road-park","Merrill Bridge Road Park (Leash-Free Dog Area)","generated",""
"/dog-parks/mill-creek-ravine-south-off-leash/","park_detail","Dog Parks","mill-creek-ravine-south-off-leash","Mill Creek Ravine South Off-Leash Area","generated",""
"/dog-parks/miller-park/","park_detail","Dog Parks","miller-park","Miller Park Off Leash Dog Park","generated",""
"/dog-parks/millers-creek-park/","park_detail","Dog Parks","millers-creek-park","Millers Creek Park Leash-Free Dog Park","generated",""
"/dog-parks/milton/","city_landing","City Pages","milton","Milton","generated",""
"/dog-parks/mission-recreation-park-kelowna/","park_detail","Dog Parks","mission-recreation-park-kelowna","Mission Recreation Park Leash-Free Area","generated",""
"/dog-parks/mission/","city_landing","City Pages","mission","Mission","generated",""
"/dog-parks/mississauga/","city_landing","City Pages","mississauga","Mississauga","generated",""
"/dog-parks/monarch-park/","park_detail","Dog Parks","monarch-park","Monarch Park (Leash-Free Dog Area)","generated",""
"/dog-parks/montgomery-park/","park_detail","Dog Parks","montgomery-park","Montgomery Park Dog Park in Hamilton, Ontario","generated",""
"/dog-parks/montreal/","city_landing","City Pages","montreal","Montreal","generated",""
"/dog-parks/moody-park-new-westminster/","park_detail","Dog Parks","moody-park-new-westminster","Moody Park Leash Free Dog Park","generated",""
"/dog-parks/moose-jaw-dog-park/","park_detail","Dog Parks","moose-jaw-dog-park","Moose Jaw Dog Park Leash-Free Dog Park","generated",""
"/dog-parks/moose-jaw/","city_landing","City Pages","moose-jaw","Moose Jaw","generated",""
"/dog-parks/morden-dog-park/","park_detail","Dog Parks","morden-dog-park","Morden Dog Park Leash-Free Dog Park","generated",""
"/dog-parks/morden/","city_landing","City Pages","morden","Morden","generated",""
"/dog-parks/morgan-crossing-dog-park/","park_detail","Dog Parks","morgan-crossing-dog-park","Morgan Crossing Dog Park Leash-Free Area","generated",""
"/dog-parks/mount-pleasant-off-leash-dog-park/","park_detail","Dog Parks","mount-pleasant-off-leash-dog-park","Mount Pleasant Off-Leash Dog Park Leash-Free Dog Park","generated",""
"/dog-parks/musqueam-dog-park-vancouver/","park_detail","Dog Parks","musqueam-dog-park-vancouver","Musqueam Park (off-leash dog park)","generated",""
"/dog-parks/nat-bailey-stadium-dog-park/","park_detail","Dog Parks","nat-bailey-stadium-dog-park","Nat Bailey Stadium Park (off-leash dog park)","generated",""
"/dog-parks/nelson-dog-park/","park_detail","Dog Parks","nelson-dog-park","Nelson Park (off-leash dog park)","generated",""
"/dog-parks/nelson-dog-walk-lakeside-path/","park_detail","Dog Parks","nelson-dog-walk-lakeside-path","Nelson Dog Walk Lakeside Leash-Free Path","generated",""
"/dog-parks/nelson/","city_landing","City Pages","nelson","Nelson","generated",""
"/dog-parks/new-brighton-dog-park-vancouver-65262/","park_detail","Dog Parks","new-brighton-dog-park-vancouver-65262","New Brighton Park (off-leash dog park)","generated",""
"/dog-parks/new-brighton-dog-park-vancouver/","park_detail","Dog Parks","new-brighton-dog-park-vancouver","New Brighton Park (off-leash dog park)","generated",""
"/dog-parks/new-westminster/","city_landing","City Pages","new-westminster","New Westminster","generated",""
"/dog-parks/niagara-falls-bark-park/","park_detail","Dog Parks","niagara-falls-bark-park","Niagara Falls Bark Park Leash-Free Dog Park","generated",""
"/dog-parks/niagara-falls-dog-park/","park_detail","Dog Parks","niagara-falls-dog-park","Niagara Falls Dog Park Leash-Free Dog Park","generated",""
"/dog-parks/niagara-falls/","city_landing","City Pages","niagara-falls","Niagara Falls","generated",""
"/dog-parks/nicomekl-dog-area/","park_detail","Dog Parks","nicomekl-dog-area","Nicomekl Dog Off-Leash Area","generated",""
"/dog-parks/nipawin-dog-park/","park_detail","Dog Parks","nipawin-dog-park","Nipawin Dog Park Leash-Free Dog Park","generated",""
"/dog-parks/nipawin/","city_landing","City Pages","nipawin","Nipawin","generated",""
"/dog-parks/no-3-road-dog-off-leash-park/","park_detail","Dog Parks","no-3-road-dog-off-leash-park","No. 3 Road Dog Off-Leash Park Leash-Free Dog Park","generated",""
"/dog-parks/north-battleford-off-leash-dog-park/","park_detail","Dog Parks","north-battleford-off-leash-dog-park","North Battleford Off-Leash Dog Park Leash-Free Dog Park","generated",""
"/dog-parks/north-battleford/","city_landing","City Pages","north-battleford","North Battleford","generated",""
"/dog-parks/north-whitby-off-leash-dog-park/","park_detail","Dog Parks","north-whitby-off-leash-dog-park","North Whitby Off-Leash Dog Park Leash-Free Dog Park","generated",""
"/dog-parks/norton-park/","park_detail","Dog Parks","norton-park","Norton Park (Leash-Free Dog Area)","generated",""
"/dog-parks/norwood-park/","park_detail","Dog Parks","norwood-park","Norwood Park (Leash-Free Dog Area)","generated",""
"/dog-parks/nose-hill-park/","park_detail","Dog Parks","nose-hill-park","Nose Hill Park (Leash-Free Dog Area)","generated",""
"/dog-parks/oak-meadows-dog-park/","park_detail","Dog Parks","oak-meadows-dog-park","Oak Meadows Park (off-leash dog park)","generated",""
"/dog-parks/oakcrest-parkette/","park_detail","Dog Parks","oakcrest-parkette","Oakcrest Parkette (Leash-Free Dog Area)","generated",""
"/dog-parks/oakes-road-dog-run/","park_detail","Dog Parks","oakes-road-dog-run","Oakes Road Dog Run Leash-Free Dog Park in Grimsby, Ontario","generated",""
"/dog-parks/oakes-road-north/","park_detail","Dog Parks","oakes-road-north","Oakes Road North Leash-Free Dog Park Leash-Free Dog Park","generated",""
"/dog-parks/oakville/","city_landing","City Pages","oakville","Oakville","generated",""
"/dog-parks/on/","province_landing","Provinces","on","Ontario","generated",""
"/dog-parks/orphans-green/","park_detail","Dog Parks","orphans-green","Orphan's Green (Leash-Free Dog Area)","generated",""
"/dog-parks/oshawa-harmony-valley-park/","park_detail","Dog Parks","oshawa-harmony-valley-park","Harmony Valley Park Leash-Free Dog Park","generated",""
"/dog-parks/oshawa/","city_landing","City Pages","oshawa","Oshawa","generated",""
"/dog-parks/oswald-park-victoria/","park_detail","Dog Parks","oswald-park-victoria","Oswald Park Leash-Free Area","generated",""
"/dog-parks/ottawa/","city_landing","City Pages","ottawa","Ottawa","generated",""
"/dog-parks/oxbows-off-leash-dog-park/","park_detail","Dog Parks","oxbows-off-leash-dog-park","Oxbows Off Leash Dog Park","generated",""
"/dog-parks/paisley-dog-park/","park_detail","Dog Parks","paisley-dog-park","Paisley Dog Park","generated",""
"/dog-parks/palermo-park/","park_detail","Dog Parks","palermo-park","Palermo Park (Leash-Free Dog Area)","generated",""
"/dog-parks/pandora-dog-park-vancouver/","park_detail","Dog Parks","pandora-dog-park-vancouver","Pandora Park (off-leash dog park)","generated",""
"/dog-parks/parc-canin-de-la-pente-douce/","park_detail","Dog Parks","parc-canin-de-la-pente-douce","Parc canin de la Pente-Douce Leash-Free Dog Park","generated",""
"/dog-parks/parc-canin-saint-augustin-de-desmaures/","park_detail","Dog Parks","parc-canin-saint-augustin-de-desmaures","Parc canin Saint-Augustin-de-Desmaures Leash-Free Dog Park","generated",""
"/dog-parks/parc-de-duberger/","park_detail","Dog Parks","parc-de-duberger","Parc de Duberger Leash-Free Dog Park","generated",""
"/dog-parks/parc-de-la-louisianne-dog-park/","park_detail","Dog Parks","parc-de-la-louisianne-dog-park","Parc de la Louisianne Dog Park","generated",""
"/dog-parks/parc-du-sault-au-recollet-dog-park/","park_detail","Dog Parks","parc-du-sault-au-recollet-dog-park","Parc du Sault-au-Récollet Dog Park","generated",""
"/dog-parks/parc-jeanne-mance-dog-park/","park_detail","Dog Parks","parc-jeanne-mance-dog-park","Parc Jeanne-Mance Dog Park Leash-Free Dog Park","generated",""
"/dog-parks/parc-laurier-dog-run/","park_detail","Dog Parks","parc-laurier-dog-run","Parc Laurier Dog Run Leash-Free Dog Park","generated",""
"/dog-parks/parc-sir-wilfrid-laurier-dog-park/","park_detail","Dog Parks","parc-sir-wilfrid-laurier-dog-park","Parc Sir-Wilfrid-Laurier Dog Park","generated",""
"/dog-parks/park-n-bark-off-leash-dog-area/","park_detail","Dog Parks","park-n-bark-off-leash-dog-area","Park ’n’ Bark Off-Leash Dog Area","generated",""
"/dog-parks/parkway-belt-dog-park/","park_detail","Dog Parks","parkway-belt-dog-park","Parkway Belt Park (Leash-Free Dog Area)","generated",""
"/dog-parks/pathfinder-park/","park_detail","Dog Parks","pathfinder-park","Pathfinder Park (Leash-Free Dog Area)","generated",""
"/dog-parks/paul-coffey-park/","park_detail","Dog Parks","paul-coffey-park","Paul Coffey Park (Leash-Free Dog Park)","generated",""
"/dog-parks/paul-mostoway-dog-park/","park_detail","Dog Parks","paul-mostoway-dog-park","Paul Mostoway Dog Park Leash-Free Dog Park","generated",""
"/dog-parks/peach-park-chilliwack/","park_detail","Dog Parks","peach-park-chilliwack","Peach Park Leash-Free Dog Park","generated",""
"/dog-parks/pearce-estate-park-off-leash-area/","park_detail","Dog Parks","pearce-estate-park-off-leash-area","Pearce Estate Park (Leash-Free Riverside Nature)","generated",""
"/dog-parks/pearson-park-chilliwack/","park_detail","Dog Parks","pearson-park-chilliwack","Pearson Park Leash-Free Dog Park","generated",""
"/dog-parks/peenaquim-park-off-leash-area/","park_detail","Dog Parks","peenaquim-park-off-leash-area","Peenaquim Park Off-Leash Area","generated",""
"/dog-parks/pemberton-park-victoria/","park_detail","Dog Parks","pemberton-park-victoria","Pemberton Park Leash-Free Area","generated",""
"/dog-parks/peter-misersky-park/","park_detail","Dog Parks","peter-misersky-park","Peter Misersky Park (Leash-Free Dog Area)","generated",""
"/dog-parks/pickering-dog-park/","park_detail","Dog Parks","pickering-dog-park","Pickering Dog Park Leash-Free Dog Park","generated",""
"/dog-parks/pickering/","city_landing","City Pages","pickering","Pickering","generated",""
"/dog-parks/pocket-designated-off-leash-area/","park_detail","Dog Parks","pocket-designated-off-leash-area","The Pocket – Phin Avenue Parkette (Leash-Free Dog Area)","generated",""
"/dog-parks/point-pleasant-park/","park_detail","Dog Parks","point-pleasant-park","Point Pleasant Park Leash-Free Dog Park","generated",""
"/dog-parks/popson-park-off-leash-area/","park_detail","Dog Parks","popson-park-off-leash-area","Popson Park Off-Leash Area","generated",""
"/dog-parks/portage-la-prairie/","city_landing","City Pages","portage-la-prairie","Portage la Prairie","generated",""
"/dog-parks/post-park/","park_detail","Dog Parks","post-park","Post Park (Leash-Free Dog Area)","generated",""
"/dog-parks/pottersburg-fido-off-leash-dog-area/","park_detail","Dog Parks","pottersburg-fido-off-leash-dog-area","Pottersburg-FIDO Off-Leash Dog Area","generated",""
"/dog-parks/powell-park/","park_detail","Dog Parks","powell-park","Powell Park Dog Park in Hamilton, Ontario","generated",""
"/dog-parks/primrose-park/","park_detail","Dog Parks","primrose-park","Primrose Park Leash-Free Dog Park","generated",""
"/dog-parks/prince-albert/","city_landing","City Pages","prince-albert","Prince Albert","generated",""
"/dog-parks/prospect-park-halton-hills/","park_detail","Dog Parks","prospect-park-halton-hills","Prospect Park Leash Free Dog Park in Halton Hills, Ontario","generated",""
"/dog-parks/pump-hill-off-leash-area/","park_detail","Dog Parks","pump-hill-off-leash-area","Pump Hill Off-Leash Area (Quiet Residential Trail)","generated",""
"/dog-parks/qc/","province_landing","Provinces","qc","Quebec","generated",""
"/dog-parks/qoqolem-park-chilliwack/","park_detail","Dog Parks","qoqolem-park-chilliwack","Qoqó:lem Park Leash-Free Dog Park","generated",""
"/dog-parks/quebec-city/","city_landing","City Pages","quebec-city","Quebec City","generated",""
"/dog-parks/queen-elizabeth-dog-park/","park_detail","Dog Parks","queen-elizabeth-dog-park","Queen Elizabeth Park (off-leash dog park)","generated",""
"/dog-parks/queens-park-new-westminster/","park_detail","Dog Parks","queens-park-new-westminster","Queen's Park Leash Free Dog Park","generated",""
"/dog-parks/queens-park/","park_detail","Dog Parks","queens-park","Queens Park Leash Free Area","generated",""
"/dog-parks/queensborough-new-westminster/","park_detail","Dog Parks","queensborough-new-westminster","Queensborough Dog Park Leash Free Area","generated",""
"/dog-parks/queensland-off-leash-area/","park_detail","Dog Parks","queensland-off-leash-area","Queensland Park (Off-Leash Area)","generated",""
"/dog-parks/quenippenon-park/","park_detail","Dog Parks","quenippenon-park","Quenippenon Park (Leash-Free Dog Park)","generated",""
"/dog-parks/quilchena-dog-park/","park_detail","Dog Parks","quilchena-dog-park","Quilchena Park (off-leash dog park)","generated",""
"/dog-parks/quinte-dog-park/","park_detail","Dog Parks","quinte-dog-park","Quinte Dog Park Leash Free Dog Park","generated",""
"/dog-parks/quinte-west/","city_landing","City Pages","quinte-west","Quinte West","generated",""
"/dog-parks/ramsay-off-leash-area/","park_detail","Dog Parks","ramsay-off-leash-area","Ramsay Off-Leash Area (Community Hilltop Zone)","generated",""
"/dog-parks/ramsden-park/","park_detail","Dog Parks","ramsden-park","Ramsden Park (Leash-Free Dog Area)","generated",""
"/dog-parks/raven-park-ladysmith/","park_detail","Dog Parks","raven-park-ladysmith","Raven Park Leash-Free Area","generated",""
"/dog-parks/raymore-park/","park_detail","Dog Parks","raymore-park","Raymore Park Leash-Free Dog Park","generated",""
"/dog-parks/red-deer/","city_landing","City Pages","red-deer","Red Deer","generated",""
"/dog-parks/regent-park/","park_detail","Dog Parks","regent-park","Regent Park (Leash-Free Dog Area)","generated",""
"/dog-parks/regina/","city_landing","City Pages","regina","Regina","generated",""
"/dog-parks/renfrew-community-dog-park/","park_detail","Dog Parks","renfrew-community-dog-park","Renfrew Community Park (off-leash dog park)","generated",""
"/dog-parks/renfrew-off-leash-park/","park_detail","Dog Parks","renfrew-off-leash-park","Renfrew Off-Leash Park (NE Calgary)","generated",""
"/dog-parks/reservoir-park-wolfville/","park_detail","Dog Parks","reservoir-park-wolfville","Reservoir Park Leash-Free Dog Park","generated",""
"/dog-parks/restoule-provincial-park/","park_detail","Dog Parks","restoule-provincial-park","Restoule Provincial Park Leash-Free Dog Park","generated",""
"/dog-parks/restoule/","city_landing","City Pages","restoule","Restoule","generated",""
"/dog-parks/river-park-off-leash-area/","park_detail","Dog Parks","river-park-off-leash-area","River Park Off-Leash Area (SW Calgary)","generated",""
"/dog-parks/riverain-fenced-dog-park/","park_detail","Dog Parks","riverain-fenced-dog-park","Riverain Fenced Dog Park","generated",""
"/dog-parks/riverdale-off-leash-area/","park_detail","Dog Parks","riverdale-off-leash-area","Riverdale Off-Leash Area (Riverside Greenway)","generated",""
"/dog-parks/riverdale-park-east/","park_detail","Dog Parks","riverdale-park-east","Riverdale Park East (Leash-Free Dog Area)","generated",""
"/dog-parks/riverdale-park-west/","park_detail","Dog Parks","riverdale-park-west","Riverdale Park West (Leash-Free Dog Area)","generated",""
"/dog-parks/riverside-park-guelph/","park_detail","Dog Parks","riverside-park-guelph","Riverside Park (Dogs Allowed Area)","generated",""
"/dog-parks/riverstone-dog-park/","park_detail","Dog Parks","riverstone-dog-park","RiverStone Dog Park","generated",""
"/dog-parks/rj-gidluck-park/","park_detail","Dog Parks","rj-gidluck-park","R.J. Gidluck Park Leash-Free Dog Park","generated",""
"/dog-parks/robert-burnaby-park/","park_detail","Dog Parks","robert-burnaby-park","Robert Burnaby Park Leash-Free Area","generated",""
"/dog-parks/roly-bird-park/","park_detail","Dog Parks","roly-bird-park","Roly Bird Park (Leash-Free Dog Area)","generated",""
"/dog-parks/root-street-park-ladysmith/","park_detail","Dog Parks","root-street-park-ladysmith","Root Street Park Leash-Free Area","generated",""
"/dog-parks/ross-industrial-off-leash-dog-park/","park_detail","Dog Parks","ross-industrial-off-leash-dog-park","Ross Industrial Off-Leash Dog Park Leash-Free Dog Park","generated",""
"/dog-parks/rotary-park-ajax/","park_detail","Dog Parks","rotary-park-ajax","Rotary Park Leash-Free Dog Park","generated",""
"/dog-parks/rotary-park-off-leash-area-sydney/","park_detail","Dog Parks","rotary-park-off-leash-area-sydney","Rotary Park Off-Leash Dog Park","generated",""
"/dog-parks/rotary-park-off-leash-area/","park_detail","Dog Parks","rotary-park-off-leash-area","Rotary Park Off-Leash Area (NE Calgary)","generated",""
"/dog-parks/roth-park/","park_detail","Dog Parks","roth-park","Roth Park (Leash-Free Dog Area)","generated",""
"/dog-parks/rowcliffe-park-kelowna/","park_detail","Dog Parks","rowcliffe-park-kelowna","Rowcliffe Park Leash-Free Area","generated",""
"/dog-parks/roxboro-off-leash-area/","park_detail","Dog Parks","roxboro-off-leash-area","Roxboro Off-Leash Area (Near Elbow River)","generated",""
"/dog-parks/royal-oaks-neighbourhood-off-leash-area/","park_detail","Dog Parks","royal-oaks-neighbourhood-off-leash-area","Royal Oaks Neighbourhood Off-Leash Area","generated",""
"/dog-parks/rushdale-park/","park_detail","Dog Parks","rushdale-park","Rushdale Park Dog Park in Hamilton, Ontario","generated",""
"/dog-parks/ruth-johnson-park/","park_detail","Dog Parks","ruth-johnson-park","Ruth Johnson Park Leash-Free Trails","generated",""
"/dog-parks/rutland-recreation-park-kelowna/","park_detail","Dog Parks","rutland-recreation-park-kelowna","Rutland Recreation Park Leash-Free Area","generated",""
"/dog-parks/sackville-lakes-provincial-park/","park_detail","Dog Parks","sackville-lakes-provincial-park","Sackville Lakes Provincial Park Leash-Free Dog Park","generated",""
"/dog-parks/sand-bay-county-park/","park_detail","Dog Parks","sand-bay-county-park","Sand Bay County Park Leash-Free Dog Park","generated",""
"/dog-parks/sandstone-area-1-off-leash-dog-park/","park_detail","Dog Parks","sandstone-area-1-off-leash-dog-park","Sandstone Area 1 Off-Leash Dog Park (NW Calgary)","generated",""
"/dog-parks/sandy-beach-off-leash-area/","park_detail","Dog Parks","sandy-beach-off-leash-area","Sandy Beach Off-Leash Area (SW Calgary)","generated",""
"/dog-parks/sandy-bruce-park/","park_detail","Dog Parks","sandy-bruce-park","Sandy Bruce Park (Leash-Free Dog Area)","generated",""
"/dog-parks/sandy-lake-park/","park_detail","Dog Parks","sandy-lake-park","Sandy Lake Park Leash-Free Dog Park","generated",""
"/dog-parks/saratoga-dog-park/","park_detail","Dog Parks","saratoga-dog-park","Saratoga Dog Park","generated",""
"/dog-parks/saskatoon/","city_landing","City Pages","saskatoon","Saskatoon","generated",""
"/dog-parks/scarborough-heights-park/","park_detail","Dog Parks","scarborough-heights-park","Scarborough Heights Park (Leash-Free Dog Area)","generated",""
"/dog-parks/scenic-drive-dog-run/","park_detail","Dog Parks","scenic-drive-dog-run","Scenic Drive Dog Run","generated",""
"/dog-parks/seasonal-rink-dog-parks-regina/","park_detail","Dog Parks","seasonal-rink-dog-parks-regina","Seasonal Rink Dog Parks (Various Locations) Leash-Free Dog Park","generated",""
"/dog-parks/selkirk/","city_landing","City Pages","selkirk","Selkirk","generated",""
"/dog-parks/semiahmoo-park/","park_detail","Dog Parks","semiahmoo-park","Semiahmoo Park Leash-Free Area","generated",""
"/dog-parks/seton-off-leash-area/","park_detail","Dog Parks","seton-off-leash-area","Seton Park (Off-Leash Area)","generated",""
"/dog-parks/shaughnessy/","park_detail","Dog Parks","shaughnessy","Shaughnessy Dog Park Leash Free Area","generated",""
"/dog-parks/shearwater-flyer-off-leash-dog-park/","park_detail","Dog Parks","shearwater-flyer-off-leash-dog-park","Shearwater Flyer Off-Leash Dog Park","generated",""
"/dog-parks/sheffield-dog-off-leash-area/","park_detail","Dog Parks","sheffield-dog-off-leash-area","Sheffield Dog Off Leash Area Leash-Free Dog Park","generated",""
"/dog-parks/shell-dog-park/","park_detail","Dog Parks","shell-dog-park","Shell Dog Park (Leash-Free Dog Area)","generated",""
"/dog-parks/sherwood-park/","park_detail","Dog Parks","sherwood-park","Sherwood Park (Leash-Free Dog Area)","generated",""
"/dog-parks/shubie-park/","park_detail","Dog Parks","shubie-park","Shubie Park Leash-Free Dog Park","generated",""
"/dog-parks/silvercreek-park/","park_detail","Dog Parks","silvercreek-park","Silvercreek Park (Leash-Free Dog Area)","generated",""
"/dog-parks/silverwood-dog-park/","park_detail","Dog Parks","silverwood-dog-park","Silverwood Dog Park Leash-Free Dog Park","generated",""
"/dog-parks/sir-casimir-gzowski-park-etobicoke/","park_detail","Dog Parks","sir-casimir-gzowski-park-etobicoke","Sir Casimir Gzowski Park Leash-Free Dog Park","generated",""
"/dog-parks/sir-casimir-gzowski-park/","park_detail","Dog Parks","sir-casimir-gzowski-park","Sir Casimir Gzowski Park Dog Park on Toronto Waterfront","generated",""
"/dog-parks/sixteen-mile-sports-complex/","park_detail","Dog Parks","sixteen-mile-sports-complex","Sixteen Mile Sports Complex (Leash-Free Dog Park)","generated",""
"/dog-parks/skyview-ranch-off-leash-area/","park_detail","Dog Parks","skyview-ranch-off-leash-area","Skyview Ranch Off-Leash Area (NE Calgary)","generated",""
"/dog-parks/snetsinger-park-cornwall/","park_detail","Dog Parks","snetsinger-park-cornwall","Snetsinger Park Leash Free Dog Park","generated",""
"/dog-parks/sorauren-avenue-park/","park_detail","Dog Parks","sorauren-avenue-park","Sorauren Avenue Park Leash-Free Dog Park in Toronto, Ontario","generated",""
"/dog-parks/south-bear-creek-off-leash-dog-park/","park_detail","Dog Parks","south-bear-creek-off-leash-dog-park","South Bear Creek Off-Leash Dog Park","generated",""
"/dog-parks/south-courtice-dog-park/","park_detail","Dog Parks","south-courtice-dog-park","South Courtice Dog Park","generated",""
"/dog-parks/south-shore-vet-dog-zone/","park_detail","Dog Parks","south-shore-vet-dog-zone","South Shore Vet Dog Zone Leash-Free Dog Park","generated",""
"/dog-parks/southward-community-park/","park_detail","Dog Parks","southward-community-park","Southward Community Leash-Free Dog Park in Grimsby, Ontario","generated",""
"/dog-parks/southwest-dog-park-saskatoon/","park_detail","Dog Parks","southwest-dog-park-saskatoon","Southwest Dog Park Leash-Free Dog Park","generated",""
"/dog-parks/spanish-banks-dog-park-vancouver/","park_detail","Dog Parks","spanish-banks-dog-park-vancouver","Spanish Banks Park (off-leash dog park)","generated",""
"/dog-parks/sparwood-dog-park-vancouver/","park_detail","Dog Parks","sparwood-dog-park-vancouver","Sparwood Park (off-leash dog park)","generated",""
"/dog-parks/spruce-haven-off-leash-dog-park/","park_detail","Dog Parks","spruce-haven-off-leash-dog-park","Spruce Haven Off-Leash Dog Park Leash-Free Dog Park","generated",""
"/dog-parks/st-albert/","city_landing","City Pages","st-albert","St. Albert","generated",""
"/dog-parks/st-andrews-playground/","park_detail","Dog Parks","st-andrews-playground","St. Andrew's Playground (Leash-Free Dog Area)","generated",""
"/dog-parks/st-catharines/","city_landing","City Pages","st-catharines","St. Catharines","generated",""
"/dog-parks/st-patricks-island-off-leash-area/","park_detail","Dog Parks","st-patricks-island-off-leash-area","St. Patrick's Island (Riverside Urban Off-Leash Space)","generated",""
"/dog-parks/stan-wadlow-park/","park_detail","Dog Parks","stan-wadlow-park","Stan Wadlow Park (Leash-Free Dog Area)","generated",""
"/dog-parks/stanley-dog-park/","park_detail","Dog Parks","stanley-dog-park","Stanley Park (off-leash dog park)","generated",""
"/dog-parks/stanley-park-south-toronto/","park_detail","Dog Parks","stanley-park-south-toronto","Stanley Park South (Leash-Free Dog Area)","generated",""
"/dog-parks/steinbach/","city_landing","City Pages","steinbach","Steinbach","generated",""
"/dog-parks/steve-mcdonnell-park/","park_detail","Dog Parks","steve-mcdonnell-park","Steve McDonnell Leash-Free Dog Park in Grimsby, Ontario","generated",""
"/dog-parks/steve-mcdonnell/","park_detail","Dog Parks","steve-mcdonnell","Steve McDonnell Leash Free Dog Park Leash-Free Dog Park","generated",""
"/dog-parks/stocking-creek-park-ladysmith/","park_detail","Dog Parks","stocking-creek-park-ladysmith","Stocking Creek Park Leash-Free Area","generated",""
"/dog-parks/stoney-creek-off-leash-area/","park_detail","Dog Parks","stoney-creek-off-leash-area","Stoney Creek Off-Leash Dog Park","generated",""
"/dog-parks/stony-swamp-conservation-area/","park_detail","Dog Parks","stony-swamp-conservation-area","Stony Swamp Conservation Area Leash-Free Dog Park","generated",""
"/dog-parks/stouffville/","city_landing","City Pages","stouffville","Stouffville","generated",""
"/dog-parks/strathcona-dog-park/","park_detail","Dog Parks","strathcona-dog-park","Strathcona Park (off-leash dog park)","generated",""
"/dog-parks/strathcona-park-off-leash-area/","park_detail","Dog Parks","strathcona-park-off-leash-area","Strathcona Park Off-Leash Area (Woodsy Urban Escape)","generated",""
"/dog-parks/sue-higgins-park/","park_detail","Dog Parks","sue-higgins-park","Sue Higgins Park (Calgary’s Largest Leash-Free Zone)","generated",""
"/dog-parks/sunalta-off-leash-area/","park_detail","Dog Parks","sunalta-off-leash-area","Sunalta Off-Leash Area (Hillside Green Escape)","generated",""
"/dog-parks/sunnidale-park/","park_detail","Dog Parks","sunnidale-park","Sunnidale Park Leash Free Dog Park","generated",""
"/dog-parks/sunny-mount-park/","park_detail","Dog Parks","sunny-mount-park","Sunny Mount Park Leash-Free Dog Park in Milton, Ontario","generated",""
"/dog-parks/sunnybrook-park/","park_detail","Dog Parks","sunnybrook-park","Sunnybrook Park (Leash-Free Dog Area)","generated",""
"/dog-parks/sunrise-dog-park-vancouver/","park_detail","Dog Parks","sunrise-dog-park-vancouver","Sunrise Park (off-leash dog park)","generated",""
"/dog-parks/sunset-beach-dog-park/","park_detail","Dog Parks","sunset-beach-dog-park","Sunset Beach (off-leash dog park)","generated",""
"/dog-parks/sunset-dog-park-vancouver/","park_detail","Dog Parks","sunset-dog-park-vancouver","Sunset Park (off-leash dog park)","generated",""
"/dog-parks/surrey/","city_landing","City Pages","surrey","Surrey","generated",""
"/dog-parks/sutherland-off-leash-dog-park/","park_detail","Dog Parks","sutherland-off-leash-dog-park","Off-Leash Recreation Area Sutherland Leash-Free Dog Park","generated",""
"/dog-parks/swift-current-off-leash-dog-park/","park_detail","Dog Parks","swift-current-off-leash-dog-park","Swift Current Off-Leash Dog Park Leash-Free Dog Park","generated",""
"/dog-parks/swift-current/","city_landing","City Pages","swift-current","Swift Current","generated",""
"/dog-parks/sydney/","city_landing","City Pages","sydney","Sydney","generated",""
"/dog-parks/taradale-off-leash-area/","park_detail","Dog Parks","taradale-off-leash-area","Taradale Off-Leash Area (NE Calgary)","generated",""
"/dog-parks/taylor-park-burnaby/","park_detail","Dog Parks","taylor-park-burnaby","Taylor Park Leash-Free Area","generated",""
"/dog-parks/tecumseh-dog-park/","park_detail","Dog Parks","tecumseh-dog-park","Tecumseh Park (off-leash dog park)","generated",""
"/dog-parks/terwillegar-off-leash-dog-park/","park_detail","Dog Parks","terwillegar-off-leash-dog-park","Terwillegar Off-Leash Dog Park","generated",""
"/dog-parks/the-aud-neighbourhood-dog-park/","park_detail","Dog Parks","the-aud-neighbourhood-dog-park","The Aud Neighbourhood Dog Park (Leash-Free Dog Area)","generated",""
"/dog-parks/thompson-street-parkette/","park_detail","Dog Parks","thompson-street-parkette","Thompson Street Parkette (Leash-Free Dog Area)","generated",""
"/dog-parks/thompson/","city_landing","City Pages","thompson","Thompson","generated",""
"/dog-parks/thomson-memorial-park/","park_detail","Dog Parks","thomson-memorial-park","Thomson Memorial Park (Leash-Free Dog Area)","generated",""
"/dog-parks/three-mile-bend-recreation-area/","park_detail","Dog Parks","three-mile-bend-recreation-area","Three Mile Bend Recreation Area","generated",""
"/dog-parks/thurlow-dog-park/","park_detail","Dog Parks","thurlow-dog-park","Thurlow Dog Park Leash Free Dog Park","generated",""
"/dog-parks/tiny/","city_landing","City Pages","tiny","Tiny","generated",""
"/dog-parks/tom-campbells-hill-off-leash-area/","park_detail","Dog Parks","tom-campbells-hill-off-leash-area","Tom Campbell’s Hill Off-Leash Area (NE Calgary)","generated",""
"/dog-parks/toronto/","city_landing","City Pages","toronto","Toronto","generated",""
"/dog-parks/totoredaca-dog-park/","park_detail","Dog Parks","totoredaca-dog-park","Totoredaca Dog Park (Leash-Free Dog Park)","generated",""
"/dog-parks/townsend-park-chilliwack/","park_detail","Dog Parks","townsend-park-chilliwack","Townsend Park Leash-Free Dog Park","generated",""
"/dog-parks/trafalgar-sports-park/","park_detail","Dog Parks","trafalgar-sports-park","Trafalgar Sports Park Leash-Free Dog Park in Halton Hills, Ontario","generated",""
"/dog-parks/transfer-beach-park/","park_detail","Dog Parks","transfer-beach-park","Transfer Beach Park Leash Free Area","generated",""
"/dog-parks/trinity-bellwoods-park/","park_detail","Dog Parks","trinity-bellwoods-park","Trinity Bellwoods Park (Leash-Free Dog Bowl)","generated",""
"/dog-parks/truro-bible-hill-off-leash-dog-park/","park_detail","Dog Parks","truro-bible-hill-off-leash-dog-park","Truro-Bible Hill Off-Leash Dog Park","generated",""
"/dog-parks/truro/","city_landing","City Pages","truro","Truro","generated",""
"/dog-parks/upton-farm-off-leash-area/","park_detail","Dog Parks","upton-farm-off-leash-area","Upton Farm Off-Leash Dog Park","generated",""
"/dog-parks/valdez-dog-park/","park_detail","Dog Parks","valdez-dog-park","Valdez Park (off-leash dog park)","generated",""
"/dog-parks/vancouver/","city_landing","City Pages","vancouver","Vancouver","generated",""
"/dog-parks/varsity-estates-park/","park_detail","Dog Parks","varsity-estates-park","Varsity Estates Park (Leash-Free Dog Area)","generated",""
"/dog-parks/vedder-park/","park_detail","Dog Parks","vedder-park","Vedder Park Leash-Free Dog Park","generated",""
"/dog-parks/vermont-square-park/","park_detail","Dog Parks","vermont-square-park","Vermont Square Park (Leash-Free Dog Area)","generated",""
"/dog-parks/victoria/","city_landing","City Pages","victoria","Victoria","generated",""
"/dog-parks/warden-woods/","park_detail","Dog Parks","warden-woods","Warden Woods Park (Leash-Free Trail Area)","generated",""
"/dog-parks/warman-off-leash-dog-park/","park_detail","Dog Parks","warman-off-leash-dog-park","Warman Off-Leash Dog Park Leash-Free Dog Park","generated",""
"/dog-parks/warman/","city_landing","City Pages","warman","Warman","generated",""
"/dog-parks/warner-loat-park-burnaby/","park_detail","Dog Parks","warner-loat-park-burnaby","Warner Loat Park Leash-Free Area","generated",""
"/dog-parks/wellington-off-leash-area/","park_detail","Dog Parks","wellington-off-leash-area","Wellington Off-Leash Area","generated",""
"/dog-parks/west-hillhurst-off-leash-area/","park_detail","Dog Parks","west-hillhurst-off-leash-area","West Hillhurst Off-Leash Area (NW Calgary)","generated",""
"/dog-parks/west-zwicks-island-park/","park_detail","Dog Parks","west-zwicks-island-park","West Zwick's Island Park Leash Free Dog Park","generated",""
"/dog-parks/westview-park-chilliwack/","park_detail","Dog Parks","westview-park-chilliwack","Westview Park Leash-Free Dog Park","generated",""
"/dog-parks/westview-park-maple-ridge/","park_detail","Dog Parks","westview-park-maple-ridge","Westview Park Leash-Free Dog Park","generated",""
"/dog-parks/westview-park/","park_detail","Dog Parks","westview-park","Westview Park Leash-Free Dog Park","generated",""
"/dog-parks/westvue-dog-park/","park_detail","Dog Parks","westvue-dog-park","WestVue Dog Park","generated",""
"/dog-parks/weyburn-community-dog-park/","park_detail","Dog Parks","weyburn-community-dog-park","Weyburn Community Dog Park Leash-Free Dog Park","generated",""
"/dog-parks/weyburn/","city_landing","City Pages","weyburn","Weyburn","generated",""
"/dog-parks/whitby-park-south/","park_detail","Dog Parks","whitby-park-south","Whitby Off Leash Dog Park South Leash-Free Dog Park","generated",""
"/dog-parks/whitby/","city_landing","City Pages","whitby","Whitby","generated",""
"/dog-parks/white-rock/","city_landing","City Pages","white-rock","White Rock","generated",""
"/dog-parks/white-spruce-park/","park_detail","Dog Parks","white-spruce-park","White Spruce Park Leash-Free Dog Park","generated",""
"/dog-parks/wildwood-crescent-playground/","park_detail","Dog Parks","wildwood-crescent-playground","Wildwood Crescent Playground (Leash-Free Dog Area)","generated",""
"/dog-parks/willingdon-heights-park-burnaby/","park_detail","Dog Parks","willingdon-heights-park-burnaby","Willingdon Heights Park Leash-Free Area","generated",""
"/dog-parks/wills-brook-dog-park/","park_detail","Dog Parks","wills-brook-dog-park","Wills Brook Dog Park Leash-Free Area","generated",""
"/dog-parks/wills-brook-park/","park_detail","Dog Parks","wills-brook-park","Wills Brook Park Leash-Free Area","generated",""
"/dog-parks/winnipeg/","city_landing","City Pages","winnipeg","Winnipeg","generated",""
"/dog-parks/withrow-park/","park_detail","Dog Parks","withrow-park","Withrow Park: Unleashed Dog Area","generated",""
"/dog-parks/woburn-park-north-york/","park_detail","Dog Parks","woburn-park-north-york","Woburn Park - North York (Leash-Free Dog Area)","generated",""
"/dog-parks/woodstock/","city_landing","City Pages","woodstock","Woodstock","generated",""
"/dog-parks/woodsworth-park/","park_detail","Dog Parks","woodsworth-park","Woodsworth Park Leash-Free Dog Park","generated",""
"/dog-parks/woolner-park/","park_detail","Dog Parks","woolner-park","Woolner Park Dog Park in Toronto, Ontario","generated",""
"/dog-parks/wychwood-barns-park/","park_detail","Dog Parks","wychwood-barns-park","Wychwood Barns Park (Dogs Allowed Area)","generated",""
"/dog-parks/yarmouth/","city_landing","City Pages","yarmouth","Yarmouth","generated",""
"/dog-parks/yellow-point-park-ladysmith/","park_detail","Dog Parks","yellow-point-park-ladysmith","Yellow Point Park Leash-Free Area","generated",""
"/dog-parks/yellowquill-provincial-park-off-leash-dog-area/","park_detail","Dog Parks","yellowquill-provincial-park-off-leash-dog-area","Yellowquill Provincial Park Off-Leash Dog Area Leash-Free Dog Park","generated",""
"/dog-parks/yonge-and-york-mills-parkette/","park_detail","Dog Parks","yonge-and-york-mills-parkette","Yonge and York Mills Parkette (Leash-Free Dog Area)","generated",""
"/dog-parks/yorkton/","city_landing","City Pages","yorkton","Yorkton","generated",""
"/dog-parks/zorra-park/","park_detail","Dog Parks","zorra-park","Zorra Park Leash-Free Dog Park in Etobicoke, Toronto, Ontario","generated",""
