"source","type","current_url_or_path","inferred_new_path","collection","slug","status","notes"
"LeashFree-Webflow-Backup-2026-05-26/01-webflow-code-export/leashfree-webflow-code-export-2026-05-26.zip/401.html","static-page","/401","/401/","","401","review","Static Webflow HTML export."
"LeashFree-Webflow-Backup-2026-05-26/01-webflow-code-export/leashfree-webflow-code-export-2026-05-26.zip/404.html","static-page","/404","/404/","","404","review","Static Webflow HTML export."
"LeashFree-Webflow-Backup-2026-05-26/01-webflow-code-export/leashfree-webflow-code-export-2026-05-26.zip/about-us.html","static-page","/about-us","/about-us/","","about-us","review","Static Webflow HTML export."
"LeashFree-Webflow-Backup-2026-05-26/01-webflow-code-export/leashfree-webflow-code-export-2026-05-26.zip/alberta-dog-parks.html","static-page","/alberta-dog-parks","/alberta-dog-parks/","","alberta-dog-parks","review","Static Webflow HTML export."
"LeashFree-Webflow-Backup-2026-05-26/01-webflow-code-export/leashfree-webflow-code-export-2026-05-26.zip/blog.html","static-page","/blog","/blog/","","blog","review","Static Webflow HTML export."
"LeashFree-Webflow-Backup-2026-05-26/01-webflow-code-export/leashfree-webflow-code-export-2026-05-26.zip/british-columbia-dog-parks.html","static-page","/british-columbia-dog-parks","/british-columbia-dog-parks/","","british-columbia-dog-parks","review","Static Webflow HTML export."
"LeashFree-Webflow-Backup-2026-05-26/01-webflow-code-export/leashfree-webflow-code-export-2026-05-26.zip/canadian-dog-names.html","static-page","/canadian-dog-names","/canadian-dog-names/","","canadian-dog-names","review","Static Webflow HTML export."
"LeashFree-Webflow-Backup-2026-05-26/01-webflow-code-export/leashfree-webflow-code-export-2026-05-26.zip/color-inspired-dog-names.html","static-page","/color-inspired-dog-names","/color-inspired-dog-names/","","color-inspired-dog-names","review","Static Webflow HTML export."
"LeashFree-Webflow-Backup-2026-05-26/01-webflow-code-export/leashfree-webflow-code-export-2026-05-26.zip/contact.html","static-page","/contact","/contact/","","contact","review","Static Webflow HTML export."
"LeashFree-Webflow-Backup-2026-05-26/01-webflow-code-export/leashfree-webflow-code-export-2026-05-26.zip/cute-dog-names.html","static-page","/cute-dog-names","/cute-dog-names/","","cute-dog-names","review","Static Webflow HTML export."
"LeashFree-Webflow-Backup-2026-05-26/01-webflow-code-export/leashfree-webflow-code-export-2026-05-26.zip/detail_blog-categories.html","cms-template","/detail_blog-categories","/detail_blog-categories/","","detail_blog-categories","review","Webflow detail template export; not a live final slug by itself."
"LeashFree-Webflow-Backup-2026-05-26/01-webflow-code-export/leashfree-webflow-code-export-2026-05-26.zip/detail_blog-tags.html","cms-template","/detail_blog-tags","/detail_blog-tags/","","detail_blog-tags","review","Webflow detail template export; not a live final slug by itself."
"LeashFree-Webflow-Backup-2026-05-26/01-webflow-code-export/leashfree-webflow-code-export-2026-05-26.zip/detail_blog.html","cms-template","/detail_blog","/detail_blog/","","detail_blog","review","Webflow detail template export; not a live final slug by itself."
"LeashFree-Webflow-Backup-2026-05-26/01-webflow-code-export/leashfree-webflow-code-export-2026-05-26.zip/detail_breed-groups.html","cms-template","/detail_breed-groups","/detail_breed-groups/","","detail_breed-groups","review","Webflow detail template export; not a live final slug by itself."
"LeashFree-Webflow-Backup-2026-05-26/01-webflow-code-export/leashfree-webflow-code-export-2026-05-26.zip/detail_category.html","cms-template","/detail_category","/detail_category/","","detail_category","review","Webflow detail template export; not a live final slug by itself."
"LeashFree-Webflow-Backup-2026-05-26/01-webflow-code-export/leashfree-webflow-code-export-2026-05-26.zip/detail_city.html","cms-template","/detail_city","/detail_city/","","detail_city","review","Webflow detail template export; not a live final slug by itself."
"LeashFree-Webflow-Backup-2026-05-26/01-webflow-code-export/leashfree-webflow-code-export-2026-05-26.zip/detail_directory.html","cms-template","/detail_directory","/detail_directory/","","detail_directory","review","Webflow detail template export; not a live final slug by itself."
"LeashFree-Webflow-Backup-2026-05-26/01-webflow-code-export/leashfree-webflow-code-export-2026-05-26.zip/detail_dog-breeds.html","cms-template","/detail_dog-breeds","/detail_dog-breeds/","","detail_dog-breeds","review","Webflow detail template export; not a live final slug by itself."
"LeashFree-Webflow-Backup-2026-05-26/01-webflow-code-export/leashfree-webflow-code-export-2026-05-26.zip/detail_dog-names.html","cms-template","/detail_dog-names","/detail_dog-names/","","detail_dog-names","review","Webflow detail template export; not a live final slug by itself."
"LeashFree-Webflow-Backup-2026-05-26/01-webflow-code-export/leashfree-webflow-code-export-2026-05-26.zip/detail_dog-parks.html","cms-template","/detail_dog-parks","/detail_dog-parks/","","detail_dog-parks","review","Webflow detail template export; not a live final slug by itself."
"LeashFree-Webflow-Backup-2026-05-26/01-webflow-code-export/leashfree-webflow-code-export-2026-05-26.zip/detail_pet-insurance.html","cms-template","/detail_pet-insurance","/detail_pet-insurance/","","detail_pet-insurance","review","Webflow detail template export; not a live final slug by itself."
"LeashFree-Webflow-Backup-2026-05-26/01-webflow-code-export/leashfree-webflow-code-export-2026-05-26.zip/detail_provinces.html","cms-template","/detail_provinces","/detail_provinces/","","detail_provinces","review","Webflow detail template export; not a live final slug by itself."
"LeashFree-Webflow-Backup-2026-05-26/01-webflow-code-export/leashfree-webflow-code-export-2026-05-26.zip/detail_services.html","cms-template","/detail_services","/detail_services/","","detail_services","review","Webflow detail template export; not a live final slug by itself."
"LeashFree-Webflow-Backup-2026-05-26/01-webflow-code-export/leashfree-webflow-code-export-2026-05-26.zip/detail_tool-categories.html","cms-template","/detail_tool-categories","/detail_tool-categories/","","detail_tool-categories","review","Webflow detail template export; not a live final slug by itself."
"LeashFree-Webflow-Backup-2026-05-26/01-webflow-code-export/leashfree-webflow-code-export-2026-05-26.zip/detail_tools.html","cms-template","/detail_tools","/detail_tools/","","detail_tools","review","Webflow detail template export; not a live final slug by itself."
"LeashFree-Webflow-Backup-2026-05-26/01-webflow-code-export/leashfree-webflow-code-export-2026-05-26.zip/directory.html","static-page","/directory","/directory/","","directory","review","Static Webflow HTML export."
"LeashFree-Webflow-Backup-2026-05-26/01-webflow-code-export/leashfree-webflow-code-export-2026-05-26.zip/dog-breeds.html","static-page","/dog-breeds","/dog-breeds/","","dog-breeds","review","Static Webflow HTML export."
"LeashFree-Webflow-Backup-2026-05-26/01-webflow-code-export/leashfree-webflow-code-export-2026-05-26.zip/dog-insurance-canada.html","static-page","/dog-insurance-canada","/dog-insurance-canada/","","dog-insurance-canada","review","Static Webflow HTML export."
"LeashFree-Webflow-Backup-2026-05-26/01-webflow-code-export/leashfree-webflow-code-export-2026-05-26.zip/dog-name-finder.html","static-page","/dog-name-finder","/dog-name-finder/","","dog-name-finder","review","Static Webflow HTML export."
"LeashFree-Webflow-Backup-2026-05-26/01-webflow-code-export/leashfree-webflow-code-export-2026-05-26.zip/dog-names.html","static-page","/dog-names","/dog-names/","","dog-names","review","Static Webflow HTML export."
"LeashFree-Webflow-Backup-2026-05-26/01-webflow-code-export/leashfree-webflow-code-export-2026-05-26.zip/dog-parks.html","static-page","/dog-parks","/dog-parks/","","dog-parks","review","Static Webflow HTML export."
"LeashFree-Webflow-Backup-2026-05-26/01-webflow-code-export/leashfree-webflow-code-export-2026-05-26.zip/female-dog-names.html","static-page","/female-dog-names","/female-dog-names/","","female-dog-names","review","Static Webflow HTML export."
"LeashFree-Webflow-Backup-2026-05-26/01-webflow-code-export/leashfree-webflow-code-export-2026-05-26.zip/find-your-breed.html","static-page","/find-your-breed","/find-your-breed/","","find-your-breed","review","Static Webflow HTML export."
"LeashFree-Webflow-Backup-2026-05-26/01-webflow-code-export/leashfree-webflow-code-export-2026-05-26.zip/games/barkle.html","static-game-page","/barkle","/barkle/","","barkle","review","Static Webflow HTML export."
"LeashFree-Webflow-Backup-2026-05-26/01-webflow-code-export/leashfree-webflow-code-export-2026-05-26.zip/index.html","static-page","/","/","","","review","Static Webflow HTML export."
"LeashFree-Webflow-Backup-2026-05-26/01-webflow-code-export/leashfree-webflow-code-export-2026-05-26.zip/link-tree.html","static-page","/link-tree","/link-tree/","","link-tree","review","Static Webflow HTML export."
"LeashFree-Webflow-Backup-2026-05-26/01-webflow-code-export/leashfree-webflow-code-export-2026-05-26.zip/male-dog-names.html","static-page","/male-dog-names","/male-dog-names/","","male-dog-names","review","Static Webflow HTML export."
"LeashFree-Webflow-Backup-2026-05-26/01-webflow-code-export/leashfree-webflow-code-export-2026-05-26.zip/manitoba-dog-parks.html","static-page","/manitoba-dog-parks","/manitoba-dog-parks/","","manitoba-dog-parks","review","Static Webflow HTML export."
"LeashFree-Webflow-Backup-2026-05-26/01-webflow-code-export/leashfree-webflow-code-export-2026-05-26.zip/nature-dog-names.html","static-page","/nature-dog-names","/nature-dog-names/","","nature-dog-names","review","Static Webflow HTML export."
"LeashFree-Webflow-Backup-2026-05-26/01-webflow-code-export/leashfree-webflow-code-export-2026-05-26.zip/new-brunswick-dog-parks.html","static-page","/new-brunswick-dog-parks","/new-brunswick-dog-parks/","","new-brunswick-dog-parks","review","Static Webflow HTML export."
"LeashFree-Webflow-Backup-2026-05-26/01-webflow-code-export/leashfree-webflow-code-export-2026-05-26.zip/newfoundland-and-labrador-dog-parks.html","static-page","/newfoundland-and-labrador-dog-parks","/newfoundland-and-labrador-dog-parks/","","newfoundland-and-labrador-dog-parks","review","Static Webflow HTML export."
"LeashFree-Webflow-Backup-2026-05-26/01-webflow-code-export/leashfree-webflow-code-export-2026-05-26.zip/nova-scotia-dog-parks.html","static-page","/nova-scotia-dog-parks","/nova-scotia-dog-parks/","","nova-scotia-dog-parks","review","Static Webflow HTML export."
"LeashFree-Webflow-Backup-2026-05-26/01-webflow-code-export/leashfree-webflow-code-export-2026-05-26.zip/ontario-dog-parks.html","static-page","/ontario-dog-parks","/ontario-dog-parks/","","ontario-dog-parks","review","Static Webflow HTML export."
"LeashFree-Webflow-Backup-2026-05-26/01-webflow-code-export/leashfree-webflow-code-export-2026-05-26.zip/prince-edward-island-dog-parks.html","static-page","/prince-edward-island-dog-parks","/prince-edward-island-dog-parks/","","prince-edward-island-dog-parks","review","Static Webflow HTML export."
"LeashFree-Webflow-Backup-2026-05-26/01-webflow-code-export/leashfree-webflow-code-export-2026-05-26.zip/privacy-policy.html","static-page","/privacy-policy","/privacy-policy/","","privacy-policy","review","Static Webflow HTML export."
"LeashFree-Webflow-Backup-2026-05-26/01-webflow-code-export/leashfree-webflow-code-export-2026-05-26.zip/quebec-dog-parks.html","static-page","/quebec-dog-parks","/quebec-dog-parks/","","quebec-dog-parks","review","Static Webflow HTML export."
"LeashFree-Webflow-Backup-2026-05-26/01-webflow-code-export/leashfree-webflow-code-export-2026-05-26.zip/resources.html","static-page","/resources","/resources/","","resources","review","Static Webflow HTML export."
"LeashFree-Webflow-Backup-2026-05-26/01-webflow-code-export/leashfree-webflow-code-export-2026-05-26.zip/resources/dog-calorie-calculator.html","static-resource-page","/dog-calorie-calculator","/dog-calorie-calculator/","","dog-calorie-calculator","review","Static Webflow HTML export."
"LeashFree-Webflow-Backup-2026-05-26/01-webflow-code-export/leashfree-webflow-code-export-2026-05-26.zip/resources/dog-gear-finder.html","static-resource-page","/dog-gear-finder","/dog-gear-finder/","","dog-gear-finder","review","Static Webflow HTML export."
"LeashFree-Webflow-Backup-2026-05-26/01-webflow-code-export/leashfree-webflow-code-export-2026-05-26.zip/saskatchewan-dog-parks.html","static-page","/saskatchewan-dog-parks","/saskatchewan-dog-parks/","","saskatchewan-dog-parks","review","Static Webflow HTML export."
"LeashFree-Webflow-Backup-2026-05-26/01-webflow-code-export/leashfree-webflow-code-export-2026-05-26.zip/search.html","static-page","/search","/search/","","search","review","Static Webflow HTML export."
"LeashFree-Webflow-Backup-2026-05-26/01-webflow-code-export/leashfree-webflow-code-export-2026-05-26.zip/strong-dog-names.html","static-page","/strong-dog-names","/strong-dog-names/","","strong-dog-names","review","Static Webflow HTML export."
"LeashFree-Webflow-Backup-2026-05-26/01-webflow-code-export/leashfree-webflow-code-export-2026-05-26.zip/style-guide.html","static-page","/style-guide","/style-guide/","","style-guide","review","Static Webflow HTML export."
"LeashFree-Webflow-Backup-2026-05-26/01-webflow-code-export/leashfree-webflow-code-export-2026-05-26.zip/suggest-a-dog-park.html","static-page","/suggest-a-dog-park","/suggest-a-dog-park/","","suggest-a-dog-park","review","Static Webflow HTML export."
"LeashFree-Webflow-Backup-2026-05-26/01-webflow-code-export/leashfree-webflow-code-export-2026-05-26.zip/terms-of-use.html","static-page","/terms-of-use","/terms-of-use/","","terms-of-use","review","Static Webflow HTML export."
"LeashFree-Webflow-Backup-2026-05-26/01-webflow-code-export/leashfree-webflow-code-export-2026-05-26.zip/unique-dog-names.html","static-page","/unique-dog-names","/unique-dog-names/","","unique-dog-names","review","Static Webflow HTML export."
"LeashFree-Webflow-Backup-2026-05-26/01-webflow-code-export/leashfree-webflow-code-export-2026-05-26.zip/untitled.html","static-page","/untitled","/untitled/","","untitled","review","Static Webflow HTML export."
"LeashFree-Webflow-Backup-2026-05-26/02-cms-csv-exports/LeashFree.ca - Blog Categories - 68bef5db17912168bc66d805.csv","cms-item","/directory/dog-breeds","/directory/dog-breeds/","Blog Categories","dog-breeds","inferred","Generated from CMS slug; verify against live Webflow URLs."
"LeashFree-Webflow-Backup-2026-05-26/02-cms-csv-exports/LeashFree.ca - Blog Categories - 68bef5db17912168bc66d805.csv","cms-item","/directory/dog-gear","/directory/dog-gear/","Blog Categories","dog-gear","inferred","Generated from CMS slug; verify against live Webflow URLs."
"LeashFree-Webflow-Backup-2026-05-26/02-cms-csv-exports/LeashFree.ca - Blog Categories - 68bef5db17912168bc66d805.csv","cms-item","/directory/dog-names","/directory/dog-names/","Blog Categories","dog-names","inferred","Generated from CMS slug; verify against live Webflow URLs."
"LeashFree-Webflow-Backup-2026-05-26/02-cms-csv-exports/LeashFree.ca - Blog Categories - 68bef5db17912168bc66d805.csv","cms-item","/directory/dog-parks","/directory/dog-parks/","Blog Categories","dog-parks","inferred","Generated from CMS slug; verify against live Webflow URLs."
"LeashFree-Webflow-Backup-2026-05-26/02-cms-csv-exports/LeashFree.ca - Blog Categories - 68bef5db17912168bc66d805.csv","cms-item","/directory/health-wellness","/directory/health-wellness/","Blog Categories","health-wellness","inferred","Generated from CMS slug; verify against live Webflow URLs."
"LeashFree-Webflow-Backup-2026-05-26/02-cms-csv-exports/LeashFree.ca - Blog Categories - 68bef5db17912168bc66d805.csv","cms-item","/directory/lifestyle-community","/directory/lifestyle-community/","Blog Categories","lifestyle-community","inferred","Generated from CMS slug; verify against live Webflow URLs."
"LeashFree-Webflow-Backup-2026-05-26/02-cms-csv-exports/LeashFree.ca - Blog Categories - 68bef5db17912168bc66d805.csv","cms-item","/directory/training-behavior","/directory/training-behavior/","Blog Categories","training-behavior","inferred","Generated from CMS slug; verify against live Webflow URLs."
"LeashFree-Webflow-Backup-2026-05-26/02-cms-csv-exports/LeashFree.ca - Blog Posts - 68bef494bffe949f670f04e5.csv","cms-item","/blog/most-googled-dog-questions","/blog/most-googled-dog-questions/","Blog Posts","most-googled-dog-questions","inferred","Generated from CMS slug; verify against live Webflow URLs."
"LeashFree-Webflow-Backup-2026-05-26/02-cms-csv-exports/LeashFree.ca - Blog Posts - 68bef494bffe949f670f04e5.csv","cms-item","/blog/average-vet-costs-in-canada","/blog/average-vet-costs-in-canada/","Blog Posts","average-vet-costs-in-canada","inferred","Generated from CMS slug; verify against live Webflow URLs."
"LeashFree-Webflow-Backup-2026-05-26/02-cms-csv-exports/LeashFree.ca - Blog Posts - 68bef494bffe949f670f04e5.csv","cms-item","/blog/best-dog-leashes-for-hiking-in-canada","/blog/best-dog-leashes-for-hiking-in-canada/","Blog Posts","best-dog-leashes-for-hiking-in-canada","inferred","Generated from CMS slug; verify against live Webflow URLs."
"LeashFree-Webflow-Backup-2026-05-26/02-cms-csv-exports/LeashFree.ca - Blog Posts - 68bef494bffe949f670f04e5.csv","cms-item","/blog/best-dogs-for-apartment-living-in-canada","/blog/best-dogs-for-apartment-living-in-canada/","Blog Posts","best-dogs-for-apartment-living-in-canada","inferred","Generated from CMS slug; verify against live Webflow URLs."
"LeashFree-Webflow-Backup-2026-05-26/02-cms-csv-exports/LeashFree.ca - Blog Posts - 68bef494bffe949f670f04e5.csv","cms-item","/blog/best-family-dogs-in-canada","/blog/best-family-dogs-in-canada/","Blog Posts","best-family-dogs-in-canada","inferred","Generated from CMS slug; verify against live Webflow URLs."
"LeashFree-Webflow-Backup-2026-05-26/02-cms-csv-exports/LeashFree.ca - Blog Posts - 68bef494bffe949f670f04e5.csv","cms-item","/blog/best-fresh-dog-food-for-labrador-retrievers-in-canada","/blog/best-fresh-dog-food-for-labrador-retrievers-in-canada/","Blog Posts","best-fresh-dog-food-for-labrador-retrievers-in-canada","inferred","Generated from CMS slug; verify against live Webflow URLs."
"LeashFree-Webflow-Backup-2026-05-26/02-cms-csv-exports/LeashFree.ca - Blog Posts - 68bef494bffe949f670f04e5.csv","cms-item","/blog/best-greeting-exercises-to-reduce-jumping-barking-or-biting","/blog/best-greeting-exercises-to-reduce-jumping-barking-or-biting/","Blog Posts","best-greeting-exercises-to-reduce-jumping-barking-or-biting","inferred","Generated from CMS slug; verify against live Webflow URLs."
"LeashFree-Webflow-Backup-2026-05-26/02-cms-csv-exports/LeashFree.ca - Blog Posts - 68bef494bffe949f670f04e5.csv","cms-item","/blog/best-hypoallergenic-dog-breeds-canadian-families","/blog/best-hypoallergenic-dog-breeds-canadian-families/","Blog Posts","best-hypoallergenic-dog-breeds-canadian-families","inferred","Generated from CMS slug; verify against live Webflow URLs."
"LeashFree-Webflow-Backup-2026-05-26/02-cms-csv-exports/LeashFree.ca - Blog Posts - 68bef494bffe949f670f04e5.csv","cms-item","/blog/crate-training-101-puppy-guide","/blog/crate-training-101-puppy-guide/","Blog Posts","crate-training-101-puppy-guide","inferred","Generated from CMS slug; verify against live Webflow URLs."
"LeashFree-Webflow-Backup-2026-05-26/02-cms-csv-exports/LeashFree.ca - Blog Posts - 68bef494bffe949f670f04e5.csv","cms-item","/blog/diy-halloween-dog-costumes","/blog/diy-halloween-dog-costumes/","Blog Posts","diy-halloween-dog-costumes","inferred","Generated from CMS slug; verify against live Webflow URLs."
"LeashFree-Webflow-Backup-2026-05-26/02-cms-csv-exports/LeashFree.ca - Blog Posts - 68bef494bffe949f670f04e5.csv","cms-item","/blog/dealing-with-separation-anxiety-in-dogs","/blog/dealing-with-separation-anxiety-in-dogs/","Blog Posts","dealing-with-separation-anxiety-in-dogs","inferred","Generated from CMS slug; verify against live Webflow URLs."
"LeashFree-Webflow-Backup-2026-05-26/02-cms-csv-exports/LeashFree.ca - Blog Posts - 68bef494bffe949f670f04e5.csv","cms-item","/blog/dog-age-calculator","/blog/dog-age-calculator/","Blog Posts","dog-age-calculator","inferred","Generated from CMS slug; verify against live Webflow URLs."
"LeashFree-Webflow-Backup-2026-05-26/02-cms-csv-exports/LeashFree.ca - Blog Posts - 68bef494bffe949f670f04e5.csv","cms-item","/blog/dog-insurance-waiting-periods-canada","/blog/dog-insurance-waiting-periods-canada/","Blog Posts","dog-insurance-waiting-periods-canada","inferred","Generated from CMS slug; verify against live Webflow URLs."
"LeashFree-Webflow-Backup-2026-05-26/02-cms-csv-exports/LeashFree.ca - Blog Posts - 68bef494bffe949f670f04e5.csv","cms-item","/blog/blog-dog-park-etiquette-canada","/blog/blog-dog-park-etiquette-canada/","Blog Posts","blog-dog-park-etiquette-canada","inferred","Generated from CMS slug; verify against live Webflow URLs."
"LeashFree-Webflow-Backup-2026-05-26/02-cms-csv-exports/LeashFree.ca - Blog Posts - 68bef494bffe949f670f04e5.csv","cms-item","/blog/halloween-dog-safety-tips","/blog/halloween-dog-safety-tips/","Blog Posts","halloween-dog-safety-tips","inferred","Generated from CMS slug; verify against live Webflow URLs."
"LeashFree-Webflow-Backup-2026-05-26/02-cms-csv-exports/LeashFree.ca - Blog Posts - 68bef494bffe949f670f04e5.csv","cms-item","/blog/how-cold-is-too-cold-for-a-dog-walk","/blog/how-cold-is-too-cold-for-a-dog-walk/","Blog Posts","how-cold-is-too-cold-for-a-dog-walk","inferred","Generated from CMS slug; verify against live Webflow URLs."
"LeashFree-Webflow-Backup-2026-05-26/02-cms-csv-exports/LeashFree.ca - Blog Posts - 68bef494bffe949f670f04e5.csv","cms-item","/blog/how-to-choose-the-right-dog-park-for-your-pup","/blog/how-to-choose-the-right-dog-park-for-your-pup/","Blog Posts","how-to-choose-the-right-dog-park-for-your-pup","inferred","Generated from CMS slug; verify against live Webflow URLs."
"LeashFree-Webflow-Backup-2026-05-26/02-cms-csv-exports/LeashFree.ca - Blog Posts - 68bef494bffe949f670f04e5.csv","cms-item","/blog/how-to-potty-train-puppy-in-condo-apartment","/blog/how-to-potty-train-puppy-in-condo-apartment/","Blog Posts","how-to-potty-train-puppy-in-condo-apartment","inferred","Generated from CMS slug; verify against live Webflow URLs."
"LeashFree-Webflow-Backup-2026-05-26/02-cms-csv-exports/LeashFree.ca - Blog Posts - 68bef494bffe949f670f04e5.csv","cms-item","/blog/help-reactive-dog-stay-calm-on-walks","/blog/help-reactive-dog-stay-calm-on-walks/","Blog Posts","help-reactive-dog-stay-calm-on-walks","inferred","Generated from CMS slug; verify against live Webflow URLs."
"LeashFree-Webflow-Backup-2026-05-26/02-cms-csv-exports/LeashFree.ca - Blog Posts - 68bef494bffe949f670f04e5.csv","cms-item","/blog/how-to-socialize-your-puppy","/blog/how-to-socialize-your-puppy/","Blog Posts","how-to-socialize-your-puppy","inferred","Generated from CMS slug; verify against live Webflow URLs."
"LeashFree-Webflow-Backup-2026-05-26/02-cms-csv-exports/LeashFree.ca - Blog Posts - 68bef494bffe949f670f04e5.csv","cms-item","/blog/puppy-training-independence-games","/blog/puppy-training-independence-games/","Blog Posts","puppy-training-independence-games","inferred","Generated from CMS slug; verify against live Webflow URLs."
"LeashFree-Webflow-Backup-2026-05-26/02-cms-csv-exports/LeashFree.ca - Blog Posts - 68bef494bffe949f670f04e5.csv","cms-item","/blog/is-dog-insurance-worth-it-canada","/blog/is-dog-insurance-worth-it-canada/","Blog Posts","is-dog-insurance-worth-it-canada","inferred","Generated from CMS slug; verify against live Webflow URLs."
"LeashFree-Webflow-Backup-2026-05-26/02-cms-csv-exports/LeashFree.ca - Blog Posts - 68bef494bffe949f670f04e5.csv","cms-item","/blog/is-it-ever-too-late-to-socialize-a-dog","/blog/is-it-ever-too-late-to-socialize-a-dog/","Blog Posts","is-it-ever-too-late-to-socialize-a-dog","inferred","Generated from CMS slug; verify against live Webflow URLs."
"LeashFree-Webflow-Backup-2026-05-26/02-cms-csv-exports/LeashFree.ca - Blog Posts - 68bef494bffe949f670f04e5.csv","cms-item","/blog/keeping-your-dog-active-indoors-during-winter","/blog/keeping-your-dog-active-indoors-during-winter/","Blog Posts","keeping-your-dog-active-indoors-during-winter","inferred","Generated from CMS slug; verify against live Webflow URLs."
"LeashFree-Webflow-Backup-2026-05-26/02-cms-csv-exports/LeashFree.ca - Blog Posts - 68bef494bffe949f670f04e5.csv","cms-item","/blog/low-shedding-dog-breeds-for-allergy-sufferers","/blog/low-shedding-dog-breeds-for-allergy-sufferers/","Blog Posts","low-shedding-dog-breeds-for-allergy-sufferers","inferred","Generated from CMS slug; verify against live Webflow URLs."
"LeashFree-Webflow-Backup-2026-05-26/02-cms-csv-exports/LeashFree.ca - Blog Posts - 68bef494bffe949f670f04e5.csv","cms-item","/blog/smartest-dog-breeds-in-canada-easy-to-train-and-eager-to-lear","/blog/smartest-dog-breeds-in-canada-easy-to-train-and-eager-to-lear/","Blog Posts","smartest-dog-breeds-in-canada-easy-to-train-and-eager-to-lear","inferred","Generated from CMS slug; verify against live Webflow URLs."
"LeashFree-Webflow-Backup-2026-05-26/02-cms-csv-exports/LeashFree.ca - Blog Posts - 68bef494bffe949f670f04e5.csv","cms-item","/blog/the-7-7-7-rule-for-puppies","/blog/the-7-7-7-rule-for-puppies/","Blog Posts","the-7-7-7-rule-for-puppies","inferred","Generated from CMS slug; verify against live Webflow URLs."
"LeashFree-Webflow-Backup-2026-05-26/02-cms-csv-exports/LeashFree.ca - Blog Posts - 68bef494bffe949f670f04e5.csv","cms-item","/blog/tips-for-living-with-dogs-if-you-have-allergies","/blog/tips-for-living-with-dogs-if-you-have-allergies/","Blog Posts","tips-for-living-with-dogs-if-you-have-allergies","inferred","Generated from CMS slug; verify against live Webflow URLs."
"LeashFree-Webflow-Backup-2026-05-26/02-cms-csv-exports/LeashFree.ca - Blog Posts - 68bef494bffe949f670f04e5.csv","cms-item","/blog/top-10-dog-breeds-for-canadian-families","/blog/top-10-dog-breeds-for-canadian-families/","Blog Posts","top-10-dog-breeds-for-canadian-families","inferred","Generated from CMS slug; verify against live Webflow URLs."
"LeashFree-Webflow-Backup-2026-05-26/02-cms-csv-exports/LeashFree.ca - Blog Posts - 68bef494bffe949f670f04e5.csv","cms-item","/blog/top-10-dog-breeds-for-condo-living-canada","/blog/top-10-dog-breeds-for-condo-living-canada/","Blog Posts","top-10-dog-breeds-for-condo-living-canada","inferred","Generated from CMS slug; verify against live Webflow URLs."
"LeashFree-Webflow-Backup-2026-05-26/02-cms-csv-exports/LeashFree.ca - Blog Posts - 68bef494bffe949f670f04e5.csv","cms-item","/blog/top-10-dog-parks-in-vancouver","/blog/top-10-dog-parks-in-vancouver/","Blog Posts","top-10-dog-parks-in-vancouver","inferred","Generated from CMS slug; verify against live Webflow URLs."
"LeashFree-Webflow-Backup-2026-05-26/02-cms-csv-exports/LeashFree.ca - Blog Posts - 68bef494bffe949f670f04e5.csv","cms-item","/blog/top-10-off-leash-dog-parks-in-toronto","/blog/top-10-off-leash-dog-parks-in-toronto/","Blog Posts","top-10-off-leash-dog-parks-in-toronto","inferred","Generated from CMS slug; verify against live Webflow URLs."
"LeashFree-Webflow-Backup-2026-05-26/02-cms-csv-exports/LeashFree.ca - Blog Posts - 68bef494bffe949f670f04e5.csv","cms-item","/blog/halloween-dog-costume-ideas-2025","/blog/halloween-dog-costume-ideas-2025/","Blog Posts","halloween-dog-costume-ideas-2025","inferred","Generated from CMS slug; verify against live Webflow URLs."
"LeashFree-Webflow-Backup-2026-05-26/02-cms-csv-exports/LeashFree.ca - Blog Posts - 68bef494bffe949f670f04e5.csv","cms-item","/blog/trending-dog-names-2025","/blog/trending-dog-names-2025/","Blog Posts","trending-dog-names-2025","inferred","Generated from CMS slug; verify against live Webflow URLs."
"LeashFree-Webflow-Backup-2026-05-26/02-cms-csv-exports/LeashFree.ca - Blog Posts - 68bef494bffe949f670f04e5.csv","cms-item","/blog/unlimited-vs-10000-annual-limit","/blog/unlimited-vs-10000-annual-limit/","Blog Posts","unlimited-vs-10000-annual-limit","inferred","Generated from CMS slug; verify against live Webflow URLs."
"LeashFree-Webflow-Backup-2026-05-26/02-cms-csv-exports/LeashFree.ca - Blog Posts - 68bef494bffe949f670f04e5.csv","cms-item","/blog/best-male-labrador-names","/blog/best-male-labrador-names/","Blog Posts","best-male-labrador-names","inferred","Generated from CMS slug; verify against live Webflow URLs."
"LeashFree-Webflow-Backup-2026-05-26/02-cms-csv-exports/LeashFree.ca - Blog Posts - 68bef494bffe949f670f04e5.csv","cms-item","/blog/winter-dog-care-tips-canada","/blog/winter-dog-care-tips-canada/","Blog Posts","winter-dog-care-tips-canada","inferred","Generated from CMS slug; verify against live Webflow URLs."
"LeashFree-Webflow-Backup-2026-05-26/02-cms-csv-exports/LeashFree.ca - Blog Posts - 68bef494bffe949f670f04e5.csv","cms-item","/blog/winter-paw-care-for-canadian-dogs","/blog/winter-paw-care-for-canadian-dogs/","Blog Posts","winter-paw-care-for-canadian-dogs","inferred","Generated from CMS slug; verify against live Webflow URLs."
"LeashFree-Webflow-Backup-2026-05-26/02-cms-csv-exports/LeashFree.ca - Blog Tags - 68bf0d7329f4aba707b03d73.csv","cms-item","/blog/tag/adoption","/blog/tag/adoption/","Blog Tags","adoption","inferred","Generated from CMS slug; verify against live Webflow URLs."
"LeashFree-Webflow-Backup-2026-05-26/02-cms-csv-exports/LeashFree.ca - Blog Tags - 68bf0d7329f4aba707b03d73.csv","cms-item","/blog/tag/adventure-gear","/blog/tag/adventure-gear/","Blog Tags","adventure-gear","inferred","Generated from CMS slug; verify against live Webflow URLs."
"LeashFree-Webflow-Backup-2026-05-26/02-cms-csv-exports/LeashFree.ca - Blog Tags - 68bf0d7329f4aba707b03d73.csv","cms-item","/blog/tag/calgary","/blog/tag/calgary/","Blog Tags","calgary","inferred","Generated from CMS slug; verify against live Webflow URLs."
"LeashFree-Webflow-Backup-2026-05-26/02-cms-csv-exports/LeashFree.ca - Blog Tags - 68bf0d7329f4aba707b03d73.csv","cms-item","/blog/tag/canadian-brands","/blog/tag/canadian-brands/","Blog Tags","canadian-brands","inferred","Generated from CMS slug; verify against live Webflow URLs."
"LeashFree-Webflow-Backup-2026-05-26/02-cms-csv-exports/LeashFree.ca - Blog Tags - 68bf0d7329f4aba707b03d73.csv","cms-item","/blog/tag/canadian-dogs","/blog/tag/canadian-dogs/","Blog Tags","canadian-dogs","inferred","Generated from CMS slug; verify against live Webflow URLs."
"LeashFree-Webflow-Backup-2026-05-26/02-cms-csv-exports/LeashFree.ca - Blog Tags - 68bf0d7329f4aba707b03d73.csv","cms-item","/blog/tag/dog-allergies","/blog/tag/dog-allergies/","Blog Tags","dog-allergies","inferred","Generated from CMS slug; verify against live Webflow URLs."
"LeashFree-Webflow-Backup-2026-05-26/02-cms-csv-exports/LeashFree.ca - Blog Tags - 68bf0d7329f4aba707b03d73.csv","cms-item","/blog/tag/dog-parks","/blog/tag/dog-parks/","Blog Tags","dog-parks","inferred","Generated from CMS slug; verify against live Webflow URLs."
"LeashFree-Webflow-Backup-2026-05-26/02-cms-csv-exports/LeashFree.ca - Blog Tags - 68bf0d7329f4aba707b03d73.csv","cms-item","/blog/tag/dog-friendly-travel","/blog/tag/dog-friendly-travel/","Blog Tags","dog-friendly-travel","inferred","Generated from CMS slug; verify against live Webflow URLs."
"LeashFree-Webflow-Backup-2026-05-26/02-cms-csv-exports/LeashFree.ca - Blog Tags - 68bf0d7329f4aba707b03d73.csv","cms-item","/blog/tag/french-bulldog","/blog/tag/french-bulldog/","Blog Tags","french-bulldog","inferred","Generated from CMS slug; verify against live Webflow URLs."
"LeashFree-Webflow-Backup-2026-05-26/02-cms-csv-exports/LeashFree.ca - Blog Tags - 68bf0d7329f4aba707b03d73.csv","cms-item","/blog/tag/german-shepherd","/blog/tag/german-shepherd/","Blog Tags","german-shepherd","inferred","Generated from CMS slug; verify against live Webflow URLs."
"LeashFree-Webflow-Backup-2026-05-26/02-cms-csv-exports/LeashFree.ca - Blog Tags - 68bf0d7329f4aba707b03d73.csv","cms-item","/blog/tag/golden-retriever","/blog/tag/golden-retriever/","Blog Tags","golden-retriever","inferred","Generated from CMS slug; verify against live Webflow URLs."
"LeashFree-Webflow-Backup-2026-05-26/02-cms-csv-exports/LeashFree.ca - Blog Tags - 68bf0d7329f4aba707b03d73.csv","cms-item","/blog/tag/halifax","/blog/tag/halifax/","Blog Tags","halifax","inferred","Generated from CMS slug; verify against live Webflow URLs."
"LeashFree-Webflow-Backup-2026-05-26/02-cms-csv-exports/LeashFree.ca - Blog Tags - 68bf0d7329f4aba707b03d73.csv","cms-item","/blog/tag/hiking-gear","/blog/tag/hiking-gear/","Blog Tags","hiking-gear","inferred","Generated from CMS slug; verify against live Webflow URLs."
"LeashFree-Webflow-Backup-2026-05-26/02-cms-csv-exports/LeashFree.ca - Blog Tags - 68bf0d7329f4aba707b03d73.csv","cms-item","/blog/tag/labrador-retriever","/blog/tag/labrador-retriever/","Blog Tags","labrador-retriever","inferred","Generated from CMS slug; verify against live Webflow URLs."
"LeashFree-Webflow-Backup-2026-05-26/02-cms-csv-exports/LeashFree.ca - Blog Tags - 68bf0d7329f4aba707b03d73.csv","cms-item","/blog/tag/leashes","/blog/tag/leashes/","Blog Tags","leashes","inferred","Generated from CMS slug; verify against live Webflow URLs."
"LeashFree-Webflow-Backup-2026-05-26/02-cms-csv-exports/LeashFree.ca - Blog Tags - 68bf0d7329f4aba707b03d73.csv","cms-item","/blog/tag/montreal","/blog/tag/montreal/","Blog Tags","montreal","inferred","Generated from CMS slug; verify against live Webflow URLs."
"LeashFree-Webflow-Backup-2026-05-26/02-cms-csv-exports/LeashFree.ca - Blog Tags - 68bf0d7329f4aba707b03d73.csv","cms-item","/blog/tag/park-etiquette","/blog/tag/park-etiquette/","Blog Tags","park-etiquette","inferred","Generated from CMS slug; verify against live Webflow URLs."
"LeashFree-Webflow-Backup-2026-05-26/02-cms-csv-exports/LeashFree.ca - Blog Tags - 68bf0d7329f4aba707b03d73.csv","cms-item","/blog/tag/poodle","/blog/tag/poodle/","Blog Tags","poodle","inferred","Generated from CMS slug; verify against live Webflow URLs."
"LeashFree-Webflow-Backup-2026-05-26/02-cms-csv-exports/LeashFree.ca - Blog Tags - 68bf0d7329f4aba707b03d73.csv","cms-item","/blog/tag/puppy-training","/blog/tag/puppy-training/","Blog Tags","puppy-training","inferred","Generated from CMS slug; verify against live Webflow URLs."
"LeashFree-Webflow-Backup-2026-05-26/02-cms-csv-exports/LeashFree.ca - Blog Tags - 68bf0d7329f4aba707b03d73.csv","cms-item","/blog/tag/seasonal","/blog/tag/seasonal/","Blog Tags","seasonal","inferred","Generated from CMS slug; verify against live Webflow URLs."
"LeashFree-Webflow-Backup-2026-05-26/02-cms-csv-exports/LeashFree.ca - Blog Tags - 68bf0d7329f4aba707b03d73.csv","cms-item","/blog/tag/senior-dogs","/blog/tag/senior-dogs/","Blog Tags","senior-dogs","inferred","Generated from CMS slug; verify against live Webflow URLs."
"LeashFree-Webflow-Backup-2026-05-26/02-cms-csv-exports/LeashFree.ca - Blog Tags - 68bf0d7329f4aba707b03d73.csv","cms-item","/blog/tag/socialization","/blog/tag/socialization/","Blog Tags","socialization","inferred","Generated from CMS slug; verify against live Webflow URLs."
"LeashFree-Webflow-Backup-2026-05-26/02-cms-csv-exports/LeashFree.ca - Blog Tags - 68bf0d7329f4aba707b03d73.csv","cms-item","/blog/tag/summer-fun","/blog/tag/summer-fun/","Blog Tags","summer-fun","inferred","Generated from CMS slug; verify against live Webflow URLs."
"LeashFree-Webflow-Backup-2026-05-26/02-cms-csv-exports/LeashFree.ca - Blog Tags - 68bf0d7329f4aba707b03d73.csv","cms-item","/blog/tag/toronto","/blog/tag/toronto/","Blog Tags","toronto","inferred","Generated from CMS slug; verify against live Webflow URLs."
"LeashFree-Webflow-Backup-2026-05-26/02-cms-csv-exports/LeashFree.ca - Blog Tags - 68bf0d7329f4aba707b03d73.csv","cms-item","/blog/tag/training-tips","/blog/tag/training-tips/","Blog Tags","training-tips","inferred","Generated from CMS slug; verify against live Webflow URLs."
"LeashFree-Webflow-Backup-2026-05-26/02-cms-csv-exports/LeashFree.ca - Blog Tags - 68bf0d7329f4aba707b03d73.csv","cms-item","/blog/tag/travel-with-dogs","/blog/tag/travel-with-dogs/","Blog Tags","travel-with-dogs","inferred","Generated from CMS slug; verify against live Webflow URLs."
"LeashFree-Webflow-Backup-2026-05-26/02-cms-csv-exports/LeashFree.ca - Blog Tags - 68bf0d7329f4aba707b03d73.csv","cms-item","/blog/tag/vancouver","/blog/tag/vancouver/","Blog Tags","vancouver","inferred","Generated from CMS slug; verify against live Webflow URLs."
"LeashFree-Webflow-Backup-2026-05-26/02-cms-csv-exports/LeashFree.ca - Blog Tags - 68bf0d7329f4aba707b03d73.csv","cms-item","/blog/tag/winter-safety","/blog/tag/winter-safety/","Blog Tags","winter-safety","inferred","Generated from CMS slug; verify against live Webflow URLs."
"LeashFree-Webflow-Backup-2026-05-26/02-cms-csv-exports/LeashFree.ca - Breed Groups - 68ea7925e7187cdd719733f1.csv","cms-item","/dog-breeds/group/herding-dogs","/dog-breeds/group/herding-dogs/","Breed Groups","herding-dogs","inferred","Generated from CMS slug; verify against live Webflow URLs."
"LeashFree-Webflow-Backup-2026-05-26/02-cms-csv-exports/LeashFree.ca - Breed Groups - 68ea7925e7187cdd719733f1.csv","cms-item","/dog-breeds/group/hound-dogs","/dog-breeds/group/hound-dogs/","Breed Groups","hound-dogs","inferred","Generated from CMS slug; verify against live Webflow URLs."
"LeashFree-Webflow-Backup-2026-05-26/02-cms-csv-exports/LeashFree.ca - Breed Groups - 68ea7925e7187cdd719733f1.csv","cms-item","/dog-breeds/group/hybrid-designer-mixes","/dog-breeds/group/hybrid-designer-mixes/","Breed Groups","hybrid-designer-mixes","inferred","Generated from CMS slug; verify against live Webflow URLs."
"LeashFree-Webflow-Backup-2026-05-26/02-cms-csv-exports/LeashFree.ca - Breed Groups - 68ea7925e7187cdd719733f1.csv","cms-item","/dog-breeds/group/miscellaneous","/dog-breeds/group/miscellaneous/","Breed Groups","miscellaneous","inferred","Generated from CMS slug; verify against live Webflow URLs."
"LeashFree-Webflow-Backup-2026-05-26/02-cms-csv-exports/LeashFree.ca - Breed Groups - 68ea7925e7187cdd719733f1.csv","cms-item","/dog-breeds/group/non-sporting-dogs","/dog-breeds/group/non-sporting-dogs/","Breed Groups","non-sporting-dogs","inferred","Generated from CMS slug; verify against live Webflow URLs."
"LeashFree-Webflow-Backup-2026-05-26/02-cms-csv-exports/LeashFree.ca - Breed Groups - 68ea7925e7187cdd719733f1.csv","cms-item","/dog-breeds/group/sporting-dogs","/dog-breeds/group/sporting-dogs/","Breed Groups","sporting-dogs","inferred","Generated from CMS slug; verify against live Webflow URLs."
"LeashFree-Webflow-Backup-2026-05-26/02-cms-csv-exports/LeashFree.ca - Breed Groups - 68ea7925e7187cdd719733f1.csv","cms-item","/dog-breeds/group/terrier-dogs","/dog-breeds/group/terrier-dogs/","Breed Groups","terrier-dogs","inferred","Generated from CMS slug; verify against live Webflow URLs."
"LeashFree-Webflow-Backup-2026-05-26/02-cms-csv-exports/LeashFree.ca - Breed Groups - 68ea7925e7187cdd719733f1.csv","cms-item","/dog-breeds/group/toy-dogs","/dog-breeds/group/toy-dogs/","Breed Groups","toy-dogs","inferred","Generated from CMS slug; verify against live Webflow URLs."
"LeashFree-Webflow-Backup-2026-05-26/02-cms-csv-exports/LeashFree.ca - Breed Groups - 68ea7925e7187cdd719733f1.csv","cms-item","/dog-breeds/group/working-dogs","/dog-breeds/group/working-dogs/","Breed Groups","working-dogs","inferred","Generated from CMS slug; verify against live Webflow URLs."
"LeashFree-Webflow-Backup-2026-05-26/02-cms-csv-exports/LeashFree.ca - Categories - 68f3eb6627330a66b9e68114.csv","cms-item","/directory/animal-shelters-and-rescues","/directory/animal-shelters-and-rescues/","Categories","animal-shelters-and-rescues","inferred","Generated from CMS slug; verify against live Webflow URLs."
"LeashFree-Webflow-Backup-2026-05-26/02-cms-csv-exports/LeashFree.ca - Categories - 68f3eb6627330a66b9e68114.csv","cms-item","/directory/dog-daycares-and-boarding","/directory/dog-daycares-and-boarding/","Categories","dog-daycares-and-boarding","inferred","Generated from CMS slug; verify against live Webflow URLs."
"LeashFree-Webflow-Backup-2026-05-26/02-cms-csv-exports/LeashFree.ca - Categories - 68f3eb6627330a66b9e68114.csv","cms-item","/directory/dog-groomers","/directory/dog-groomers/","Categories","dog-groomers","inferred","Generated from CMS slug; verify against live Webflow URLs."
"LeashFree-Webflow-Backup-2026-05-26/02-cms-csv-exports/LeashFree.ca - Categories - 68f3eb6627330a66b9e68114.csv","cms-item","/directory/dog-trainers","/directory/dog-trainers/","Categories","dog-trainers","inferred","Generated from CMS slug; verify against live Webflow URLs."
"LeashFree-Webflow-Backup-2026-05-26/02-cms-csv-exports/LeashFree.ca - Categories - 68f3eb6627330a66b9e68114.csv","cms-item","/directory/dog-walkers-and-pet-sitters","/directory/dog-walkers-and-pet-sitters/","Categories","dog-walkers-and-pet-sitters","inferred","Generated from CMS slug; verify against live Webflow URLs."
"LeashFree-Webflow-Backup-2026-05-26/02-cms-csv-exports/LeashFree.ca - Categories - 68f3eb6627330a66b9e68114.csv","cms-item","/directory/pet-stores-and-boutiques","/directory/pet-stores-and-boutiques/","Categories","pet-stores-and-boutiques","inferred","Generated from CMS slug; verify against live Webflow URLs."
"LeashFree-Webflow-Backup-2026-05-26/02-cms-csv-exports/LeashFree.ca - Categories - 68f3eb6627330a66b9e68114.csv","cms-item","/directory/veterinarians","/directory/veterinarians/","Categories","veterinarians","inferred","Generated from CMS slug; verify against live Webflow URLs."
"LeashFree-Webflow-Backup-2026-05-26/02-cms-csv-exports/LeashFree.ca - City Pages - 68419a1c56454ae93923d2e4.csv","cms-item","/dog-parks/ajax","/dog-parks/ajax/","City Pages","ajax","inferred","Generated from CMS slug; verify against live Webflow URLs."
"LeashFree-Webflow-Backup-2026-05-26/02-cms-csv-exports/LeashFree.ca - City Pages - 68419a1c56454ae93923d2e4.csv","cms-item","/dog-parks/amherst","/dog-parks/amherst/","City Pages","amherst","inferred","Generated from CMS slug; verify against live Webflow URLs."
"LeashFree-Webflow-Backup-2026-05-26/02-cms-csv-exports/LeashFree.ca - City Pages - 68419a1c56454ae93923d2e4.csv","cms-item","/dog-parks/barrie","/dog-parks/barrie/","City Pages","barrie","inferred","Generated from CMS slug; verify against live Webflow URLs."
"LeashFree-Webflow-Backup-2026-05-26/02-cms-csv-exports/LeashFree.ca - City Pages - 68419a1c56454ae93923d2e4.csv","cms-item","/dog-parks/battleford","/dog-parks/battleford/","City Pages","battleford","inferred","Generated from CMS slug; verify against live Webflow URLs."
"LeashFree-Webflow-Backup-2026-05-26/02-cms-csv-exports/LeashFree.ca - City Pages - 68419a1c56454ae93923d2e4.csv","cms-item","/dog-parks/belleville","/dog-parks/belleville/","City Pages","belleville","inferred","Generated from CMS slug; verify against live Webflow URLs."
"LeashFree-Webflow-Backup-2026-05-26/02-cms-csv-exports/LeashFree.ca - City Pages - 68419a1c56454ae93923d2e4.csv","cms-item","/dog-parks/brampton","/dog-parks/brampton/","City Pages","brampton","inferred","Generated from CMS slug; verify against live Webflow URLs."
"LeashFree-Webflow-Backup-2026-05-26/02-cms-csv-exports/LeashFree.ca - City Pages - 68419a1c56454ae93923d2e4.csv","cms-item","/dog-parks/brandon","/dog-parks/brandon/","City Pages","brandon","inferred","Generated from CMS slug; verify against live Webflow URLs."
"LeashFree-Webflow-Backup-2026-05-26/02-cms-csv-exports/LeashFree.ca - City Pages - 68419a1c56454ae93923d2e4.csv","cms-item","/dog-parks/bridgewater","/dog-parks/bridgewater/","City Pages","bridgewater","inferred","Generated from CMS slug; verify against live Webflow URLs."
"LeashFree-Webflow-Backup-2026-05-26/02-cms-csv-exports/LeashFree.ca - City Pages - 68419a1c56454ae93923d2e4.csv","cms-item","/dog-parks/burlington","/dog-parks/burlington/","City Pages","burlington","inferred","Generated from CMS slug; verify against live Webflow URLs."
"LeashFree-Webflow-Backup-2026-05-26/02-cms-csv-exports/LeashFree.ca - City Pages - 68419a1c56454ae93923d2e4.csv","cms-item","/dog-parks/burnaby","/dog-parks/burnaby/","City Pages","burnaby","inferred","Generated from CMS slug; verify against live Webflow URLs."
"LeashFree-Webflow-Backup-2026-05-26/02-cms-csv-exports/LeashFree.ca - City Pages - 68419a1c56454ae93923d2e4.csv","cms-item","/dog-parks/calgary","/dog-parks/calgary/","City Pages","calgary","inferred","Generated from CMS slug; verify against live Webflow URLs."
"LeashFree-Webflow-Backup-2026-05-26/02-cms-csv-exports/LeashFree.ca - City Pages - 68419a1c56454ae93923d2e4.csv","cms-item","/dog-parks/campbellford","/dog-parks/campbellford/","City Pages","campbellford","inferred","Generated from CMS slug; verify against live Webflow URLs."
"LeashFree-Webflow-Backup-2026-05-26/02-cms-csv-exports/LeashFree.ca - City Pages - 68419a1c56454ae93923d2e4.csv","cms-item","/dog-parks/charleston-lake","/dog-parks/charleston-lake/","City Pages","charleston-lake","inferred","Generated from CMS slug; verify against live Webflow URLs."
"LeashFree-Webflow-Backup-2026-05-26/02-cms-csv-exports/LeashFree.ca - City Pages - 68419a1c56454ae93923d2e4.csv","cms-item","/dog-parks/chilliwack","/dog-parks/chilliwack/","City Pages","chilliwack","inferred","Generated from CMS slug; verify against live Webflow URLs."
"LeashFree-Webflow-Backup-2026-05-26/02-cms-csv-exports/LeashFree.ca - City Pages - 68419a1c56454ae93923d2e4.csv","cms-item","/dog-parks/coquitlam","/dog-parks/coquitlam/","City Pages","coquitlam","inferred","Generated from CMS slug; verify against live Webflow URLs."
"LeashFree-Webflow-Backup-2026-05-26/02-cms-csv-exports/LeashFree.ca - City Pages - 68419a1c56454ae93923d2e4.csv","cms-item","/dog-parks/cornwall","/dog-parks/cornwall/","City Pages","cornwall","inferred","Generated from CMS slug; verify against live Webflow URLs."
"LeashFree-Webflow-Backup-2026-05-26/02-cms-csv-exports/LeashFree.ca - City Pages - 68419a1c56454ae93923d2e4.csv","cms-item","/dog-parks/courtice","/dog-parks/courtice/","City Pages","courtice","inferred","Generated from CMS slug; verify against live Webflow URLs."
"LeashFree-Webflow-Backup-2026-05-26/02-cms-csv-exports/LeashFree.ca - City Pages - 68419a1c56454ae93923d2e4.csv","cms-item","/dog-parks/edmonton","/dog-parks/edmonton/","City Pages","edmonton","inferred","Generated from CMS slug; verify against live Webflow URLs."
"LeashFree-Webflow-Backup-2026-05-26/02-cms-csv-exports/LeashFree.ca - City Pages - 68419a1c56454ae93923d2e4.csv","cms-item","/dog-parks/estevan","/dog-parks/estevan/","City Pages","estevan","inferred","Generated from CMS slug; verify against live Webflow URLs."
"LeashFree-Webflow-Backup-2026-05-26/02-cms-csv-exports/LeashFree.ca - City Pages - 68419a1c56454ae93923d2e4.csv","cms-item","/dog-parks/etobicoke","/dog-parks/etobicoke/","City Pages","etobicoke","inferred","Generated from CMS slug; verify against live Webflow URLs."
"LeashFree-Webflow-Backup-2026-05-26/02-cms-csv-exports/LeashFree.ca - City Pages - 68419a1c56454ae93923d2e4.csv","cms-item","/dog-parks/gatineau","/dog-parks/gatineau/","City Pages","gatineau","inferred","Generated from CMS slug; verify against live Webflow URLs."
"LeashFree-Webflow-Backup-2026-05-26/02-cms-csv-exports/LeashFree.ca - City Pages - 68419a1c56454ae93923d2e4.csv","cms-item","/dog-parks/gimli","/dog-parks/gimli/","City Pages","gimli","inferred","Generated from CMS slug; verify against live Webflow URLs."
"LeashFree-Webflow-Backup-2026-05-26/02-cms-csv-exports/LeashFree.ca - City Pages - 68419a1c56454ae93923d2e4.csv","cms-item","/dog-parks/grande-prairie","/dog-parks/grande-prairie/","City Pages","grande-prairie","inferred","Generated from CMS slug; verify against live Webflow URLs."
"LeashFree-Webflow-Backup-2026-05-26/02-cms-csv-exports/LeashFree.ca - City Pages - 68419a1c56454ae93923d2e4.csv","cms-item","/dog-parks/grimsby","/dog-parks/grimsby/","City Pages","grimsby","inferred","Generated from CMS slug; verify against live Webflow URLs."
"LeashFree-Webflow-Backup-2026-05-26/02-cms-csv-exports/LeashFree.ca - City Pages - 68419a1c56454ae93923d2e4.csv","cms-item","/dog-parks/guelph","/dog-parks/guelph/","City Pages","guelph","inferred","Generated from CMS slug; verify against live Webflow URLs."
"LeashFree-Webflow-Backup-2026-05-26/02-cms-csv-exports/LeashFree.ca - City Pages - 68419a1c56454ae93923d2e4.csv","cms-item","/dog-parks/halifax","/dog-parks/halifax/","City Pages","halifax","inferred","Generated from CMS slug; verify against live Webflow URLs."
"LeashFree-Webflow-Backup-2026-05-26/02-cms-csv-exports/LeashFree.ca - City Pages - 68419a1c56454ae93923d2e4.csv","cms-item","/dog-parks/halton-hills-dog-parks","/dog-parks/halton-hills-dog-parks/","City Pages","halton-hills-dog-parks","inferred","Generated from CMS slug; verify against live Webflow URLs."
"LeashFree-Webflow-Backup-2026-05-26/02-cms-csv-exports/LeashFree.ca - City Pages - 68419a1c56454ae93923d2e4.csv","cms-item","/dog-parks/hamilton","/dog-parks/hamilton/","City Pages","hamilton","inferred","Generated from CMS slug; verify against live Webflow URLs."
"LeashFree-Webflow-Backup-2026-05-26/02-cms-csv-exports/LeashFree.ca - City Pages - 68419a1c56454ae93923d2e4.csv","cms-item","/dog-parks/humboldt","/dog-parks/humboldt/","City Pages","humboldt","inferred","Generated from CMS slug; verify against live Webflow URLs."
"LeashFree-Webflow-Backup-2026-05-26/02-cms-csv-exports/LeashFree.ca - City Pages - 68419a1c56454ae93923d2e4.csv","cms-item","/dog-parks/kelowna","/dog-parks/kelowna/","City Pages","kelowna","inferred","Generated from CMS slug; verify against live Webflow URLs."
"LeashFree-Webflow-Backup-2026-05-26/02-cms-csv-exports/LeashFree.ca - City Pages - 68419a1c56454ae93923d2e4.csv","cms-item","/dog-parks/kentville","/dog-parks/kentville/","City Pages","kentville","inferred","Generated from CMS slug; verify against live Webflow URLs."
"LeashFree-Webflow-Backup-2026-05-26/02-cms-csv-exports/LeashFree.ca - City Pages - 68419a1c56454ae93923d2e4.csv","cms-item","/dog-parks/king-city","/dog-parks/king-city/","City Pages","king-city","inferred","Generated from CMS slug; verify against live Webflow URLs."
"LeashFree-Webflow-Backup-2026-05-26/02-cms-csv-exports/LeashFree.ca - City Pages - 68419a1c56454ae93923d2e4.csv","cms-item","/dog-parks/kitchener","/dog-parks/kitchener/","City Pages","kitchener","inferred","Generated from CMS slug; verify against live Webflow URLs."
"LeashFree-Webflow-Backup-2026-05-26/02-cms-csv-exports/LeashFree.ca - City Pages - 68419a1c56454ae93923d2e4.csv","cms-item","/dog-parks/ladysmith","/dog-parks/ladysmith/","City Pages","ladysmith","inferred","Generated from CMS slug; verify against live Webflow URLs."
"LeashFree-Webflow-Backup-2026-05-26/02-cms-csv-exports/LeashFree.ca - City Pages - 68419a1c56454ae93923d2e4.csv","cms-item","/dog-parks/laval","/dog-parks/laval/","City Pages","laval","inferred","Generated from CMS slug; verify against live Webflow URLs."
"LeashFree-Webflow-Backup-2026-05-26/02-cms-csv-exports/LeashFree.ca - City Pages - 68419a1c56454ae93923d2e4.csv","cms-item","/dog-parks/lethbridge","/dog-parks/lethbridge/","City Pages","lethbridge","inferred","Generated from CMS slug; verify against live Webflow URLs."
"LeashFree-Webflow-Backup-2026-05-26/02-cms-csv-exports/LeashFree.ca - City Pages - 68419a1c56454ae93923d2e4.csv","cms-item","/dog-parks/lloydminster","/dog-parks/lloydminster/","City Pages","lloydminster","inferred","Generated from CMS slug; verify against live Webflow URLs."
"LeashFree-Webflow-Backup-2026-05-26/02-cms-csv-exports/LeashFree.ca - City Pages - 68419a1c56454ae93923d2e4.csv","cms-item","/dog-parks/london","/dog-parks/london/","City Pages","london","inferred","Generated from CMS slug; verify against live Webflow URLs."
"LeashFree-Webflow-Backup-2026-05-26/02-cms-csv-exports/LeashFree.ca - City Pages - 68419a1c56454ae93923d2e4.csv","cms-item","/dog-parks/martensville","/dog-parks/martensville/","City Pages","martensville","inferred","Generated from CMS slug; verify against live Webflow URLs."
"LeashFree-Webflow-Backup-2026-05-26/02-cms-csv-exports/LeashFree.ca - City Pages - 68419a1c56454ae93923d2e4.csv","cms-item","/dog-parks/meadow-lake","/dog-parks/meadow-lake/","City Pages","meadow-lake","inferred","Generated from CMS slug; verify against live Webflow URLs."
"LeashFree-Webflow-Backup-2026-05-26/02-cms-csv-exports/LeashFree.ca - City Pages - 68419a1c56454ae93923d2e4.csv","cms-item","/dog-parks/medicine-hat","/dog-parks/medicine-hat/","City Pages","medicine-hat","inferred","Generated from CMS slug; verify against live Webflow URLs."
"LeashFree-Webflow-Backup-2026-05-26/02-cms-csv-exports/LeashFree.ca - City Pages - 68419a1c56454ae93923d2e4.csv","cms-item","/dog-parks/melfort","/dog-parks/melfort/","City Pages","melfort","inferred","Generated from CMS slug; verify against live Webflow URLs."
"LeashFree-Webflow-Backup-2026-05-26/02-cms-csv-exports/LeashFree.ca - City Pages - 68419a1c56454ae93923d2e4.csv","cms-item","/dog-parks/melville","/dog-parks/melville/","City Pages","melville","inferred","Generated from CMS slug; verify against live Webflow URLs."
"LeashFree-Webflow-Backup-2026-05-26/02-cms-csv-exports/LeashFree.ca - City Pages - 68419a1c56454ae93923d2e4.csv","cms-item","/dog-parks/milton","/dog-parks/milton/","City Pages","milton","inferred","Generated from CMS slug; verify against live Webflow URLs."
"LeashFree-Webflow-Backup-2026-05-26/02-cms-csv-exports/LeashFree.ca - City Pages - 68419a1c56454ae93923d2e4.csv","cms-item","/dog-parks/mission","/dog-parks/mission/","City Pages","mission","inferred","Generated from CMS slug; verify against live Webflow URLs."
"LeashFree-Webflow-Backup-2026-05-26/02-cms-csv-exports/LeashFree.ca - City Pages - 68419a1c56454ae93923d2e4.csv","cms-item","/dog-parks/mississauga","/dog-parks/mississauga/","City Pages","mississauga","inferred","Generated from CMS slug; verify against live Webflow URLs."
"LeashFree-Webflow-Backup-2026-05-26/02-cms-csv-exports/LeashFree.ca - City Pages - 68419a1c56454ae93923d2e4.csv","cms-item","/dog-parks/montreal","/dog-parks/montreal/","City Pages","montreal","inferred","Generated from CMS slug; verify against live Webflow URLs."
"LeashFree-Webflow-Backup-2026-05-26/02-cms-csv-exports/LeashFree.ca - City Pages - 68419a1c56454ae93923d2e4.csv","cms-item","/dog-parks/moose-jaw","/dog-parks/moose-jaw/","City Pages","moose-jaw","inferred","Generated from CMS slug; verify against live Webflow URLs."
"LeashFree-Webflow-Backup-2026-05-26/02-cms-csv-exports/LeashFree.ca - City Pages - 68419a1c56454ae93923d2e4.csv","cms-item","/dog-parks/morden","/dog-parks/morden/","City Pages","morden","inferred","Generated from CMS slug; verify against live Webflow URLs."
"LeashFree-Webflow-Backup-2026-05-26/02-cms-csv-exports/LeashFree.ca - City Pages - 68419a1c56454ae93923d2e4.csv","cms-item","/dog-parks/nelson","/dog-parks/nelson/","City Pages","nelson","inferred","Generated from CMS slug; verify against live Webflow URLs."
"LeashFree-Webflow-Backup-2026-05-26/02-cms-csv-exports/LeashFree.ca - City Pages - 68419a1c56454ae93923d2e4.csv","cms-item","/dog-parks/new-westminster","/dog-parks/new-westminster/","City Pages","new-westminster","inferred","Generated from CMS slug; verify against live Webflow URLs."
"LeashFree-Webflow-Backup-2026-05-26/02-cms-csv-exports/LeashFree.ca - City Pages - 68419a1c56454ae93923d2e4.csv","cms-item","/dog-parks/niagara-falls","/dog-parks/niagara-falls/","City Pages","niagara-falls","inferred","Generated from CMS slug; verify against live Webflow URLs."
"LeashFree-Webflow-Backup-2026-05-26/02-cms-csv-exports/LeashFree.ca - City Pages - 68419a1c56454ae93923d2e4.csv","cms-item","/dog-parks/nipawin","/dog-parks/nipawin/","City Pages","nipawin","inferred","Generated from CMS slug; verify against live Webflow URLs."
"LeashFree-Webflow-Backup-2026-05-26/02-cms-csv-exports/LeashFree.ca - City Pages - 68419a1c56454ae93923d2e4.csv","cms-item","/dog-parks/north-battleford","/dog-parks/north-battleford/","City Pages","north-battleford","inferred","Generated from CMS slug; verify against live Webflow URLs."
"LeashFree-Webflow-Backup-2026-05-26/02-cms-csv-exports/LeashFree.ca - City Pages - 68419a1c56454ae93923d2e4.csv","cms-item","/dog-parks/oakville","/dog-parks/oakville/","City Pages","oakville","inferred","Generated from CMS slug; verify against live Webflow URLs."
"LeashFree-Webflow-Backup-2026-05-26/02-cms-csv-exports/LeashFree.ca - City Pages - 68419a1c56454ae93923d2e4.csv","cms-item","/dog-parks/oshawa","/dog-parks/oshawa/","City Pages","oshawa","inferred","Generated from CMS slug; verify against live Webflow URLs."
"LeashFree-Webflow-Backup-2026-05-26/02-cms-csv-exports/LeashFree.ca - City Pages - 68419a1c56454ae93923d2e4.csv","cms-item","/dog-parks/ottawa","/dog-parks/ottawa/","City Pages","ottawa","inferred","Generated from CMS slug; verify against live Webflow URLs."
"LeashFree-Webflow-Backup-2026-05-26/02-cms-csv-exports/LeashFree.ca - City Pages - 68419a1c56454ae93923d2e4.csv","cms-item","/dog-parks/pickering","/dog-parks/pickering/","City Pages","pickering","inferred","Generated from CMS slug; verify against live Webflow URLs."
"LeashFree-Webflow-Backup-2026-05-26/02-cms-csv-exports/LeashFree.ca - City Pages - 68419a1c56454ae93923d2e4.csv","cms-item","/dog-parks/portage-la-prairie","/dog-parks/portage-la-prairie/","City Pages","portage-la-prairie","inferred","Generated from CMS slug; verify against live Webflow URLs."
"LeashFree-Webflow-Backup-2026-05-26/02-cms-csv-exports/LeashFree.ca - City Pages - 68419a1c56454ae93923d2e4.csv","cms-item","/dog-parks/prince-albert","/dog-parks/prince-albert/","City Pages","prince-albert","inferred","Generated from CMS slug; verify against live Webflow URLs."
"LeashFree-Webflow-Backup-2026-05-26/02-cms-csv-exports/LeashFree.ca - City Pages - 68419a1c56454ae93923d2e4.csv","cms-item","/dog-parks/quebec-city","/dog-parks/quebec-city/","City Pages","quebec-city","inferred","Generated from CMS slug; verify against live Webflow URLs."
"LeashFree-Webflow-Backup-2026-05-26/02-cms-csv-exports/LeashFree.ca - City Pages - 68419a1c56454ae93923d2e4.csv","cms-item","/dog-parks/quinte-west","/dog-parks/quinte-west/","City Pages","quinte-west","inferred","Generated from CMS slug; verify against live Webflow URLs."
"LeashFree-Webflow-Backup-2026-05-26/02-cms-csv-exports/LeashFree.ca - City Pages - 68419a1c56454ae93923d2e4.csv","cms-item","/dog-parks/red-deer","/dog-parks/red-deer/","City Pages","red-deer","inferred","Generated from CMS slug; verify against live Webflow URLs."
"LeashFree-Webflow-Backup-2026-05-26/02-cms-csv-exports/LeashFree.ca - City Pages - 68419a1c56454ae93923d2e4.csv","cms-item","/dog-parks/regina","/dog-parks/regina/","City Pages","regina","inferred","Generated from CMS slug; verify against live Webflow URLs."
"LeashFree-Webflow-Backup-2026-05-26/02-cms-csv-exports/LeashFree.ca - City Pages - 68419a1c56454ae93923d2e4.csv","cms-item","/dog-parks/restoule","/dog-parks/restoule/","City Pages","restoule","inferred","Generated from CMS slug; verify against live Webflow URLs."
"LeashFree-Webflow-Backup-2026-05-26/02-cms-csv-exports/LeashFree.ca - City Pages - 68419a1c56454ae93923d2e4.csv","cms-item","/dog-parks/saskatoon","/dog-parks/saskatoon/","City Pages","saskatoon","inferred","Generated from CMS slug; verify against live Webflow URLs."
"LeashFree-Webflow-Backup-2026-05-26/02-cms-csv-exports/LeashFree.ca - City Pages - 68419a1c56454ae93923d2e4.csv","cms-item","/dog-parks/selkirk","/dog-parks/selkirk/","City Pages","selkirk","inferred","Generated from CMS slug; verify against live Webflow URLs."
"LeashFree-Webflow-Backup-2026-05-26/02-cms-csv-exports/LeashFree.ca - City Pages - 68419a1c56454ae93923d2e4.csv","cms-item","/dog-parks/st-albert","/dog-parks/st-albert/","City Pages","st-albert","inferred","Generated from CMS slug; verify against live Webflow URLs."
"LeashFree-Webflow-Backup-2026-05-26/02-cms-csv-exports/LeashFree.ca - City Pages - 68419a1c56454ae93923d2e4.csv","cms-item","/dog-parks/st-catharines","/dog-parks/st-catharines/","City Pages","st-catharines","inferred","Generated from CMS slug; verify against live Webflow URLs."
"LeashFree-Webflow-Backup-2026-05-26/02-cms-csv-exports/LeashFree.ca - City Pages - 68419a1c56454ae93923d2e4.csv","cms-item","/dog-parks/steinbach","/dog-parks/steinbach/","City Pages","steinbach","inferred","Generated from CMS slug; verify against live Webflow URLs."
"LeashFree-Webflow-Backup-2026-05-26/02-cms-csv-exports/LeashFree.ca - City Pages - 68419a1c56454ae93923d2e4.csv","cms-item","/dog-parks/stouffville","/dog-parks/stouffville/","City Pages","stouffville","inferred","Generated from CMS slug; verify against live Webflow URLs."
"LeashFree-Webflow-Backup-2026-05-26/02-cms-csv-exports/LeashFree.ca - City Pages - 68419a1c56454ae93923d2e4.csv","cms-item","/dog-parks/surrey","/dog-parks/surrey/","City Pages","surrey","inferred","Generated from CMS slug; verify against live Webflow URLs."
"LeashFree-Webflow-Backup-2026-05-26/02-cms-csv-exports/LeashFree.ca - City Pages - 68419a1c56454ae93923d2e4.csv","cms-item","/dog-parks/swift-current","/dog-parks/swift-current/","City Pages","swift-current","inferred","Generated from CMS slug; verify against live Webflow URLs."
"LeashFree-Webflow-Backup-2026-05-26/02-cms-csv-exports/LeashFree.ca - City Pages - 68419a1c56454ae93923d2e4.csv","cms-item","/dog-parks/sydney","/dog-parks/sydney/","City Pages","sydney","inferred","Generated from CMS slug; verify against live Webflow URLs."
"LeashFree-Webflow-Backup-2026-05-26/02-cms-csv-exports/LeashFree.ca - City Pages - 68419a1c56454ae93923d2e4.csv","cms-item","/dog-parks/thompson","/dog-parks/thompson/","City Pages","thompson","inferred","Generated from CMS slug; verify against live Webflow URLs."
"LeashFree-Webflow-Backup-2026-05-26/02-cms-csv-exports/LeashFree.ca - City Pages - 68419a1c56454ae93923d2e4.csv","cms-item","/dog-parks/tiny","/dog-parks/tiny/","City Pages","tiny","inferred","Generated from CMS slug; verify against live Webflow URLs."
"LeashFree-Webflow-Backup-2026-05-26/02-cms-csv-exports/LeashFree.ca - City Pages - 68419a1c56454ae93923d2e4.csv","cms-item","/dog-parks/toronto","/dog-parks/toronto/","City Pages","toronto","inferred","Generated from CMS slug; verify against live Webflow URLs."
"LeashFree-Webflow-Backup-2026-05-26/02-cms-csv-exports/LeashFree.ca - City Pages - 68419a1c56454ae93923d2e4.csv","cms-item","/dog-parks/truro","/dog-parks/truro/","City Pages","truro","inferred","Generated from CMS slug; verify against live Webflow URLs."
"LeashFree-Webflow-Backup-2026-05-26/02-cms-csv-exports/LeashFree.ca - City Pages - 68419a1c56454ae93923d2e4.csv","cms-item","/dog-parks/vancouver","/dog-parks/vancouver/","City Pages","vancouver","inferred","Generated from CMS slug; verify against live Webflow URLs."
"LeashFree-Webflow-Backup-2026-05-26/02-cms-csv-exports/LeashFree.ca - City Pages - 68419a1c56454ae93923d2e4.csv","cms-item","/dog-parks/victoria","/dog-parks/victoria/","City Pages","victoria","inferred","Generated from CMS slug; verify against live Webflow URLs."
"LeashFree-Webflow-Backup-2026-05-26/02-cms-csv-exports/LeashFree.ca - City Pages - 68419a1c56454ae93923d2e4.csv","cms-item","/dog-parks/warman","/dog-parks/warman/","City Pages","warman","inferred","Generated from CMS slug; verify against live Webflow URLs."
"LeashFree-Webflow-Backup-2026-05-26/02-cms-csv-exports/LeashFree.ca - City Pages - 68419a1c56454ae93923d2e4.csv","cms-item","/dog-parks/weyburn","/dog-parks/weyburn/","City Pages","weyburn","inferred","Generated from CMS slug; verify against live Webflow URLs."
"LeashFree-Webflow-Backup-2026-05-26/02-cms-csv-exports/LeashFree.ca - City Pages - 68419a1c56454ae93923d2e4.csv","cms-item","/dog-parks/whitby","/dog-parks/whitby/","City Pages","whitby","inferred","Generated from CMS slug; verify against live Webflow URLs."
"LeashFree-Webflow-Backup-2026-05-26/02-cms-csv-exports/LeashFree.ca - City Pages - 68419a1c56454ae93923d2e4.csv","cms-item","/dog-parks/white-rock","/dog-parks/white-rock/","City Pages","white-rock","inferred","Generated from CMS slug; verify against live Webflow URLs."
"LeashFree-Webflow-Backup-2026-05-26/02-cms-csv-exports/LeashFree.ca - City Pages - 68419a1c56454ae93923d2e4.csv","cms-item","/dog-parks/winnipeg","/dog-parks/winnipeg/","City Pages","winnipeg","inferred","Generated from CMS slug; verify against live Webflow URLs."
"LeashFree-Webflow-Backup-2026-05-26/02-cms-csv-exports/LeashFree.ca - City Pages - 68419a1c56454ae93923d2e4.csv","cms-item","/dog-parks/woodstock","/dog-parks/woodstock/","City Pages","woodstock","inferred","Generated from CMS slug; verify against live Webflow URLs."
"LeashFree-Webflow-Backup-2026-05-26/02-cms-csv-exports/LeashFree.ca - City Pages - 68419a1c56454ae93923d2e4.csv","cms-item","/dog-parks/yarmouth","/dog-parks/yarmouth/","City Pages","yarmouth","inferred","Generated from CMS slug; verify against live Webflow URLs."
"LeashFree-Webflow-Backup-2026-05-26/02-cms-csv-exports/LeashFree.ca - City Pages - 68419a1c56454ae93923d2e4.csv","cms-item","/dog-parks/yorkton","/dog-parks/yorkton/","City Pages","yorkton","inferred","Generated from CMS slug; verify against live Webflow URLs."
"LeashFree-Webflow-Backup-2026-05-26/02-cms-csv-exports/LeashFree.ca - Directories - 68f3eb26d7ca3dac6e94b96d.csv","cms-item","/directory/alberta-animal-rescue-crew-society-aarcs","/directory/alberta-animal-rescue-crew-society-aarcs/","Directories","alberta-animal-rescue-crew-society-aarcs","inferred","Generated from CMS slug; verify against live Webflow URLs."
"LeashFree-Webflow-Backup-2026-05-26/02-cms-csv-exports/LeashFree.ca - Directories - 68f3eb26d7ca3dac6e94b96d.csv","cms-item","/directory/aldershot-animal-hospital-burlington","/directory/aldershot-animal-hospital-burlington/","Directories","aldershot-animal-hospital-burlington","inferred","Generated from CMS slug; verify against live Webflow URLs."
"LeashFree-Webflow-Backup-2026-05-26/02-cms-csv-exports/LeashFree.ca - Directories - 68f3eb26d7ca3dac6e94b96d.csv","cms-item","/directory/alderwood-veterinary-clinic","/directory/alderwood-veterinary-clinic/","Directories","alderwood-veterinary-clinic","inferred","Generated from CMS slug; verify against live Webflow URLs."
"LeashFree-Webflow-Backup-2026-05-26/02-cms-csv-exports/LeashFree.ca - Directories - 68f3eb26d7ca3dac6e94b96d.csv","cms-item","/directory/animal-hospital-of-milton","/directory/animal-hospital-of-milton/","Directories","animal-hospital-of-milton","inferred","Generated from CMS slug; verify against live Webflow URLs."
"LeashFree-Webflow-Backup-2026-05-26/02-cms-csv-exports/LeashFree.ca - Directories - 68f3eb26d7ca3dac6e94b96d.csv","cms-item","/directory/animal-hospital-of-milton-e6f9b","/directory/animal-hospital-of-milton-e6f9b/","Directories","animal-hospital-of-milton-e6f9b","inferred","Generated from CMS slug; verify against live Webflow URLs."
"LeashFree-Webflow-Backup-2026-05-26/02-cms-csv-exports/LeashFree.ca - Directories - 68f3eb26d7ca3dac6e94b96d.csv","cms-item","/directory/animal-hospital-of-oakville","/directory/animal-hospital-of-oakville/","Directories","animal-hospital-of-oakville","inferred","Generated from CMS slug; verify against live Webflow URLs."
"LeashFree-Webflow-Backup-2026-05-26/02-cms-csv-exports/LeashFree.ca - Directories - 68f3eb26d7ca3dac6e94b96d.csv","cms-item","/directory/applewood-veterinary-hospital-mississauga","/directory/applewood-veterinary-hospital-mississauga/","Directories","applewood-veterinary-hospital-mississauga","inferred","Generated from CMS slug; verify against live Webflow URLs."
"LeashFree-Webflow-Backup-2026-05-26/02-cms-csv-exports/LeashFree.ca - Directories - 68f3eb26d7ca3dac6e94b96d.csv","cms-item","/directory/aquitaine-animal-hospital-mississauga","/directory/aquitaine-animal-hospital-mississauga/","Directories","aquitaine-animal-hospital-mississauga","inferred","Generated from CMS slug; verify against live Webflow URLs."
"LeashFree-Webflow-Backup-2026-05-26/02-cms-csv-exports/LeashFree.ca - Directories - 68f3eb26d7ca3dac6e94b96d.csv","cms-item","/directory/bc-spca-vancouver-branch","/directory/bc-spca-vancouver-branch/","Directories","bc-spca-vancouver-branch","inferred","Generated from CMS slug; verify against live Webflow URLs."
"LeashFree-Webflow-Backup-2026-05-26/02-cms-csv-exports/LeashFree.ca - Directories - 68f3eb26d7ca3dac6e94b96d.csv","cms-item","/directory/bristol-veterinary-hospital-mississauga","/directory/bristol-veterinary-hospital-mississauga/","Directories","bristol-veterinary-hospital-mississauga","inferred","Generated from CMS slug; verify against live Webflow URLs."
"LeashFree-Webflow-Backup-2026-05-26/02-cms-csv-exports/LeashFree.ca - Directories - 68f3eb26d7ca3dac6e94b96d.csv","cms-item","/directory/burlington-veterinary-emergency-and-referral-hospital","/directory/burlington-veterinary-emergency-and-referral-hospital/","Directories","burlington-veterinary-emergency-and-referral-hospital","inferred","Generated from CMS slug; verify against live Webflow URLs."
"LeashFree-Webflow-Backup-2026-05-26/02-cms-csv-exports/LeashFree.ca - Directories - 68f3eb26d7ca3dac6e94b96d.csv","cms-item","/directory/burloak-animal-hospital","/directory/burloak-animal-hospital/","Directories","burloak-animal-hospital","inferred","Generated from CMS slug; verify against live Webflow URLs."
"LeashFree-Webflow-Backup-2026-05-26/02-cms-csv-exports/LeashFree.ca - Directories - 68f3eb26d7ca3dac6e94b96d.csv","cms-item","/directory/credit-valley-animal-hospital-mississauga","/directory/credit-valley-animal-hospital-mississauga/","Directories","credit-valley-animal-hospital-mississauga","inferred","Generated from CMS slug; verify against live Webflow URLs."
"LeashFree-Webflow-Backup-2026-05-26/02-cms-csv-exports/LeashFree.ca - Directories - 68f3eb26d7ca3dac6e94b96d.csv","cms-item","/directory/derry-heights-animal-hospital-milton","/directory/derry-heights-animal-hospital-milton/","Directories","derry-heights-animal-hospital-milton","inferred","Generated from CMS slug; verify against live Webflow URLs."
"LeashFree-Webflow-Backup-2026-05-26/02-cms-csv-exports/LeashFree.ca - Directories - 68f3eb26d7ca3dac6e94b96d.csv","cms-item","/directory/dog-tales-rescue-and-sanctuary","/directory/dog-tales-rescue-and-sanctuary/","Directories","dog-tales-rescue-and-sanctuary","inferred","Generated from CMS slug; verify against live Webflow URLs."
"LeashFree-Webflow-Backup-2026-05-26/02-cms-csv-exports/LeashFree.ca - Directories - 68f3eb26d7ca3dac6e94b96d.csv","cms-item","/directory/east-plains-animal-hospital-burlington","/directory/east-plains-animal-hospital-burlington/","Directories","east-plains-animal-hospital-burlington","inferred","Generated from CMS slug; verify against live Webflow URLs."
"LeashFree-Webflow-Backup-2026-05-26/02-cms-csv-exports/LeashFree.ca - Directories - 68f3eb26d7ca3dac6e94b96d.csv","cms-item","/directory/eatonville-animal-hospital","/directory/eatonville-animal-hospital/","Directories","eatonville-animal-hospital","inferred","Generated from CMS slug; verify against live Webflow URLs."
"LeashFree-Webflow-Backup-2026-05-26/02-cms-csv-exports/LeashFree.ca - Directories - 68f3eb26d7ca3dac6e94b96d.csv","cms-item","/directory/eglinton-hwy-10-veterinary-clinic-mississauga","/directory/eglinton-hwy-10-veterinary-clinic-mississauga/","Directories","eglinton-hwy-10-veterinary-clinic-mississauga","inferred","Generated from CMS slug; verify against live Webflow URLs."
"LeashFree-Webflow-Backup-2026-05-26/02-cms-csv-exports/LeashFree.ca - Directories - 68f3eb26d7ca3dac6e94b96d.csv","cms-item","/directory/erin-mills-pet-hospital-mississauga","/directory/erin-mills-pet-hospital-mississauga/","Directories","erin-mills-pet-hospital-mississauga","inferred","Generated from CMS slug; verify against live Webflow URLs."
"LeashFree-Webflow-Backup-2026-05-26/02-cms-csv-exports/LeashFree.ca - Directories - 68f3eb26d7ca3dac6e94b96d.csv","cms-item","/directory/erindale-animal-hospital-mississauga","/directory/erindale-animal-hospital-mississauga/","Directories","erindale-animal-hospital-mississauga","inferred","Generated from CMS slug; verify against live Webflow URLs."
"LeashFree-Webflow-Backup-2026-05-26/02-cms-csv-exports/LeashFree.ca - Directories - 68f3eb26d7ca3dac6e94b96d.csv","cms-item","/directory/etobicoke-veterinary-hospital","/directory/etobicoke-veterinary-hospital/","Directories","etobicoke-veterinary-hospital","inferred","Generated from CMS slug; verify against live Webflow URLs."
"LeashFree-Webflow-Backup-2026-05-26/02-cms-csv-exports/LeashFree.ca - Directories - 68f3eb26d7ca3dac6e94b96d.csv","cms-item","/directory/glen-erin-animal-hospital-mississauga","/directory/glen-erin-animal-hospital-mississauga/","Directories","glen-erin-animal-hospital-mississauga","inferred","Generated from CMS slug; verify against live Webflow URLs."
"LeashFree-Webflow-Backup-2026-05-26/02-cms-csv-exports/LeashFree.ca - Directories - 68f3eb26d7ca3dac6e94b96d.csv","cms-item","/directory/halton-peel-animal-hospital-milton","/directory/halton-peel-animal-hospital-milton/","Directories","halton-peel-animal-hospital-milton","inferred","Generated from CMS slug; verify against live Webflow URLs."
"LeashFree-Webflow-Backup-2026-05-26/02-cms-csv-exports/LeashFree.ca - Directories - 68f3eb26d7ca3dac6e94b96d.csv","cms-item","/directory/hamilton-burlington-spca","/directory/hamilton-burlington-spca/","Directories","hamilton-burlington-spca","inferred","Generated from CMS slug; verify against live Webflow URLs."
"LeashFree-Webflow-Backup-2026-05-26/02-cms-csv-exports/LeashFree.ca - Directories - 68f3eb26d7ca3dac6e94b96d.csv","cms-item","/directory/hawkins-animal-hospital","/directory/hawkins-animal-hospital/","Directories","hawkins-animal-hospital","inferred","Generated from CMS slug; verify against live Webflow URLs."
"LeashFree-Webflow-Backup-2026-05-26/02-cms-csv-exports/LeashFree.ca - Directories - 68f3eb26d7ca3dac6e94b96d.csv","cms-item","/directory/hawkins-animal-hospital-milton","/directory/hawkins-animal-hospital-milton/","Directories","hawkins-animal-hospital-milton","inferred","Generated from CMS slug; verify against live Webflow URLs."
"LeashFree-Webflow-Backup-2026-05-26/02-cms-csv-exports/LeashFree.ca - Directories - 68f3eb26d7ca3dac6e94b96d.csv","cms-item","/directory/heartland-pet-hospital-mississauga","/directory/heartland-pet-hospital-mississauga/","Directories","heartland-pet-hospital-mississauga","inferred","Generated from CMS slug; verify against live Webflow URLs."
"LeashFree-Webflow-Backup-2026-05-26/02-cms-csv-exports/LeashFree.ca - Directories - 68f3eb26d7ca3dac6e94b96d.csv","cms-item","/directory/hollybank-animal-hospital-milton","/directory/hollybank-animal-hospital-milton/","Directories","hollybank-animal-hospital-milton","inferred","Generated from CMS slug; verify against live Webflow URLs."
"LeashFree-Webflow-Backup-2026-05-26/02-cms-csv-exports/LeashFree.ca - Directories - 68f3eb26d7ca3dac6e94b96d.csv","cms-item","/directory/humber-bay-veterinary-hospital","/directory/humber-bay-veterinary-hospital/","Directories","humber-bay-veterinary-hospital","inferred","Generated from CMS slug; verify against live Webflow URLs."
"LeashFree-Webflow-Backup-2026-05-26/02-cms-csv-exports/LeashFree.ca - Directories - 68f3eb26d7ca3dac6e94b96d.csv","cms-item","/directory/it-takes-a-village-dog-rescue","/directory/it-takes-a-village-dog-rescue/","Directories","it-takes-a-village-dog-rescue","inferred","Generated from CMS slug; verify against live Webflow URLs."
"LeashFree-Webflow-Backup-2026-05-26/02-cms-csv-exports/LeashFree.ca - Directories - 68f3eb26d7ca3dac6e94b96d.csv","cms-item","/directory/james-snow-animal-hospital","/directory/james-snow-animal-hospital/","Directories","james-snow-animal-hospital","inferred","Generated from CMS slug; verify against live Webflow URLs."
"LeashFree-Webflow-Backup-2026-05-26/02-cms-csv-exports/LeashFree.ca - Directories - 68f3eb26d7ca3dac6e94b96d.csv","cms-item","/directory/james-snow-animal-hospital-milton","/directory/james-snow-animal-hospital-milton/","Directories","james-snow-animal-hospital-milton","inferred","Generated from CMS slug; verify against live Webflow URLs."
"LeashFree-Webflow-Backup-2026-05-26/02-cms-csv-exports/LeashFree.ca - Directories - 68f3eb26d7ca3dac6e94b96d.csv","cms-item","/directory/long-branch-animal-clinic","/directory/long-branch-animal-clinic/","Directories","long-branch-animal-clinic","inferred","Generated from CMS slug; verify against live Webflow URLs."
"LeashFree-Webflow-Backup-2026-05-26/02-cms-csv-exports/LeashFree.ca - Directories - 68f3eb26d7ca3dac6e94b96d.csv","cms-item","/directory/lorne-park-animal-hospital-mississauga","/directory/lorne-park-animal-hospital-mississauga/","Directories","lorne-park-animal-hospital-mississauga","inferred","Generated from CMS slug; verify against live Webflow URLs."
"LeashFree-Webflow-Backup-2026-05-26/02-cms-csv-exports/LeashFree.ca - Directories - 68f3eb26d7ca3dac6e94b96d.csv","cms-item","/directory/loved-at-last-dog-rescue","/directory/loved-at-last-dog-rescue/","Directories","loved-at-last-dog-rescue","inferred","Generated from CMS slug; verify against live Webflow URLs."
"LeashFree-Webflow-Backup-2026-05-26/02-cms-csv-exports/LeashFree.ca - Directories - 68f3eb26d7ca3dac6e94b96d.csv","cms-item","/directory/mainview-animal-hospital-milton","/directory/mainview-animal-hospital-milton/","Directories","mainview-animal-hospital-milton","inferred","Generated from CMS slug; verify against live Webflow URLs."
"LeashFree-Webflow-Backup-2026-05-26/02-cms-csv-exports/LeashFree.ca - Directories - 68f3eb26d7ca3dac6e94b96d.csv","cms-item","/directory/martin-veterinary-hospital","/directory/martin-veterinary-hospital/","Directories","martin-veterinary-hospital","inferred","Generated from CMS slug; verify against live Webflow URLs."
"LeashFree-Webflow-Backup-2026-05-26/02-cms-csv-exports/LeashFree.ca - Directories - 68f3eb26d7ca3dac6e94b96d.csv","cms-item","/directory/mavis-road-animal-clinic-mississauga","/directory/mavis-road-animal-clinic-mississauga/","Directories","mavis-road-animal-clinic-mississauga","inferred","Generated from CMS slug; verify against live Webflow URLs."
"LeashFree-Webflow-Backup-2026-05-26/02-cms-csv-exports/LeashFree.ca - Directories - 68f3eb26d7ca3dac6e94b96d.csv","cms-item","/directory/mccleary-animal-hospital-mississauga","/directory/mccleary-animal-hospital-mississauga/","Directories","mccleary-animal-hospital-mississauga","inferred","Generated from CMS slug; verify against live Webflow URLs."
"LeashFree-Webflow-Backup-2026-05-26/02-cms-csv-exports/LeashFree.ca - Directories - 68f3eb26d7ca3dac6e94b96d.csv","cms-item","/directory/meadowvale-animal-clinic-mississauga","/directory/meadowvale-animal-clinic-mississauga/","Directories","meadowvale-animal-clinic-mississauga","inferred","Generated from CMS slug; verify against live Webflow URLs."
"LeashFree-Webflow-Backup-2026-05-26/02-cms-csv-exports/LeashFree.ca - Directories - 68f3eb26d7ca3dac6e94b96d.csv","cms-item","/directory/mississauga-animal-hospital","/directory/mississauga-animal-hospital/","Directories","mississauga-animal-hospital","inferred","Generated from CMS slug; verify against live Webflow URLs."
"LeashFree-Webflow-Backup-2026-05-26/02-cms-csv-exports/LeashFree.ca - Directories - 68f3eb26d7ca3dac6e94b96d.csv","cms-item","/directory/montreal-spca","/directory/montreal-spca/","Directories","montreal-spca","inferred","Generated from CMS slug; verify against live Webflow URLs."
"LeashFree-Webflow-Backup-2026-05-26/02-cms-csv-exports/LeashFree.ca - Directories - 68f3eb26d7ca3dac6e94b96d.csv","cms-item","/directory/niagara-dog-rescue","/directory/niagara-dog-rescue/","Directories","niagara-dog-rescue","inferred","Generated from CMS slug; verify against live Webflow URLs."
"LeashFree-Webflow-Backup-2026-05-26/02-cms-csv-exports/LeashFree.ca - Directories - 68f3eb26d7ca3dac6e94b96d.csv","cms-item","/directory/niagara-spca-and-humane-society","/directory/niagara-spca-and-humane-society/","Directories","niagara-spca-and-humane-society","inferred","Generated from CMS slug; verify against live Webflow URLs."
"LeashFree-Webflow-Backup-2026-05-26/02-cms-csv-exports/LeashFree.ca - Directories - 68f3eb26d7ca3dac6e94b96d.csv","cms-item","/directory/oakville-animal-clinic","/directory/oakville-animal-clinic/","Directories","oakville-animal-clinic","inferred","Generated from CMS slug; verify against live Webflow URLs."
"LeashFree-Webflow-Backup-2026-05-26/02-cms-csv-exports/LeashFree.ca - Directories - 68f3eb26d7ca3dac6e94b96d.csv","cms-item","/directory/oakville-lakeshore-animal-hospital","/directory/oakville-lakeshore-animal-hospital/","Directories","oakville-lakeshore-animal-hospital","inferred","Generated from CMS slug; verify against live Webflow URLs."
"LeashFree-Webflow-Backup-2026-05-26/02-cms-csv-exports/LeashFree.ca - Directories - 68f3eb26d7ca3dac6e94b96d.csv","cms-item","/directory/ontario-spca-and-humane-society","/directory/ontario-spca-and-humane-society/","Directories","ontario-spca-and-humane-society","inferred","Generated from CMS slug; verify against live Webflow URLs."
"LeashFree-Webflow-Backup-2026-05-26/02-cms-csv-exports/LeashFree.ca - Directories - 68f3eb26d7ca3dac6e94b96d.csv","cms-item","/directory/redemption-paws","/directory/redemption-paws/","Directories","redemption-paws","inferred","Generated from CMS slug; verify against live Webflow URLs."
"LeashFree-Webflow-Backup-2026-05-26/02-cms-csv-exports/LeashFree.ca - Directories - 68f3eb26d7ca3dac6e94b96d.csv","cms-item","/directory/richview-animal-hospital","/directory/richview-animal-hospital/","Directories","richview-animal-hospital","inferred","Generated from CMS slug; verify against live Webflow URLs."
"LeashFree-Webflow-Backup-2026-05-26/02-cms-csv-exports/LeashFree.ca - Directories - 68f3eb26d7ca3dac6e94b96d.csv","cms-item","/directory/river-grove-animal-hospital-mississauga","/directory/river-grove-animal-hospital-mississauga/","Directories","river-grove-animal-hospital-mississauga","inferred","Generated from CMS slug; verify against live Webflow URLs."
"LeashFree-Webflow-Backup-2026-05-26/02-cms-csv-exports/LeashFree.ca - Directories - 68f3eb26d7ca3dac6e94b96d.csv","cms-item","/directory/robinson-pet-hospital-milton","/directory/robinson-pet-hospital-milton/","Directories","robinson-pet-hospital-milton","inferred","Generated from CMS slug; verify against live Webflow URLs."
"LeashFree-Webflow-Backup-2026-05-26/02-cms-csv-exports/LeashFree.ca - Directories - 68f3eb26d7ca3dac6e94b96d.csv","cms-item","/directory/royal-ford-veterinary-hospital","/directory/royal-ford-veterinary-hospital/","Directories","royal-ford-veterinary-hospital","inferred","Generated from CMS slug; verify against live Webflow URLs."
"LeashFree-Webflow-Backup-2026-05-26/02-cms-csv-exports/LeashFree.ca - Directories - 68f3eb26d7ca3dac6e94b96d.csv","cms-item","/directory/royal-york-animal-hospital","/directory/royal-york-animal-hospital/","Directories","royal-york-animal-hospital","inferred","Generated from CMS slug; verify against live Webflow URLs."
"LeashFree-Webflow-Backup-2026-05-26/02-cms-csv-exports/LeashFree.ca - Directories - 68f3eb26d7ca3dac6e94b96d.csv","cms-item","/directory/second-chance-animal-rescue-society-scars","/directory/second-chance-animal-rescue-society-scars/","Directories","second-chance-animal-rescue-society-scars","inferred","Generated from CMS slug; verify against live Webflow URLs."
"LeashFree-Webflow-Backup-2026-05-26/02-cms-csv-exports/LeashFree.ca - Directories - 68f3eb26d7ca3dac6e94b96d.csv","cms-item","/directory/senior-animals-in-need-today-society-saints","/directory/senior-animals-in-need-today-society-saints/","Directories","senior-animals-in-need-today-society-saints","inferred","Generated from CMS slug; verify against live Webflow URLs."
"LeashFree-Webflow-Backup-2026-05-26/02-cms-csv-exports/LeashFree.ca - Directories - 68f3eb26d7ca3dac6e94b96d.csv","cms-item","/directory/south-etobicoke-animal-hospital","/directory/south-etobicoke-animal-hospital/","Directories","south-etobicoke-animal-hospital","inferred","Generated from CMS slug; verify against live Webflow URLs."
"LeashFree-Webflow-Backup-2026-05-26/02-cms-csv-exports/LeashFree.ca - Directories - 68f3eb26d7ca3dac6e94b96d.csv","cms-item","/directory/southdown-animal-clinic-mississauga","/directory/southdown-animal-clinic-mississauga/","Directories","southdown-animal-clinic-mississauga","inferred","Generated from CMS slug; verify against live Webflow URLs."
"LeashFree-Webflow-Backup-2026-05-26/02-cms-csv-exports/LeashFree.ca - Directories - 68f3eb26d7ca3dac6e94b96d.csv","cms-item","/directory/southeast-oakville-vet","/directory/southeast-oakville-vet/","Directories","southeast-oakville-vet","inferred","Generated from CMS slug; verify against live Webflow URLs."
"LeashFree-Webflow-Backup-2026-05-26/02-cms-csv-exports/LeashFree.ca - Directories - 68f3eb26d7ca3dac6e94b96d.csv","cms-item","/directory/streetsville-animal-hospital-mississauga","/directory/streetsville-animal-hospital-mississauga/","Directories","streetsville-animal-hospital-mississauga","inferred","Generated from CMS slug; verify against live Webflow URLs."
"LeashFree-Webflow-Backup-2026-05-26/02-cms-csv-exports/LeashFree.ca - Directories - 68f3eb26d7ca3dac6e94b96d.csv","cms-item","/directory/tansley-woods-veterinary-hospital","/directory/tansley-woods-veterinary-hospital/","Directories","tansley-woods-veterinary-hospital","inferred","Generated from CMS slug; verify against live Webflow URLs."
"LeashFree-Webflow-Backup-2026-05-26/02-cms-csv-exports/LeashFree.ca - Directories - 68f3eb26d7ca3dac6e94b96d.csv","cms-item","/directory/toronto-humane-society","/directory/toronto-humane-society/","Directories","toronto-humane-society","inferred","Generated from CMS slug; verify against live Webflow URLs."
"LeashFree-Webflow-Backup-2026-05-26/02-cms-csv-exports/LeashFree.ca - Directories - 68f3eb26d7ca3dac6e94b96d.csv","cms-item","/directory/toronto-veterinary-clinic-etobicoke","/directory/toronto-veterinary-clinic-etobicoke/","Directories","toronto-veterinary-clinic-etobicoke","inferred","Generated from CMS slug; verify against live Webflow URLs."
"LeashFree-Webflow-Backup-2026-05-26/02-cms-csv-exports/LeashFree.ca - Directories - 68f3eb26d7ca3dac6e94b96d.csv","cms-item","/directory/upper-middle-road-animal-hospital-burlington","/directory/upper-middle-road-animal-hospital-burlington/","Directories","upper-middle-road-animal-hospital-burlington","inferred","Generated from CMS slug; verify against live Webflow URLs."
"LeashFree-Webflow-Backup-2026-05-26/02-cms-csv-exports/LeashFree.ca - Directories - 68f3eb26d7ca3dac6e94b96d.csv","cms-item","/directory/upper-oakville-pet-hospital","/directory/upper-oakville-pet-hospital/","Directories","upper-oakville-pet-hospital","inferred","Generated from CMS slug; verify against live Webflow URLs."
"LeashFree-Webflow-Backup-2026-05-26/02-cms-csv-exports/LeashFree.ca - Directories - 68f3eb26d7ca3dac6e94b96d.csv","cms-item","/directory/vca-canada-burlington-animal-hospital","/directory/vca-canada-burlington-animal-hospital/","Directories","vca-canada-burlington-animal-hospital","inferred","Generated from CMS slug; verify against live Webflow URLs."
"LeashFree-Webflow-Backup-2026-05-26/02-cms-csv-exports/LeashFree.ca - Directories - 68f3eb26d7ca3dac6e94b96d.csv","cms-item","/directory/westbridge-veterinary-hospital-mississauga","/directory/westbridge-veterinary-hospital-mississauga/","Directories","westbridge-veterinary-hospital-mississauga","inferred","Generated from CMS slug; verify against live Webflow URLs."
"LeashFree-Webflow-Backup-2026-05-26/02-cms-csv-exports/LeashFree.ca - Dog Breeds - 687babbf5586e6eeb3b8dd39 (1).csv","cms-item","/dog-breeds/affenpinscher","/dog-breeds/affenpinscher/","Dog Breeds","affenpinscher","inferred","Generated from CMS slug; verify against live Webflow URLs."
"LeashFree-Webflow-Backup-2026-05-26/02-cms-csv-exports/LeashFree.ca - Dog Breeds - 687babbf5586e6eeb3b8dd39 (1).csv","cms-item","/dog-breeds/afghan-hound","/dog-breeds/afghan-hound/","Dog Breeds","afghan-hound","inferred","Generated from CMS slug; verify against live Webflow URLs."
"LeashFree-Webflow-Backup-2026-05-26/02-cms-csv-exports/LeashFree.ca - Dog Breeds - 687babbf5586e6eeb3b8dd39 (1).csv","cms-item","/dog-breeds/airedale-terrier","/dog-breeds/airedale-terrier/","Dog Breeds","airedale-terrier","inferred","Generated from CMS slug; verify against live Webflow URLs."
"LeashFree-Webflow-Backup-2026-05-26/02-cms-csv-exports/LeashFree.ca - Dog Breeds - 687babbf5586e6eeb3b8dd39 (1).csv","cms-item","/dog-breeds/akita","/dog-breeds/akita/","Dog Breeds","akita","inferred","Generated from CMS slug; verify against live Webflow URLs."
"LeashFree-Webflow-Backup-2026-05-26/02-cms-csv-exports/LeashFree.ca - Dog Breeds - 687babbf5586e6eeb3b8dd39 (1).csv","cms-item","/dog-breeds/alaskan-klee-kai","/dog-breeds/alaskan-klee-kai/","Dog Breeds","alaskan-klee-kai","inferred","Generated from CMS slug; verify against live Webflow URLs."
"LeashFree-Webflow-Backup-2026-05-26/02-cms-csv-exports/LeashFree.ca - Dog Breeds - 687babbf5586e6eeb3b8dd39 (1).csv","cms-item","/dog-breeds/alaskan-malamute","/dog-breeds/alaskan-malamute/","Dog Breeds","alaskan-malamute","inferred","Generated from CMS slug; verify against live Webflow URLs."
"LeashFree-Webflow-Backup-2026-05-26/02-cms-csv-exports/LeashFree.ca - Dog Breeds - 687babbf5586e6eeb3b8dd39 (1).csv","cms-item","/dog-breeds/american-bulldog","/dog-breeds/american-bulldog/","Dog Breeds","american-bulldog","inferred","Generated from CMS slug; verify against live Webflow URLs."
"LeashFree-Webflow-Backup-2026-05-26/02-cms-csv-exports/LeashFree.ca - Dog Breeds - 687babbf5586e6eeb3b8dd39 (1).csv","cms-item","/dog-breeds/american-cocker-spaniel","/dog-breeds/american-cocker-spaniel/","Dog Breeds","american-cocker-spaniel","inferred","Generated from CMS slug; verify against live Webflow URLs."
"LeashFree-Webflow-Backup-2026-05-26/02-cms-csv-exports/LeashFree.ca - Dog Breeds - 687babbf5586e6eeb3b8dd39 (1).csv","cms-item","/dog-breeds/american-english-coonhound","/dog-breeds/american-english-coonhound/","Dog Breeds","american-english-coonhound","inferred","Generated from CMS slug; verify against live Webflow URLs."
"LeashFree-Webflow-Backup-2026-05-26/02-cms-csv-exports/LeashFree.ca - Dog Breeds - 687babbf5586e6eeb3b8dd39 (1).csv","cms-item","/dog-breeds/american-eskimo-dog","/dog-breeds/american-eskimo-dog/","Dog Breeds","american-eskimo-dog","inferred","Generated from CMS slug; verify against live Webflow URLs."
"LeashFree-Webflow-Backup-2026-05-26/02-cms-csv-exports/LeashFree.ca - Dog Breeds - 687babbf5586e6eeb3b8dd39 (1).csv","cms-item","/dog-breeds/american-foxhound","/dog-breeds/american-foxhound/","Dog Breeds","american-foxhound","inferred","Generated from CMS slug; verify against live Webflow URLs."
"LeashFree-Webflow-Backup-2026-05-26/02-cms-csv-exports/LeashFree.ca - Dog Breeds - 687babbf5586e6eeb3b8dd39 (1).csv","cms-item","/dog-breeds/american-hairless-terrier","/dog-breeds/american-hairless-terrier/","Dog Breeds","american-hairless-terrier","inferred","Generated from CMS slug; verify against live Webflow URLs."
"LeashFree-Webflow-Backup-2026-05-26/02-cms-csv-exports/LeashFree.ca - Dog Breeds - 687babbf5586e6eeb3b8dd39 (1).csv","cms-item","/dog-breeds/american-leopard-hound","/dog-breeds/american-leopard-hound/","Dog Breeds","american-leopard-hound","inferred","Generated from CMS slug; verify against live Webflow URLs."
"LeashFree-Webflow-Backup-2026-05-26/02-cms-csv-exports/LeashFree.ca - Dog Breeds - 687babbf5586e6eeb3b8dd39 (1).csv","cms-item","/dog-breeds/american-staffordshire-terrier","/dog-breeds/american-staffordshire-terrier/","Dog Breeds","american-staffordshire-terrier","inferred","Generated from CMS slug; verify against live Webflow URLs."
"LeashFree-Webflow-Backup-2026-05-26/02-cms-csv-exports/LeashFree.ca - Dog Breeds - 687babbf5586e6eeb3b8dd39 (1).csv","cms-item","/dog-breeds/american-water-spaniel","/dog-breeds/american-water-spaniel/","Dog Breeds","american-water-spaniel","inferred","Generated from CMS slug; verify against live Webflow URLs."
"LeashFree-Webflow-Backup-2026-05-26/02-cms-csv-exports/LeashFree.ca - Dog Breeds - 687babbf5586e6eeb3b8dd39 (1).csv","cms-item","/dog-breeds/anatolian-shepherd-dog","/dog-breeds/anatolian-shepherd-dog/","Dog Breeds","anatolian-shepherd-dog","inferred","Generated from CMS slug; verify against live Webflow URLs."
"LeashFree-Webflow-Backup-2026-05-26/02-cms-csv-exports/LeashFree.ca - Dog Breeds - 687babbf5586e6eeb3b8dd39 (1).csv","cms-item","/dog-breeds/appenzeller-sennenhund","/dog-breeds/appenzeller-sennenhund/","Dog Breeds","appenzeller-sennenhund","inferred","Generated from CMS slug; verify against live Webflow URLs."
"LeashFree-Webflow-Backup-2026-05-26/02-cms-csv-exports/LeashFree.ca - Dog Breeds - 687babbf5586e6eeb3b8dd39 (1).csv","cms-item","/dog-breeds/aussiedoodle","/dog-breeds/aussiedoodle/","Dog Breeds","aussiedoodle","inferred","Generated from CMS slug; verify against live Webflow URLs."
"LeashFree-Webflow-Backup-2026-05-26/02-cms-csv-exports/LeashFree.ca - Dog Breeds - 687babbf5586e6eeb3b8dd39 (1).csv","cms-item","/dog-breeds/aussiedor","/dog-breeds/aussiedor/","Dog Breeds","aussiedor","inferred","Generated from CMS slug; verify against live Webflow URLs."
"LeashFree-Webflow-Backup-2026-05-26/02-cms-csv-exports/LeashFree.ca - Dog Breeds - 687babbf5586e6eeb3b8dd39 (1).csv","cms-item","/dog-breeds/australian-cattle-dog","/dog-breeds/australian-cattle-dog/","Dog Breeds","australian-cattle-dog","inferred","Generated from CMS slug; verify against live Webflow URLs."
"LeashFree-Webflow-Backup-2026-05-26/02-cms-csv-exports/LeashFree.ca - Dog Breeds - 687babbf5586e6eeb3b8dd39 (1).csv","cms-item","/dog-breeds/australian-kelpie","/dog-breeds/australian-kelpie/","Dog Breeds","australian-kelpie","inferred","Generated from CMS slug; verify against live Webflow URLs."
"LeashFree-Webflow-Backup-2026-05-26/02-cms-csv-exports/LeashFree.ca - Dog Breeds - 687babbf5586e6eeb3b8dd39 (1).csv","cms-item","/dog-breeds/australian-shepherd","/dog-breeds/australian-shepherd/","Dog Breeds","australian-shepherd","inferred","Generated from CMS slug; verify against live Webflow URLs."
"LeashFree-Webflow-Backup-2026-05-26/02-cms-csv-exports/LeashFree.ca - Dog Breeds - 687babbf5586e6eeb3b8dd39 (1).csv","cms-item","/dog-breeds/australian-stumpy-tail-cattle-dog","/dog-breeds/australian-stumpy-tail-cattle-dog/","Dog Breeds","australian-stumpy-tail-cattle-dog","inferred","Generated from CMS slug; verify against live Webflow URLs."
"LeashFree-Webflow-Backup-2026-05-26/02-cms-csv-exports/LeashFree.ca - Dog Breeds - 687babbf5586e6eeb3b8dd39 (1).csv","cms-item","/dog-breeds/australian-terrier","/dog-breeds/australian-terrier/","Dog Breeds","australian-terrier","inferred","Generated from CMS slug; verify against live Webflow URLs."
"LeashFree-Webflow-Backup-2026-05-26/02-cms-csv-exports/LeashFree.ca - Dog Breeds - 687babbf5586e6eeb3b8dd39 (1).csv","cms-item","/dog-breeds/azawakh","/dog-breeds/azawakh/","Dog Breeds","azawakh","inferred","Generated from CMS slug; verify against live Webflow URLs."
"LeashFree-Webflow-Backup-2026-05-26/02-cms-csv-exports/LeashFree.ca - Dog Breeds - 687babbf5586e6eeb3b8dd39 (1).csv","cms-item","/dog-breeds/barbado-da-terceira","/dog-breeds/barbado-da-terceira/","Dog Breeds","barbado-da-terceira","inferred","Generated from CMS slug; verify against live Webflow URLs."
"LeashFree-Webflow-Backup-2026-05-26/02-cms-csv-exports/LeashFree.ca - Dog Breeds - 687babbf5586e6eeb3b8dd39 (1).csv","cms-item","/dog-breeds/barbet","/dog-breeds/barbet/","Dog Breeds","barbet","inferred","Generated from CMS slug; verify against live Webflow URLs."
"LeashFree-Webflow-Backup-2026-05-26/02-cms-csv-exports/LeashFree.ca - Dog Breeds - 687babbf5586e6eeb3b8dd39 (1).csv","cms-item","/dog-breeds/basenji","/dog-breeds/basenji/","Dog Breeds","basenji","inferred","Generated from CMS slug; verify against live Webflow URLs."
"LeashFree-Webflow-Backup-2026-05-26/02-cms-csv-exports/LeashFree.ca - Dog Breeds - 687babbf5586e6eeb3b8dd39 (1).csv","cms-item","/dog-breeds/basset-fauve-de-bretagne","/dog-breeds/basset-fauve-de-bretagne/","Dog Breeds","basset-fauve-de-bretagne","inferred","Generated from CMS slug; verify against live Webflow URLs."
"LeashFree-Webflow-Backup-2026-05-26/02-cms-csv-exports/LeashFree.ca - Dog Breeds - 687babbf5586e6eeb3b8dd39 (1).csv","cms-item","/dog-breeds/basset-hound","/dog-breeds/basset-hound/","Dog Breeds","basset-hound","inferred","Generated from CMS slug; verify against live Webflow URLs."
"LeashFree-Webflow-Backup-2026-05-26/02-cms-csv-exports/LeashFree.ca - Dog Breeds - 687babbf5586e6eeb3b8dd39 (1).csv","cms-item","/dog-breeds/beagle","/dog-breeds/beagle/","Dog Breeds","beagle","inferred","Generated from CMS slug; verify against live Webflow URLs."
"LeashFree-Webflow-Backup-2026-05-26/02-cms-csv-exports/LeashFree.ca - Dog Breeds - 687babbf5586e6eeb3b8dd39 (1).csv","cms-item","/dog-breeds/bearded-collie","/dog-breeds/bearded-collie/","Dog Breeds","bearded-collie","inferred","Generated from CMS slug; verify against live Webflow URLs."
"LeashFree-Webflow-Backup-2026-05-26/02-cms-csv-exports/LeashFree.ca - Dog Breeds - 687babbf5586e6eeb3b8dd39 (1).csv","cms-item","/dog-breeds/beauceron","/dog-breeds/beauceron/","Dog Breeds","beauceron","inferred","Generated from CMS slug; verify against live Webflow URLs."
"LeashFree-Webflow-Backup-2026-05-26/02-cms-csv-exports/LeashFree.ca - Dog Breeds - 687babbf5586e6eeb3b8dd39 (1).csv","cms-item","/dog-breeds/bedlington-terrier","/dog-breeds/bedlington-terrier/","Dog Breeds","bedlington-terrier","inferred","Generated from CMS slug; verify against live Webflow URLs."
"LeashFree-Webflow-Backup-2026-05-26/02-cms-csv-exports/LeashFree.ca - Dog Breeds - 687babbf5586e6eeb3b8dd39 (1).csv","cms-item","/dog-breeds/belgian-laekenois","/dog-breeds/belgian-laekenois/","Dog Breeds","belgian-laekenois","inferred","Generated from CMS slug; verify against live Webflow URLs."
"LeashFree-Webflow-Backup-2026-05-26/02-cms-csv-exports/LeashFree.ca - Dog Breeds - 687babbf5586e6eeb3b8dd39 (1).csv","cms-item","/dog-breeds/belgian-malinois","/dog-breeds/belgian-malinois/","Dog Breeds","belgian-malinois","inferred","Generated from CMS slug; verify against live Webflow URLs."
"LeashFree-Webflow-Backup-2026-05-26/02-cms-csv-exports/LeashFree.ca - Dog Breeds - 687babbf5586e6eeb3b8dd39 (1).csv","cms-item","/dog-breeds/belgian-sheepdog","/dog-breeds/belgian-sheepdog/","Dog Breeds","belgian-sheepdog","inferred","Generated from CMS slug; verify against live Webflow URLs."
"LeashFree-Webflow-Backup-2026-05-26/02-cms-csv-exports/LeashFree.ca - Dog Breeds - 687babbf5586e6eeb3b8dd39 (1).csv","cms-item","/dog-breeds/belgian-tervuren","/dog-breeds/belgian-tervuren/","Dog Breeds","belgian-tervuren","inferred","Generated from CMS slug; verify against live Webflow URLs."
"LeashFree-Webflow-Backup-2026-05-26/02-cms-csv-exports/LeashFree.ca - Dog Breeds - 687babbf5586e6eeb3b8dd39 (1).csv","cms-item","/dog-breeds/bergamasco-sheepdog","/dog-breeds/bergamasco-sheepdog/","Dog Breeds","bergamasco-sheepdog","inferred","Generated from CMS slug; verify against live Webflow URLs."
"LeashFree-Webflow-Backup-2026-05-26/02-cms-csv-exports/LeashFree.ca - Dog Breeds - 687babbf5586e6eeb3b8dd39 (1).csv","cms-item","/dog-breeds/berger-picard","/dog-breeds/berger-picard/","Dog Breeds","berger-picard","inferred","Generated from CMS slug; verify against live Webflow URLs."
"LeashFree-Webflow-Backup-2026-05-26/02-cms-csv-exports/LeashFree.ca - Dog Breeds - 687babbf5586e6eeb3b8dd39 (1).csv","cms-item","/dog-breeds/bernedoodle","/dog-breeds/bernedoodle/","Dog Breeds","bernedoodle","inferred","Generated from CMS slug; verify against live Webflow URLs."
"LeashFree-Webflow-Backup-2026-05-26/02-cms-csv-exports/LeashFree.ca - Dog Breeds - 687babbf5586e6eeb3b8dd39 (1).csv","cms-item","/dog-breeds/bernese-mountain-dog","/dog-breeds/bernese-mountain-dog/","Dog Breeds","bernese-mountain-dog","inferred","Generated from CMS slug; verify against live Webflow URLs."
"LeashFree-Webflow-Backup-2026-05-26/02-cms-csv-exports/LeashFree.ca - Dog Breeds - 687babbf5586e6eeb3b8dd39 (1).csv","cms-item","/dog-breeds/bichon-frise","/dog-breeds/bichon-frise/","Dog Breeds","bichon-frise","inferred","Generated from CMS slug; verify against live Webflow URLs."
"LeashFree-Webflow-Backup-2026-05-26/02-cms-csv-exports/LeashFree.ca - Dog Breeds - 687babbf5586e6eeb3b8dd39 (1).csv","cms-item","/dog-breeds/biewer-terrier","/dog-breeds/biewer-terrier/","Dog Breeds","biewer-terrier","inferred","Generated from CMS slug; verify against live Webflow URLs."
"LeashFree-Webflow-Backup-2026-05-26/02-cms-csv-exports/LeashFree.ca - Dog Breeds - 687babbf5586e6eeb3b8dd39 (1).csv","cms-item","/dog-breeds/black-russian-terrier","/dog-breeds/black-russian-terrier/","Dog Breeds","black-russian-terrier","inferred","Generated from CMS slug; verify against live Webflow URLs."
"LeashFree-Webflow-Backup-2026-05-26/02-cms-csv-exports/LeashFree.ca - Dog Breeds - 687babbf5586e6eeb3b8dd39 (1).csv","cms-item","/dog-breeds/black-and-tan-coonhound","/dog-breeds/black-and-tan-coonhound/","Dog Breeds","black-and-tan-coonhound","inferred","Generated from CMS slug; verify against live Webflow URLs."
"LeashFree-Webflow-Backup-2026-05-26/02-cms-csv-exports/LeashFree.ca - Dog Breeds - 687babbf5586e6eeb3b8dd39 (1).csv","cms-item","/dog-breeds/bloodhound","/dog-breeds/bloodhound/","Dog Breeds","bloodhound","inferred","Generated from CMS slug; verify against live Webflow URLs."
"LeashFree-Webflow-Backup-2026-05-26/02-cms-csv-exports/LeashFree.ca - Dog Breeds - 687babbf5586e6eeb3b8dd39 (1).csv","cms-item","/dog-breeds/bluetick-coonhound","/dog-breeds/bluetick-coonhound/","Dog Breeds","bluetick-coonhound","inferred","Generated from CMS slug; verify against live Webflow URLs."
"LeashFree-Webflow-Backup-2026-05-26/02-cms-csv-exports/LeashFree.ca - Dog Breeds - 687babbf5586e6eeb3b8dd39 (1).csv","cms-item","/dog-breeds/boerboel","/dog-breeds/boerboel/","Dog Breeds","boerboel","inferred","Generated from CMS slug; verify against live Webflow URLs."
"LeashFree-Webflow-Backup-2026-05-26/02-cms-csv-exports/LeashFree.ca - Dog Breeds - 687babbf5586e6eeb3b8dd39 (1).csv","cms-item","/dog-breeds/borador","/dog-breeds/borador/","Dog Breeds","borador","inferred","Generated from CMS slug; verify against live Webflow URLs."
"LeashFree-Webflow-Backup-2026-05-26/02-cms-csv-exports/LeashFree.ca - Dog Breeds - 687babbf5586e6eeb3b8dd39 (1).csv","cms-item","/dog-breeds/border-collie","/dog-breeds/border-collie/","Dog Breeds","border-collie","inferred","Generated from CMS slug; verify against live Webflow URLs."
"LeashFree-Webflow-Backup-2026-05-26/02-cms-csv-exports/LeashFree.ca - Dog Breeds - 687babbf5586e6eeb3b8dd39 (1).csv","cms-item","/dog-breeds/border-terrier","/dog-breeds/border-terrier/","Dog Breeds","border-terrier","inferred","Generated from CMS slug; verify against live Webflow URLs."
"LeashFree-Webflow-Backup-2026-05-26/02-cms-csv-exports/LeashFree.ca - Dog Breeds - 687babbf5586e6eeb3b8dd39 (1).csv","cms-item","/dog-breeds/bordoodle","/dog-breeds/bordoodle/","Dog Breeds","bordoodle","inferred","Generated from CMS slug; verify against live Webflow URLs."
"LeashFree-Webflow-Backup-2026-05-26/02-cms-csv-exports/LeashFree.ca - Dog Breeds - 687babbf5586e6eeb3b8dd39 (1).csv","cms-item","/dog-breeds/borzoi","/dog-breeds/borzoi/","Dog Breeds","borzoi","inferred","Generated from CMS slug; verify against live Webflow URLs."
"LeashFree-Webflow-Backup-2026-05-26/02-cms-csv-exports/LeashFree.ca - Dog Breeds - 687babbf5586e6eeb3b8dd39 (1).csv","cms-item","/dog-breeds/boston-terrier","/dog-breeds/boston-terrier/","Dog Breeds","boston-terrier","inferred","Generated from CMS slug; verify against live Webflow URLs."
"LeashFree-Webflow-Backup-2026-05-26/02-cms-csv-exports/LeashFree.ca - Dog Breeds - 687babbf5586e6eeb3b8dd39 (1).csv","cms-item","/dog-breeds/bouvier-des-flandres","/dog-breeds/bouvier-des-flandres/","Dog Breeds","bouvier-des-flandres","inferred","Generated from CMS slug; verify against live Webflow URLs."
"LeashFree-Webflow-Backup-2026-05-26/02-cms-csv-exports/LeashFree.ca - Dog Breeds - 687babbf5586e6eeb3b8dd39 (1).csv","cms-item","/dog-breeds/boxer","/dog-breeds/boxer/","Dog Breeds","boxer","inferred","Generated from CMS slug; verify against live Webflow URLs."
"LeashFree-Webflow-Backup-2026-05-26/02-cms-csv-exports/LeashFree.ca - Dog Breeds - 687babbf5586e6eeb3b8dd39 (1).csv","cms-item","/dog-breeds/boykin-spaniel","/dog-breeds/boykin-spaniel/","Dog Breeds","boykin-spaniel","inferred","Generated from CMS slug; verify against live Webflow URLs."
"LeashFree-Webflow-Backup-2026-05-26/02-cms-csv-exports/LeashFree.ca - Dog Breeds - 687babbf5586e6eeb3b8dd39 (1).csv","cms-item","/dog-breeds/bracco-italiano","/dog-breeds/bracco-italiano/","Dog Breeds","bracco-italiano","inferred","Generated from CMS slug; verify against live Webflow URLs."
"LeashFree-Webflow-Backup-2026-05-26/02-cms-csv-exports/LeashFree.ca - Dog Breeds - 687babbf5586e6eeb3b8dd39 (1).csv","cms-item","/dog-breeds/braque-du-bourbonnais","/dog-breeds/braque-du-bourbonnais/","Dog Breeds","braque-du-bourbonnais","inferred","Generated from CMS slug; verify against live Webflow URLs."
"LeashFree-Webflow-Backup-2026-05-26/02-cms-csv-exports/LeashFree.ca - Dog Breeds - 687babbf5586e6eeb3b8dd39 (1).csv","cms-item","/dog-breeds/briard","/dog-breeds/briard/","Dog Breeds","briard","inferred","Generated from CMS slug; verify against live Webflow URLs."
"LeashFree-Webflow-Backup-2026-05-26/02-cms-csv-exports/LeashFree.ca - Dog Breeds - 687babbf5586e6eeb3b8dd39 (1).csv","cms-item","/dog-breeds/brittany","/dog-breeds/brittany/","Dog Breeds","brittany","inferred","Generated from CMS slug; verify against live Webflow URLs."
"LeashFree-Webflow-Backup-2026-05-26/02-cms-csv-exports/LeashFree.ca - Dog Breeds - 687babbf5586e6eeb3b8dd39 (1).csv","cms-item","/dog-breeds/broholmer","/dog-breeds/broholmer/","Dog Breeds","broholmer","inferred","Generated from CMS slug; verify against live Webflow URLs."
"LeashFree-Webflow-Backup-2026-05-26/02-cms-csv-exports/LeashFree.ca - Dog Breeds - 687babbf5586e6eeb3b8dd39 (1).csv","cms-item","/dog-breeds/brussels-griffon","/dog-breeds/brussels-griffon/","Dog Breeds","brussels-griffon","inferred","Generated from CMS slug; verify against live Webflow URLs."
"LeashFree-Webflow-Backup-2026-05-26/02-cms-csv-exports/LeashFree.ca - Dog Breeds - 687babbf5586e6eeb3b8dd39 (1).csv","cms-item","/dog-breeds/bugg-pugston","/dog-breeds/bugg-pugston/","Dog Breeds","bugg-pugston","inferred","Generated from CMS slug; verify against live Webflow URLs."
"LeashFree-Webflow-Backup-2026-05-26/02-cms-csv-exports/LeashFree.ca - Dog Breeds - 687babbf5586e6eeb3b8dd39 (1).csv","cms-item","/dog-breeds/bull-terrier","/dog-breeds/bull-terrier/","Dog Breeds","bull-terrier","inferred","Generated from CMS slug; verify against live Webflow URLs."
"LeashFree-Webflow-Backup-2026-05-26/02-cms-csv-exports/LeashFree.ca - Dog Breeds - 687babbf5586e6eeb3b8dd39 (1).csv","cms-item","/dog-breeds/bulldog","/dog-breeds/bulldog/","Dog Breeds","bulldog","inferred","Generated from CMS slug; verify against live Webflow URLs."
"LeashFree-Webflow-Backup-2026-05-26/02-cms-csv-exports/LeashFree.ca - Dog Breeds - 687babbf5586e6eeb3b8dd39 (1).csv","cms-item","/dog-breeds/bullmastiff","/dog-breeds/bullmastiff/","Dog Breeds","bullmastiff","inferred","Generated from CMS slug; verify against live Webflow URLs."
"LeashFree-Webflow-Backup-2026-05-26/02-cms-csv-exports/LeashFree.ca - Dog Breeds - 687babbf5586e6eeb3b8dd39 (1).csv","cms-item","/dog-breeds/cairn-terrier","/dog-breeds/cairn-terrier/","Dog Breeds","cairn-terrier","inferred","Generated from CMS slug; verify against live Webflow URLs."
"LeashFree-Webflow-Backup-2026-05-26/02-cms-csv-exports/LeashFree.ca - Dog Breeds - 687babbf5586e6eeb3b8dd39 (1).csv","cms-item","/dog-breeds/canaan-dog","/dog-breeds/canaan-dog/","Dog Breeds","canaan-dog","inferred","Generated from CMS slug; verify against live Webflow URLs."
"LeashFree-Webflow-Backup-2026-05-26/02-cms-csv-exports/LeashFree.ca - Dog Breeds - 687babbf5586e6eeb3b8dd39 (1).csv","cms-item","/dog-breeds/cane-corso","/dog-breeds/cane-corso/","Dog Breeds","cane-corso","inferred","Generated from CMS slug; verify against live Webflow URLs."
"LeashFree-Webflow-Backup-2026-05-26/02-cms-csv-exports/LeashFree.ca - Dog Breeds - 687babbf5586e6eeb3b8dd39 (1).csv","cms-item","/dog-breeds/cardigan-welsh-corgi","/dog-breeds/cardigan-welsh-corgi/","Dog Breeds","cardigan-welsh-corgi","inferred","Generated from CMS slug; verify against live Webflow URLs."
"LeashFree-Webflow-Backup-2026-05-26/02-cms-csv-exports/LeashFree.ca - Dog Breeds - 687babbf5586e6eeb3b8dd39 (1).csv","cms-item","/dog-breeds/carolina-dog","/dog-breeds/carolina-dog/","Dog Breeds","carolina-dog","inferred","Generated from CMS slug; verify against live Webflow URLs."
"LeashFree-Webflow-Backup-2026-05-26/02-cms-csv-exports/LeashFree.ca - Dog Breeds - 687babbf5586e6eeb3b8dd39 (1).csv","cms-item","/dog-breeds/catahoula-leopard-dog","/dog-breeds/catahoula-leopard-dog/","Dog Breeds","catahoula-leopard-dog","inferred","Generated from CMS slug; verify against live Webflow URLs."
"LeashFree-Webflow-Backup-2026-05-26/02-cms-csv-exports/LeashFree.ca - Dog Breeds - 687babbf5586e6eeb3b8dd39 (1).csv","cms-item","/dog-breeds/caucasian-shepherd-dog","/dog-breeds/caucasian-shepherd-dog/","Dog Breeds","caucasian-shepherd-dog","inferred","Generated from CMS slug; verify against live Webflow URLs."
"LeashFree-Webflow-Backup-2026-05-26/02-cms-csv-exports/LeashFree.ca - Dog Breeds - 687babbf5586e6eeb3b8dd39 (1).csv","cms-item","/dog-breeds/cavalier-king-charles-spaniel","/dog-breeds/cavalier-king-charles-spaniel/","Dog Breeds","cavalier-king-charles-spaniel","inferred","Generated from CMS slug; verify against live Webflow URLs."
"LeashFree-Webflow-Backup-2026-05-26/02-cms-csv-exports/LeashFree.ca - Dog Breeds - 687babbf5586e6eeb3b8dd39 (1).csv","cms-item","/dog-breeds/cavapoo","/dog-breeds/cavapoo/","Dog Breeds","cavapoo","inferred","Generated from CMS slug; verify against live Webflow URLs."
"LeashFree-Webflow-Backup-2026-05-26/02-cms-csv-exports/LeashFree.ca - Dog Breeds - 687babbf5586e6eeb3b8dd39 (1).csv","cms-item","/dog-breeds/central-asian-shepherd-dog","/dog-breeds/central-asian-shepherd-dog/","Dog Breeds","central-asian-shepherd-dog","inferred","Generated from CMS slug; verify against live Webflow URLs."
"LeashFree-Webflow-Backup-2026-05-26/02-cms-csv-exports/LeashFree.ca - Dog Breeds - 687babbf5586e6eeb3b8dd39 (1).csv","cms-item","/dog-breeds/cesky-terrier","/dog-breeds/cesky-terrier/","Dog Breeds","cesky-terrier","inferred","Generated from CMS slug; verify against live Webflow URLs."
"LeashFree-Webflow-Backup-2026-05-26/02-cms-csv-exports/LeashFree.ca - Dog Breeds - 687babbf5586e6eeb3b8dd39 (1).csv","cms-item","/dog-breeds/chesapeake-bay-retriever","/dog-breeds/chesapeake-bay-retriever/","Dog Breeds","chesapeake-bay-retriever","inferred","Generated from CMS slug; verify against live Webflow URLs."
"LeashFree-Webflow-Backup-2026-05-26/02-cms-csv-exports/LeashFree.ca - Dog Breeds - 687babbf5586e6eeb3b8dd39 (1).csv","cms-item","/dog-breeds/chihuahua","/dog-breeds/chihuahua/","Dog Breeds","chihuahua","inferred","Generated from CMS slug; verify against live Webflow URLs."
"LeashFree-Webflow-Backup-2026-05-26/02-cms-csv-exports/LeashFree.ca - Dog Breeds - 687babbf5586e6eeb3b8dd39 (1).csv","cms-item","/dog-breeds/chinese-crested","/dog-breeds/chinese-crested/","Dog Breeds","chinese-crested","inferred","Generated from CMS slug; verify against live Webflow URLs."
"LeashFree-Webflow-Backup-2026-05-26/02-cms-csv-exports/LeashFree.ca - Dog Breeds - 687babbf5586e6eeb3b8dd39 (1).csv","cms-item","/dog-breeds/chinese-shar-pei","/dog-breeds/chinese-shar-pei/","Dog Breeds","chinese-shar-pei","inferred","Generated from CMS slug; verify against live Webflow URLs."
"LeashFree-Webflow-Backup-2026-05-26/02-cms-csv-exports/LeashFree.ca - Dog Breeds - 687babbf5586e6eeb3b8dd39 (1).csv","cms-item","/dog-breeds/chinook","/dog-breeds/chinook/","Dog Breeds","chinook","inferred","Generated from CMS slug; verify against live Webflow URLs."
"LeashFree-Webflow-Backup-2026-05-26/02-cms-csv-exports/LeashFree.ca - Dog Breeds - 687babbf5586e6eeb3b8dd39 (1).csv","cms-item","/dog-breeds/chiweenie","/dog-breeds/chiweenie/","Dog Breeds","chiweenie","inferred","Generated from CMS slug; verify against live Webflow URLs."
"LeashFree-Webflow-Backup-2026-05-26/02-cms-csv-exports/LeashFree.ca - Dog Breeds - 687babbf5586e6eeb3b8dd39 (1).csv","cms-item","/dog-breeds/chow-chow","/dog-breeds/chow-chow/","Dog Breeds","chow-chow","inferred","Generated from CMS slug; verify against live Webflow URLs."
"LeashFree-Webflow-Backup-2026-05-26/02-cms-csv-exports/LeashFree.ca - Dog Breeds - 687babbf5586e6eeb3b8dd39 (1).csv","cms-item","/dog-breeds/cirneco-delletna","/dog-breeds/cirneco-delletna/","Dog Breeds","cirneco-delletna","inferred","Generated from CMS slug; verify against live Webflow URLs."
"LeashFree-Webflow-Backup-2026-05-26/02-cms-csv-exports/LeashFree.ca - Dog Breeds - 687babbf5586e6eeb3b8dd39 (1).csv","cms-item","/dog-breeds/clumber-spaniel","/dog-breeds/clumber-spaniel/","Dog Breeds","clumber-spaniel","inferred","Generated from CMS slug; verify against live Webflow URLs."
"LeashFree-Webflow-Backup-2026-05-26/02-cms-csv-exports/LeashFree.ca - Dog Breeds - 687babbf5586e6eeb3b8dd39 (1).csv","cms-item","/dog-breeds/cockapoo","/dog-breeds/cockapoo/","Dog Breeds","cockapoo","inferred","Generated from CMS slug; verify against live Webflow URLs."
"LeashFree-Webflow-Backup-2026-05-26/02-cms-csv-exports/LeashFree.ca - Dog Breeds - 687babbf5586e6eeb3b8dd39 (1).csv","cms-item","/dog-breeds/cocker-spaniel","/dog-breeds/cocker-spaniel/","Dog Breeds","cocker-spaniel","inferred","Generated from CMS slug; verify against live Webflow URLs."
"LeashFree-Webflow-Backup-2026-05-26/02-cms-csv-exports/LeashFree.ca - Dog Breeds - 687babbf5586e6eeb3b8dd39 (1).csv","cms-item","/dog-breeds/collie","/dog-breeds/collie/","Dog Breeds","collie","inferred","Generated from CMS slug; verify against live Webflow URLs."
"LeashFree-Webflow-Backup-2026-05-26/02-cms-csv-exports/LeashFree.ca - Dog Breeds - 687babbf5586e6eeb3b8dd39 (1).csv","cms-item","/dog-breeds/coton-de-tulear","/dog-breeds/coton-de-tulear/","Dog Breeds","coton-de-tulear","inferred","Generated from CMS slug; verify against live Webflow URLs."
"LeashFree-Webflow-Backup-2026-05-26/02-cms-csv-exports/LeashFree.ca - Dog Breeds - 687babbf5586e6eeb3b8dd39 (1).csv","cms-item","/dog-breeds/croatian-sheepdog","/dog-breeds/croatian-sheepdog/","Dog Breeds","croatian-sheepdog","inferred","Generated from CMS slug; verify against live Webflow URLs."
"LeashFree-Webflow-Backup-2026-05-26/02-cms-csv-exports/LeashFree.ca - Dog Breeds - 687babbf5586e6eeb3b8dd39 (1).csv","cms-item","/dog-breeds/curly-coated-retriever","/dog-breeds/curly-coated-retriever/","Dog Breeds","curly-coated-retriever","inferred","Generated from CMS slug; verify against live Webflow URLs."
"LeashFree-Webflow-Backup-2026-05-26/02-cms-csv-exports/LeashFree.ca - Dog Breeds - 687babbf5586e6eeb3b8dd39 (1).csv","cms-item","/dog-breeds/czechoslovakian-vlcak","/dog-breeds/czechoslovakian-vlcak/","Dog Breeds","czechoslovakian-vlcak","inferred","Generated from CMS slug; verify against live Webflow URLs."
"LeashFree-Webflow-Backup-2026-05-26/02-cms-csv-exports/LeashFree.ca - Dog Breeds - 687babbf5586e6eeb3b8dd39 (1).csv","cms-item","/dog-breeds/dachshund","/dog-breeds/dachshund/","Dog Breeds","dachshund","inferred","Generated from CMS slug; verify against live Webflow URLs."
"LeashFree-Webflow-Backup-2026-05-26/02-cms-csv-exports/LeashFree.ca - Dog Breeds - 687babbf5586e6eeb3b8dd39 (1).csv","cms-item","/dog-breeds/dalmatian","/dog-breeds/dalmatian/","Dog Breeds","dalmatian","inferred","Generated from CMS slug; verify against live Webflow URLs."
"LeashFree-Webflow-Backup-2026-05-26/02-cms-csv-exports/LeashFree.ca - Dog Breeds - 687babbf5586e6eeb3b8dd39 (1).csv","cms-item","/dog-breeds/dandie-dinmont-terrier","/dog-breeds/dandie-dinmont-terrier/","Dog Breeds","dandie-dinmont-terrier","inferred","Generated from CMS slug; verify against live Webflow URLs."
"LeashFree-Webflow-Backup-2026-05-26/02-cms-csv-exports/LeashFree.ca - Dog Breeds - 687babbf5586e6eeb3b8dd39 (1).csv","cms-item","/dog-breeds/danish-swedish-farmdog","/dog-breeds/danish-swedish-farmdog/","Dog Breeds","danish-swedish-farmdog","inferred","Generated from CMS slug; verify against live Webflow URLs."
"LeashFree-Webflow-Backup-2026-05-26/02-cms-csv-exports/LeashFree.ca - Dog Breeds - 687babbf5586e6eeb3b8dd39 (1).csv","cms-item","/dog-breeds/deutscher-wachtelhund","/dog-breeds/deutscher-wachtelhund/","Dog Breeds","deutscher-wachtelhund","inferred","Generated from CMS slug; verify against live Webflow URLs."
"LeashFree-Webflow-Backup-2026-05-26/02-cms-csv-exports/LeashFree.ca - Dog Breeds - 687babbf5586e6eeb3b8dd39 (1).csv","cms-item","/dog-breeds/doberman-pinscher","/dog-breeds/doberman-pinscher/","Dog Breeds","doberman-pinscher","inferred","Generated from CMS slug; verify against live Webflow URLs."
"LeashFree-Webflow-Backup-2026-05-26/02-cms-csv-exports/LeashFree.ca - Dog Breeds - 687babbf5586e6eeb3b8dd39 (1).csv","cms-item","/dog-breeds/dogo-argentino","/dog-breeds/dogo-argentino/","Dog Breeds","dogo-argentino","inferred","Generated from CMS slug; verify against live Webflow URLs."
"LeashFree-Webflow-Backup-2026-05-26/02-cms-csv-exports/LeashFree.ca - Dog Breeds - 687babbf5586e6eeb3b8dd39 (1).csv","cms-item","/dog-breeds/dogue-de-bordeaux","/dog-breeds/dogue-de-bordeaux/","Dog Breeds","dogue-de-bordeaux","inferred","Generated from CMS slug; verify against live Webflow URLs."
"LeashFree-Webflow-Backup-2026-05-26/02-cms-csv-exports/LeashFree.ca - Dog Breeds - 687babbf5586e6eeb3b8dd39 (1).csv","cms-item","/dog-breeds/drentsche-patrijshond","/dog-breeds/drentsche-patrijshond/","Dog Breeds","drentsche-patrijshond","inferred","Generated from CMS slug; verify against live Webflow URLs."
"LeashFree-Webflow-Backup-2026-05-26/02-cms-csv-exports/LeashFree.ca - Dog Breeds - 687babbf5586e6eeb3b8dd39 (1).csv","cms-item","/dog-breeds/dutch-shepherd","/dog-breeds/dutch-shepherd/","Dog Breeds","dutch-shepherd","inferred","Generated from CMS slug; verify against live Webflow URLs."
"LeashFree-Webflow-Backup-2026-05-26/02-cms-csv-exports/LeashFree.ca - Dog Breeds - 687babbf5586e6eeb3b8dd39 (1).csv","cms-item","/dog-breeds/english-cocker-spaniel","/dog-breeds/english-cocker-spaniel/","Dog Breeds","english-cocker-spaniel","inferred","Generated from CMS slug; verify against live Webflow URLs."
"LeashFree-Webflow-Backup-2026-05-26/02-cms-csv-exports/LeashFree.ca - Dog Breeds - 687babbf5586e6eeb3b8dd39 (1).csv","cms-item","/dog-breeds/english-foxhound","/dog-breeds/english-foxhound/","Dog Breeds","english-foxhound","inferred","Generated from CMS slug; verify against live Webflow URLs."
"LeashFree-Webflow-Backup-2026-05-26/02-cms-csv-exports/LeashFree.ca - Dog Breeds - 687babbf5586e6eeb3b8dd39 (1).csv","cms-item","/dog-breeds/english-setter","/dog-breeds/english-setter/","Dog Breeds","english-setter","inferred","Generated from CMS slug; verify against live Webflow URLs."
"LeashFree-Webflow-Backup-2026-05-26/02-cms-csv-exports/LeashFree.ca - Dog Breeds - 687babbf5586e6eeb3b8dd39 (1).csv","cms-item","/dog-breeds/english-springer-spaniel","/dog-breeds/english-springer-spaniel/","Dog Breeds","english-springer-spaniel","inferred","Generated from CMS slug; verify against live Webflow URLs."
"LeashFree-Webflow-Backup-2026-05-26/02-cms-csv-exports/LeashFree.ca - Dog Breeds - 687babbf5586e6eeb3b8dd39 (1).csv","cms-item","/dog-breeds/english-toy-spaniel","/dog-breeds/english-toy-spaniel/","Dog Breeds","english-toy-spaniel","inferred","Generated from CMS slug; verify against live Webflow URLs."
"LeashFree-Webflow-Backup-2026-05-26/02-cms-csv-exports/LeashFree.ca - Dog Breeds - 687babbf5586e6eeb3b8dd39 (1).csv","cms-item","/dog-breeds/entlebucher-mountain-dog","/dog-breeds/entlebucher-mountain-dog/","Dog Breeds","entlebucher-mountain-dog","inferred","Generated from CMS slug; verify against live Webflow URLs."
"LeashFree-Webflow-Backup-2026-05-26/02-cms-csv-exports/LeashFree.ca - Dog Breeds - 687babbf5586e6eeb3b8dd39 (1).csv","cms-item","/dog-breeds/estrela-mountain-dog","/dog-breeds/estrela-mountain-dog/","Dog Breeds","estrela-mountain-dog","inferred","Generated from CMS slug; verify against live Webflow URLs."
"LeashFree-Webflow-Backup-2026-05-26/02-cms-csv-exports/LeashFree.ca - Dog Breeds - 687babbf5586e6eeb3b8dd39 (1).csv","cms-item","/dog-breeds/eurasier","/dog-breeds/eurasier/","Dog Breeds","eurasier","inferred","Generated from CMS slug; verify against live Webflow URLs."
"LeashFree-Webflow-Backup-2026-05-26/02-cms-csv-exports/LeashFree.ca - Dog Breeds - 687babbf5586e6eeb3b8dd39 (1).csv","cms-item","/dog-breeds/field-spaniel","/dog-breeds/field-spaniel/","Dog Breeds","field-spaniel","inferred","Generated from CMS slug; verify against live Webflow URLs."
"LeashFree-Webflow-Backup-2026-05-26/02-cms-csv-exports/LeashFree.ca - Dog Breeds - 687babbf5586e6eeb3b8dd39 (1).csv","cms-item","/dog-breeds/finnish-lapphund","/dog-breeds/finnish-lapphund/","Dog Breeds","finnish-lapphund","inferred","Generated from CMS slug; verify against live Webflow URLs."
"LeashFree-Webflow-Backup-2026-05-26/02-cms-csv-exports/LeashFree.ca - Dog Breeds - 687babbf5586e6eeb3b8dd39 (1).csv","cms-item","/dog-breeds/finnish-spitz","/dog-breeds/finnish-spitz/","Dog Breeds","finnish-spitz","inferred","Generated from CMS slug; verify against live Webflow URLs."
"LeashFree-Webflow-Backup-2026-05-26/02-cms-csv-exports/LeashFree.ca - Dog Breeds - 687babbf5586e6eeb3b8dd39 (1).csv","cms-item","/dog-breeds/flat-coated-retriever","/dog-breeds/flat-coated-retriever/","Dog Breeds","flat-coated-retriever","inferred","Generated from CMS slug; verify against live Webflow URLs."
"LeashFree-Webflow-Backup-2026-05-26/02-cms-csv-exports/LeashFree.ca - Dog Breeds - 687babbf5586e6eeb3b8dd39 (1).csv","cms-item","/dog-breeds/french-bulldog","/dog-breeds/french-bulldog/","Dog Breeds","french-bulldog","inferred","Generated from CMS slug; verify against live Webflow URLs."
"LeashFree-Webflow-Backup-2026-05-26/02-cms-csv-exports/LeashFree.ca - Dog Breeds - 687babbf5586e6eeb3b8dd39 (1).csv","cms-item","/dog-breeds/gerberian-shepsky","/dog-breeds/gerberian-shepsky/","Dog Breeds","gerberian-shepsky","inferred","Generated from CMS slug; verify against live Webflow URLs."
"LeashFree-Webflow-Backup-2026-05-26/02-cms-csv-exports/LeashFree.ca - Dog Breeds - 687babbf5586e6eeb3b8dd39 (1).csv","cms-item","/dog-breeds/german-longhaired-pointer","/dog-breeds/german-longhaired-pointer/","Dog Breeds","german-longhaired-pointer","inferred","Generated from CMS slug; verify against live Webflow URLs."
"LeashFree-Webflow-Backup-2026-05-26/02-cms-csv-exports/LeashFree.ca - Dog Breeds - 687babbf5586e6eeb3b8dd39 (1).csv","cms-item","/dog-breeds/german-pinscher","/dog-breeds/german-pinscher/","Dog Breeds","german-pinscher","inferred","Generated from CMS slug; verify against live Webflow URLs."
"LeashFree-Webflow-Backup-2026-05-26/02-cms-csv-exports/LeashFree.ca - Dog Breeds - 687babbf5586e6eeb3b8dd39 (1).csv","cms-item","/dog-breeds/german-shepherd","/dog-breeds/german-shepherd/","Dog Breeds","german-shepherd","inferred","Generated from CMS slug; verify against live Webflow URLs."
"LeashFree-Webflow-Backup-2026-05-26/02-cms-csv-exports/LeashFree.ca - Dog Breeds - 687babbf5586e6eeb3b8dd39 (1).csv","cms-item","/dog-breeds/german-shepherd-dog","/dog-breeds/german-shepherd-dog/","Dog Breeds","german-shepherd-dog","inferred","Generated from CMS slug; verify against live Webflow URLs."
"LeashFree-Webflow-Backup-2026-05-26/02-cms-csv-exports/LeashFree.ca - Dog Breeds - 687babbf5586e6eeb3b8dd39 (1).csv","cms-item","/dog-breeds/german-shorthaired-pointer","/dog-breeds/german-shorthaired-pointer/","Dog Breeds","german-shorthaired-pointer","inferred","Generated from CMS slug; verify against live Webflow URLs."
"LeashFree-Webflow-Backup-2026-05-26/02-cms-csv-exports/LeashFree.ca - Dog Breeds - 687babbf5586e6eeb3b8dd39 (1).csv","cms-item","/dog-breeds/german-spitz","/dog-breeds/german-spitz/","Dog Breeds","german-spitz","inferred","Generated from CMS slug; verify against live Webflow URLs."
"LeashFree-Webflow-Backup-2026-05-26/02-cms-csv-exports/LeashFree.ca - Dog Breeds - 687babbf5586e6eeb3b8dd39 (1).csv","cms-item","/dog-breeds/german-wirehaired-pointer","/dog-breeds/german-wirehaired-pointer/","Dog Breeds","german-wirehaired-pointer","inferred","Generated from CMS slug; verify against live Webflow URLs."
"LeashFree-Webflow-Backup-2026-05-26/02-cms-csv-exports/LeashFree.ca - Dog Breeds - 687babbf5586e6eeb3b8dd39 (1).csv","cms-item","/dog-breeds/giant-schnauzer","/dog-breeds/giant-schnauzer/","Dog Breeds","giant-schnauzer","inferred","Generated from CMS slug; verify against live Webflow URLs."
"LeashFree-Webflow-Backup-2026-05-26/02-cms-csv-exports/LeashFree.ca - Dog Breeds - 687babbf5586e6eeb3b8dd39 (1).csv","cms-item","/dog-breeds/glen-of-imaal-terrier","/dog-breeds/glen-of-imaal-terrier/","Dog Breeds","glen-of-imaal-terrier","inferred","Generated from CMS slug; verify against live Webflow URLs."
"LeashFree-Webflow-Backup-2026-05-26/02-cms-csv-exports/LeashFree.ca - Dog Breeds - 687babbf5586e6eeb3b8dd39 (1).csv","cms-item","/dog-breeds/goldador","/dog-breeds/goldador/","Dog Breeds","goldador","inferred","Generated from CMS slug; verify against live Webflow URLs."
"LeashFree-Webflow-Backup-2026-05-26/02-cms-csv-exports/LeashFree.ca - Dog Breeds - 687babbf5586e6eeb3b8dd39 (1).csv","cms-item","/dog-breeds/golden-retriever","/dog-breeds/golden-retriever/","Dog Breeds","golden-retriever","inferred","Generated from CMS slug; verify against live Webflow URLs."
"LeashFree-Webflow-Backup-2026-05-26/02-cms-csv-exports/LeashFree.ca - Dog Breeds - 687babbf5586e6eeb3b8dd39 (1).csv","cms-item","/dog-breeds/goldendoodle","/dog-breeds/goldendoodle/","Dog Breeds","goldendoodle","inferred","Generated from CMS slug; verify against live Webflow URLs."
"LeashFree-Webflow-Backup-2026-05-26/02-cms-csv-exports/LeashFree.ca - Dog Breeds - 687babbf5586e6eeb3b8dd39 (1).csv","cms-item","/dog-breeds/gordon-setter","/dog-breeds/gordon-setter/","Dog Breeds","gordon-setter","inferred","Generated from CMS slug; verify against live Webflow URLs."
"LeashFree-Webflow-Backup-2026-05-26/02-cms-csv-exports/LeashFree.ca - Dog Breeds - 687babbf5586e6eeb3b8dd39 (1).csv","cms-item","/dog-breeds/grand-basset-griffon-vendeen","/dog-breeds/grand-basset-griffon-vendeen/","Dog Breeds","grand-basset-griffon-vendeen","inferred","Generated from CMS slug; verify against live Webflow URLs."
"LeashFree-Webflow-Backup-2026-05-26/02-cms-csv-exports/LeashFree.ca - Dog Breeds - 687babbf5586e6eeb3b8dd39 (1).csv","cms-item","/dog-breeds/great-bernese","/dog-breeds/great-bernese/","Dog Breeds","great-bernese","inferred","Generated from CMS slug; verify against live Webflow URLs."
"LeashFree-Webflow-Backup-2026-05-26/02-cms-csv-exports/LeashFree.ca - Dog Breeds - 687babbf5586e6eeb3b8dd39 (1).csv","cms-item","/dog-breeds/great-dane","/dog-breeds/great-dane/","Dog Breeds","great-dane","inferred","Generated from CMS slug; verify against live Webflow URLs."
"LeashFree-Webflow-Backup-2026-05-26/02-cms-csv-exports/LeashFree.ca - Dog Breeds - 687babbf5586e6eeb3b8dd39 (1).csv","cms-item","/dog-breeds/great-pyrenees","/dog-breeds/great-pyrenees/","Dog Breeds","great-pyrenees","inferred","Generated from CMS slug; verify against live Webflow URLs."
"LeashFree-Webflow-Backup-2026-05-26/02-cms-csv-exports/LeashFree.ca - Dog Breeds - 687babbf5586e6eeb3b8dd39 (1).csv","cms-item","/dog-breeds/greater-swiss-mountain-dog","/dog-breeds/greater-swiss-mountain-dog/","Dog Breeds","greater-swiss-mountain-dog","inferred","Generated from CMS slug; verify against live Webflow URLs."
"LeashFree-Webflow-Backup-2026-05-26/02-cms-csv-exports/LeashFree.ca - Dog Breeds - 687babbf5586e6eeb3b8dd39 (1).csv","cms-item","/dog-breeds/greyhound","/dog-breeds/greyhound/","Dog Breeds","greyhound","inferred","Generated from CMS slug; verify against live Webflow URLs."
"LeashFree-Webflow-Backup-2026-05-26/02-cms-csv-exports/LeashFree.ca - Dog Breeds - 687babbf5586e6eeb3b8dd39 (1).csv","cms-item","/dog-breeds/hamiltonstovare","/dog-breeds/hamiltonstovare/","Dog Breeds","hamiltonstovare","inferred","Generated from CMS slug; verify against live Webflow URLs."
"LeashFree-Webflow-Backup-2026-05-26/02-cms-csv-exports/LeashFree.ca - Dog Breeds - 687babbf5586e6eeb3b8dd39 (1).csv","cms-item","/dog-breeds/harrier","/dog-breeds/harrier/","Dog Breeds","harrier","inferred","Generated from CMS slug; verify against live Webflow URLs."
"LeashFree-Webflow-Backup-2026-05-26/02-cms-csv-exports/LeashFree.ca - Dog Breeds - 687babbf5586e6eeb3b8dd39 (1).csv","cms-item","/dog-breeds/havanese","/dog-breeds/havanese/","Dog Breeds","havanese","inferred","Generated from CMS slug; verify against live Webflow URLs."
"LeashFree-Webflow-Backup-2026-05-26/02-cms-csv-exports/LeashFree.ca - Dog Breeds - 687babbf5586e6eeb3b8dd39 (1).csv","cms-item","/dog-breeds/havapoo-poovanese","/dog-breeds/havapoo-poovanese/","Dog Breeds","havapoo-poovanese","inferred","Generated from CMS slug; verify against live Webflow URLs."
"LeashFree-Webflow-Backup-2026-05-26/02-cms-csv-exports/LeashFree.ca - Dog Breeds - 687babbf5586e6eeb3b8dd39 (1).csv","cms-item","/dog-breeds/hokkaido","/dog-breeds/hokkaido/","Dog Breeds","hokkaido","inferred","Generated from CMS slug; verify against live Webflow URLs."
"LeashFree-Webflow-Backup-2026-05-26/02-cms-csv-exports/LeashFree.ca - Dog Breeds - 687babbf5586e6eeb3b8dd39 (1).csv","cms-item","/dog-breeds/hovawart","/dog-breeds/hovawart/","Dog Breeds","hovawart","inferred","Generated from CMS slug; verify against live Webflow URLs."
"LeashFree-Webflow-Backup-2026-05-26/02-cms-csv-exports/LeashFree.ca - Dog Breeds - 687babbf5586e6eeb3b8dd39 (1).csv","cms-item","/dog-breeds/husky-collie-mix","/dog-breeds/husky-collie-mix/","Dog Breeds","husky-collie-mix","inferred","Generated from CMS slug; verify against live Webflow URLs."
"LeashFree-Webflow-Backup-2026-05-26/02-cms-csv-exports/LeashFree.ca - Dog Breeds - 687babbf5586e6eeb3b8dd39 (1).csv","cms-item","/dog-breeds/husky-retriever-mix","/dog-breeds/husky-retriever-mix/","Dog Breeds","husky-retriever-mix","inferred","Generated from CMS slug; verify against live Webflow URLs."
"LeashFree-Webflow-Backup-2026-05-26/02-cms-csv-exports/LeashFree.ca - Dog Breeds - 687babbf5586e6eeb3b8dd39 (1).csv","cms-item","/dog-breeds/ibizan-hound","/dog-breeds/ibizan-hound/","Dog Breeds","ibizan-hound","inferred","Generated from CMS slug; verify against live Webflow URLs."
"LeashFree-Webflow-Backup-2026-05-26/02-cms-csv-exports/LeashFree.ca - Dog Breeds - 687babbf5586e6eeb3b8dd39 (1).csv","cms-item","/dog-breeds/icelandic-sheepdog","/dog-breeds/icelandic-sheepdog/","Dog Breeds","icelandic-sheepdog","inferred","Generated from CMS slug; verify against live Webflow URLs."
"LeashFree-Webflow-Backup-2026-05-26/02-cms-csv-exports/LeashFree.ca - Dog Breeds - 687babbf5586e6eeb3b8dd39 (1).csv","cms-item","/dog-breeds/irish-doodle","/dog-breeds/irish-doodle/","Dog Breeds","irish-doodle","inferred","Generated from CMS slug; verify against live Webflow URLs."
"LeashFree-Webflow-Backup-2026-05-26/02-cms-csv-exports/LeashFree.ca - Dog Breeds - 687babbf5586e6eeb3b8dd39 (1).csv","cms-item","/dog-breeds/irish-red-and-white-setter","/dog-breeds/irish-red-and-white-setter/","Dog Breeds","irish-red-and-white-setter","inferred","Generated from CMS slug; verify against live Webflow URLs."
"LeashFree-Webflow-Backup-2026-05-26/02-cms-csv-exports/LeashFree.ca - Dog Breeds - 687babbf5586e6eeb3b8dd39 (1).csv","cms-item","/dog-breeds/irish-setter","/dog-breeds/irish-setter/","Dog Breeds","irish-setter","inferred","Generated from CMS slug; verify against live Webflow URLs."
"LeashFree-Webflow-Backup-2026-05-26/02-cms-csv-exports/LeashFree.ca - Dog Breeds - 687babbf5586e6eeb3b8dd39 (1).csv","cms-item","/dog-breeds/irish-terrier","/dog-breeds/irish-terrier/","Dog Breeds","irish-terrier","inferred","Generated from CMS slug; verify against live Webflow URLs."
"LeashFree-Webflow-Backup-2026-05-26/02-cms-csv-exports/LeashFree.ca - Dog Breeds - 687babbf5586e6eeb3b8dd39 (1).csv","cms-item","/dog-breeds/irish-water-spaniel","/dog-breeds/irish-water-spaniel/","Dog Breeds","irish-water-spaniel","inferred","Generated from CMS slug; verify against live Webflow URLs."
"LeashFree-Webflow-Backup-2026-05-26/02-cms-csv-exports/LeashFree.ca - Dog Breeds - 687babbf5586e6eeb3b8dd39 (1).csv","cms-item","/dog-breeds/irish-wolfhound","/dog-breeds/irish-wolfhound/","Dog Breeds","irish-wolfhound","inferred","Generated from CMS slug; verify against live Webflow URLs."
"LeashFree-Webflow-Backup-2026-05-26/02-cms-csv-exports/LeashFree.ca - Dog Breeds - 687babbf5586e6eeb3b8dd39 (1).csv","cms-item","/dog-breeds/italian-greyhound","/dog-breeds/italian-greyhound/","Dog Breeds","italian-greyhound","inferred","Generated from CMS slug; verify against live Webflow URLs."
"LeashFree-Webflow-Backup-2026-05-26/02-cms-csv-exports/LeashFree.ca - Dog Breeds - 687babbf5586e6eeb3b8dd39 (1).csv","cms-item","/dog-breeds/italian-spinone","/dog-breeds/italian-spinone/","Dog Breeds","italian-spinone","inferred","Generated from CMS slug; verify against live Webflow URLs."
"LeashFree-Webflow-Backup-2026-05-26/02-cms-csv-exports/LeashFree.ca - Dog Breeds - 687babbf5586e6eeb3b8dd39 (1).csv","cms-item","/dog-breeds/japanese-chin","/dog-breeds/japanese-chin/","Dog Breeds","japanese-chin","inferred","Generated from CMS slug; verify against live Webflow URLs."
"LeashFree-Webflow-Backup-2026-05-26/02-cms-csv-exports/LeashFree.ca - Dog Breeds - 687babbf5586e6eeb3b8dd39 (1).csv","cms-item","/dog-breeds/japanese-spitz","/dog-breeds/japanese-spitz/","Dog Breeds","japanese-spitz","inferred","Generated from CMS slug; verify against live Webflow URLs."
"LeashFree-Webflow-Backup-2026-05-26/02-cms-csv-exports/LeashFree.ca - Dog Breeds - 687babbf5586e6eeb3b8dd39 (1).csv","cms-item","/dog-breeds/japanese-terrier","/dog-breeds/japanese-terrier/","Dog Breeds","japanese-terrier","inferred","Generated from CMS slug; verify against live Webflow URLs."
"LeashFree-Webflow-Backup-2026-05-26/02-cms-csv-exports/LeashFree.ca - Dog Breeds - 687babbf5586e6eeb3b8dd39 (1).csv","cms-item","/dog-breeds/jindo","/dog-breeds/jindo/","Dog Breeds","jindo","inferred","Generated from CMS slug; verify against live Webflow URLs."
"LeashFree-Webflow-Backup-2026-05-26/02-cms-csv-exports/LeashFree.ca - Dog Breeds - 687babbf5586e6eeb3b8dd39 (1).csv","cms-item","/dog-breeds/kai-ken","/dog-breeds/kai-ken/","Dog Breeds","kai-ken","inferred","Generated from CMS slug; verify against live Webflow URLs."
"LeashFree-Webflow-Backup-2026-05-26/02-cms-csv-exports/LeashFree.ca - Dog Breeds - 687babbf5586e6eeb3b8dd39 (1).csv","cms-item","/dog-breeds/karelian-bear-dog","/dog-breeds/karelian-bear-dog/","Dog Breeds","karelian-bear-dog","inferred","Generated from CMS slug; verify against live Webflow URLs."
"LeashFree-Webflow-Backup-2026-05-26/02-cms-csv-exports/LeashFree.ca - Dog Breeds - 687babbf5586e6eeb3b8dd39 (1).csv","cms-item","/dog-breeds/keeshond","/dog-breeds/keeshond/","Dog Breeds","keeshond","inferred","Generated from CMS slug; verify against live Webflow URLs."
"LeashFree-Webflow-Backup-2026-05-26/02-cms-csv-exports/LeashFree.ca - Dog Breeds - 687babbf5586e6eeb3b8dd39 (1).csv","cms-item","/dog-breeds/kerry-blue-terrier","/dog-breeds/kerry-blue-terrier/","Dog Breeds","kerry-blue-terrier","inferred","Generated from CMS slug; verify against live Webflow URLs."
"LeashFree-Webflow-Backup-2026-05-26/02-cms-csv-exports/LeashFree.ca - Dog Breeds - 687babbf5586e6eeb3b8dd39 (1).csv","cms-item","/dog-breeds/king-shepherd","/dog-breeds/king-shepherd/","Dog Breeds","king-shepherd","inferred","Generated from CMS slug; verify against live Webflow URLs."
"LeashFree-Webflow-Backup-2026-05-26/02-cms-csv-exports/LeashFree.ca - Dog Breeds - 687babbf5586e6eeb3b8dd39 (1).csv","cms-item","/dog-breeds/komondor","/dog-breeds/komondor/","Dog Breeds","komondor","inferred","Generated from CMS slug; verify against live Webflow URLs."
"LeashFree-Webflow-Backup-2026-05-26/02-cms-csv-exports/LeashFree.ca - Dog Breeds - 687babbf5586e6eeb3b8dd39 (1).csv","cms-item","/dog-breeds/kooikerhondje","/dog-breeds/kooikerhondje/","Dog Breeds","kooikerhondje","inferred","Generated from CMS slug; verify against live Webflow URLs."
"LeashFree-Webflow-Backup-2026-05-26/02-cms-csv-exports/LeashFree.ca - Dog Breeds - 687babbf5586e6eeb3b8dd39 (1).csv","cms-item","/dog-breeds/korean-jindo-dog","/dog-breeds/korean-jindo-dog/","Dog Breeds","korean-jindo-dog","inferred","Generated from CMS slug; verify against live Webflow URLs."
"LeashFree-Webflow-Backup-2026-05-26/02-cms-csv-exports/LeashFree.ca - Dog Breeds - 687babbf5586e6eeb3b8dd39 (1).csv","cms-item","/dog-breeds/kuvasz","/dog-breeds/kuvasz/","Dog Breeds","kuvasz","inferred","Generated from CMS slug; verify against live Webflow URLs."
"LeashFree-Webflow-Backup-2026-05-26/02-cms-csv-exports/LeashFree.ca - Dog Breeds - 687babbf5586e6eeb3b8dd39 (1).csv","cms-item","/dog-breeds/labradoodle","/dog-breeds/labradoodle/","Dog Breeds","labradoodle","inferred","Generated from CMS slug; verify against live Webflow URLs."
"LeashFree-Webflow-Backup-2026-05-26/02-cms-csv-exports/LeashFree.ca - Dog Breeds - 687babbf5586e6eeb3b8dd39 (1).csv","cms-item","/dog-breeds/labrador-retriever","/dog-breeds/labrador-retriever/","Dog Breeds","labrador-retriever","inferred","Generated from CMS slug; verify against live Webflow URLs."
"LeashFree-Webflow-Backup-2026-05-26/02-cms-csv-exports/LeashFree.ca - Dog Breeds - 687babbf5586e6eeb3b8dd39 (1).csv","cms-item","/dog-breeds/labsky","/dog-breeds/labsky/","Dog Breeds","labsky","inferred","Generated from CMS slug; verify against live Webflow URLs."
"LeashFree-Webflow-Backup-2026-05-26/02-cms-csv-exports/LeashFree.ca - Dog Breeds - 687babbf5586e6eeb3b8dd39 (1).csv","cms-item","/dog-breeds/lagotto-romagnolo","/dog-breeds/lagotto-romagnolo/","Dog Breeds","lagotto-romagnolo","inferred","Generated from CMS slug; verify against live Webflow URLs."
"LeashFree-Webflow-Backup-2026-05-26/02-cms-csv-exports/LeashFree.ca - Dog Breeds - 687babbf5586e6eeb3b8dd39 (1).csv","cms-item","/dog-breeds/lakeland-terrier","/dog-breeds/lakeland-terrier/","Dog Breeds","lakeland-terrier","inferred","Generated from CMS slug; verify against live Webflow URLs."
"LeashFree-Webflow-Backup-2026-05-26/02-cms-csv-exports/LeashFree.ca - Dog Breeds - 687babbf5586e6eeb3b8dd39 (1).csv","cms-item","/dog-breeds/lancashire-heeler","/dog-breeds/lancashire-heeler/","Dog Breeds","lancashire-heeler","inferred","Generated from CMS slug; verify against live Webflow URLs."
"LeashFree-Webflow-Backup-2026-05-26/02-cms-csv-exports/LeashFree.ca - Dog Breeds - 687babbf5586e6eeb3b8dd39 (1).csv","cms-item","/dog-breeds/landseer","/dog-breeds/landseer/","Dog Breeds","landseer","inferred","Generated from CMS slug; verify against live Webflow URLs."
"LeashFree-Webflow-Backup-2026-05-26/02-cms-csv-exports/LeashFree.ca - Dog Breeds - 687babbf5586e6eeb3b8dd39 (1).csv","cms-item","/dog-breeds/lapponian-herder","/dog-breeds/lapponian-herder/","Dog Breeds","lapponian-herder","inferred","Generated from CMS slug; verify against live Webflow URLs."
"LeashFree-Webflow-Backup-2026-05-26/02-cms-csv-exports/LeashFree.ca - Dog Breeds - 687babbf5586e6eeb3b8dd39 (1).csv","cms-item","/dog-breeds/large-munsterlander","/dog-breeds/large-munsterlander/","Dog Breeds","large-munsterlander","inferred","Generated from CMS slug; verify against live Webflow URLs."
"LeashFree-Webflow-Backup-2026-05-26/02-cms-csv-exports/LeashFree.ca - Dog Breeds - 687babbf5586e6eeb3b8dd39 (1).csv","cms-item","/dog-breeds/leonberger","/dog-breeds/leonberger/","Dog Breeds","leonberger","inferred","Generated from CMS slug; verify against live Webflow URLs."
"LeashFree-Webflow-Backup-2026-05-26/02-cms-csv-exports/LeashFree.ca - Dog Breeds - 687babbf5586e6eeb3b8dd39 (1).csv","cms-item","/dog-breeds/lhasa-apso","/dog-breeds/lhasa-apso/","Dog Breeds","lhasa-apso","inferred","Generated from CMS slug; verify against live Webflow URLs."
"LeashFree-Webflow-Backup-2026-05-26/02-cms-csv-exports/LeashFree.ca - Dog Breeds - 687babbf5586e6eeb3b8dd39 (1).csv","cms-item","/dog-breeds/l-wchen","/dog-breeds/l-wchen/","Dog Breeds","l-wchen","inferred","Generated from CMS slug; verify against live Webflow URLs."
"LeashFree-Webflow-Backup-2026-05-26/02-cms-csv-exports/LeashFree.ca - Dog Breeds - 687babbf5586e6eeb3b8dd39 (1).csv","cms-item","/dog-breeds/malshi","/dog-breeds/malshi/","Dog Breeds","malshi","inferred","Generated from CMS slug; verify against live Webflow URLs."
"LeashFree-Webflow-Backup-2026-05-26/02-cms-csv-exports/LeashFree.ca - Dog Breeds - 687babbf5586e6eeb3b8dd39 (1).csv","cms-item","/dog-breeds/maltese","/dog-breeds/maltese/","Dog Breeds","maltese","inferred","Generated from CMS slug; verify against live Webflow URLs."
"LeashFree-Webflow-Backup-2026-05-26/02-cms-csv-exports/LeashFree.ca - Dog Breeds - 687babbf5586e6eeb3b8dd39 (1).csv","cms-item","/dog-breeds/maltipoo","/dog-breeds/maltipoo/","Dog Breeds","maltipoo","inferred","Generated from CMS slug; verify against live Webflow URLs."
"LeashFree-Webflow-Backup-2026-05-26/02-cms-csv-exports/LeashFree.ca - Dog Breeds - 687babbf5586e6eeb3b8dd39 (1).csv","cms-item","/dog-breeds/manchester-terrier","/dog-breeds/manchester-terrier/","Dog Breeds","manchester-terrier","inferred","Generated from CMS slug; verify against live Webflow URLs."
"LeashFree-Webflow-Backup-2026-05-26/02-cms-csv-exports/LeashFree.ca - Dog Breeds - 687babbf5586e6eeb3b8dd39 (1).csv","cms-item","/dog-breeds/maremma-sheepdog","/dog-breeds/maremma-sheepdog/","Dog Breeds","maremma-sheepdog","inferred","Generated from CMS slug; verify against live Webflow URLs."
"LeashFree-Webflow-Backup-2026-05-26/02-cms-csv-exports/LeashFree.ca - Dog Breeds - 687babbf5586e6eeb3b8dd39 (1).csv","cms-item","/dog-breeds/mastiff","/dog-breeds/mastiff/","Dog Breeds","mastiff","inferred","Generated from CMS slug; verify against live Webflow URLs."
"LeashFree-Webflow-Backup-2026-05-26/02-cms-csv-exports/LeashFree.ca - Dog Breeds - 687babbf5586e6eeb3b8dd39 (1).csv","cms-item","/dog-breeds/miniature-american-shepherd","/dog-breeds/miniature-american-shepherd/","Dog Breeds","miniature-american-shepherd","inferred","Generated from CMS slug; verify against live Webflow URLs."
"LeashFree-Webflow-Backup-2026-05-26/02-cms-csv-exports/LeashFree.ca - Dog Breeds - 687babbf5586e6eeb3b8dd39 (1).csv","cms-item","/dog-breeds/miniature-american-shepherd-2","/dog-breeds/miniature-american-shepherd-2/","Dog Breeds","miniature-american-shepherd-2","inferred","Generated from CMS slug; verify against live Webflow URLs."
"LeashFree-Webflow-Backup-2026-05-26/02-cms-csv-exports/LeashFree.ca - Dog Breeds - 687babbf5586e6eeb3b8dd39 (1).csv","cms-item","/dog-breeds/miniature-bull-terrier","/dog-breeds/miniature-bull-terrier/","Dog Breeds","miniature-bull-terrier","inferred","Generated from CMS slug; verify against live Webflow URLs."
"LeashFree-Webflow-Backup-2026-05-26/02-cms-csv-exports/LeashFree.ca - Dog Breeds - 687babbf5586e6eeb3b8dd39 (1).csv","cms-item","/dog-breeds/miniature-pinscher","/dog-breeds/miniature-pinscher/","Dog Breeds","miniature-pinscher","inferred","Generated from CMS slug; verify against live Webflow URLs."
"LeashFree-Webflow-Backup-2026-05-26/02-cms-csv-exports/LeashFree.ca - Dog Breeds - 687babbf5586e6eeb3b8dd39 (1).csv","cms-item","/dog-breeds/miniature-schnauzer","/dog-breeds/miniature-schnauzer/","Dog Breeds","miniature-schnauzer","inferred","Generated from CMS slug; verify against live Webflow URLs."
"LeashFree-Webflow-Backup-2026-05-26/02-cms-csv-exports/LeashFree.ca - Dog Breeds - 687babbf5586e6eeb3b8dd39 (1).csv","cms-item","/dog-breeds/morkie","/dog-breeds/morkie/","Dog Breeds","morkie","inferred","Generated from CMS slug; verify against live Webflow URLs."
"LeashFree-Webflow-Backup-2026-05-26/02-cms-csv-exports/LeashFree.ca - Dog Breeds - 687babbf5586e6eeb3b8dd39 (1).csv","cms-item","/dog-breeds/mountain-cur","/dog-breeds/mountain-cur/","Dog Breeds","mountain-cur","inferred","Generated from CMS slug; verify against live Webflow URLs."
"LeashFree-Webflow-Backup-2026-05-26/02-cms-csv-exports/LeashFree.ca - Dog Breeds - 687babbf5586e6eeb3b8dd39 (1).csv","cms-item","/dog-breeds/mudi","/dog-breeds/mudi/","Dog Breeds","mudi","inferred","Generated from CMS slug; verify against live Webflow URLs."
"LeashFree-Webflow-Backup-2026-05-26/02-cms-csv-exports/LeashFree.ca - Dog Breeds - 687babbf5586e6eeb3b8dd39 (1).csv","cms-item","/dog-breeds/neapolitan-mastiff","/dog-breeds/neapolitan-mastiff/","Dog Breeds","neapolitan-mastiff","inferred","Generated from CMS slug; verify against live Webflow URLs."
"LeashFree-Webflow-Backup-2026-05-26/02-cms-csv-exports/LeashFree.ca - Dog Breeds - 687babbf5586e6eeb3b8dd39 (1).csv","cms-item","/dog-breeds/nederlandse-kooikerhondje","/dog-breeds/nederlandse-kooikerhondje/","Dog Breeds","nederlandse-kooikerhondje","inferred","Generated from CMS slug; verify against live Webflow URLs."
"LeashFree-Webflow-Backup-2026-05-26/02-cms-csv-exports/LeashFree.ca - Dog Breeds - 687babbf5586e6eeb3b8dd39 (1).csv","cms-item","/dog-breeds/newfoundland","/dog-breeds/newfoundland/","Dog Breeds","newfoundland","inferred","Generated from CMS slug; verify against live Webflow URLs."
"LeashFree-Webflow-Backup-2026-05-26/02-cms-csv-exports/LeashFree.ca - Dog Breeds - 687babbf5586e6eeb3b8dd39 (1).csv","cms-item","/dog-breeds/newfypoo","/dog-breeds/newfypoo/","Dog Breeds","newfypoo","inferred","Generated from CMS slug; verify against live Webflow URLs."
"LeashFree-Webflow-Backup-2026-05-26/02-cms-csv-exports/LeashFree.ca - Dog Breeds - 687babbf5586e6eeb3b8dd39 (1).csv","cms-item","/dog-breeds/norfolk-terrier","/dog-breeds/norfolk-terrier/","Dog Breeds","norfolk-terrier","inferred","Generated from CMS slug; verify against live Webflow URLs."
"LeashFree-Webflow-Backup-2026-05-26/02-cms-csv-exports/LeashFree.ca - Dog Breeds - 687babbf5586e6eeb3b8dd39 (1).csv","cms-item","/dog-breeds/norrbottenspets","/dog-breeds/norrbottenspets/","Dog Breeds","norrbottenspets","inferred","Generated from CMS slug; verify against live Webflow URLs."
"LeashFree-Webflow-Backup-2026-05-26/02-cms-csv-exports/LeashFree.ca - Dog Breeds - 687babbf5586e6eeb3b8dd39 (1).csv","cms-item","/dog-breeds/northern-arctic-mix","/dog-breeds/northern-arctic-mix/","Dog Breeds","northern-arctic-mix","inferred","Generated from CMS slug; verify against live Webflow URLs."
"LeashFree-Webflow-Backup-2026-05-26/02-cms-csv-exports/LeashFree.ca - Dog Breeds - 687babbf5586e6eeb3b8dd39 (1).csv","cms-item","/dog-breeds/norwegian-buhund","/dog-breeds/norwegian-buhund/","Dog Breeds","norwegian-buhund","inferred","Generated from CMS slug; verify against live Webflow URLs."
"LeashFree-Webflow-Backup-2026-05-26/02-cms-csv-exports/LeashFree.ca - Dog Breeds - 687babbf5586e6eeb3b8dd39 (1).csv","cms-item","/dog-breeds/norwegian-elkhound","/dog-breeds/norwegian-elkhound/","Dog Breeds","norwegian-elkhound","inferred","Generated from CMS slug; verify against live Webflow URLs."
"LeashFree-Webflow-Backup-2026-05-26/02-cms-csv-exports/LeashFree.ca - Dog Breeds - 687babbf5586e6eeb3b8dd39 (1).csv","cms-item","/dog-breeds/norwegian-lundehund","/dog-breeds/norwegian-lundehund/","Dog Breeds","norwegian-lundehund","inferred","Generated from CMS slug; verify against live Webflow URLs."
"LeashFree-Webflow-Backup-2026-05-26/02-cms-csv-exports/LeashFree.ca - Dog Breeds - 687babbf5586e6eeb3b8dd39 (1).csv","cms-item","/dog-breeds/norwich-terrier","/dog-breeds/norwich-terrier/","Dog Breeds","norwich-terrier","inferred","Generated from CMS slug; verify against live Webflow URLs."
"LeashFree-Webflow-Backup-2026-05-26/02-cms-csv-exports/LeashFree.ca - Dog Breeds - 687babbf5586e6eeb3b8dd39 (1).csv","cms-item","/dog-breeds/nova-scotia-duck-tolling-retriever","/dog-breeds/nova-scotia-duck-tolling-retriever/","Dog Breeds","nova-scotia-duck-tolling-retriever","inferred","Generated from CMS slug; verify against live Webflow URLs."
"LeashFree-Webflow-Backup-2026-05-26/02-cms-csv-exports/LeashFree.ca - Dog Breeds - 687babbf5586e6eeb3b8dd39 (1).csv","cms-item","/dog-breeds/old-english-sheepdog","/dog-breeds/old-english-sheepdog/","Dog Breeds","old-english-sheepdog","inferred","Generated from CMS slug; verify against live Webflow URLs."
"LeashFree-Webflow-Backup-2026-05-26/02-cms-csv-exports/LeashFree.ca - Dog Breeds - 687babbf5586e6eeb3b8dd39 (1).csv","cms-item","/dog-breeds/otterhound","/dog-breeds/otterhound/","Dog Breeds","otterhound","inferred","Generated from CMS slug; verify against live Webflow URLs."
"LeashFree-Webflow-Backup-2026-05-26/02-cms-csv-exports/LeashFree.ca - Dog Breeds - 687babbf5586e6eeb3b8dd39 (1).csv","cms-item","/dog-breeds/papillon","/dog-breeds/papillon/","Dog Breeds","papillon","inferred","Generated from CMS slug; verify against live Webflow URLs."
"LeashFree-Webflow-Backup-2026-05-26/02-cms-csv-exports/LeashFree.ca - Dog Breeds - 687babbf5586e6eeb3b8dd39 (1).csv","cms-item","/dog-breeds/parson-russell-terrier","/dog-breeds/parson-russell-terrier/","Dog Breeds","parson-russell-terrier","inferred","Generated from CMS slug; verify against live Webflow URLs."
"LeashFree-Webflow-Backup-2026-05-26/02-cms-csv-exports/LeashFree.ca - Dog Breeds - 687babbf5586e6eeb3b8dd39 (1).csv","cms-item","/dog-breeds/pekingese","/dog-breeds/pekingese/","Dog Breeds","pekingese","inferred","Generated from CMS slug; verify against live Webflow URLs."
"LeashFree-Webflow-Backup-2026-05-26/02-cms-csv-exports/LeashFree.ca - Dog Breeds - 687babbf5586e6eeb3b8dd39 (1).csv","cms-item","/dog-breeds/pembroke-welsh-corgi","/dog-breeds/pembroke-welsh-corgi/","Dog Breeds","pembroke-welsh-corgi","inferred","Generated from CMS slug; verify against live Webflow URLs."
"LeashFree-Webflow-Backup-2026-05-26/02-cms-csv-exports/LeashFree.ca - Dog Breeds - 687babbf5586e6eeb3b8dd39 (1).csv","cms-item","/dog-breeds/perro-de-presa-canario","/dog-breeds/perro-de-presa-canario/","Dog Breeds","perro-de-presa-canario","inferred","Generated from CMS slug; verify against live Webflow URLs."
"LeashFree-Webflow-Backup-2026-05-26/02-cms-csv-exports/LeashFree.ca - Dog Breeds - 687babbf5586e6eeb3b8dd39 (1).csv","cms-item","/dog-breeds/peruvian-inca-orchid","/dog-breeds/peruvian-inca-orchid/","Dog Breeds","peruvian-inca-orchid","inferred","Generated from CMS slug; verify against live Webflow URLs."
"LeashFree-Webflow-Backup-2026-05-26/02-cms-csv-exports/LeashFree.ca - Dog Breeds - 687babbf5586e6eeb3b8dd39 (1).csv","cms-item","/dog-breeds/petit-basset-griffon-vendeen","/dog-breeds/petit-basset-griffon-vendeen/","Dog Breeds","petit-basset-griffon-vendeen","inferred","Generated from CMS slug; verify against live Webflow URLs."
"LeashFree-Webflow-Backup-2026-05-26/02-cms-csv-exports/LeashFree.ca - Dog Breeds - 687babbf5586e6eeb3b8dd39 (1).csv","cms-item","/dog-breeds/pharaoh-hound","/dog-breeds/pharaoh-hound/","Dog Breeds","pharaoh-hound","inferred","Generated from CMS slug; verify against live Webflow URLs."
"LeashFree-Webflow-Backup-2026-05-26/02-cms-csv-exports/LeashFree.ca - Dog Breeds - 687babbf5586e6eeb3b8dd39 (1).csv","cms-item","/dog-breeds/plott-hound","/dog-breeds/plott-hound/","Dog Breeds","plott-hound","inferred","Generated from CMS slug; verify against live Webflow URLs."
"LeashFree-Webflow-Backup-2026-05-26/02-cms-csv-exports/LeashFree.ca - Dog Breeds - 687babbf5586e6eeb3b8dd39 (1).csv","cms-item","/dog-breeds/pointer","/dog-breeds/pointer/","Dog Breeds","pointer","inferred","Generated from CMS slug; verify against live Webflow URLs."
"LeashFree-Webflow-Backup-2026-05-26/02-cms-csv-exports/LeashFree.ca - Dog Breeds - 687babbf5586e6eeb3b8dd39 (1).csv","cms-item","/dog-breeds/polish-lowland-sheepdog","/dog-breeds/polish-lowland-sheepdog/","Dog Breeds","polish-lowland-sheepdog","inferred","Generated from CMS slug; verify against live Webflow URLs."
"LeashFree-Webflow-Backup-2026-05-26/02-cms-csv-exports/LeashFree.ca - Dog Breeds - 687babbf5586e6eeb3b8dd39 (1).csv","cms-item","/dog-breeds/pomchi","/dog-breeds/pomchi/","Dog Breeds","pomchi","inferred","Generated from CMS slug; verify against live Webflow URLs."
"LeashFree-Webflow-Backup-2026-05-26/02-cms-csv-exports/LeashFree.ca - Dog Breeds - 687babbf5586e6eeb3b8dd39 (1).csv","cms-item","/dog-breeds/pomeranian","/dog-breeds/pomeranian/","Dog Breeds","pomeranian","inferred","Generated from CMS slug; verify against live Webflow URLs."
"LeashFree-Webflow-Backup-2026-05-26/02-cms-csv-exports/LeashFree.ca - Dog Breeds - 687babbf5586e6eeb3b8dd39 (1).csv","cms-item","/dog-breeds/poodle","/dog-breeds/poodle/","Dog Breeds","poodle","inferred","Generated from CMS slug; verify against live Webflow URLs."
"LeashFree-Webflow-Backup-2026-05-26/02-cms-csv-exports/LeashFree.ca - Dog Breeds - 687babbf5586e6eeb3b8dd39 (1).csv","cms-item","/dog-breeds/portuguese-podengo-pequeno","/dog-breeds/portuguese-podengo-pequeno/","Dog Breeds","portuguese-podengo-pequeno","inferred","Generated from CMS slug; verify against live Webflow URLs."
"LeashFree-Webflow-Backup-2026-05-26/02-cms-csv-exports/LeashFree.ca - Dog Breeds - 687babbf5586e6eeb3b8dd39 (1).csv","cms-item","/dog-breeds/portuguese-pointer","/dog-breeds/portuguese-pointer/","Dog Breeds","portuguese-pointer","inferred","Generated from CMS slug; verify against live Webflow URLs."
"LeashFree-Webflow-Backup-2026-05-26/02-cms-csv-exports/LeashFree.ca - Dog Breeds - 687babbf5586e6eeb3b8dd39 (1).csv","cms-item","/dog-breeds/portuguese-water-dog","/dog-breeds/portuguese-water-dog/","Dog Breeds","portuguese-water-dog","inferred","Generated from CMS slug; verify against live Webflow URLs."
"LeashFree-Webflow-Backup-2026-05-26/02-cms-csv-exports/LeashFree.ca - Dog Breeds - 687babbf5586e6eeb3b8dd39 (1).csv","cms-item","/dog-breeds/presa-canario","/dog-breeds/presa-canario/","Dog Breeds","presa-canario","inferred","Generated from CMS slug; verify against live Webflow URLs."
"LeashFree-Webflow-Backup-2026-05-26/02-cms-csv-exports/LeashFree.ca - Dog Breeds - 687babbf5586e6eeb3b8dd39 (1).csv","cms-item","/dog-breeds/pudelpointer","/dog-breeds/pudelpointer/","Dog Breeds","pudelpointer","inferred","Generated from CMS slug; verify against live Webflow URLs."
"LeashFree-Webflow-Backup-2026-05-26/02-cms-csv-exports/LeashFree.ca - Dog Breeds - 687babbf5586e6eeb3b8dd39 (1).csv","cms-item","/dog-breeds/puggle","/dog-breeds/puggle/","Dog Breeds","puggle","inferred","Generated from CMS slug; verify against live Webflow URLs."
"LeashFree-Webflow-Backup-2026-05-26/02-cms-csv-exports/LeashFree.ca - Dog Breeds - 687babbf5586e6eeb3b8dd39 (1).csv","cms-item","/dog-breeds/puli","/dog-breeds/puli/","Dog Breeds","puli","inferred","Generated from CMS slug; verify against live Webflow URLs."
"LeashFree-Webflow-Backup-2026-05-26/02-cms-csv-exports/LeashFree.ca - Dog Breeds - 687babbf5586e6eeb3b8dd39 (1).csv","cms-item","/dog-breeds/pumi","/dog-breeds/pumi/","Dog Breeds","pumi","inferred","Generated from CMS slug; verify against live Webflow URLs."
"LeashFree-Webflow-Backup-2026-05-26/02-cms-csv-exports/LeashFree.ca - Dog Breeds - 687babbf5586e6eeb3b8dd39 (1).csv","cms-item","/dog-breeds/pyrador","/dog-breeds/pyrador/","Dog Breeds","pyrador","inferred","Generated from CMS slug; verify against live Webflow URLs."
"LeashFree-Webflow-Backup-2026-05-26/02-cms-csv-exports/LeashFree.ca - Dog Breeds - 687babbf5586e6eeb3b8dd39 (1).csv","cms-item","/dog-breeds/pyredoodle","/dog-breeds/pyredoodle/","Dog Breeds","pyredoodle","inferred","Generated from CMS slug; verify against live Webflow URLs."
"LeashFree-Webflow-Backup-2026-05-26/02-cms-csv-exports/LeashFree.ca - Dog Breeds - 687babbf5586e6eeb3b8dd39 (1).csv","cms-item","/dog-breeds/pyrenean-mastiff","/dog-breeds/pyrenean-mastiff/","Dog Breeds","pyrenean-mastiff","inferred","Generated from CMS slug; verify against live Webflow URLs."
"LeashFree-Webflow-Backup-2026-05-26/02-cms-csv-exports/LeashFree.ca - Dog Breeds - 687babbf5586e6eeb3b8dd39 (1).csv","cms-item","/dog-breeds/pyrenean-shepherd","/dog-breeds/pyrenean-shepherd/","Dog Breeds","pyrenean-shepherd","inferred","Generated from CMS slug; verify against live Webflow URLs."
"LeashFree-Webflow-Backup-2026-05-26/02-cms-csv-exports/LeashFree.ca - Dog Breeds - 687babbf5586e6eeb3b8dd39 (1).csv","cms-item","/dog-breeds/rafeiro-do-alentejo","/dog-breeds/rafeiro-do-alentejo/","Dog Breeds","rafeiro-do-alentejo","inferred","Generated from CMS slug; verify against live Webflow URLs."
"LeashFree-Webflow-Backup-2026-05-26/02-cms-csv-exports/LeashFree.ca - Dog Breeds - 687babbf5586e6eeb3b8dd39 (1).csv","cms-item","/dog-breeds/rat-terrier","/dog-breeds/rat-terrier/","Dog Breeds","rat-terrier","inferred","Generated from CMS slug; verify against live Webflow URLs."
"LeashFree-Webflow-Backup-2026-05-26/02-cms-csv-exports/LeashFree.ca - Dog Breeds - 687babbf5586e6eeb3b8dd39 (1).csv","cms-item","/dog-breeds/redbone-coonhound","/dog-breeds/redbone-coonhound/","Dog Breeds","redbone-coonhound","inferred","Generated from CMS slug; verify against live Webflow URLs."
"LeashFree-Webflow-Backup-2026-05-26/02-cms-csv-exports/LeashFree.ca - Dog Breeds - 687babbf5586e6eeb3b8dd39 (1).csv","cms-item","/dog-breeds/rhodesian-ridgeback","/dog-breeds/rhodesian-ridgeback/","Dog Breeds","rhodesian-ridgeback","inferred","Generated from CMS slug; verify against live Webflow URLs."
"LeashFree-Webflow-Backup-2026-05-26/02-cms-csv-exports/LeashFree.ca - Dog Breeds - 687babbf5586e6eeb3b8dd39 (1).csv","cms-item","/dog-breeds/rottweiler","/dog-breeds/rottweiler/","Dog Breeds","rottweiler","inferred","Generated from CMS slug; verify against live Webflow URLs."
"LeashFree-Webflow-Backup-2026-05-26/02-cms-csv-exports/LeashFree.ca - Dog Breeds - 687babbf5586e6eeb3b8dd39 (1).csv","cms-item","/dog-breeds/russian-toy","/dog-breeds/russian-toy/","Dog Breeds","russian-toy","inferred","Generated from CMS slug; verify against live Webflow URLs."
"LeashFree-Webflow-Backup-2026-05-26/02-cms-csv-exports/LeashFree.ca - Dog Breeds - 687babbf5586e6eeb3b8dd39 (1).csv","cms-item","/dog-breeds/russian-tsvetnaya-bolonka","/dog-breeds/russian-tsvetnaya-bolonka/","Dog Breeds","russian-tsvetnaya-bolonka","inferred","Generated from CMS slug; verify against live Webflow URLs."
"LeashFree-Webflow-Backup-2026-05-26/02-cms-csv-exports/LeashFree.ca - Dog Breeds - 687babbf5586e6eeb3b8dd39 (1).csv","cms-item","/dog-breeds/saint-berdoodle","/dog-breeds/saint-berdoodle/","Dog Breeds","saint-berdoodle","inferred","Generated from CMS slug; verify against live Webflow URLs."
"LeashFree-Webflow-Backup-2026-05-26/02-cms-csv-exports/LeashFree.ca - Dog Breeds - 687babbf5586e6eeb3b8dd39 (1).csv","cms-item","/dog-breeds/saint-bernard","/dog-breeds/saint-bernard/","Dog Breeds","saint-bernard","inferred","Generated from CMS slug; verify against live Webflow URLs."
"LeashFree-Webflow-Backup-2026-05-26/02-cms-csv-exports/LeashFree.ca - Dog Breeds - 687babbf5586e6eeb3b8dd39 (1).csv","cms-item","/dog-breeds/saluki","/dog-breeds/saluki/","Dog Breeds","saluki","inferred","Generated from CMS slug; verify against live Webflow URLs."
"LeashFree-Webflow-Backup-2026-05-26/02-cms-csv-exports/LeashFree.ca - Dog Breeds - 687babbf5586e6eeb3b8dd39 (1).csv","cms-item","/dog-breeds/samoyed","/dog-breeds/samoyed/","Dog Breeds","samoyed","inferred","Generated from CMS slug; verify against live Webflow URLs."
"LeashFree-Webflow-Backup-2026-05-26/02-cms-csv-exports/LeashFree.ca - Dog Breeds - 687babbf5586e6eeb3b8dd39 (1).csv","cms-item","/dog-breeds/sarplaninac","/dog-breeds/sarplaninac/","Dog Breeds","sarplaninac","inferred","Generated from CMS slug; verify against live Webflow URLs."
"LeashFree-Webflow-Backup-2026-05-26/02-cms-csv-exports/LeashFree.ca - Dog Breeds - 687babbf5586e6eeb3b8dd39 (1).csv","cms-item","/dog-breeds/schapendoes","/dog-breeds/schapendoes/","Dog Breeds","schapendoes","inferred","Generated from CMS slug; verify against live Webflow URLs."
"LeashFree-Webflow-Backup-2026-05-26/02-cms-csv-exports/LeashFree.ca - Dog Breeds - 687babbf5586e6eeb3b8dd39 (1).csv","cms-item","/dog-breeds/schipperke","/dog-breeds/schipperke/","Dog Breeds","schipperke","inferred","Generated from CMS slug; verify against live Webflow URLs."
"LeashFree-Webflow-Backup-2026-05-26/02-cms-csv-exports/LeashFree.ca - Dog Breeds - 687babbf5586e6eeb3b8dd39 (1).csv","cms-item","/dog-breeds/schnoodle","/dog-breeds/schnoodle/","Dog Breeds","schnoodle","inferred","Generated from CMS slug; verify against live Webflow URLs."
"LeashFree-Webflow-Backup-2026-05-26/02-cms-csv-exports/LeashFree.ca - Dog Breeds - 687babbf5586e6eeb3b8dd39 (1).csv","cms-item","/dog-breeds/scottish-deerhound","/dog-breeds/scottish-deerhound/","Dog Breeds","scottish-deerhound","inferred","Generated from CMS slug; verify against live Webflow URLs."
"LeashFree-Webflow-Backup-2026-05-26/02-cms-csv-exports/LeashFree.ca - Dog Breeds - 687babbf5586e6eeb3b8dd39 (1).csv","cms-item","/dog-breeds/scottish-terrier","/dog-breeds/scottish-terrier/","Dog Breeds","scottish-terrier","inferred","Generated from CMS slug; verify against live Webflow URLs."
"LeashFree-Webflow-Backup-2026-05-26/02-cms-csv-exports/LeashFree.ca - Dog Breeds - 687babbf5586e6eeb3b8dd39 (1).csv","cms-item","/dog-breeds/sealyham-terrier","/dog-breeds/sealyham-terrier/","Dog Breeds","sealyham-terrier","inferred","Generated from CMS slug; verify against live Webflow URLs."
"LeashFree-Webflow-Backup-2026-05-26/02-cms-csv-exports/LeashFree.ca - Dog Breeds - 687babbf5586e6eeb3b8dd39 (1).csv","cms-item","/dog-breeds/segugio-italiano","/dog-breeds/segugio-italiano/","Dog Breeds","segugio-italiano","inferred","Generated from CMS slug; verify against live Webflow URLs."
"LeashFree-Webflow-Backup-2026-05-26/02-cms-csv-exports/LeashFree.ca - Dog Breeds - 687babbf5586e6eeb3b8dd39 (1).csv","cms-item","/dog-breeds/sheepadoodle","/dog-breeds/sheepadoodle/","Dog Breeds","sheepadoodle","inferred","Generated from CMS slug; verify against live Webflow URLs."
"LeashFree-Webflow-Backup-2026-05-26/02-cms-csv-exports/LeashFree.ca - Dog Breeds - 687babbf5586e6eeb3b8dd39 (1).csv","cms-item","/dog-breeds/sheprador","/dog-breeds/sheprador/","Dog Breeds","sheprador","inferred","Generated from CMS slug; verify against live Webflow URLs."
"LeashFree-Webflow-Backup-2026-05-26/02-cms-csv-exports/LeashFree.ca - Dog Breeds - 687babbf5586e6eeb3b8dd39 (1).csv","cms-item","/dog-breeds/shetland-sheepdog","/dog-breeds/shetland-sheepdog/","Dog Breeds","shetland-sheepdog","inferred","Generated from CMS slug; verify against live Webflow URLs."
"LeashFree-Webflow-Backup-2026-05-26/02-cms-csv-exports/LeashFree.ca - Dog Breeds - 687babbf5586e6eeb3b8dd39 (1).csv","cms-item","/dog-breeds/shiba-inu","/dog-breeds/shiba-inu/","Dog Breeds","shiba-inu","inferred","Generated from CMS slug; verify against live Webflow URLs."
"LeashFree-Webflow-Backup-2026-05-26/02-cms-csv-exports/LeashFree.ca - Dog Breeds - 687babbf5586e6eeb3b8dd39 (1).csv","cms-item","/dog-breeds/shih-tzu","/dog-breeds/shih-tzu/","Dog Breeds","shih-tzu","inferred","Generated from CMS slug; verify against live Webflow URLs."
"LeashFree-Webflow-Backup-2026-05-26/02-cms-csv-exports/LeashFree.ca - Dog Breeds - 687babbf5586e6eeb3b8dd39 (1).csv","cms-item","/dog-breeds/shih-poo","/dog-breeds/shih-poo/","Dog Breeds","shih-poo","inferred","Generated from CMS slug; verify against live Webflow URLs."
"LeashFree-Webflow-Backup-2026-05-26/02-cms-csv-exports/LeashFree.ca - Dog Breeds - 687babbf5586e6eeb3b8dd39 (1).csv","cms-item","/dog-breeds/shikoku","/dog-breeds/shikoku/","Dog Breeds","shikoku","inferred","Generated from CMS slug; verify against live Webflow URLs."
"LeashFree-Webflow-Backup-2026-05-26/02-cms-csv-exports/LeashFree.ca - Dog Breeds - 687babbf5586e6eeb3b8dd39 (1).csv","cms-item","/dog-breeds/siberian-husky","/dog-breeds/siberian-husky/","Dog Breeds","siberian-husky","inferred","Generated from CMS slug; verify against live Webflow URLs."
"LeashFree-Webflow-Backup-2026-05-26/02-cms-csv-exports/LeashFree.ca - Dog Breeds - 687babbf5586e6eeb3b8dd39 (1).csv","cms-item","/dog-breeds/silky-terrier","/dog-breeds/silky-terrier/","Dog Breeds","silky-terrier","inferred","Generated from CMS slug; verify against live Webflow URLs."
"LeashFree-Webflow-Backup-2026-05-26/02-cms-csv-exports/LeashFree.ca - Dog Breeds - 687babbf5586e6eeb3b8dd39 (1).csv","cms-item","/dog-breeds/skye-terrier","/dog-breeds/skye-terrier/","Dog Breeds","skye-terrier","inferred","Generated from CMS slug; verify against live Webflow URLs."
"LeashFree-Webflow-Backup-2026-05-26/02-cms-csv-exports/LeashFree.ca - Dog Breeds - 687babbf5586e6eeb3b8dd39 (1).csv","cms-item","/dog-breeds/sloughi","/dog-breeds/sloughi/","Dog Breeds","sloughi","inferred","Generated from CMS slug; verify against live Webflow URLs."
"LeashFree-Webflow-Backup-2026-05-26/02-cms-csv-exports/LeashFree.ca - Dog Breeds - 687babbf5586e6eeb3b8dd39 (1).csv","cms-item","/dog-breeds/slovakian-wirehaired-pointer","/dog-breeds/slovakian-wirehaired-pointer/","Dog Breeds","slovakian-wirehaired-pointer","inferred","Generated from CMS slug; verify against live Webflow URLs."
"LeashFree-Webflow-Backup-2026-05-26/02-cms-csv-exports/LeashFree.ca - Dog Breeds - 687babbf5586e6eeb3b8dd39 (1).csv","cms-item","/dog-breeds/slovensky-cuvac","/dog-breeds/slovensky-cuvac/","Dog Breeds","slovensky-cuvac","inferred","Generated from CMS slug; verify against live Webflow URLs."
"LeashFree-Webflow-Backup-2026-05-26/02-cms-csv-exports/LeashFree.ca - Dog Breeds - 687babbf5586e6eeb3b8dd39 (1).csv","cms-item","/dog-breeds/slovensky-kopov","/dog-breeds/slovensky-kopov/","Dog Breeds","slovensky-kopov","inferred","Generated from CMS slug; verify against live Webflow URLs."
"LeashFree-Webflow-Backup-2026-05-26/02-cms-csv-exports/LeashFree.ca - Dog Breeds - 687babbf5586e6eeb3b8dd39 (1).csv","cms-item","/dog-breeds/small-munsterlander-pointer","/dog-breeds/small-munsterlander-pointer/","Dog Breeds","small-munsterlander-pointer","inferred","Generated from CMS slug; verify against live Webflow URLs."
"LeashFree-Webflow-Backup-2026-05-26/02-cms-csv-exports/LeashFree.ca - Dog Breeds - 687babbf5586e6eeb3b8dd39 (1).csv","cms-item","/dog-breeds/smooth-fox-terrier","/dog-breeds/smooth-fox-terrier/","Dog Breeds","smooth-fox-terrier","inferred","Generated from CMS slug; verify against live Webflow URLs."
"LeashFree-Webflow-Backup-2026-05-26/02-cms-csv-exports/LeashFree.ca - Dog Breeds - 687babbf5586e6eeb3b8dd39 (1).csv","cms-item","/dog-breeds/soft-coated-wheaten-terrier","/dog-breeds/soft-coated-wheaten-terrier/","Dog Breeds","soft-coated-wheaten-terrier","inferred","Generated from CMS slug; verify against live Webflow URLs."
"LeashFree-Webflow-Backup-2026-05-26/02-cms-csv-exports/LeashFree.ca - Dog Breeds - 687babbf5586e6eeb3b8dd39 (1).csv","cms-item","/dog-breeds/spanish-mastiff","/dog-breeds/spanish-mastiff/","Dog Breeds","spanish-mastiff","inferred","Generated from CMS slug; verify against live Webflow URLs."
"LeashFree-Webflow-Backup-2026-05-26/02-cms-csv-exports/LeashFree.ca - Dog Breeds - 687babbf5586e6eeb3b8dd39 (1).csv","cms-item","/dog-breeds/spanish-water-dog","/dog-breeds/spanish-water-dog/","Dog Breeds","spanish-water-dog","inferred","Generated from CMS slug; verify against live Webflow URLs."
"LeashFree-Webflow-Backup-2026-05-26/02-cms-csv-exports/LeashFree.ca - Dog Breeds - 687babbf5586e6eeb3b8dd39 (1).csv","cms-item","/dog-breeds/spinone-italiano","/dog-breeds/spinone-italiano/","Dog Breeds","spinone-italiano","inferred","Generated from CMS slug; verify against live Webflow URLs."
"LeashFree-Webflow-Backup-2026-05-26/02-cms-csv-exports/LeashFree.ca - Dog Breeds - 687babbf5586e6eeb3b8dd39 (1).csv","cms-item","/dog-breeds/stabyhoun","/dog-breeds/stabyhoun/","Dog Breeds","stabyhoun","inferred","Generated from CMS slug; verify against live Webflow URLs."
"LeashFree-Webflow-Backup-2026-05-26/02-cms-csv-exports/LeashFree.ca - Dog Breeds - 687babbf5586e6eeb3b8dd39 (1).csv","cms-item","/dog-breeds/staffordshire-bull-terrier","/dog-breeds/staffordshire-bull-terrier/","Dog Breeds","staffordshire-bull-terrier","inferred","Generated from CMS slug; verify against live Webflow URLs."
"LeashFree-Webflow-Backup-2026-05-26/02-cms-csv-exports/LeashFree.ca - Dog Breeds - 687babbf5586e6eeb3b8dd39 (1).csv","cms-item","/dog-breeds/standard-schnauzer","/dog-breeds/standard-schnauzer/","Dog Breeds","standard-schnauzer","inferred","Generated from CMS slug; verify against live Webflow URLs."
"LeashFree-Webflow-Backup-2026-05-26/02-cms-csv-exports/LeashFree.ca - Dog Breeds - 687babbf5586e6eeb3b8dd39 (1).csv","cms-item","/dog-breeds/sussex-spaniel","/dog-breeds/sussex-spaniel/","Dog Breeds","sussex-spaniel","inferred","Generated from CMS slug; verify against live Webflow URLs."
"LeashFree-Webflow-Backup-2026-05-26/02-cms-csv-exports/LeashFree.ca - Dog Breeds - 687babbf5586e6eeb3b8dd39 (1).csv","cms-item","/dog-breeds/swedish-lapphund","/dog-breeds/swedish-lapphund/","Dog Breeds","swedish-lapphund","inferred","Generated from CMS slug; verify against live Webflow URLs."
"LeashFree-Webflow-Backup-2026-05-26/02-cms-csv-exports/LeashFree.ca - Dog Breeds - 687babbf5586e6eeb3b8dd39 (1).csv","cms-item","/dog-breeds/swedish-vallhund","/dog-breeds/swedish-vallhund/","Dog Breeds","swedish-vallhund","inferred","Generated from CMS slug; verify against live Webflow URLs."
"LeashFree-Webflow-Backup-2026-05-26/02-cms-csv-exports/LeashFree.ca - Dog Breeds - 687babbf5586e6eeb3b8dd39 (1).csv","cms-item","/dog-breeds/taiwan-dog","/dog-breeds/taiwan-dog/","Dog Breeds","taiwan-dog","inferred","Generated from CMS slug; verify against live Webflow URLs."
"LeashFree-Webflow-Backup-2026-05-26/02-cms-csv-exports/LeashFree.ca - Dog Breeds - 687babbf5586e6eeb3b8dd39 (1).csv","cms-item","/dog-breeds/teddy-roosevelt-terrier","/dog-breeds/teddy-roosevelt-terrier/","Dog Breeds","teddy-roosevelt-terrier","inferred","Generated from CMS slug; verify against live Webflow URLs."
"LeashFree-Webflow-Backup-2026-05-26/02-cms-csv-exports/LeashFree.ca - Dog Breeds - 687babbf5586e6eeb3b8dd39 (1).csv","cms-item","/dog-breeds/thai-ridgeback","/dog-breeds/thai-ridgeback/","Dog Breeds","thai-ridgeback","inferred","Generated from CMS slug; verify against live Webflow URLs."
"LeashFree-Webflow-Backup-2026-05-26/02-cms-csv-exports/LeashFree.ca - Dog Breeds - 687babbf5586e6eeb3b8dd39 (1).csv","cms-item","/dog-breeds/tibetan-mastiff","/dog-breeds/tibetan-mastiff/","Dog Breeds","tibetan-mastiff","inferred","Generated from CMS slug; verify against live Webflow URLs."
"LeashFree-Webflow-Backup-2026-05-26/02-cms-csv-exports/LeashFree.ca - Dog Breeds - 687babbf5586e6eeb3b8dd39 (1).csv","cms-item","/dog-breeds/tibetan-spaniel","/dog-breeds/tibetan-spaniel/","Dog Breeds","tibetan-spaniel","inferred","Generated from CMS slug; verify against live Webflow URLs."
"LeashFree-Webflow-Backup-2026-05-26/02-cms-csv-exports/LeashFree.ca - Dog Breeds - 687babbf5586e6eeb3b8dd39 (1).csv","cms-item","/dog-breeds/tibetan-terrier","/dog-breeds/tibetan-terrier/","Dog Breeds","tibetan-terrier","inferred","Generated from CMS slug; verify against live Webflow URLs."
"LeashFree-Webflow-Backup-2026-05-26/02-cms-csv-exports/LeashFree.ca - Dog Breeds - 687babbf5586e6eeb3b8dd39 (1).csv","cms-item","/dog-breeds/tornjak","/dog-breeds/tornjak/","Dog Breeds","tornjak","inferred","Generated from CMS slug; verify against live Webflow URLs."
"LeashFree-Webflow-Backup-2026-05-26/02-cms-csv-exports/LeashFree.ca - Dog Breeds - 687babbf5586e6eeb3b8dd39 (1).csv","cms-item","/dog-breeds/tosa","/dog-breeds/tosa/","Dog Breeds","tosa","inferred","Generated from CMS slug; verify against live Webflow URLs."
"LeashFree-Webflow-Backup-2026-05-26/02-cms-csv-exports/LeashFree.ca - Dog Breeds - 687babbf5586e6eeb3b8dd39 (1).csv","cms-item","/dog-breeds/toy-fox-terrier","/dog-breeds/toy-fox-terrier/","Dog Breeds","toy-fox-terrier","inferred","Generated from CMS slug; verify against live Webflow URLs."
"LeashFree-Webflow-Backup-2026-05-26/02-cms-csv-exports/LeashFree.ca - Dog Breeds - 687babbf5586e6eeb3b8dd39 (1).csv","cms-item","/dog-breeds/transylvanian-hound","/dog-breeds/transylvanian-hound/","Dog Breeds","transylvanian-hound","inferred","Generated from CMS slug; verify against live Webflow URLs."
"LeashFree-Webflow-Backup-2026-05-26/02-cms-csv-exports/LeashFree.ca - Dog Breeds - 687babbf5586e6eeb3b8dd39 (1).csv","cms-item","/dog-breeds/treeing-tennessee-brindle","/dog-breeds/treeing-tennessee-brindle/","Dog Breeds","treeing-tennessee-brindle","inferred","Generated from CMS slug; verify against live Webflow URLs."
"LeashFree-Webflow-Backup-2026-05-26/02-cms-csv-exports/LeashFree.ca - Dog Breeds - 687babbf5586e6eeb3b8dd39 (1).csv","cms-item","/dog-breeds/treeing-walker-coonhound","/dog-breeds/treeing-walker-coonhound/","Dog Breeds","treeing-walker-coonhound","inferred","Generated from CMS slug; verify against live Webflow URLs."
"LeashFree-Webflow-Backup-2026-05-26/02-cms-csv-exports/LeashFree.ca - Dog Breeds - 687babbf5586e6eeb3b8dd39 (1).csv","cms-item","/dog-breeds/vizsla","/dog-breeds/vizsla/","Dog Breeds","vizsla","inferred","Generated from CMS slug; verify against live Webflow URLs."
"LeashFree-Webflow-Backup-2026-05-26/02-cms-csv-exports/LeashFree.ca - Dog Breeds - 687babbf5586e6eeb3b8dd39 (1).csv","cms-item","/dog-breeds/volpino-italiano","/dog-breeds/volpino-italiano/","Dog Breeds","volpino-italiano","inferred","Generated from CMS slug; verify against live Webflow URLs."
"LeashFree-Webflow-Backup-2026-05-26/02-cms-csv-exports/LeashFree.ca - Dog Breeds - 687babbf5586e6eeb3b8dd39 (1).csv","cms-item","/dog-breeds/weimaraner","/dog-breeds/weimaraner/","Dog Breeds","weimaraner","inferred","Generated from CMS slug; verify against live Webflow URLs."
"LeashFree-Webflow-Backup-2026-05-26/02-cms-csv-exports/LeashFree.ca - Dog Breeds - 687babbf5586e6eeb3b8dd39 (1).csv","cms-item","/dog-breeds/welsh-springer-spaniel","/dog-breeds/welsh-springer-spaniel/","Dog Breeds","welsh-springer-spaniel","inferred","Generated from CMS slug; verify against live Webflow URLs."
"LeashFree-Webflow-Backup-2026-05-26/02-cms-csv-exports/LeashFree.ca - Dog Breeds - 687babbf5586e6eeb3b8dd39 (1).csv","cms-item","/dog-breeds/welsh-terrier","/dog-breeds/welsh-terrier/","Dog Breeds","welsh-terrier","inferred","Generated from CMS slug; verify against live Webflow URLs."
"LeashFree-Webflow-Backup-2026-05-26/02-cms-csv-exports/LeashFree.ca - Dog Breeds - 687babbf5586e6eeb3b8dd39 (1).csv","cms-item","/dog-breeds/west-highland-white-terrier","/dog-breeds/west-highland-white-terrier/","Dog Breeds","west-highland-white-terrier","inferred","Generated from CMS slug; verify against live Webflow URLs."
"LeashFree-Webflow-Backup-2026-05-26/02-cms-csv-exports/LeashFree.ca - Dog Breeds - 687babbf5586e6eeb3b8dd39 (1).csv","cms-item","/dog-breeds/whippet","/dog-breeds/whippet/","Dog Breeds","whippet","inferred","Generated from CMS slug; verify against live Webflow URLs."
"LeashFree-Webflow-Backup-2026-05-26/02-cms-csv-exports/LeashFree.ca - Dog Breeds - 687babbf5586e6eeb3b8dd39 (1).csv","cms-item","/dog-breeds/white-shepherd","/dog-breeds/white-shepherd/","Dog Breeds","white-shepherd","inferred","Generated from CMS slug; verify against live Webflow URLs."
"LeashFree-Webflow-Backup-2026-05-26/02-cms-csv-exports/LeashFree.ca - Dog Breeds - 687babbf5586e6eeb3b8dd39 (1).csv","cms-item","/dog-breeds/whoodle","/dog-breeds/whoodle/","Dog Breeds","whoodle","inferred","Generated from CMS slug; verify against live Webflow URLs."
"LeashFree-Webflow-Backup-2026-05-26/02-cms-csv-exports/LeashFree.ca - Dog Breeds - 687babbf5586e6eeb3b8dd39 (1).csv","cms-item","/dog-breeds/wire-fox-terrier","/dog-breeds/wire-fox-terrier/","Dog Breeds","wire-fox-terrier","inferred","Generated from CMS slug; verify against live Webflow URLs."
"LeashFree-Webflow-Backup-2026-05-26/02-cms-csv-exports/LeashFree.ca - Dog Breeds - 687babbf5586e6eeb3b8dd39 (1).csv","cms-item","/dog-breeds/wirehaired-pointing-griffon","/dog-breeds/wirehaired-pointing-griffon/","Dog Breeds","wirehaired-pointing-griffon","inferred","Generated from CMS slug; verify against live Webflow URLs."
"LeashFree-Webflow-Backup-2026-05-26/02-cms-csv-exports/LeashFree.ca - Dog Breeds - 687babbf5586e6eeb3b8dd39 (1).csv","cms-item","/dog-breeds/wirehaired-vizsla","/dog-breeds/wirehaired-vizsla/","Dog Breeds","wirehaired-vizsla","inferred","Generated from CMS slug; verify against live Webflow URLs."
"LeashFree-Webflow-Backup-2026-05-26/02-cms-csv-exports/LeashFree.ca - Dog Breeds - 687babbf5586e6eeb3b8dd39 (1).csv","cms-item","/dog-breeds/working-kelpie","/dog-breeds/working-kelpie/","Dog Breeds","working-kelpie","inferred","Generated from CMS slug; verify against live Webflow URLs."
"LeashFree-Webflow-Backup-2026-05-26/02-cms-csv-exports/LeashFree.ca - Dog Breeds - 687babbf5586e6eeb3b8dd39 (1).csv","cms-item","/dog-breeds/xoloitzcuintli","/dog-breeds/xoloitzcuintli/","Dog Breeds","xoloitzcuintli","inferred","Generated from CMS slug; verify against live Webflow URLs."
"LeashFree-Webflow-Backup-2026-05-26/02-cms-csv-exports/LeashFree.ca - Dog Breeds - 687babbf5586e6eeb3b8dd39 (1).csv","cms-item","/dog-breeds/yakutian-laika","/dog-breeds/yakutian-laika/","Dog Breeds","yakutian-laika","inferred","Generated from CMS slug; verify against live Webflow URLs."
"LeashFree-Webflow-Backup-2026-05-26/02-cms-csv-exports/LeashFree.ca - Dog Breeds - 687babbf5586e6eeb3b8dd39 (1).csv","cms-item","/dog-breeds/yorkipoo","/dog-breeds/yorkipoo/","Dog Breeds","yorkipoo","inferred","Generated from CMS slug; verify against live Webflow URLs."
"LeashFree-Webflow-Backup-2026-05-26/02-cms-csv-exports/LeashFree.ca - Dog Breeds - 687babbf5586e6eeb3b8dd39 (1).csv","cms-item","/dog-breeds/yorkshire-terrier","/dog-breeds/yorkshire-terrier/","Dog Breeds","yorkshire-terrier","inferred","Generated from CMS slug; verify against live Webflow URLs."
"LeashFree-Webflow-Backup-2026-05-26/02-cms-csv-exports/LeashFree.ca - Dog Breeds - 687babbf5586e6eeb3b8dd39 (1).csv","cms-item","/dog-breeds/zuchon-teddy-bear","/dog-breeds/zuchon-teddy-bear/","Dog Breeds","zuchon-teddy-bear","inferred","Generated from CMS slug; verify against live Webflow URLs."
"LeashFree-Webflow-Backup-2026-05-26/02-cms-csv-exports/LeashFree.ca - Dog Parks - 683758b0a3f8a696dfc417b0.csv","cms-item","/dog-parks/adams-park-cornwall","/dog-parks/adams-park-cornwall/","Dog Parks","adams-park-cornwall","inferred","Generated from CMS slug; verify against live Webflow URLs."
"LeashFree-Webflow-Backup-2026-05-26/02-cms-csv-exports/LeashFree.ca - Dog Parks - 683758b0a3f8a696dfc417b0.csv","cms-item","/dog-parks/aitken-place-park","/dog-parks/aitken-place-park/","Dog Parks","aitken-place-park","inferred","Generated from CMS slug; verify against live Webflow URLs."
"LeashFree-Webflow-Backup-2026-05-26/02-cms-csv-exports/LeashFree.ca - Dog Parks - 683758b0a3f8a696dfc417b0.csv","cms-item","/dog-parks/ajax-waterfront-park","/dog-parks/ajax-waterfront-park/","Dog Parks","ajax-waterfront-park","inferred","Generated from CMS slug; verify against live Webflow URLs."
"LeashFree-Webflow-Backup-2026-05-26/02-cms-csv-exports/LeashFree.ca - Dog Parks - 683758b0a3f8a696dfc417b0.csv","cms-item","/dog-parks/albert-park-radisson-heights-off-leash-area","/dog-parks/albert-park-radisson-heights-off-leash-area/","Dog Parks","albert-park-radisson-heights-off-leash-area","inferred","Generated from CMS slug; verify against live Webflow URLs."
"LeashFree-Webflow-Backup-2026-05-26/02-cms-csv-exports/LeashFree.ca - Dog Parks - 683758b0a3f8a696dfc417b0.csv","cms-item","/dog-parks/albion-fairgrounds-maple-ridge","/dog-parks/albion-fairgrounds-maple-ridge/","Dog Parks","albion-fairgrounds-maple-ridge","inferred","Generated from CMS slug; verify against live Webflow URLs."
"LeashFree-Webflow-Backup-2026-05-26/02-cms-csv-exports/LeashFree.ca - Dog Parks - 683758b0a3f8a696dfc417b0.csv","cms-item","/dog-parks/alexander-park-victoria","/dog-parks/alexander-park-victoria/","Dog Parks","alexander-park-victoria","inferred","Generated from CMS slug; verify against live Webflow URLs."
"LeashFree-Webflow-Backup-2026-05-26/02-cms-csv-exports/LeashFree.ca - Dog Parks - 683758b0a3f8a696dfc417b0.csv","cms-item","/dog-parks/alguire-park-cornwall","/dog-parks/alguire-park-cornwall/","Dog Parks","alguire-park-cornwall","inferred","Generated from CMS slug; verify against live Webflow URLs."
"LeashFree-Webflow-Backup-2026-05-26/02-cms-csv-exports/LeashFree.ca - Dog Parks - 683758b0a3f8a696dfc417b0.csv","cms-item","/dog-parks/allan-gardens","/dog-parks/allan-gardens/","Dog Parks","allan-gardens","inferred","Generated from CMS slug; verify against live Webflow URLs."
"LeashFree-Webflow-Backup-2026-05-26/02-cms-csv-exports/LeashFree.ca - Dog Parks - 683758b0a3f8a696dfc417b0.csv","cms-item","/dog-parks/andy-livingstone-dog-park","/dog-parks/andy-livingstone-dog-park/","Dog Parks","andy-livingstone-dog-park","inferred","Generated from CMS slug; verify against live Webflow URLs."
"LeashFree-Webflow-Backup-2026-05-26/02-cms-csv-exports/LeashFree.ca - Dog Parks - 683758b0a3f8a696dfc417b0.csv","cms-item","/dog-parks/balaclava-dog-park","/dog-parks/balaclava-dog-park/","Dog Parks","balaclava-dog-park","inferred","Generated from CMS slug; verify against live Webflow URLs."
"LeashFree-Webflow-Backup-2026-05-26/02-cms-csv-exports/LeashFree.ca - Dog Parks - 683758b0a3f8a696dfc417b0.csv","cms-item","/dog-parks/antigonish-dog-park","/dog-parks/antigonish-dog-park/","Dog Parks","antigonish-dog-park","inferred","Generated from CMS slug; verify against live Webflow URLs."
"LeashFree-Webflow-Backup-2026-05-26/02-cms-csv-exports/LeashFree.ca - Dog Parks - 683758b0a3f8a696dfc417b0.csv","cms-item","/dog-parks/apollo-crater-park","/dog-parks/apollo-crater-park/","Dog Parks","apollo-crater-park","inferred","Generated from CMS slug; verify against live Webflow URLs."
"LeashFree-Webflow-Backup-2026-05-26/02-cms-csv-exports/LeashFree.ca - Dog Parks - 683758b0a3f8a696dfc417b0.csv","cms-item","/dog-parks/ardmore-park-service-dog-park","/dog-parks/ardmore-park-service-dog-park/","Dog Parks","ardmore-park-service-dog-park","inferred","Generated from CMS slug; verify against live Webflow URLs."
"LeashFree-Webflow-Backup-2026-05-26/02-cms-csv-exports/LeashFree.ca - Dog Parks - 683758b0a3f8a696dfc417b0.csv","cms-item","/dog-parks/auburn-bay-off-leash-area","/dog-parks/auburn-bay-off-leash-area/","Dog Parks","auburn-bay-off-leash-area","inferred","Generated from CMS slug; verify against live Webflow URLs."
"LeashFree-Webflow-Backup-2026-05-26/02-cms-csv-exports/LeashFree.ca - Dog Parks - 683758b0a3f8a696dfc417b0.csv","cms-item","/dog-parks/audley-recreation-centre","/dog-parks/audley-recreation-centre/","Dog Parks","audley-recreation-centre","inferred","Generated from CMS slug; verify against live Webflow URLs."
"LeashFree-Webflow-Backup-2026-05-26/02-cms-csv-exports/LeashFree.ca - Dog Parks - 683758b0a3f8a696dfc417b0.csv","cms-item","/dog-parks/avalon-dog-park","/dog-parks/avalon-dog-park/","Dog Parks","avalon-dog-park","inferred","Generated from CMS slug; verify against live Webflow URLs."
"LeashFree-Webflow-Backup-2026-05-26/02-cms-csv-exports/LeashFree.ca - Dog Parks - 683758b0a3f8a696dfc417b0.csv","cms-item","/dog-parks/awenda-pet-beach-area","/dog-parks/awenda-pet-beach-area/","Dog Parks","awenda-pet-beach-area","inferred","Generated from CMS slug; verify against live Webflow URLs."
"LeashFree-Webflow-Backup-2026-05-26/02-cms-csv-exports/LeashFree.ca - Dog Parks - 683758b0a3f8a696dfc417b0.csv","cms-item","/dog-parks/baffin-dog-park","/dog-parks/baffin-dog-park/","Dog Parks","baffin-dog-park","inferred","Generated from CMS slug; verify against live Webflow URLs."
"LeashFree-Webflow-Backup-2026-05-26/02-cms-csv-exports/LeashFree.ca - Dog Parks - 683758b0a3f8a696dfc417b0.csv","cms-item","/dog-parks/bakerview-park-surrey","/dog-parks/bakerview-park-surrey/","Dog Parks","bakerview-park-surrey","inferred","Generated from CMS slug; verify against live Webflow URLs."
"LeashFree-Webflow-Backup-2026-05-26/02-cms-csv-exports/LeashFree.ca - Dog Parks - 683758b0a3f8a696dfc417b0.csv","cms-item","/dog-parks/ballantyne-park","/dog-parks/ballantyne-park/","Dog Parks","ballantyne-park","inferred","Generated from CMS slug; verify against live Webflow URLs."
"LeashFree-Webflow-Backup-2026-05-26/02-cms-csv-exports/LeashFree.ca - Dog Parks - 683758b0a3f8a696dfc417b0.csv","cms-item","/dog-parks/balmoral-park-chilliwack","/dog-parks/balmoral-park-chilliwack/","Dog Parks","balmoral-park-chilliwack","inferred","Generated from CMS slug; verify against live Webflow URLs."
"LeashFree-Webflow-Backup-2026-05-26/02-cms-csv-exports/LeashFree.ca - Dog Parks - 683758b0a3f8a696dfc417b0.csv","cms-item","/dog-parks/balmy-beach-park","/dog-parks/balmy-beach-park/","Dog Parks","balmy-beach-park","inferred","Generated from CMS slug; verify against live Webflow URLs."
"LeashFree-Webflow-Backup-2026-05-26/02-cms-csv-exports/LeashFree.ca - Dog Parks - 683758b0a3f8a696dfc417b0.csv","cms-item","/dog-parks/banfield-park-victoria","/dog-parks/banfield-park-victoria/","Dog Parks","banfield-park-victoria","inferred","Generated from CMS slug; verify against live Webflow URLs."
"LeashFree-Webflow-Backup-2026-05-26/02-cms-csv-exports/LeashFree.ca - Dog Parks - 683758b0a3f8a696dfc417b0.csv","cms-item","/dog-parks/barbara-hall-park","/dog-parks/barbara-hall-park/","Dog Parks","barbara-hall-park","inferred","Generated from CMS slug; verify against live Webflow URLs."
"LeashFree-Webflow-Backup-2026-05-26/02-cms-csv-exports/LeashFree.ca - Dog Parks - 683758b0a3f8a696dfc417b0.csv","cms-item","/dog-parks/barber-park-chilliwack","/dog-parks/barber-park-chilliwack/","Dog Parks","barber-park-chilliwack","inferred","Generated from CMS slug; verify against live Webflow URLs."
"LeashFree-Webflow-Backup-2026-05-26/02-cms-csv-exports/LeashFree.ca - Dog Parks - 683758b0a3f8a696dfc417b0.csv","cms-item","/dog-parks/barkwood-forest","/dog-parks/barkwood-forest/","Dog Parks","barkwood-forest","inferred","Generated from CMS slug; verify against live Webflow URLs."
"LeashFree-Webflow-Backup-2026-05-26/02-cms-csv-exports/LeashFree.ca - Dog Parks - 683758b0a3f8a696dfc417b0.csv","cms-item","/dog-parks/barnet-marine-park-burnaby","/dog-parks/barnet-marine-park-burnaby/","Dog Parks","barnet-marine-park-burnaby","inferred","Generated from CMS slug; verify against live Webflow URLs."
"LeashFree-Webflow-Backup-2026-05-26/02-cms-csv-exports/LeashFree.ca - Dog Parks - 683758b0a3f8a696dfc417b0.csv","cms-item","/dog-parks/base-plein-air-de-sainte-foy-dog-park","/dog-parks/base-plein-air-de-sainte-foy-dog-park/","Dog Parks","base-plein-air-de-sainte-foy-dog-park","inferred","Generated from CMS slug; verify against live Webflow URLs."
"LeashFree-Webflow-Backup-2026-05-26/02-cms-csv-exports/LeashFree.ca - Dog Parks - 683758b0a3f8a696dfc417b0.csv","cms-item","/dog-parks/bayview-arena-park","/dog-parks/bayview-arena-park/","Dog Parks","bayview-arena-park","inferred","Generated from CMS slug; verify against live Webflow URLs."
"LeashFree-Webflow-Backup-2026-05-26/02-cms-csv-exports/LeashFree.ca - Dog Parks - 683758b0a3f8a696dfc417b0.csv","cms-item","/dog-parks/bayview-drive","/dog-parks/bayview-drive/","Dog Parks","bayview-drive","inferred","Generated from CMS slug; verify against live Webflow URLs."
"LeashFree-Webflow-Backup-2026-05-26/02-cms-csv-exports/LeashFree.ca - Dog Parks - 683758b0a3f8a696dfc417b0.csv","cms-item","/dog-parks/bayview-park","/dog-parks/bayview-park/","Dog Parks","bayview-park","inferred","Generated from CMS slug; verify against live Webflow URLs."
"LeashFree-Webflow-Backup-2026-05-26/02-cms-csv-exports/LeashFree.ca - Dog Parks - 683758b0a3f8a696dfc417b0.csv","cms-item","/dog-parks/beacon-hill-park-victoria","/dog-parks/beacon-hill-park-victoria/","Dog Parks","beacon-hill-park-victoria","inferred","Generated from CMS slug; verify against live Webflow URLs."
"LeashFree-Webflow-Backup-2026-05-26/02-cms-csv-exports/LeashFree.ca - Dog Parks - 683758b0a3f8a696dfc417b0.csv","cms-item","/dog-parks/bearspaw-off-leash-area","/dog-parks/bearspaw-off-leash-area/","Dog Parks","bearspaw-off-leash-area","inferred","Generated from CMS slug; verify against live Webflow URLs."
"LeashFree-Webflow-Backup-2026-05-26/02-cms-csv-exports/LeashFree.ca - Dog Parks - 683758b0a3f8a696dfc417b0.csv","cms-item","/dog-parks/beckett-park-maple-ridge","/dog-parks/beckett-park-maple-ridge/","Dog Parks","beckett-park-maple-ridge","inferred","Generated from CMS slug; verify against live Webflow URLs."
"LeashFree-Webflow-Backup-2026-05-26/02-cms-csv-exports/LeashFree.ca - Dog Parks - 683758b0a3f8a696dfc417b0.csv","cms-item","/dog-parks/beddington-heights-off-leash-area","/dog-parks/beddington-heights-off-leash-area/","Dog Parks","beddington-heights-off-leash-area","inferred","Generated from CMS slug; verify against live Webflow URLs."
"LeashFree-Webflow-Backup-2026-05-26/02-cms-csv-exports/LeashFree.ca - Dog Parks - 683758b0a3f8a696dfc417b0.csv","cms-item","/dog-parks/bell-park-burnaby","/dog-parks/bell-park-burnaby/","Dog Parks","bell-park-burnaby","inferred","Generated from CMS slug; verify against live Webflow URLs."
"LeashFree-Webflow-Backup-2026-05-26/02-cms-csv-exports/LeashFree.ca - Dog Parks - 683758b0a3f8a696dfc417b0.csv","cms-item","/dog-parks/bickford-park","/dog-parks/bickford-park/","Dog Parks","bickford-park","inferred","Generated from CMS slug; verify against live Webflow URLs."
"LeashFree-Webflow-Backup-2026-05-26/02-cms-csv-exports/LeashFree.ca - Dog Parks - 683758b0a3f8a696dfc417b0.csv","cms-item","/dog-parks/bishops-park","/dog-parks/bishops-park/","Dog Parks","bishops-park","inferred","Generated from CMS slug; verify against live Webflow URLs."
"LeashFree-Webflow-Backup-2026-05-26/02-cms-csv-exports/LeashFree.ca - Dog Parks - 683758b0a3f8a696dfc417b0.csv","cms-item","/dog-parks/blackie-spit-surrey","/dog-parks/blackie-spit-surrey/","Dog Parks","blackie-spit-surrey","inferred","Generated from CMS slug; verify against live Webflow URLs."
"LeashFree-Webflow-Backup-2026-05-26/02-cms-csv-exports/LeashFree.ca - Dog Parks - 683758b0a3f8a696dfc417b0.csv","cms-item","/dog-parks/blue-heron-park-ladysmith","/dog-parks/blue-heron-park-ladysmith/","Dog Parks","blue-heron-park-ladysmith","inferred","Generated from CMS slug; verify against live Webflow URLs."
"LeashFree-Webflow-Backup-2026-05-26/02-cms-csv-exports/LeashFree.ca - Dog Parks - 683758b0a3f8a696dfc417b0.csv","cms-item","/dog-parks/bob-hunter-park","/dog-parks/bob-hunter-park/","Dog Parks","bob-hunter-park","inferred","Generated from CMS slug; verify against live Webflow URLs."
"LeashFree-Webflow-Backup-2026-05-26/02-cms-csv-exports/LeashFree.ca - Dog Parks - 683758b0a3f8a696dfc417b0.csv","cms-item","/dog-parks/bonavista","/dog-parks/bonavista/","Dog Parks","bonavista","inferred","Generated from CMS slug; verify against live Webflow URLs."
"LeashFree-Webflow-Backup-2026-05-26/02-cms-csv-exports/LeashFree.ca - Dog Parks - 683758b0a3f8a696dfc417b0.csv","cms-item","/dog-parks/bonnycastle-park","/dog-parks/bonnycastle-park/","Dog Parks","bonnycastle-park","inferred","Generated from CMS slug; verify against live Webflow URLs."
"LeashFree-Webflow-Backup-2026-05-26/02-cms-csv-exports/LeashFree.ca - Dog Parks - 683758b0a3f8a696dfc417b0.csv","cms-item","/dog-parks/borers-falls-conservation-area","/dog-parks/borers-falls-conservation-area/","Dog Parks","borers-falls-conservation-area","inferred","Generated from CMS slug; verify against live Webflow URLs."
"LeashFree-Webflow-Backup-2026-05-26/02-cms-csv-exports/LeashFree.ca - Dog Parks - 683758b0a3f8a696dfc417b0.csv","cms-item","/dog-parks/botany-hill-park","/dog-parks/botany-hill-park/","Dog Parks","botany-hill-park","inferred","Generated from CMS slug; verify against live Webflow URLs."
"LeashFree-Webflow-Backup-2026-05-26/02-cms-csv-exports/LeashFree.ca - Dog Parks - 683758b0a3f8a696dfc417b0.csv","cms-item","/dog-parks/bourkevale-park","/dog-parks/bourkevale-park/","Dog Parks","bourkevale-park","inferred","Generated from CMS slug; verify against live Webflow URLs."
"LeashFree-Webflow-Backup-2026-05-26/02-cms-csv-exports/LeashFree.ca - Dog Parks - 683758b0a3f8a696dfc417b0.csv","cms-item","/dog-parks/bowmont-park","/dog-parks/bowmont-park/","Dog Parks","bowmont-park","inferred","Generated from CMS slug; verify against live Webflow URLs."
"LeashFree-Webflow-Backup-2026-05-26/02-cms-csv-exports/LeashFree.ca - Dog Parks - 683758b0a3f8a696dfc417b0.csv","cms-item","/dog-parks/braeside-off-leash-area","/dog-parks/braeside-off-leash-area/","Dog Parks","braeside-off-leash-area","inferred","Generated from CMS slug; verify against live Webflow URLs."
"LeashFree-Webflow-Backup-2026-05-26/02-cms-csv-exports/LeashFree.ca - Dog Parks - 683758b0a3f8a696dfc417b0.csv","cms-item","/dog-parks/bramalea-community-park","/dog-parks/bramalea-community-park/","Dog Parks","bramalea-community-park","inferred","Generated from CMS slug; verify against live Webflow URLs."
"LeashFree-Webflow-Backup-2026-05-26/02-cms-csv-exports/LeashFree.ca - Dog Parks - 683758b0a3f8a696dfc417b0.csv","cms-item","/dog-parks/brenda-leipsic-park","/dog-parks/brenda-leipsic-park/","Dog Parks","brenda-leipsic-park","inferred","Generated from CMS slug; verify against live Webflow URLs."
"LeashFree-Webflow-Backup-2026-05-26/02-cms-csv-exports/LeashFree.ca - Dog Parks - 683758b0a3f8a696dfc417b0.csv","cms-item","/dog-parks/brewer-park","/dog-parks/brewer-park/","Dog Parks","brewer-park","inferred","Generated from CMS slug; verify against live Webflow URLs."
"LeashFree-Webflow-Backup-2026-05-26/02-cms-csv-exports/LeashFree.ca - Dog Parks - 683758b0a3f8a696dfc417b0.csv","cms-item","/dog-parks/bridgeland-riverside-off-leash-area","/dog-parks/bridgeland-riverside-off-leash-area/","Dog Parks","bridgeland-riverside-off-leash-area","inferred","Generated from CMS slug; verify against live Webflow URLs."
"LeashFree-Webflow-Backup-2026-05-26/02-cms-csv-exports/LeashFree.ca - Dog Parks - 683758b0a3f8a696dfc417b0.csv","cms-item","/dog-parks/britannia-slopes-off-leash-area","/dog-parks/britannia-slopes-off-leash-area/","Dog Parks","britannia-slopes-off-leash-area","inferred","Generated from CMS slug; verify against live Webflow URLs."
"LeashFree-Webflow-Backup-2026-05-26/02-cms-csv-exports/LeashFree.ca - Dog Parks - 683758b0a3f8a696dfc417b0.csv","cms-item","/dog-parks/bronte-creek-provincial-park","/dog-parks/bronte-creek-provincial-park/","Dog Parks","bronte-creek-provincial-park","inferred","Generated from CMS slug; verify against live Webflow URLs."
"LeashFree-Webflow-Backup-2026-05-26/02-cms-csv-exports/LeashFree.ca - Dog Parks - 683758b0a3f8a696dfc417b0.csv","cms-item","/dog-parks/broughton-east-park","/dog-parks/broughton-east-park/","Dog Parks","broughton-east-park","inferred","Generated from CMS slug; verify against live Webflow URLs."
"LeashFree-Webflow-Backup-2026-05-26/02-cms-csv-exports/LeashFree.ca - Dog Parks - 683758b0a3f8a696dfc417b0.csv","cms-item","/dog-parks/bruce-pit","/dog-parks/bruce-pit/","Dog Parks","bruce-pit","inferred","Generated from CMS slug; verify against live Webflow URLs."
"LeashFree-Webflow-Backup-2026-05-26/02-cms-csv-exports/LeashFree.ca - Dog Parks - 683758b0a3f8a696dfc417b0.csv","cms-item","/dog-parks/buena-vista-park-off-leash-dog-park","/dog-parks/buena-vista-park-off-leash-dog-park/","Dog Parks","buena-vista-park-off-leash-dog-park","inferred","Generated from CMS slug; verify against live Webflow URLs."
"LeashFree-Webflow-Backup-2026-05-26/02-cms-csv-exports/LeashFree.ca - Dog Parks - 683758b0a3f8a696dfc417b0.csv","cms-item","/dog-parks/burgoyne-woods-park","/dog-parks/burgoyne-woods-park/","Dog Parks","burgoyne-woods-park","inferred","Generated from CMS slug; verify against live Webflow URLs."
"LeashFree-Webflow-Backup-2026-05-26/02-cms-csv-exports/LeashFree.ca - Dog Parks - 683758b0a3f8a696dfc417b0.csv","cms-item","/dog-parks/burnaby-fraser-foreshore-park","/dog-parks/burnaby-fraser-foreshore-park/","Dog Parks","burnaby-fraser-foreshore-park","inferred","Generated from CMS slug; verify against live Webflow URLs."
"LeashFree-Webflow-Backup-2026-05-26/02-cms-csv-exports/LeashFree.ca - Dog Parks - 683758b0a3f8a696dfc417b0.csv","cms-item","/dog-parks/burnaby-heights-park","/dog-parks/burnaby-heights-park/","Dog Parks","burnaby-heights-park","inferred","Generated from CMS slug; verify against live Webflow URLs."
"LeashFree-Webflow-Backup-2026-05-26/02-cms-csv-exports/LeashFree.ca - Dog Parks - 683758b0a3f8a696dfc417b0.csv","cms-item","/dog-parks/burrard-view-dog-park-vancouver","/dog-parks/burrard-view-dog-park-vancouver/","Dog Parks","burrard-view-dog-park-vancouver","inferred","Generated from CMS slug; verify against live Webflow URLs."
"LeashFree-Webflow-Backup-2026-05-26/02-cms-csv-exports/LeashFree.ca - Dog Parks - 683758b0a3f8a696dfc417b0.csv","cms-item","/dog-parks/crab-park-at-portside-dog-park","/dog-parks/crab-park-at-portside-dog-park/","Dog Parks","crab-park-at-portside-dog-park","inferred","Generated from CMS slug; verify against live Webflow URLs."
"LeashFree-Webflow-Backup-2026-05-26/02-cms-csv-exports/LeashFree.ca - Dog Parks - 683758b0a3f8a696dfc417b0.csv","cms-item","/dog-parks/caesars-off-leash-area","/dog-parks/caesars-off-leash-area/","Dog Parks","caesars-off-leash-area","inferred","Generated from CMS slug; verify against live Webflow URLs."
"LeashFree-Webflow-Backup-2026-05-26/02-cms-csv-exports/LeashFree.ca - Dog Parks - 683758b0a3f8a696dfc417b0.csv","cms-item","/dog-parks/callingwood-park-off-leash-area","/dog-parks/callingwood-park-off-leash-area/","Dog Parks","callingwood-park-off-leash-area","inferred","Generated from CMS slug; verify against live Webflow URLs."
"LeashFree-Webflow-Backup-2026-05-26/02-cms-csv-exports/LeashFree.ca - Dog Parks - 683758b0a3f8a696dfc417b0.csv","cms-item","/dog-parks/campbell-memorial-park-dog-off-leash-area","/dog-parks/campbell-memorial-park-dog-off-leash-area/","Dog Parks","campbell-memorial-park-dog-off-leash-area","inferred","Generated from CMS slug; verify against live Webflow URLs."
"LeashFree-Webflow-Backup-2026-05-26/02-cms-csv-exports/LeashFree.ca - Dog Parks - 683758b0a3f8a696dfc417b0.csv","cms-item","/dog-parks/campbellford-dog-park","/dog-parks/campbellford-dog-park/","Dog Parks","campbellford-dog-park","inferred","Generated from CMS slug; verify against live Webflow URLs."
"LeashFree-Webflow-Backup-2026-05-26/02-cms-csv-exports/LeashFree.ca - Dog Parks - 683758b0a3f8a696dfc417b0.csv","cms-item","/dog-parks/canoe-landing-park","/dog-parks/canoe-landing-park/","Dog Parks","canoe-landing-park","inferred","Generated from CMS slug; verify against live Webflow URLs."
"LeashFree-Webflow-Backup-2026-05-26/02-cms-csv-exports/LeashFree.ca - Dog Parks - 683758b0a3f8a696dfc417b0.csv","cms-item","/dog-parks/canyon-meadows-off-leash-area","/dog-parks/canyon-meadows-off-leash-area/","Dog Parks","canyon-meadows-off-leash-area","inferred","Generated from CMS slug; verify against live Webflow URLs."
"LeashFree-Webflow-Backup-2026-05-26/02-cms-csv-exports/LeashFree.ca - Dog Parks - 683758b0a3f8a696dfc417b0.csv","cms-item","/dog-parks/captain-cornelius-park","/dog-parks/captain-cornelius-park/","Dog Parks","captain-cornelius-park","inferred","Generated from CMS slug; verify against live Webflow URLs."
"LeashFree-Webflow-Backup-2026-05-26/02-cms-csv-exports/LeashFree.ca - Dog Parks - 683758b0a3f8a696dfc417b0.csv","cms-item","/dog-parks/carburn-park-off-leash-area","/dog-parks/carburn-park-off-leash-area/","Dog Parks","carburn-park-off-leash-area","inferred","Generated from CMS slug; verify against live Webflow URLs."
"LeashFree-Webflow-Backup-2026-05-26/02-cms-csv-exports/LeashFree.ca - Dog Parks - 683758b0a3f8a696dfc417b0.csv","cms-item","/dog-parks/carmel-park-chilliwack","/dog-parks/carmel-park-chilliwack/","Dog Parks","carmel-park-chilliwack","inferred","Generated from CMS slug; verify against live Webflow URLs."
"LeashFree-Webflow-Backup-2026-05-26/02-cms-csv-exports/LeashFree.ca - Dog Parks - 683758b0a3f8a696dfc417b0.csv","cms-item","/dog-parks/carol-disher-park","/dog-parks/carol-disher-park/","Dog Parks","carol-disher-park","inferred","Generated from CMS slug; verify against live Webflow URLs."
"LeashFree-Webflow-Backup-2026-05-26/02-cms-csv-exports/LeashFree.ca - Dog Parks - 683758b0a3f8a696dfc417b0.csv","cms-item","/dog-parks/cassels-avenue-playground","/dog-parks/cassels-avenue-playground/","Dog Parks","cassels-avenue-playground","inferred","Generated from CMS slug; verify against live Webflow URLs."
"LeashFree-Webflow-Backup-2026-05-26/02-cms-csv-exports/LeashFree.ca - Dog Parks - 683758b0a3f8a696dfc417b0.csv","cms-item","/dog-parks/castle-park","/dog-parks/castle-park/","Dog Parks","castle-park","inferred","Generated from CMS slug; verify against live Webflow URLs."
"LeashFree-Webflow-Backup-2026-05-26/02-cms-csv-exports/LeashFree.ca - Dog Parks - 683758b0a3f8a696dfc417b0.csv","cms-item","/dog-parks/caswell-mayfair-dog-park","/dog-parks/caswell-mayfair-dog-park/","Dog Parks","caswell-mayfair-dog-park","inferred","Generated from CMS slug; verify against live Webflow URLs."
"LeashFree-Webflow-Backup-2026-05-26/02-cms-csv-exports/LeashFree.ca - Dog Parks - 683758b0a3f8a696dfc417b0.csv","cms-item","/dog-parks/cathy-lauritsen-memorial-off-leash-dog-park","/dog-parks/cathy-lauritsen-memorial-off-leash-dog-park/","Dog Parks","cathy-lauritsen-memorial-off-leash-dog-park","inferred","Generated from CMS slug; verify against live Webflow URLs."
"LeashFree-Webflow-Backup-2026-05-26/02-cms-csv-exports/LeashFree.ca - Dog Parks - 683758b0a3f8a696dfc417b0.csv","cms-item","/dog-parks/cedar-creek-park-kelowna","/dog-parks/cedar-creek-park-kelowna/","Dog Parks","cedar-creek-park-kelowna","inferred","Generated from CMS slug; verify against live Webflow URLs."
"LeashFree-Webflow-Backup-2026-05-26/02-cms-csv-exports/LeashFree.ca - Dog Parks - 683758b0a3f8a696dfc417b0.csv","cms-item","/dog-parks/cedar-hedge-park-west","/dog-parks/cedar-hedge-park-west/","Dog Parks","cedar-hedge-park-west","inferred","Generated from CMS slug; verify against live Webflow URLs."
"LeashFree-Webflow-Backup-2026-05-26/02-cms-csv-exports/LeashFree.ca - Dog Parks - 683758b0a3f8a696dfc417b0.csv","cms-item","/dog-parks/cedarvale-park","/dog-parks/cedarvale-park/","Dog Parks","cedarvale-park","inferred","Generated from CMS slug; verify against live Webflow URLs."
"LeashFree-Webflow-Backup-2026-05-26/02-cms-csv-exports/LeashFree.ca - Dog Parks - 683758b0a3f8a696dfc417b0.csv","cms-item","/dog-parks/cedarvale-park-halton-hills","/dog-parks/cedarvale-park-halton-hills/","Dog Parks","cedarvale-park-halton-hills","inferred","Generated from CMS slug; verify against live Webflow URLs."
"LeashFree-Webflow-Backup-2026-05-26/02-cms-csv-exports/LeashFree.ca - Dog Parks - 683758b0a3f8a696dfc417b0.csv","cms-item","/dog-parks/centennial-park-white-rock","/dog-parks/centennial-park-white-rock/","Dog Parks","centennial-park-white-rock","inferred","Generated from CMS slug; verify against live Webflow URLs."
"LeashFree-Webflow-Backup-2026-05-26/02-cms-csv-exports/LeashFree.ca - Dog Parks - 683758b0a3f8a696dfc417b0.csv","cms-item","/dog-parks/central-bark-dog-park","/dog-parks/central-bark-dog-park/","Dog Parks","central-bark-dog-park","inferred","Generated from CMS slug; verify against live Webflow URLs."
"LeashFree-Webflow-Backup-2026-05-26/02-cms-csv-exports/LeashFree.ca - Dog Parks - 683758b0a3f8a696dfc417b0.csv","cms-item","/dog-parks/central-park","/dog-parks/central-park/","Dog Parks","central-park","inferred","Generated from CMS slug; verify against live Webflow URLs."
"LeashFree-Webflow-Backup-2026-05-26/02-cms-csv-exports/LeashFree.ca - Dog Parks - 683758b0a3f8a696dfc417b0.csv","cms-item","/dog-parks/charleson-dog-park","/dog-parks/charleson-dog-park/","Dog Parks","charleson-dog-park","inferred","Generated from CMS slug; verify against live Webflow URLs."
"LeashFree-Webflow-Backup-2026-05-26/02-cms-csv-exports/LeashFree.ca - Dog Parks - 683758b0a3f8a696dfc417b0.csv","cms-item","/dog-parks/charleson-dog-park-8fc05","/dog-parks/charleson-dog-park-8fc05/","Dog Parks","charleson-dog-park-8fc05","inferred","Generated from CMS slug; verify against live Webflow URLs."
"LeashFree-Webflow-Backup-2026-05-26/02-cms-csv-exports/LeashFree.ca - Dog Parks - 683758b0a3f8a696dfc417b0.csv","cms-item","/dog-parks/charleston-lake-provincial-park","/dog-parks/charleston-lake-provincial-park/","Dog Parks","charleston-lake-provincial-park","inferred","Generated from CMS slug; verify against live Webflow URLs."
"LeashFree-Webflow-Backup-2026-05-26/02-cms-csv-exports/LeashFree.ca - Dog Parks - 683758b0a3f8a696dfc417b0.csv","cms-item","/dog-parks/charleswood-dog-park","/dog-parks/charleswood-dog-park/","Dog Parks","charleswood-dog-park","inferred","Generated from CMS slug; verify against live Webflow URLs."
"LeashFree-Webflow-Backup-2026-05-26/02-cms-csv-exports/LeashFree.ca - Dog Parks - 683758b0a3f8a696dfc417b0.csv","cms-item","/dog-parks/chemainus-lake-park-ladysmith","/dog-parks/chemainus-lake-park-ladysmith/","Dog Parks","chemainus-lake-park-ladysmith","inferred","Generated from CMS slug; verify against live Webflow URLs."
"LeashFree-Webflow-Backup-2026-05-26/02-cms-csv-exports/LeashFree.ca - Dog Parks - 683758b0a3f8a696dfc417b0.csv","cms-item","/dog-parks/cherry-beach-clarke-beach-park","/dog-parks/cherry-beach-clarke-beach-park/","Dog Parks","cherry-beach-clarke-beach-park","inferred","Generated from CMS slug; verify against live Webflow URLs."
"LeashFree-Webflow-Backup-2026-05-26/02-cms-csv-exports/LeashFree.ca - Dog Parks - 683758b0a3f8a696dfc417b0.csv","cms-item","/dog-parks/chevrier-park-cornwall","/dog-parks/chevrier-park-cornwall/","Dog Parks","chevrier-park-cornwall","inferred","Generated from CMS slug; verify against live Webflow URLs."
"LeashFree-Webflow-Backup-2026-05-26/02-cms-csv-exports/LeashFree.ca - Dog Parks - 683758b0a3f8a696dfc417b0.csv","cms-item","/dog-parks/chief-whitecap-park","/dog-parks/chief-whitecap-park/","Dog Parks","chief-whitecap-park","inferred","Generated from CMS slug; verify against live Webflow URLs."
"LeashFree-Webflow-Backup-2026-05-26/02-cms-csv-exports/LeashFree.ca - Dog Parks - 683758b0a3f8a696dfc417b0.csv","cms-item","/dog-parks/chilliwack-community-forest","/dog-parks/chilliwack-community-forest/","Dog Parks","chilliwack-community-forest","inferred","Generated from CMS slug; verify against live Webflow URLs."
"LeashFree-Webflow-Backup-2026-05-26/02-cms-csv-exports/LeashFree.ca - Dog Parks - 683758b0a3f8a696dfc417b0.csv","cms-item","/dog-parks/chris-gibson-park","/dog-parks/chris-gibson-park/","Dog Parks","chris-gibson-park","inferred","Generated from CMS slug; verify against live Webflow URLs."
"LeashFree-Webflow-Backup-2026-05-26/02-cms-csv-exports/LeashFree.ca - Dog Parks - 683758b0a3f8a696dfc417b0.csv","cms-item","/dog-parks/churchill-park","/dog-parks/churchill-park/","Dog Parks","churchill-park","inferred","Generated from CMS slug; verify against live Webflow URLs."
"LeashFree-Webflow-Backup-2026-05-26/02-cms-csv-exports/LeashFree.ca - Dog Parks - 683758b0a3f8a696dfc417b0.csv","cms-item","/dog-parks/clarence-square-park","/dog-parks/clarence-square-park/","Dog Parks","clarence-square-park","inferred","Generated from CMS slug; verify against live Webflow URLs."
"LeashFree-Webflow-Backup-2026-05-26/02-cms-csv-exports/LeashFree.ca - Dog Parks - 683758b0a3f8a696dfc417b0.csv","cms-item","/dog-parks/coach-hill-off-leash-area","/dog-parks/coach-hill-off-leash-area/","Dog Parks","coach-hill-off-leash-area","inferred","Generated from CMS slug; verify against live Webflow URLs."
"LeashFree-Webflow-Backup-2026-05-26/02-cms-csv-exports/LeashFree.ca - Dog Parks - 683758b0a3f8a696dfc417b0.csv","cms-item","/dog-parks/colin-alton-parkette","/dog-parks/colin-alton-parkette/","Dog Parks","colin-alton-parkette","inferred","Generated from CMS slug; verify against live Webflow URLs."
"LeashFree-Webflow-Backup-2026-05-26/02-cms-csv-exports/LeashFree.ca - Dog Parks - 683758b0a3f8a696dfc417b0.csv","cms-item","/dog-parks/colonel-danforth-park","/dog-parks/colonel-danforth-park/","Dog Parks","colonel-danforth-park","inferred","Generated from CMS slug; verify against live Webflow URLs."
"LeashFree-Webflow-Backup-2026-05-26/02-cms-csv-exports/LeashFree.ca - Dog Parks - 683758b0a3f8a696dfc417b0.csv","cms-item","/dog-parks/colonel-samuel-smith-park","/dog-parks/colonel-samuel-smith-park/","Dog Parks","colonel-samuel-smith-park","inferred","Generated from CMS slug; verify against live Webflow URLs."
"LeashFree-Webflow-Backup-2026-05-26/02-cms-csv-exports/LeashFree.ca - Dog Parks - 683758b0a3f8a696dfc417b0.csv","cms-item","/dog-parks/colonel-samuel-smith-park-etobicoke","/dog-parks/colonel-samuel-smith-park-etobicoke/","Dog Parks","colonel-samuel-smith-park-etobicoke","inferred","Generated from CMS slug; verify against live Webflow URLs."
"LeashFree-Webflow-Backup-2026-05-26/02-cms-csv-exports/LeashFree.ca - Dog Parks - 683758b0a3f8a696dfc417b0.csv","cms-item","/dog-parks/community-common","/dog-parks/community-common/","Dog Parks","community-common","inferred","Generated from CMS slug; verify against live Webflow URLs."
"LeashFree-Webflow-Backup-2026-05-26/02-cms-csv-exports/LeashFree.ca - Dog Parks - 683758b0a3f8a696dfc417b0.csv","cms-item","/dog-parks/confederation-park","/dog-parks/confederation-park/","Dog Parks","confederation-park","inferred","Generated from CMS slug; verify against live Webflow URLs."
"LeashFree-Webflow-Backup-2026-05-26/02-cms-csv-exports/LeashFree.ca - Dog Parks - 683758b0a3f8a696dfc417b0.csv","cms-item","/dog-parks/confederation-park-075b6","/dog-parks/confederation-park-075b6/","Dog Parks","confederation-park-075b6","inferred","Generated from CMS slug; verify against live Webflow URLs."
"LeashFree-Webflow-Backup-2026-05-26/02-cms-csv-exports/LeashFree.ca - Dog Parks - 683758b0a3f8a696dfc417b0.csv","cms-item","/dog-parks/confederation-park-burnaby","/dog-parks/confederation-park-burnaby/","Dog Parks","confederation-park-burnaby","inferred","Generated from CMS slug; verify against live Webflow URLs."
"LeashFree-Webflow-Backup-2026-05-26/02-cms-csv-exports/LeashFree.ca - Dog Parks - 683758b0a3f8a696dfc417b0.csv","cms-item","/dog-parks/connaught-off-leash-area","/dog-parks/connaught-off-leash-area/","Dog Parks","connaught-off-leash-area","inferred","Generated from CMS slug; verify against live Webflow URLs."
"LeashFree-Webflow-Backup-2026-05-26/02-cms-csv-exports/LeashFree.ca - Dog Parks - 683758b0a3f8a696dfc417b0.csv","cms-item","/dog-parks/conrose-park","/dog-parks/conrose-park/","Dog Parks","conrose-park","inferred","Generated from CMS slug; verify against live Webflow URLs."
"LeashFree-Webflow-Backup-2026-05-26/02-cms-csv-exports/LeashFree.ca - Dog Parks - 683758b0a3f8a696dfc417b0.csv","cms-item","/dog-parks/conroy-pit","/dog-parks/conroy-pit/","Dog Parks","conroy-pit","inferred","Generated from CMS slug; verify against live Webflow URLs."
"LeashFree-Webflow-Backup-2026-05-26/02-cms-csv-exports/LeashFree.ca - Dog Parks - 683758b0a3f8a696dfc417b0.csv","cms-item","/dog-parks/coopers-dog-park","/dog-parks/coopers-dog-park/","Dog Parks","coopers-dog-park","inferred","Generated from CMS slug; verify against live Webflow URLs."
"LeashFree-Webflow-Backup-2026-05-26/02-cms-csv-exports/LeashFree.ca - Dog Parks - 683758b0a3f8a696dfc417b0.csv","cms-item","/dog-parks/corbetts-park","/dog-parks/corbetts-park/","Dog Parks","corbetts-park","inferred","Generated from CMS slug; verify against live Webflow URLs."
"LeashFree-Webflow-Backup-2026-05-26/02-cms-csv-exports/LeashFree.ca - Dog Parks - 683758b0a3f8a696dfc417b0.csv","cms-item","/dog-parks/cottonwood-falls-park-nelson","/dog-parks/cottonwood-falls-park-nelson/","Dog Parks","cottonwood-falls-park-nelson","inferred","Generated from CMS slug; verify against live Webflow URLs."
"LeashFree-Webflow-Backup-2026-05-26/02-cms-csv-exports/LeashFree.ca - Dog Parks - 683758b0a3f8a696dfc417b0.csv","cms-item","/dog-parks/cowan-sportsplex-dog-park","/dog-parks/cowan-sportsplex-dog-park/","Dog Parks","cowan-sportsplex-dog-park","inferred","Generated from CMS slug; verify against live Webflow URLs."
"LeashFree-Webflow-Backup-2026-05-26/02-cms-csv-exports/LeashFree.ca - Dog Parks - 683758b0a3f8a696dfc417b0.csv","cms-item","/dog-parks/coxwell-ravine-park","/dog-parks/coxwell-ravine-park/","Dog Parks","coxwell-ravine-park","inferred","Generated from CMS slug; verify against live Webflow URLs."
"LeashFree-Webflow-Backup-2026-05-26/02-cms-csv-exports/LeashFree.ca - Dog Parks - 683758b0a3f8a696dfc417b0.csv","cms-item","/dog-parks/craigleigh-gardens","/dog-parks/craigleigh-gardens/","Dog Parks","craigleigh-gardens","inferred","Generated from CMS slug; verify against live Webflow URLs."
"LeashFree-Webflow-Backup-2026-05-26/02-cms-csv-exports/LeashFree.ca - Dog Parks - 683758b0a3f8a696dfc417b0.csv","cms-item","/dog-parks/crimson-ridge-park-chilliwack","/dog-parks/crimson-ridge-park-chilliwack/","Dog Parks","crimson-ridge-park-chilliwack","inferred","Generated from CMS slug; verify against live Webflow URLs."
"LeashFree-Webflow-Backup-2026-05-26/02-cms-csv-exports/LeashFree.ca - Dog Parks - 683758b0a3f8a696dfc417b0.csv","cms-item","/dog-parks/crystal-ridge-neighbourhood-off-leash-area","/dog-parks/crystal-ridge-neighbourhood-off-leash-area/","Dog Parks","crystal-ridge-neighbourhood-off-leash-area","inferred","Generated from CMS slug; verify against live Webflow URLs."
"LeashFree-Webflow-Backup-2026-05-26/02-cms-csv-exports/LeashFree.ca - Dog Parks - 683758b0a3f8a696dfc417b0.csv","cms-item","/dog-parks/currie-bark-park","/dog-parks/currie-bark-park/","Dog Parks","currie-bark-park","inferred","Generated from CMS slug; verify against live Webflow URLs."
"LeashFree-Webflow-Backup-2026-05-26/02-cms-csv-exports/LeashFree.ca - Dog Parks - 683758b0a3f8a696dfc417b0.csv","cms-item","/dog-parks/dale-hodges-park","/dog-parks/dale-hodges-park/","Dog Parks","dale-hodges-park","inferred","Generated from CMS slug; verify against live Webflow URLs."
"LeashFree-Webflow-Backup-2026-05-26/02-cms-csv-exports/LeashFree.ca - Dog Parks - 683758b0a3f8a696dfc417b0.csv","cms-item","/dog-parks/dartmouth-common","/dog-parks/dartmouth-common/","Dog Parks","dartmouth-common","inferred","Generated from CMS slug; verify against live Webflow URLs."
"LeashFree-Webflow-Backup-2026-05-26/02-cms-csv-exports/LeashFree.ca - Dog Parks - 683758b0a3f8a696dfc417b0.csv","cms-item","/dog-parks/david-bartlett-park","/dog-parks/david-bartlett-park/","Dog Parks","david-bartlett-park","inferred","Generated from CMS slug; verify against live Webflow URLs."
"LeashFree-Webflow-Backup-2026-05-26/02-cms-csv-exports/LeashFree.ca - Dog Parks - 683758b0a3f8a696dfc417b0.csv","cms-item","/dog-parks/david-crombie-park","/dog-parks/david-crombie-park/","Dog Parks","david-crombie-park","inferred","Generated from CMS slug; verify against live Webflow URLs."
"LeashFree-Webflow-Backup-2026-05-26/02-cms-csv-exports/LeashFree.ca - Dog Parks - 683758b0a3f8a696dfc417b0.csv","cms-item","/dog-parks/david-gray-park-burnaby","/dog-parks/david-gray-park-burnaby/","Dog Parks","david-gray-park-burnaby","inferred","Generated from CMS slug; verify against live Webflow URLs."
"LeashFree-Webflow-Backup-2026-05-26/02-cms-csv-exports/LeashFree.ca - Dog Parks - 683758b0a3f8a696dfc417b0.csv","cms-item","/dog-parks/dawson-park-off-leash-area","/dog-parks/dawson-park-off-leash-area/","Dog Parks","dawson-park-off-leash-area","inferred","Generated from CMS slug; verify against live Webflow URLs."
"LeashFree-Webflow-Backup-2026-05-26/02-cms-csv-exports/LeashFree.ca - Dog Parks - 683758b0a3f8a696dfc417b0.csv","cms-item","/dog-parks/deveaux-woods-state-park-dog-park","/dog-parks/deveaux-woods-state-park-dog-park/","Dog Parks","deveaux-woods-state-park-dog-park","inferred","Generated from CMS slug; verify against live Webflow URLs."
"LeashFree-Webflow-Backup-2026-05-26/02-cms-csv-exports/LeashFree.ca - Dog Parks - 683758b0a3f8a696dfc417b0.csv","cms-item","/dog-parks/deer-ridge-park","/dog-parks/deer-ridge-park/","Dog Parks","deer-ridge-park","inferred","Generated from CMS slug; verify against live Webflow URLs."
"LeashFree-Webflow-Backup-2026-05-26/02-cms-csv-exports/LeashFree.ca - Dog Parks - 683758b0a3f8a696dfc417b0.csv","cms-item","/dog-parks/devonian-harbour-dog-park","/dog-parks/devonian-harbour-dog-park/","Dog Parks","devonian-harbour-dog-park","inferred","Generated from CMS slug; verify against live Webflow URLs."
"LeashFree-Webflow-Backup-2026-05-26/02-cms-csv-exports/LeashFree.ca - Dog Parks - 683758b0a3f8a696dfc417b0.csv","cms-item","/dog-parks/diamond-jubilee-park","/dog-parks/diamond-jubilee-park/","Dog Parks","diamond-jubilee-park","inferred","Generated from CMS slug; verify against live Webflow URLs."
"LeashFree-Webflow-Backup-2026-05-26/02-cms-csv-exports/LeashFree.ca - Dog Parks - 683758b0a3f8a696dfc417b0.csv","cms-item","/dog-parks/diana-princess-of-wales-park-ladysmith","/dog-parks/diana-princess-of-wales-park-ladysmith/","Dog Parks","diana-princess-of-wales-park-ladysmith","inferred","Generated from CMS slug; verify against live Webflow URLs."
"LeashFree-Webflow-Backup-2026-05-26/02-cms-csv-exports/LeashFree.ca - Dog Parks - 683758b0a3f8a696dfc417b0.csv","cms-item","/dog-parks/dodger-dog-park","/dog-parks/dodger-dog-park/","Dog Parks","dodger-dog-park","inferred","Generated from CMS slug; verify against live Webflow URLs."
"LeashFree-Webflow-Backup-2026-05-26/02-cms-csv-exports/LeashFree.ca - Dog Parks - 683758b0a3f8a696dfc417b0.csv","cms-item","/dog-parks/dog-beach-white-rock","/dog-parks/dog-beach-white-rock/","Dog Parks","dog-beach-white-rock","inferred","Generated from CMS slug; verify against live Webflow URLs."
"LeashFree-Webflow-Backup-2026-05-26/02-cms-csv-exports/LeashFree.ca - Dog Parks - 683758b0a3f8a696dfc417b0.csv","cms-item","/dog-parks/dog-park-at-selkirk-park","/dog-parks/dog-park-at-selkirk-park/","Dog Parks","dog-park-at-selkirk-park","inferred","Generated from CMS slug; verify against live Webflow URLs."
"LeashFree-Webflow-Backup-2026-05-26/02-cms-csv-exports/LeashFree.ca - Dog Parks - 683758b0a3f8a696dfc417b0.csv","cms-item","/dog-parks/dog-relief-station-new-westminster","/dog-parks/dog-relief-station-new-westminster/","Dog Parks","dog-relief-station-new-westminster","inferred","Generated from CMS slug; verify against live Webflow URLs."
"LeashFree-Webflow-Backup-2026-05-26/02-cms-csv-exports/LeashFree.ca - Dog Parks - 683758b0a3f8a696dfc417b0.csv","cms-item","/dog-parks/dog-friendly-beach-island-22","/dog-parks/dog-friendly-beach-island-22/","Dog Parks","dog-friendly-beach-island-22","inferred","Generated from CMS slug; verify against live Webflow URLs."
"LeashFree-Webflow-Backup-2026-05-26/02-cms-csv-exports/LeashFree.ca - Dog Parks - 683758b0a3f8a696dfc417b0.csv","cms-item","/dog-parks/doggy-diamond-off-leash-park","/dog-parks/doggy-diamond-off-leash-park/","Dog Parks","doggy-diamond-off-leash-park","inferred","Generated from CMS slug; verify against live Webflow URLs."
"LeashFree-Webflow-Backup-2026-05-26/02-cms-csv-exports/LeashFree.ca - Dog Parks - 683758b0a3f8a696dfc417b0.csv","cms-item","/dog-parks/dogwood-park","/dog-parks/dogwood-park/","Dog Parks","dogwood-park","inferred","Generated from CMS slug; verify against live Webflow URLs."
"LeashFree-Webflow-Backup-2026-05-26/02-cms-csv-exports/LeashFree.ca - Dog Parks - 683758b0a3f8a696dfc417b0.csv","cms-item","/dog-parks/don-bayer-park","/dog-parks/don-bayer-park/","Dog Parks","don-bayer-park","inferred","Generated from CMS slug; verify against live Webflow URLs."
"LeashFree-Webflow-Backup-2026-05-26/02-cms-csv-exports/LeashFree.ca - Dog Parks - 683758b0a3f8a696dfc417b0.csv","cms-item","/dog-parks/don-boudria-park","/dog-parks/don-boudria-park/","Dog Parks","don-boudria-park","inferred","Generated from CMS slug; verify against live Webflow URLs."
"LeashFree-Webflow-Backup-2026-05-26/02-cms-csv-exports/LeashFree.ca - Dog Parks - 683758b0a3f8a696dfc417b0.csv","cms-item","/dog-parks/don-russell-memorial-park","/dog-parks/don-russell-memorial-park/","Dog Parks","don-russell-memorial-park","inferred","Generated from CMS slug; verify against live Webflow URLs."
"LeashFree-Webflow-Backup-2026-05-26/02-cms-csv-exports/LeashFree.ca - Dog Parks - 683758b0a3f8a696dfc417b0.csv","cms-item","/dog-parks/don-russell-memorial-park-etobicoke","/dog-parks/don-russell-memorial-park-etobicoke/","Dog Parks","don-russell-memorial-park-etobicoke","inferred","Generated from CMS slug; verify against live Webflow URLs."
"LeashFree-Webflow-Backup-2026-05-26/02-cms-csv-exports/LeashFree.ca - Dog Parks - 683758b0a3f8a696dfc417b0.csv","cms-item","/dog-parks/don-valley-brick-works","/dog-parks/don-valley-brick-works/","Dog Parks","don-valley-brick-works","inferred","Generated from CMS slug; verify against live Webflow URLs."
"LeashFree-Webflow-Backup-2026-05-26/02-cms-csv-exports/LeashFree.ca - Dog Parks - 683758b0a3f8a696dfc417b0.csv","cms-item","/dog-parks/douglasdale-off-leash-area","/dog-parks/douglasdale-off-leash-area/","Dog Parks","douglasdale-off-leash-area","inferred","Generated from CMS slug; verify against live Webflow URLs."
"LeashFree-Webflow-Backup-2026-05-26/02-cms-csv-exports/LeashFree.ca - Dog Parks - 683758b0a3f8a696dfc417b0.csv","cms-item","/dog-parks/allan-hogg-rotary-park","/dog-parks/allan-hogg-rotary-park/","Dog Parks","allan-hogg-rotary-park","inferred","Generated from CMS slug; verify against live Webflow URLs."
"LeashFree-Webflow-Backup-2026-05-26/02-cms-csv-exports/LeashFree.ca - Dog Parks - 683758b0a3f8a696dfc417b0.csv","cms-item","/dog-parks/duggan-park","/dog-parks/duggan-park/","Dog Parks","duggan-park","inferred","Generated from CMS slug; verify against live Webflow URLs."
"LeashFree-Webflow-Backup-2026-05-26/02-cms-csv-exports/LeashFree.ca - Dog Parks - 683758b0a3f8a696dfc417b0.csv","cms-item","/dog-parks/duggan-park-kelowna","/dog-parks/duggan-park-kelowna/","Dog Parks","duggan-park-kelowna","inferred","Generated from CMS slug; verify against live Webflow URLs."
"LeashFree-Webflow-Backup-2026-05-26/02-cms-csv-exports/LeashFree.ca - Dog Parks - 683758b0a3f8a696dfc417b0.csv","cms-item","/dog-parks/dunmoore-park-pickering","/dog-parks/dunmoore-park-pickering/","Dog Parks","dunmoore-park-pickering","inferred","Generated from CMS slug; verify against live Webflow URLs."
"LeashFree-Webflow-Backup-2026-05-26/02-cms-csv-exports/LeashFree.ca - Dog Parks - 683758b0a3f8a696dfc417b0.csv","cms-item","/dog-parks/dusty-greenwell-dog-park-vancouver","/dog-parks/dusty-greenwell-dog-park-vancouver/","Dog Parks","dusty-greenwell-dog-park-vancouver","inferred","Generated from CMS slug; verify against live Webflow URLs."
"LeashFree-Webflow-Backup-2026-05-26/02-cms-csv-exports/LeashFree.ca - Dog Parks - 683758b0a3f8a696dfc417b0.csv","cms-item","/dog-parks/earl-bales-park","/dog-parks/earl-bales-park/","Dog Parks","earl-bales-park","inferred","Generated from CMS slug; verify against live Webflow URLs."
"LeashFree-Webflow-Backup-2026-05-26/02-cms-csv-exports/LeashFree.ca - Dog Parks - 683758b0a3f8a696dfc417b0.csv","cms-item","/dog-parks/east-end-paw-park","/dog-parks/east-end-paw-park/","Dog Parks","east-end-paw-park","inferred","Generated from CMS slug; verify against live Webflow URLs."
"LeashFree-Webflow-Backup-2026-05-26/02-cms-csv-exports/LeashFree.ca - Dog Parks - 683758b0a3f8a696dfc417b0.csv","cms-item","/dog-parks/east-village-dog-park","/dog-parks/east-village-dog-park/","Dog Parks","east-village-dog-park","inferred","Generated from CMS slug; verify against live Webflow URLs."
"LeashFree-Webflow-Backup-2026-05-26/02-cms-csv-exports/LeashFree.ca - Dog Parks - 683758b0a3f8a696dfc417b0.csv","cms-item","/dog-parks/east-zwicks-centennial-park","/dog-parks/east-zwicks-centennial-park/","Dog Parks","east-zwicks-centennial-park","inferred","Generated from CMS slug; verify against live Webflow URLs."
"LeashFree-Webflow-Backup-2026-05-26/02-cms-csv-exports/LeashFree.ca - Dog Parks - 683758b0a3f8a696dfc417b0.csv","cms-item","/dog-parks/eastview-community-park-guelph","/dog-parks/eastview-community-park-guelph/","Dog Parks","eastview-community-park-guelph","inferred","Generated from CMS slug; verify against live Webflow URLs."
"LeashFree-Webflow-Backup-2026-05-26/02-cms-csv-exports/LeashFree.ca - Dog Parks - 683758b0a3f8a696dfc417b0.csv","cms-item","/dog-parks/echo-dale-regional-park","/dog-parks/echo-dale-regional-park/","Dog Parks","echo-dale-regional-park","inferred","Generated from CMS slug; verify against live Webflow URLs."
"LeashFree-Webflow-Backup-2026-05-26/02-cms-csv-exports/LeashFree.ca - Dog Parks - 683758b0a3f8a696dfc417b0.csv","cms-item","/dog-parks/edgemont-area-1-off-leash-dog-park","/dog-parks/edgemont-area-1-off-leash-dog-park/","Dog Parks","edgemont-area-1-off-leash-dog-park","inferred","Generated from CMS slug; verify against live Webflow URLs."
"LeashFree-Webflow-Backup-2026-05-26/02-cms-csv-exports/LeashFree.ca - Dog Parks - 683758b0a3f8a696dfc417b0.csv","cms-item","/dog-parks/edworthy-park","/dog-parks/edworthy-park/","Dog Parks","edworthy-park","inferred","Generated from CMS slug; verify against live Webflow URLs."
"LeashFree-Webflow-Backup-2026-05-26/02-cms-csv-exports/LeashFree.ca - Dog Parks - 683758b0a3f8a696dfc417b0.csv","cms-item","/dog-parks/elbow-park-off-leash-area","/dog-parks/elbow-park-off-leash-area/","Dog Parks","elbow-park-off-leash-area","inferred","Generated from CMS slug; verify against live Webflow URLs."
"LeashFree-Webflow-Backup-2026-05-26/02-cms-csv-exports/LeashFree.ca - Dog Parks - 683758b0a3f8a696dfc417b0.csv","cms-item","/dog-parks/elboya-off-leash-area","/dog-parks/elboya-off-leash-area/","Dog Parks","elboya-off-leash-area","inferred","Generated from CMS slug; verify against live Webflow URLs."
"LeashFree-Webflow-Backup-2026-05-26/02-cms-csv-exports/LeashFree.ca - Dog Parks - 683758b0a3f8a696dfc417b0.csv","cms-item","/dog-parks/elliots-beach-park-ladysmith","/dog-parks/elliots-beach-park-ladysmith/","Dog Parks","elliots-beach-park-ladysmith","inferred","Generated from CMS slug; verify against live Webflow URLs."
"LeashFree-Webflow-Backup-2026-05-26/02-cms-csv-exports/LeashFree.ca - Dog Parks - 683758b0a3f8a696dfc417b0.csv","cms-item","/dog-parks/ellison-dog-park-kelowna","/dog-parks/ellison-dog-park-kelowna/","Dog Parks","ellison-dog-park-kelowna","inferred","Generated from CMS slug; verify against live Webflow URLs."
"LeashFree-Webflow-Backup-2026-05-26/02-cms-csv-exports/LeashFree.ca - Dog Parks - 683758b0a3f8a696dfc417b0.csv","cms-item","/dog-parks/emery-barnes-dog-park","/dog-parks/emery-barnes-dog-park/","Dog Parks","emery-barnes-dog-park","inferred","Generated from CMS slug; verify against live Webflow URLs."
"LeashFree-Webflow-Backup-2026-05-26/02-cms-csv-exports/LeashFree.ca - Dog Parks - 683758b0a3f8a696dfc417b0.csv","cms-item","/dog-parks/etobicoke-valley-dog-park","/dog-parks/etobicoke-valley-dog-park/","Dog Parks","etobicoke-valley-dog-park","inferred","Generated from CMS slug; verify against live Webflow URLs."
"LeashFree-Webflow-Backup-2026-05-26/02-cms-csv-exports/LeashFree.ca - Dog Parks - 683758b0a3f8a696dfc417b0.csv","cms-item","/dog-parks/evanston-dog-park","/dog-parks/evanston-dog-park/","Dog Parks","evanston-dog-park","inferred","Generated from CMS slug; verify against live Webflow URLs."
"LeashFree-Webflow-Backup-2026-05-26/02-cms-csv-exports/LeashFree.ca - Dog Parks - 683758b0a3f8a696dfc417b0.csv","cms-item","/dog-parks/everett-crowley-dog-park","/dog-parks/everett-crowley-dog-park/","Dog Parks","everett-crowley-dog-park","inferred","Generated from CMS slug; verify against live Webflow URLs."
"LeashFree-Webflow-Backup-2026-05-26/02-cms-csv-exports/LeashFree.ca - Dog Parks - 683758b0a3f8a696dfc417b0.csv","cms-item","/dog-parks/fairfield-park-chilliwack","/dog-parks/fairfield-park-chilliwack/","Dog Parks","fairfield-park-chilliwack","inferred","Generated from CMS slug; verify against live Webflow URLs."
"LeashFree-Webflow-Backup-2026-05-26/02-cms-csv-exports/LeashFree.ca - Dog Parks - 683758b0a3f8a696dfc417b0.csv","cms-item","/dog-parks/falaise-park-dog-park","/dog-parks/falaise-park-dog-park/","Dog Parks","falaise-park-dog-park","inferred","Generated from CMS slug; verify against live Webflow URLs."
"LeashFree-Webflow-Backup-2026-05-26/02-cms-csv-exports/LeashFree.ca - Dog Parks - 683758b0a3f8a696dfc417b0.csv","cms-item","/dog-parks/falaise-dog-park","/dog-parks/falaise-dog-park/","Dog Parks","falaise-dog-park","inferred","Generated from CMS slug; verify against live Webflow URLs."
"LeashFree-Webflow-Backup-2026-05-26/02-cms-csv-exports/LeashFree.ca - Dog Parks - 683758b0a3f8a696dfc417b0.csv","cms-item","/dog-parks/falaise-dog-park-vancouver","/dog-parks/falaise-dog-park-vancouver/","Dog Parks","falaise-dog-park-vancouver","inferred","Generated from CMS slug; verify against live Webflow URLs."
"LeashFree-Webflow-Backup-2026-05-26/02-cms-csv-exports/LeashFree.ca - Dog Parks - 683758b0a3f8a696dfc417b0.csv","cms-item","/dog-parks/firemens-park","/dog-parks/firemens-park/","Dog Parks","firemens-park","inferred","Generated from CMS slug; verify against live Webflow URLs."
"LeashFree-Webflow-Backup-2026-05-26/02-cms-csv-exports/LeashFree.ca - Dog Parks - 683758b0a3f8a696dfc417b0.csv","cms-item","/dog-parks/fish-creek-marshall-votiers","/dog-parks/fish-creek-marshall-votiers/","Dog Parks","fish-creek-marshall-votiers","inferred","Generated from CMS slug; verify against live Webflow URLs."
"LeashFree-Webflow-Backup-2026-05-26/02-cms-csv-exports/LeashFree.ca - Dog Parks - 683758b0a3f8a696dfc417b0.csv","cms-item","/dog-parks/fish-creek-provincial-park-off-leash-area","/dog-parks/fish-creek-provincial-park-off-leash-area/","Dog Parks","fish-creek-provincial-park-off-leash-area","inferred","Generated from CMS slug; verify against live Webflow URLs."
"LeashFree-Webflow-Backup-2026-05-26/02-cms-csv-exports/LeashFree.ca - Dog Parks - 683758b0a3f8a696dfc417b0.csv","cms-item","/dog-parks/fort-needham-memorial-park","/dog-parks/fort-needham-memorial-park/","Dog Parks","fort-needham-memorial-park","inferred","Generated from CMS slug; verify against live Webflow URLs."
"LeashFree-Webflow-Backup-2026-05-26/02-cms-csv-exports/LeashFree.ca - Dog Parks - 683758b0a3f8a696dfc417b0.csv","cms-item","/dog-parks/frank-faubert-wood-lot","/dog-parks/frank-faubert-wood-lot/","Dog Parks","frank-faubert-wood-lot","inferred","Generated from CMS slug; verify against live Webflow URLs."
"LeashFree-Webflow-Backup-2026-05-26/02-cms-csv-exports/LeashFree.ca - Dog Parks - 683758b0a3f8a696dfc417b0.csv","cms-item","/dog-parks/fraser-river-dog-park","/dog-parks/fraser-river-dog-park/","Dog Parks","fraser-river-dog-park","inferred","Generated from CMS slug; verify against live Webflow URLs."
"LeashFree-Webflow-Backup-2026-05-26/02-cms-csv-exports/LeashFree.ca - Dog Parks - 683758b0a3f8a696dfc417b0.csv","cms-item","/dog-parks/fraserview-golf-course-vancouver","/dog-parks/fraserview-golf-course-vancouver/","Dog Parks","fraserview-golf-course-vancouver","inferred","Generated from CMS slug; verify against live Webflow URLs."
"LeashFree-Webflow-Backup-2026-05-26/02-cms-csv-exports/LeashFree.ca - Dog Parks - 683758b0a3f8a696dfc417b0.csv","cms-item","/dog-parks/fred-mendel-dog-park","/dog-parks/fred-mendel-dog-park/","Dog Parks","fred-mendel-dog-park","inferred","Generated from CMS slug; verify against live Webflow URLs."
"LeashFree-Webflow-Backup-2026-05-26/02-cms-csv-exports/LeashFree.ca - Dog Parks - 683758b0a3f8a696dfc417b0.csv","cms-item","/dog-parks/gallinger-park-cornwall","/dog-parks/gallinger-park-cornwall/","Dog Parks","gallinger-park-cornwall","inferred","Generated from CMS slug; verify against live Webflow URLs."
"LeashFree-Webflow-Backup-2026-05-26/02-cms-csv-exports/LeashFree.ca - Dog Parks - 683758b0a3f8a696dfc417b0.csv","cms-item","/dog-parks/garnetwood-park","/dog-parks/garnetwood-park/","Dog Parks","garnetwood-park","inferred","Generated from CMS slug; verify against live Webflow URLs."
"LeashFree-Webflow-Backup-2026-05-26/02-cms-csv-exports/LeashFree.ca - Dog Parks - 683758b0a3f8a696dfc417b0.csv","cms-item","/dog-parks/george-lippert-park","/dog-parks/george-lippert-park/","Dog Parks","george-lippert-park","inferred","Generated from CMS slug; verify against live Webflow URLs."
"LeashFree-Webflow-Backup-2026-05-26/02-cms-csv-exports/LeashFree.ca - Dog Parks - 683758b0a3f8a696dfc417b0.csv","cms-item","/dog-parks/george-dog-park-vancouver","/dog-parks/george-dog-park-vancouver/","Dog Parks","george-dog-park-vancouver","inferred","Generated from CMS slug; verify against live Webflow URLs."
"LeashFree-Webflow-Backup-2026-05-26/02-cms-csv-exports/LeashFree.ca - Dog Parks - 683758b0a3f8a696dfc417b0.csv","cms-item","/dog-parks/gerrard-carlaw-parkette","/dog-parks/gerrard-carlaw-parkette/","Dog Parks","gerrard-carlaw-parkette","inferred","Generated from CMS slug; verify against live Webflow URLs."
"LeashFree-Webflow-Backup-2026-05-26/02-cms-csv-exports/LeashFree.ca - Dog Parks - 683758b0a3f8a696dfc417b0.csv","cms-item","/dog-parks/gimli-off-leash-dog-park","/dog-parks/gimli-off-leash-dog-park/","Dog Parks","gimli-off-leash-dog-park","inferred","Generated from CMS slug; verify against live Webflow URLs."
"LeashFree-Webflow-Backup-2026-05-26/02-cms-csv-exports/LeashFree.ca - Dog Parks - 683758b0a3f8a696dfc417b0.csv","cms-item","/dog-parks/glamorgan-off-leash-area","/dog-parks/glamorgan-off-leash-area/","Dog Parks","glamorgan-off-leash-area","inferred","Generated from CMS slug; verify against live Webflow URLs."
"LeashFree-Webflow-Backup-2026-05-26/02-cms-csv-exports/LeashFree.ca - Dog Parks - 683758b0a3f8a696dfc417b0.csv","cms-item","/dog-parks/glen-park","/dog-parks/glen-park/","Dog Parks","glen-park","inferred","Generated from CMS slug; verify against live Webflow URLs."
"LeashFree-Webflow-Backup-2026-05-26/02-cms-csv-exports/LeashFree.ca - Dog Parks - 683758b0a3f8a696dfc417b0.csv","cms-item","/dog-parks/glenashton-park","/dog-parks/glenashton-park/","Dog Parks","glenashton-park","inferred","Generated from CMS slug; verify against live Webflow URLs."
"LeashFree-Webflow-Backup-2026-05-26/02-cms-csv-exports/LeashFree.ca - Dog Parks - 683758b0a3f8a696dfc417b0.csv","cms-item","/dog-parks/glenmore-dam-off-leash-area","/dog-parks/glenmore-dam-off-leash-area/","Dog Parks","glenmore-dam-off-leash-area","inferred","Generated from CMS slug; verify against live Webflow URLs."
"LeashFree-Webflow-Backup-2026-05-26/02-cms-csv-exports/LeashFree.ca - Dog Parks - 683758b0a3f8a696dfc417b0.csv","cms-item","/dog-parks/gold-bar-park-off-leash-area","/dog-parks/gold-bar-park-off-leash-area/","Dog Parks","gold-bar-park-off-leash-area","inferred","Generated from CMS slug; verify against live Webflow URLs."
"LeashFree-Webflow-Backup-2026-05-26/02-cms-csv-exports/LeashFree.ca - Dog Parks - 683758b0a3f8a696dfc417b0.csv","cms-item","/dog-parks/gourlay-janes-park","/dog-parks/gourlay-janes-park/","Dog Parks","gourlay-janes-park","inferred","Generated from CMS slug; verify against live Webflow URLs."
"LeashFree-Webflow-Backup-2026-05-26/02-cms-csv-exports/LeashFree.ca - Dog Parks - 683758b0a3f8a696dfc417b0.csv","cms-item","/dog-parks/grand-avenue-park","/dog-parks/grand-avenue-park/","Dog Parks","grand-avenue-park","inferred","Generated from CMS slug; verify against live Webflow URLs."
"LeashFree-Webflow-Backup-2026-05-26/02-cms-csv-exports/LeashFree.ca - Dog Parks - 683758b0a3f8a696dfc417b0.csv","cms-item","/dog-parks/grand-valley-park-pickering","/dog-parks/grand-valley-park-pickering/","Dog Parks","grand-valley-park-pickering","inferred","Generated from CMS slug; verify against live Webflow URLs."
"LeashFree-Webflow-Backup-2026-05-26/02-cms-csv-exports/LeashFree.ca - Dog Parks - 683758b0a3f8a696dfc417b0.csv","cms-item","/dog-parks/grange-park","/dog-parks/grange-park/","Dog Parks","grange-park","inferred","Generated from CMS slug; verify against live Webflow URLs."
"LeashFree-Webflow-Backup-2026-05-26/02-cms-csv-exports/LeashFree.ca - Dog Parks - 683758b0a3f8a696dfc417b0.csv","cms-item","/dog-parks/greenhill-bowl-park","/dog-parks/greenhill-bowl-park/","Dog Parks","greenhill-bowl-park","inferred","Generated from CMS slug; verify against live Webflow URLs."
"LeashFree-Webflow-Backup-2026-05-26/02-cms-csv-exports/LeashFree.ca - Dog Parks - 683758b0a3f8a696dfc417b0.csv","cms-item","/dog-parks/greenwood-conservation-area","/dog-parks/greenwood-conservation-area/","Dog Parks","greenwood-conservation-area","inferred","Generated from CMS slug; verify against live Webflow URLs."
"LeashFree-Webflow-Backup-2026-05-26/02-cms-csv-exports/LeashFree.ca - Dog Parks - 683758b0a3f8a696dfc417b0.csv","cms-item","/dog-parks/greenwood-park","/dog-parks/greenwood-park/","Dog Parks","greenwood-park","inferred","Generated from CMS slug; verify against live Webflow URLs."
"LeashFree-Webflow-Backup-2026-05-26/02-cms-csv-exports/LeashFree.ca - Dog Parks - 683758b0a3f8a696dfc417b0.csv","cms-item","/dog-parks/guindon-park-cornwall","/dog-parks/guindon-park-cornwall/","Dog Parks","guindon-park-cornwall","inferred","Generated from CMS slug; verify against live Webflow URLs."
"LeashFree-Webflow-Backup-2026-05-26/02-cms-csv-exports/LeashFree.ca - Dog Parks - 683758b0a3f8a696dfc417b0.csv","cms-item","/dog-parks/hadden-dog-park","/dog-parks/hadden-dog-park/","Dog Parks","hadden-dog-park","inferred","Generated from CMS slug; verify against live Webflow URLs."
"LeashFree-Webflow-Backup-2026-05-26/02-cms-csv-exports/LeashFree.ca - Dog Parks - 683758b0a3f8a696dfc417b0.csv","cms-item","/dog-parks/halifax-common","/dog-parks/halifax-common/","Dog Parks","halifax-common","inferred","Generated from CMS slug; verify against live Webflow URLs."
"LeashFree-Webflow-Backup-2026-05-26/02-cms-csv-exports/LeashFree.ca - Dog Parks - 683758b0a3f8a696dfc417b0.csv","cms-item","/dog-parks/hamilton-beach","/dog-parks/hamilton-beach/","Dog Parks","hamilton-beach","inferred","Generated from CMS slug; verify against live Webflow URLs."
"LeashFree-Webflow-Backup-2026-05-26/02-cms-csv-exports/LeashFree.ca - Dog Parks - 683758b0a3f8a696dfc417b0.csv","cms-item","/dog-parks/hammond-dog-off-leash-area","/dog-parks/hammond-dog-off-leash-area/","Dog Parks","hammond-dog-off-leash-area","inferred","Generated from CMS slug; verify against live Webflow URLs."
"LeashFree-Webflow-Backup-2026-05-26/02-cms-csv-exports/LeashFree.ca - Dog Parks - 683758b0a3f8a696dfc417b0.csv","cms-item","/dog-parks/hampton-dog-park","/dog-parks/hampton-dog-park/","Dog Parks","hampton-dog-park","inferred","Generated from CMS slug; verify against live Webflow URLs."
"LeashFree-Webflow-Backup-2026-05-26/02-cms-csv-exports/LeashFree.ca - Dog Parks - 683758b0a3f8a696dfc417b0.csv","cms-item","/dog-parks/hampton-dog-park-89f0c","/dog-parks/hampton-dog-park-89f0c/","Dog Parks","hampton-dog-park-89f0c","inferred","Generated from CMS slug; verify against live Webflow URLs."
"LeashFree-Webflow-Backup-2026-05-26/02-cms-csv-exports/LeashFree.ca - Dog Parks - 683758b0a3f8a696dfc417b0.csv","cms-item","/dog-parks/hanbury-hill-pooch-park","/dog-parks/hanbury-hill-pooch-park/","Dog Parks","hanbury-hill-pooch-park","inferred","Generated from CMS slug; verify against live Webflow URLs."
"LeashFree-Webflow-Backup-2026-05-26/02-cms-csv-exports/LeashFree.ca - Dog Parks - 683758b0a3f8a696dfc417b0.csv","cms-item","/dog-parks/hanna-park-dog-park-quinte-west","/dog-parks/hanna-park-dog-park-quinte-west/","Dog Parks","hanna-park-dog-park-quinte-west","inferred","Generated from CMS slug; verify against live Webflow URLs."
"LeashFree-Webflow-Backup-2026-05-26/02-cms-csv-exports/LeashFree.ca - Dog Parks - 683758b0a3f8a696dfc417b0.csv","cms-item","/dog-parks/harbourview-park","/dog-parks/harbourview-park/","Dog Parks","harbourview-park","inferred","Generated from CMS slug; verify against live Webflow URLs."
"LeashFree-Webflow-Backup-2026-05-26/02-cms-csv-exports/LeashFree.ca - Dog Parks - 683758b0a3f8a696dfc417b0.csv","cms-item","/dog-parks/oshawa-harmony-valley-park","/dog-parks/oshawa-harmony-valley-park/","Dog Parks","oshawa-harmony-valley-park","inferred","Generated from CMS slug; verify against live Webflow URLs."
"LeashFree-Webflow-Backup-2026-05-26/02-cms-csv-exports/LeashFree.ca - Dog Parks - 683758b0a3f8a696dfc417b0.csv","cms-item","/dog-parks/harmony-valley-park","/dog-parks/harmony-valley-park/","Dog Parks","harmony-valley-park","inferred","Generated from CMS slug; verify against live Webflow URLs."
"LeashFree-Webflow-Backup-2026-05-26/02-cms-csv-exports/LeashFree.ca - Dog Parks - 683758b0a3f8a696dfc417b0.csv","cms-item","/dog-parks/harvey-park","/dog-parks/harvey-park/","Dog Parks","harvey-park","inferred","Generated from CMS slug; verify against live Webflow URLs."
"LeashFree-Webflow-Backup-2026-05-26/02-cms-csv-exports/LeashFree.ca - Dog Parks - 683758b0a3f8a696dfc417b0.csv","cms-item","/dog-parks/hawrelak-trail-off-leash-area","/dog-parks/hawrelak-trail-off-leash-area/","Dog Parks","hawrelak-trail-off-leash-area","inferred","Generated from CMS slug; verify against live Webflow URLs."
"LeashFree-Webflow-Backup-2026-05-26/02-cms-csv-exports/LeashFree.ca - Dog Parks - 683758b0a3f8a696dfc417b0.csv","cms-item","/dog-parks/heber-down-conservation-area","/dog-parks/heber-down-conservation-area/","Dog Parks","heber-down-conservation-area","inferred","Generated from CMS slug; verify against live Webflow URLs."
"LeashFree-Webflow-Backup-2026-05-26/02-cms-csv-exports/LeashFree.ca - Dog Parks - 683758b0a3f8a696dfc417b0.csv","cms-item","/dog-parks/hemlock-ravine-park","/dog-parks/hemlock-ravine-park/","Dog Parks","hemlock-ravine-park","inferred","Generated from CMS slug; verify against live Webflow URLs."
"LeashFree-Webflow-Backup-2026-05-26/02-cms-csv-exports/LeashFree.ca - Dog Parks - 683758b0a3f8a696dfc417b0.csv","cms-item","/dog-parks/henry-street-dog-park","/dog-parks/henry-street-dog-park/","Dog Parks","henry-street-dog-park","inferred","Generated from CMS slug; verify against live Webflow URLs."
"LeashFree-Webflow-Backup-2026-05-26/02-cms-csv-exports/LeashFree.ca - Dog Parks - 683758b0a3f8a696dfc417b0.csv","cms-item","/dog-parks/hermitage-park","/dog-parks/hermitage-park/","Dog Parks","hermitage-park","inferred","Generated from CMS slug; verify against live Webflow URLs."
"LeashFree-Webflow-Backup-2026-05-26/02-cms-csv-exports/LeashFree.ca - Dog Parks - 683758b0a3f8a696dfc417b0.csv","cms-item","/dog-parks/hermitage-park-off-leash-area","/dog-parks/hermitage-park-off-leash-area/","Dog Parks","hermitage-park-off-leash-area","inferred","Generated from CMS slug; verify against live Webflow URLs."
"LeashFree-Webflow-Backup-2026-05-26/02-cms-csv-exports/LeashFree.ca - Dog Parks - 683758b0a3f8a696dfc417b0.csv","cms-item","/dog-parks/hidden-valley-area-2-off-leash-dog-park","/dog-parks/hidden-valley-area-2-off-leash-dog-park/","Dog Parks","hidden-valley-area-2-off-leash-dog-park","inferred","Generated from CMS slug; verify against live Webflow URLs."
"LeashFree-Webflow-Backup-2026-05-26/02-cms-csv-exports/LeashFree.ca - Dog Parks - 683758b0a3f8a696dfc417b0.csv","cms-item","/dog-parks/hidden-valley-park","/dog-parks/hidden-valley-park/","Dog Parks","hidden-valley-park","inferred","Generated from CMS slug; verify against live Webflow URLs."
"LeashFree-Webflow-Backup-2026-05-26/02-cms-csv-exports/LeashFree.ca - Dog Parks - 683758b0a3f8a696dfc417b0.csv","cms-item","/dog-parks/hideaway-park","/dog-parks/hideaway-park/","Dog Parks","hideaway-park","inferred","Generated from CMS slug; verify against live Webflow URLs."
"LeashFree-Webflow-Backup-2026-05-26/02-cms-csv-exports/LeashFree.ca - Dog Parks - 683758b0a3f8a696dfc417b0.csv","cms-item","/dog-parks/high-park","/dog-parks/high-park/","Dog Parks","high-park","inferred","Generated from CMS slug; verify against live Webflow URLs."
"LeashFree-Webflow-Backup-2026-05-26/02-cms-csv-exports/LeashFree.ca - Dog Parks - 683758b0a3f8a696dfc417b0.csv","cms-item","/dog-parks/hillcrest-park","/dog-parks/hillcrest-park/","Dog Parks","hillcrest-park","inferred","Generated from CMS slug; verify against live Webflow URLs."
"LeashFree-Webflow-Backup-2026-05-26/02-cms-csv-exports/LeashFree.ca - Dog Parks - 683758b0a3f8a696dfc417b0.csv","cms-item","/dog-parks/hinge-park-dog-park","/dog-parks/hinge-park-dog-park/","Dog Parks","hinge-park-dog-park","inferred","Generated from CMS slug; verify against live Webflow URLs."
"LeashFree-Webflow-Backup-2026-05-26/02-cms-csv-exports/LeashFree.ca - Dog Parks - 683758b0a3f8a696dfc417b0.csv","cms-item","/dog-parks/holland-creek-trail-head-ladysmith","/dog-parks/holland-creek-trail-head-ladysmith/","Dog Parks","holland-creek-trail-head-ladysmith","inferred","Generated from CMS slug; verify against live Webflow URLs."
"LeashFree-Webflow-Backup-2026-05-26/02-cms-csv-exports/LeashFree.ca - Dog Parks - 683758b0a3f8a696dfc417b0.csv","cms-item","/dog-parks/horizon-station-off-leash-dog-park","/dog-parks/horizon-station-off-leash-dog-park/","Dog Parks","horizon-station-off-leash-dog-park","inferred","Generated from CMS slug; verify against live Webflow URLs."
"LeashFree-Webflow-Backup-2026-05-26/02-cms-csv-exports/LeashFree.ca - Dog Parks - 683758b0a3f8a696dfc417b0.csv","cms-item","/dog-parks/horovitz-park-cornwall","/dog-parks/horovitz-park-cornwall/","Dog Parks","horovitz-park-cornwall","inferred","Generated from CMS slug; verify against live Webflow URLs."
"LeashFree-Webflow-Backup-2026-05-26/02-cms-csv-exports/LeashFree.ca - Dog Parks - 683758b0a3f8a696dfc417b0.csv","cms-item","/dog-parks/humber-bay-park-west","/dog-parks/humber-bay-park-west/","Dog Parks","humber-bay-park-west","inferred","Generated from CMS slug; verify against live Webflow URLs."
"LeashFree-Webflow-Backup-2026-05-26/02-cms-csv-exports/LeashFree.ca - Dog Parks - 683758b0a3f8a696dfc417b0.csv","cms-item","/dog-parks/humber-bay-park-west-etobicoke","/dog-parks/humber-bay-park-west-etobicoke/","Dog Parks","humber-bay-park-west-etobicoke","inferred","Generated from CMS slug; verify against live Webflow URLs."
"LeashFree-Webflow-Backup-2026-05-26/02-cms-csv-exports/LeashFree.ca - Dog Parks - 683758b0a3f8a696dfc417b0.csv","cms-item","/dog-parks/hume-park","/dog-parks/hume-park/","Dog Parks","hume-park","inferred","Generated from CMS slug; verify against live Webflow URLs."
"LeashFree-Webflow-Backup-2026-05-26/02-cms-csv-exports/LeashFree.ca - Dog Parks - 683758b0a3f8a696dfc417b0.csv","cms-item","/dog-parks/hyde-park-dog-park","/dog-parks/hyde-park-dog-park/","Dog Parks","hyde-park-dog-park","inferred","Generated from CMS slug; verify against live Webflow URLs."
"LeashFree-Webflow-Backup-2026-05-26/02-cms-csv-exports/LeashFree.ca - Dog Parks - 683758b0a3f8a696dfc417b0.csv","cms-item","/dog-parks/idlewood-park","/dog-parks/idlewood-park/","Dog Parks","idlewood-park","inferred","Generated from CMS slug; verify against live Webflow URLs."
"LeashFree-Webflow-Backup-2026-05-26/02-cms-csv-exports/LeashFree.ca - Dog Parks - 683758b0a3f8a696dfc417b0.csv","cms-item","/dog-parks/irving-big-stop-bark-park","/dog-parks/irving-big-stop-bark-park/","Dog Parks","irving-big-stop-bark-park","inferred","Generated from CMS slug; verify against live Webflow URLs."
"LeashFree-Webflow-Backup-2026-05-26/02-cms-csv-exports/LeashFree.ca - Dog Parks - 683758b0a3f8a696dfc417b0.csv","cms-item","/dog-parks/island-22-dog-park","/dog-parks/island-22-dog-park/","Dog Parks","island-22-dog-park","inferred","Generated from CMS slug; verify against live Webflow URLs."
"LeashFree-Webflow-Backup-2026-05-26/02-cms-csv-exports/LeashFree.ca - Dog Parks - 683758b0a3f8a696dfc417b0.csv","cms-item","/dog-parks/jack-darling-park","/dog-parks/jack-darling-park/","Dog Parks","jack-darling-park","inferred","Generated from CMS slug; verify against live Webflow URLs."
"LeashFree-Webflow-Backup-2026-05-26/02-cms-csv-exports/LeashFree.ca - Dog Parks - 683758b0a3f8a696dfc417b0.csv","cms-item","/dog-parks/jack-purcell-dog-park","/dog-parks/jack-purcell-dog-park/","Dog Parks","jack-purcell-dog-park","inferred","Generated from CMS slug; verify against live Webflow URLs."
"LeashFree-Webflow-Backup-2026-05-26/02-cms-csv-exports/LeashFree.ca - Dog Parks - 683758b0a3f8a696dfc417b0.csv","cms-item","/dog-parks/jackie-parker-park-off-leash-area","/dog-parks/jackie-parker-park-off-leash-area/","Dog Parks","jackie-parker-park-off-leash-area","inferred","Generated from CMS slug; verify against live Webflow URLs."
"LeashFree-Webflow-Backup-2026-05-26/02-cms-csv-exports/LeashFree.ca - Dog Parks - 683758b0a3f8a696dfc417b0.csv","cms-item","/dog-parks/jerome-neighbourhood-park","/dog-parks/jerome-neighbourhood-park/","Dog Parks","jerome-neighbourhood-park","inferred","Generated from CMS slug; verify against live Webflow URLs."
"LeashFree-Webflow-Backup-2026-05-26/02-cms-csv-exports/LeashFree.ca - Dog Parks - 683758b0a3f8a696dfc417b0.csv","cms-item","/dog-parks/jerry-sulina-park-maple-ridge","/dog-parks/jerry-sulina-park-maple-ridge/","Dog Parks","jerry-sulina-park-maple-ridge","inferred","Generated from CMS slug; verify against live Webflow URLs."
"LeashFree-Webflow-Backup-2026-05-26/02-cms-csv-exports/LeashFree.ca - Dog Parks - 683758b0a3f8a696dfc417b0.csv","cms-item","/dog-parks/jinkerson-dog-park","/dog-parks/jinkerson-dog-park/","Dog Parks","jinkerson-dog-park","inferred","Generated from CMS slug; verify against live Webflow URLs."
"LeashFree-Webflow-Backup-2026-05-26/02-cms-csv-exports/LeashFree.ca - Dog Parks - 683758b0a3f8a696dfc417b0.csv","cms-item","/dog-parks/joe-veroni-park","/dog-parks/joe-veroni-park/","Dog Parks","joe-veroni-park","inferred","Generated from CMS slug; verify against live Webflow URLs."
"LeashFree-Webflow-Backup-2026-05-26/02-cms-csv-exports/LeashFree.ca - Dog Parks - 683758b0a3f8a696dfc417b0.csv","cms-item","/dog-parks/john-hendry-dog-park","/dog-parks/john-hendry-dog-park/","Dog Parks","john-hendry-dog-park","inferred","Generated from CMS slug; verify against live Webflow URLs."
"LeashFree-Webflow-Backup-2026-05-26/02-cms-csv-exports/LeashFree.ca - Dog Parks - 683758b0a3f8a696dfc417b0.csv","cms-item","/dog-parks/john-rebecca-park","/dog-parks/john-rebecca-park/","Dog Parks","john-rebecca-park","inferred","Generated from CMS slug; verify against live Webflow URLs."
"LeashFree-Webflow-Backup-2026-05-26/02-cms-csv-exports/LeashFree.ca - Dog Parks - 683758b0a3f8a696dfc417b0.csv","cms-item","/dog-parks/jones-dog-park-vancouver","/dog-parks/jones-dog-park-vancouver/","Dog Parks","jones-dog-park-vancouver","inferred","Generated from CMS slug; verify against live Webflow URLs."
"LeashFree-Webflow-Backup-2026-05-26/02-cms-csv-exports/LeashFree.ca - Dog Parks - 683758b0a3f8a696dfc417b0.csv","cms-item","/dog-parks/kew-gardens","/dog-parks/kew-gardens/","Dog Parks","kew-gardens","inferred","Generated from CMS slug; verify against live Webflow URLs."
"LeashFree-Webflow-Backup-2026-05-26/02-cms-csv-exports/LeashFree.ca - Dog Parks - 683758b0a3f8a696dfc417b0.csv","cms-item","/dog-parks/kilcona-park","/dog-parks/kilcona-park/","Dog Parks","kilcona-park","inferred","Generated from CMS slug; verify against live Webflow URLs."
"LeashFree-Webflow-Backup-2026-05-26/02-cms-csv-exports/LeashFree.ca - Dog Parks - 683758b0a3f8a696dfc417b0.csv","cms-item","/dog-parks/killarney-off-leash-area","/dog-parks/killarney-off-leash-area/","Dog Parks","killarney-off-leash-area","inferred","Generated from CMS slug; verify against live Webflow URLs."
"LeashFree-Webflow-Backup-2026-05-26/02-cms-csv-exports/LeashFree.ca - Dog Parks - 683758b0a3f8a696dfc417b0.csv","cms-item","/dog-parks/killarney-park-dog-park","/dog-parks/killarney-park-dog-park/","Dog Parks","killarney-park-dog-park","inferred","Generated from CMS slug; verify against live Webflow URLs."
"LeashFree-Webflow-Backup-2026-05-26/02-cms-csv-exports/LeashFree.ca - Dog Parks - 683758b0a3f8a696dfc417b0.csv","cms-item","/dog-parks/kin-coulee-park","/dog-parks/kin-coulee-park/","Dog Parks","kin-coulee-park","inferred","Generated from CMS slug; verify against live Webflow URLs."
"LeashFree-Webflow-Backup-2026-05-26/02-cms-csv-exports/LeashFree.ca - Dog Parks - 683758b0a3f8a696dfc417b0.csv","cms-item","/dog-parks/king-george-park-cornwall","/dog-parks/king-george-park-cornwall/","Dog Parks","king-george-park-cornwall","inferred","Generated from CMS slug; verify against live Webflow URLs."
"LeashFree-Webflow-Backup-2026-05-26/02-cms-csv-exports/LeashFree.ca - Dog Parks - 683758b0a3f8a696dfc417b0.csv","cms-item","/dog-parks/king-road","/dog-parks/king-road/","Dog Parks","king-road","inferred","Generated from CMS slug; verify against live Webflow URLs."
"LeashFree-Webflow-Backup-2026-05-26/02-cms-csv-exports/LeashFree.ca - Dog Parks - 683758b0a3f8a696dfc417b0.csv","cms-item","/dog-parks/kings-mill-park","/dog-parks/kings-mill-park/","Dog Parks","kings-mill-park","inferred","Generated from CMS slug; verify against live Webflow URLs."
"LeashFree-Webflow-Backup-2026-05-26/02-cms-csv-exports/LeashFree.ca - Dog Parks - 683758b0a3f8a696dfc417b0.csv","cms-item","/dog-parks/kings-mill-park-etobicoke","/dog-parks/kings-mill-park-etobicoke/","Dog Parks","kings-mill-park-etobicoke","inferred","Generated from CMS slug; verify against live Webflow URLs."
"LeashFree-Webflow-Backup-2026-05-26/02-cms-csv-exports/LeashFree.ca - Dog Parks - 683758b0a3f8a696dfc417b0.csv","cms-item","/dog-parks/kingcrest-dog-park-vancouver","/dog-parks/kingcrest-dog-park-vancouver/","Dog Parks","kingcrest-dog-park-vancouver","inferred","Generated from CMS slug; verify against live Webflow URLs."
"LeashFree-Webflow-Backup-2026-05-26/02-cms-csv-exports/LeashFree.ca - Dog Parks - 683758b0a3f8a696dfc417b0.csv","cms-item","/dog-parks/kings-park","/dog-parks/kings-park/","Dog Parks","kings-park","inferred","Generated from CMS slug; verify against live Webflow URLs."
"LeashFree-Webflow-Backup-2026-05-26/02-cms-csv-exports/LeashFree.ca - Dog Parks - 683758b0a3f8a696dfc417b0.csv","cms-item","/dog-parks/kingsford-gardens","/dog-parks/kingsford-gardens/","Dog Parks","kingsford-gardens","inferred","Generated from CMS slug; verify against live Webflow URLs."
"LeashFree-Webflow-Backup-2026-05-26/02-cms-csv-exports/LeashFree.ca - Dog Parks - 683758b0a3f8a696dfc417b0.csv","cms-item","/dog-parks/kinsmen-dog-park-quinte-west","/dog-parks/kinsmen-dog-park-quinte-west/","Dog Parks","kinsmen-dog-park-quinte-west","inferred","Generated from CMS slug; verify against live Webflow URLs."
"LeashFree-Webflow-Backup-2026-05-26/02-cms-csv-exports/LeashFree.ca - Dog Parks - 683758b0a3f8a696dfc417b0.csv","cms-item","/dog-parks/kinsmen-park-chilliwack","/dog-parks/kinsmen-park-chilliwack/","Dog Parks","kinsmen-park-chilliwack","inferred","Generated from CMS slug; verify against live Webflow URLs."
"LeashFree-Webflow-Backup-2026-05-26/02-cms-csv-exports/LeashFree.ca - Dog Parks - 683758b0a3f8a696dfc417b0.csv","cms-item","/dog-parks/kinsmen-park-playground-ladysmith","/dog-parks/kinsmen-park-playground-ladysmith/","Dog Parks","kinsmen-park-playground-ladysmith","inferred","Generated from CMS slug; verify against live Webflow URLs."
"LeashFree-Webflow-Backup-2026-05-26/02-cms-csv-exports/LeashFree.ca - Dog Parks - 683758b0a3f8a696dfc417b0.csv","cms-item","/dog-parks/kiwanis-park","/dog-parks/kiwanis-park/","Dog Parks","kiwanis-park","inferred","Generated from CMS slug; verify against live Webflow URLs."
"LeashFree-Webflow-Backup-2026-05-26/02-cms-csv-exports/LeashFree.ca - Dog Parks - 683758b0a3f8a696dfc417b0.csv","cms-item","/dog-parks/klarvatten-off-leash-area","/dog-parks/klarvatten-off-leash-area/","Dog Parks","klarvatten-off-leash-area","inferred","Generated from CMS slug; verify against live Webflow URLs."
"LeashFree-Webflow-Backup-2026-05-26/02-cms-csv-exports/LeashFree.ca - Dog Parks - 683758b0a3f8a696dfc417b0.csv","cms-item","/dog-parks/knox-mountain-dog-park-kelowna","/dog-parks/knox-mountain-dog-park-kelowna/","Dog Parks","knox-mountain-dog-park-kelowna","inferred","Generated from CMS slug; verify against live Webflow URLs."
"LeashFree-Webflow-Backup-2026-05-26/02-cms-csv-exports/LeashFree.ca - Dog Parks - 683758b0a3f8a696dfc417b0.csv","cms-item","/dog-parks/kortright-hills-park","/dog-parks/kortright-hills-park/","Dog Parks","kortright-hills-park","inferred","Generated from CMS slug; verify against live Webflow URLs."
"LeashFree-Webflow-Backup-2026-05-26/02-cms-csv-exports/LeashFree.ca - Dog Parks - 683758b0a3f8a696dfc417b0.csv","cms-item","/dog-parks/lamoreaux-north-park","/dog-parks/lamoreaux-north-park/","Dog Parks","lamoreaux-north-park","inferred","Generated from CMS slug; verify against live Webflow URLs."
"LeashFree-Webflow-Backup-2026-05-26/02-cms-csv-exports/LeashFree.ca - Dog Parks - 683758b0a3f8a696dfc417b0.csv","cms-item","/dog-parks/la-barkman-park-off-leash-area","/dog-parks/la-barkman-park-off-leash-area/","Dog Parks","la-barkman-park-off-leash-area","inferred","Generated from CMS slug; verify against live Webflow URLs."
"LeashFree-Webflow-Backup-2026-05-26/02-cms-csv-exports/LeashFree.ca - Dog Parks - 683758b0a3f8a696dfc417b0.csv","cms-item","/dog-parks/lacombe-lake-dog-park","/dog-parks/lacombe-lake-dog-park/","Dog Parks","lacombe-lake-dog-park","inferred","Generated from CMS slug; verify against live Webflow URLs."
"LeashFree-Webflow-Backup-2026-05-26/02-cms-csv-exports/LeashFree.ca - Dog Parks - 683758b0a3f8a696dfc417b0.csv","cms-item","/dog-parks/ladysmith-leash-free-dog-park","/dog-parks/ladysmith-leash-free-dog-park/","Dog Parks","ladysmith-leash-free-dog-park","inferred","Generated from CMS slug; verify against live Webflow URLs."
"LeashFree-Webflow-Backup-2026-05-26/02-cms-csv-exports/LeashFree.ca - Dog Parks - 683758b0a3f8a696dfc417b0.csv","cms-item","/dog-parks/lake-bonavista","/dog-parks/lake-bonavista/","Dog Parks","lake-bonavista","inferred","Generated from CMS slug; verify against live Webflow URLs."
"LeashFree-Webflow-Backup-2026-05-26/02-cms-csv-exports/LeashFree.ca - Dog Parks - 683758b0a3f8a696dfc417b0.csv","cms-item","/dog-parks/lakefront-walkway-dog-park-nelson","/dog-parks/lakefront-walkway-dog-park-nelson/","Dog Parks","lakefront-walkway-dog-park-nelson","inferred","Generated from CMS slug; verify against live Webflow URLs."
"LeashFree-Webflow-Backup-2026-05-26/02-cms-csv-exports/LeashFree.ca - Dog Parks - 683758b0a3f8a696dfc417b0.csv","cms-item","/dog-parks/lakeland-neighbourhood-off-leash-area","/dog-parks/lakeland-neighbourhood-off-leash-area/","Dog Parks","lakeland-neighbourhood-off-leash-area","inferred","Generated from CMS slug; verify against live Webflow URLs."
"LeashFree-Webflow-Backup-2026-05-26/02-cms-csv-exports/LeashFree.ca - Dog Parks - 683758b0a3f8a696dfc417b0.csv","cms-item","/dog-parks/lakeside-park","/dog-parks/lakeside-park/","Dog Parks","lakeside-park","inferred","Generated from CMS slug; verify against live Webflow URLs."
"LeashFree-Webflow-Backup-2026-05-26/02-cms-csv-exports/LeashFree.ca - Dog Parks - 683758b0a3f8a696dfc417b0.csv","cms-item","/dog-parks/larkspur-off-leash-dog-park","/dog-parks/larkspur-off-leash-dog-park/","Dog Parks","larkspur-off-leash-dog-park","inferred","Generated from CMS slug; verify against live Webflow URLs."
"LeashFree-Webflow-Backup-2026-05-26/02-cms-csv-exports/LeashFree.ca - Dog Parks - 683758b0a3f8a696dfc417b0.csv","cms-item","/dog-parks/lauderdale-dog-park","/dog-parks/lauderdale-dog-park/","Dog Parks","lauderdale-dog-park","inferred","Generated from CMS slug; verify against live Webflow URLs."
"LeashFree-Webflow-Backup-2026-05-26/02-cms-csv-exports/LeashFree.ca - Dog Parks - 683758b0a3f8a696dfc417b0.csv","cms-item","/dog-parks/lee-street-park","/dog-parks/lee-street-park/","Dog Parks","lee-street-park","inferred","Generated from CMS slug; verify against live Webflow URLs."
"LeashFree-Webflow-Backup-2026-05-26/02-cms-csv-exports/LeashFree.ca - Dog Parks - 683758b0a3f8a696dfc417b0.csv","cms-item","/dog-parks/lee-street-park-202b1","/dog-parks/lee-street-park-202b1/","Dog Parks","lee-street-park-202b1","inferred","Generated from CMS slug; verify against live Webflow URLs."
"LeashFree-Webflow-Backup-2026-05-26/02-cms-csv-exports/LeashFree.ca - Dog Parks - 683758b0a3f8a696dfc417b0.csv","cms-item","/dog-parks/legacy-park","/dog-parks/legacy-park/","Dog Parks","legacy-park","inferred","Generated from CMS slug; verify against live Webflow URLs."
"LeashFree-Webflow-Backup-2026-05-26/02-cms-csv-exports/LeashFree.ca - Dog Parks - 683758b0a3f8a696dfc417b0.csv","cms-item","/dog-parks/leigh-park","/dog-parks/leigh-park/","Dog Parks","leigh-park","inferred","Generated from CMS slug; verify against live Webflow URLs."
"LeashFree-Webflow-Backup-2026-05-26/02-cms-csv-exports/LeashFree.ca - Dog Parks - 683758b0a3f8a696dfc417b0.csv","cms-item","/dog-parks/linkwood-lane-park","/dog-parks/linkwood-lane-park/","Dog Parks","linkwood-lane-park","inferred","Generated from CMS slug; verify against live Webflow URLs."
"LeashFree-Webflow-Backup-2026-05-26/02-cms-csv-exports/LeashFree.ca - Dog Parks - 683758b0a3f8a696dfc417b0.csv","cms-item","/dog-parks/lions-park-belleville","/dog-parks/lions-park-belleville/","Dog Parks","lions-park-belleville","inferred","Generated from CMS slug; verify against live Webflow URLs."
"LeashFree-Webflow-Backup-2026-05-26/02-cms-csv-exports/LeashFree.ca - Dog Parks - 683758b0a3f8a696dfc417b0.csv","cms-item","/dog-parks/lions-park","/dog-parks/lions-park/","Dog Parks","lions-park","inferred","Generated from CMS slug; verify against live Webflow URLs."
"LeashFree-Webflow-Backup-2026-05-26/02-cms-csv-exports/LeashFree.ca - Dog Parks - 683758b0a3f8a696dfc417b0.csv","cms-item","/dog-parks/little-mountain-park","/dog-parks/little-mountain-park/","Dog Parks","little-mountain-park","inferred","Generated from CMS slug; verify against live Webflow URLs."
"LeashFree-Webflow-Backup-2026-05-26/02-cms-csv-exports/LeashFree.ca - Dog Parks - 683758b0a3f8a696dfc417b0.csv","cms-item","/dog-parks/locarno-beach-dog-park-vancouver","/dog-parks/locarno-beach-dog-park-vancouver/","Dog Parks","locarno-beach-dog-park-vancouver","inferred","Generated from CMS slug; verify against live Webflow URLs."
"LeashFree-Webflow-Backup-2026-05-26/02-cms-csv-exports/LeashFree.ca - Dog Parks - 683758b0a3f8a696dfc417b0.csv","cms-item","/dog-parks/long-lake-provincial-park","/dog-parks/long-lake-provincial-park/","Dog Parks","long-lake-provincial-park","inferred","Generated from CMS slug; verify against live Webflow URLs."
"LeashFree-Webflow-Backup-2026-05-26/02-cms-csv-exports/LeashFree.ca - Dog Parks - 683758b0a3f8a696dfc417b0.csv","cms-item","/dog-parks/love-park","/dog-parks/love-park/","Dog Parks","love-park","inferred","Generated from CMS slug; verify against live Webflow URLs."
"LeashFree-Webflow-Backup-2026-05-26/02-cms-csv-exports/LeashFree.ca - Dog Parks - 683758b0a3f8a696dfc417b0.csv","cms-item","/dog-parks/maccaud-park","/dog-parks/maccaud-park/","Dog Parks","maccaud-park","inferred","Generated from CMS slug; verify against live Webflow URLs."
"LeashFree-Webflow-Backup-2026-05-26/02-cms-csv-exports/LeashFree.ca - Dog Parks - 683758b0a3f8a696dfc417b0.csv","cms-item","/dog-parks/mahogany-wetlands-off-leash-area","/dog-parks/mahogany-wetlands-off-leash-area/","Dog Parks","mahogany-wetlands-off-leash-area","inferred","Generated from CMS slug; verify against live Webflow URLs."
"LeashFree-Webflow-Backup-2026-05-26/02-cms-csv-exports/LeashFree.ca - Dog Parks - 683758b0a3f8a696dfc417b0.csv","cms-item","/dog-parks/mainland-common-dedicated-off-leash-park","/dog-parks/mainland-common-dedicated-off-leash-park/","Dog Parks","mainland-common-dedicated-off-leash-park","inferred","Generated from CMS slug; verify against live Webflow URLs."
"LeashFree-Webflow-Backup-2026-05-26/02-cms-csv-exports/LeashFree.ca - Dog Parks - 683758b0a3f8a696dfc417b0.csv","cms-item","/dog-parks/malvern-park-burnaby","/dog-parks/malvern-park-burnaby/","Dog Parks","malvern-park-burnaby","inferred","Generated from CMS slug; verify against live Webflow URLs."
"LeashFree-Webflow-Backup-2026-05-26/02-cms-csv-exports/LeashFree.ca - Dog Parks - 683758b0a3f8a696dfc417b0.csv","cms-item","/dog-parks/maple-grove-park","/dog-parks/maple-grove-park/","Dog Parks","maple-grove-park","inferred","Generated from CMS slug; verify against live Webflow URLs."
"LeashFree-Webflow-Backup-2026-05-26/02-cms-csv-exports/LeashFree.ca - Dog Parks - 683758b0a3f8a696dfc417b0.csv","cms-item","/dog-parks/maple-ridge-upper-park","/dog-parks/maple-ridge-upper-park/","Dog Parks","maple-ridge-upper-park","inferred","Generated from CMS slug; verify against live Webflow URLs."
"LeashFree-Webflow-Backup-2026-05-26/02-cms-csv-exports/LeashFree.ca - Dog Parks - 683758b0a3f8a696dfc417b0.csv","cms-item","/dog-parks/margaret-greene-park","/dog-parks/margaret-greene-park/","Dog Parks","margaret-greene-park","inferred","Generated from CMS slug; verify against live Webflow URLs."
"LeashFree-Webflow-Backup-2026-05-26/02-cms-csv-exports/LeashFree.ca - Dog Parks - 683758b0a3f8a696dfc417b0.csv","cms-item","/dog-parks/marie-curtis-park","/dog-parks/marie-curtis-park/","Dog Parks","marie-curtis-park","inferred","Generated from CMS slug; verify against live Webflow URLs."
"LeashFree-Webflow-Backup-2026-05-26/02-cms-csv-exports/LeashFree.ca - Dog Parks - 683758b0a3f8a696dfc417b0.csv","cms-item","/dog-parks/marie-curtis-park-etobicoke","/dog-parks/marie-curtis-park-etobicoke/","Dog Parks","marie-curtis-park-etobicoke","inferred","Generated from CMS slug; verify against live Webflow URLs."
"LeashFree-Webflow-Backup-2026-05-26/02-cms-csv-exports/LeashFree.ca - Dog Parks - 683758b0a3f8a696dfc417b0.csv","cms-item","/dog-parks/marshview-dog-park-kentville","/dog-parks/marshview-dog-park-kentville/","Dog Parks","marshview-dog-park-kentville","inferred","Generated from CMS slug; verify against live Webflow URLs."
"LeashFree-Webflow-Backup-2026-05-26/02-cms-csv-exports/LeashFree.ca - Dog Parks - 683758b0a3f8a696dfc417b0.csv","cms-item","/dog-parks/martindale-off-leash-area","/dog-parks/martindale-off-leash-area/","Dog Parks","martindale-off-leash-area","inferred","Generated from CMS slug; verify against live Webflow URLs."
"LeashFree-Webflow-Backup-2026-05-26/02-cms-csv-exports/LeashFree.ca - Dog Parks - 683758b0a3f8a696dfc417b0.csv","cms-item","/dog-parks/mattamy-sports-park","/dog-parks/mattamy-sports-park/","Dog Parks","mattamy-sports-park","inferred","Generated from CMS slug; verify against live Webflow URLs."
"LeashFree-Webflow-Backup-2026-05-26/02-cms-csv-exports/LeashFree.ca - Dog Parks - 683758b0a3f8a696dfc417b0.csv","cms-item","/dog-parks/mayland-heights-off-leash-area","/dog-parks/mayland-heights-off-leash-area/","Dog Parks","mayland-heights-off-leash-area","inferred","Generated from CMS slug; verify against live Webflow URLs."
"LeashFree-Webflow-Backup-2026-05-26/02-cms-csv-exports/LeashFree.ca - Dog Parks - 683758b0a3f8a696dfc417b0.csv","cms-item","/dog-parks/mazenod-park","/dog-parks/mazenod-park/","Dog Parks","mazenod-park","inferred","Generated from CMS slug; verify against live Webflow URLs."
"LeashFree-Webflow-Backup-2026-05-26/02-cms-csv-exports/LeashFree.ca - Dog Parks - 683758b0a3f8a696dfc417b0.csv","cms-item","/dog-parks/mccall-lake-off-leash-area","/dog-parks/mccall-lake-off-leash-area/","Dog Parks","mccall-lake-off-leash-area","inferred","Generated from CMS slug; verify against live Webflow URLs."
"LeashFree-Webflow-Backup-2026-05-26/02-cms-csv-exports/LeashFree.ca - Dog Parks - 683758b0a3f8a696dfc417b0.csv","cms-item","/dog-parks/mccowan-park","/dog-parks/mccowan-park/","Dog Parks","mccowan-park","inferred","Generated from CMS slug; verify against live Webflow URLs."
"LeashFree-Webflow-Backup-2026-05-26/02-cms-csv-exports/LeashFree.ca - Dog Parks - 683758b0a3f8a696dfc417b0.csv","cms-item","/dog-parks/mcintosh-run-off-leash-dog-park","/dog-parks/mcintosh-run-off-leash-dog-park/","Dog Parks","mcintosh-run-off-leash-dog-park","inferred","Generated from CMS slug; verify against live Webflow URLs."
"LeashFree-Webflow-Backup-2026-05-26/02-cms-csv-exports/LeashFree.ca - Dog Parks - 683758b0a3f8a696dfc417b0.csv","cms-item","/dog-parks/mcknight-falconridge-off-leash-area","/dog-parks/mcknight-falconridge-off-leash-area/","Dog Parks","mcknight-falconridge-off-leash-area","inferred","Generated from CMS slug; verify against live Webflow URLs."
"LeashFree-Webflow-Backup-2026-05-26/02-cms-csv-exports/LeashFree.ca - Dog Parks - 683758b0a3f8a696dfc417b0.csv","cms-item","/dog-parks/mclaren-park","/dog-parks/mclaren-park/","Dog Parks","mclaren-park","inferred","Generated from CMS slug; verify against live Webflow URLs."
"LeashFree-Webflow-Backup-2026-05-26/02-cms-csv-exports/LeashFree.ca - Dog Parks - 683758b0a3f8a696dfc417b0.csv","cms-item","/dog-parks/mclennan-park","/dog-parks/mclennan-park/","Dog Parks","mclennan-park","inferred","Generated from CMS slug; verify against live Webflow URLs."
"LeashFree-Webflow-Backup-2026-05-26/02-cms-csv-exports/LeashFree.ca - Dog Parks - 683758b0a3f8a696dfc417b0.csv","cms-item","/dog-parks/mcmaster-forest-nature-preserve","/dog-parks/mcmaster-forest-nature-preserve/","Dog Parks","mcmaster-forest-nature-preserve","inferred","Generated from CMS slug; verify against live Webflow URLs."
"LeashFree-Webflow-Backup-2026-05-26/02-cms-csv-exports/LeashFree.ca - Dog Parks - 683758b0a3f8a696dfc417b0.csv","cms-item","/dog-parks/melville-dog-park","/dog-parks/melville-dog-park/","Dog Parks","melville-dog-park","inferred","Generated from CMS slug; verify against live Webflow URLs."
"LeashFree-Webflow-Backup-2026-05-26/02-cms-csv-exports/LeashFree.ca - Dog Parks - 683758b0a3f8a696dfc417b0.csv","cms-item","/dog-parks/memorial-park","/dog-parks/memorial-park/","Dog Parks","memorial-park","inferred","Generated from CMS slug; verify against live Webflow URLs."
"LeashFree-Webflow-Backup-2026-05-26/02-cms-csv-exports/LeashFree.ca - Dog Parks - 683758b0a3f8a696dfc417b0.csv","cms-item","/dog-parks/memorial-park-white-rock","/dog-parks/memorial-park-white-rock/","Dog Parks","memorial-park-white-rock","inferred","Generated from CMS slug; verify against live Webflow URLs."
"LeashFree-Webflow-Backup-2026-05-26/02-cms-csv-exports/LeashFree.ca - Dog Parks - 683758b0a3f8a696dfc417b0.csv","cms-item","/dog-parks/merrill-bridge-road-park","/dog-parks/merrill-bridge-road-park/","Dog Parks","merrill-bridge-road-park","inferred","Generated from CMS slug; verify against live Webflow URLs."
"LeashFree-Webflow-Backup-2026-05-26/02-cms-csv-exports/LeashFree.ca - Dog Parks - 683758b0a3f8a696dfc417b0.csv","cms-item","/dog-parks/mill-creek-ravine-south-off-leash","/dog-parks/mill-creek-ravine-south-off-leash/","Dog Parks","mill-creek-ravine-south-off-leash","inferred","Generated from CMS slug; verify against live Webflow URLs."
"LeashFree-Webflow-Backup-2026-05-26/02-cms-csv-exports/LeashFree.ca - Dog Parks - 683758b0a3f8a696dfc417b0.csv","cms-item","/dog-parks/miller-park","/dog-parks/miller-park/","Dog Parks","miller-park","inferred","Generated from CMS slug; verify against live Webflow URLs."
"LeashFree-Webflow-Backup-2026-05-26/02-cms-csv-exports/LeashFree.ca - Dog Parks - 683758b0a3f8a696dfc417b0.csv","cms-item","/dog-parks/millers-creek-park","/dog-parks/millers-creek-park/","Dog Parks","millers-creek-park","inferred","Generated from CMS slug; verify against live Webflow URLs."
"LeashFree-Webflow-Backup-2026-05-26/02-cms-csv-exports/LeashFree.ca - Dog Parks - 683758b0a3f8a696dfc417b0.csv","cms-item","/dog-parks/mission-recreation-park-kelowna","/dog-parks/mission-recreation-park-kelowna/","Dog Parks","mission-recreation-park-kelowna","inferred","Generated from CMS slug; verify against live Webflow URLs."
"LeashFree-Webflow-Backup-2026-05-26/02-cms-csv-exports/LeashFree.ca - Dog Parks - 683758b0a3f8a696dfc417b0.csv","cms-item","/dog-parks/monarch-park","/dog-parks/monarch-park/","Dog Parks","monarch-park","inferred","Generated from CMS slug; verify against live Webflow URLs."
"LeashFree-Webflow-Backup-2026-05-26/02-cms-csv-exports/LeashFree.ca - Dog Parks - 683758b0a3f8a696dfc417b0.csv","cms-item","/dog-parks/montgomery-park","/dog-parks/montgomery-park/","Dog Parks","montgomery-park","inferred","Generated from CMS slug; verify against live Webflow URLs."
"LeashFree-Webflow-Backup-2026-05-26/02-cms-csv-exports/LeashFree.ca - Dog Parks - 683758b0a3f8a696dfc417b0.csv","cms-item","/dog-parks/moody-park-new-westminster","/dog-parks/moody-park-new-westminster/","Dog Parks","moody-park-new-westminster","inferred","Generated from CMS slug; verify against live Webflow URLs."
"LeashFree-Webflow-Backup-2026-05-26/02-cms-csv-exports/LeashFree.ca - Dog Parks - 683758b0a3f8a696dfc417b0.csv","cms-item","/dog-parks/moose-jaw-dog-park","/dog-parks/moose-jaw-dog-park/","Dog Parks","moose-jaw-dog-park","inferred","Generated from CMS slug; verify against live Webflow URLs."
"LeashFree-Webflow-Backup-2026-05-26/02-cms-csv-exports/LeashFree.ca - Dog Parks - 683758b0a3f8a696dfc417b0.csv","cms-item","/dog-parks/morden-dog-park","/dog-parks/morden-dog-park/","Dog Parks","morden-dog-park","inferred","Generated from CMS slug; verify against live Webflow URLs."
"LeashFree-Webflow-Backup-2026-05-26/02-cms-csv-exports/LeashFree.ca - Dog Parks - 683758b0a3f8a696dfc417b0.csv","cms-item","/dog-parks/morgan-crossing-dog-park","/dog-parks/morgan-crossing-dog-park/","Dog Parks","morgan-crossing-dog-park","inferred","Generated from CMS slug; verify against live Webflow URLs."
"LeashFree-Webflow-Backup-2026-05-26/02-cms-csv-exports/LeashFree.ca - Dog Parks - 683758b0a3f8a696dfc417b0.csv","cms-item","/dog-parks/mount-pleasant-off-leash-dog-park","/dog-parks/mount-pleasant-off-leash-dog-park/","Dog Parks","mount-pleasant-off-leash-dog-park","inferred","Generated from CMS slug; verify against live Webflow URLs."
"LeashFree-Webflow-Backup-2026-05-26/02-cms-csv-exports/LeashFree.ca - Dog Parks - 683758b0a3f8a696dfc417b0.csv","cms-item","/dog-parks/musqueam-dog-park-vancouver","/dog-parks/musqueam-dog-park-vancouver/","Dog Parks","musqueam-dog-park-vancouver","inferred","Generated from CMS slug; verify against live Webflow URLs."
"LeashFree-Webflow-Backup-2026-05-26/02-cms-csv-exports/LeashFree.ca - Dog Parks - 683758b0a3f8a696dfc417b0.csv","cms-item","/dog-parks/mamowimiweyitamowin-park-off-leash-area","/dog-parks/mamowimiweyitamowin-park-off-leash-area/","Dog Parks","mamowimiweyitamowin-park-off-leash-area","inferred","Generated from CMS slug; verify against live Webflow URLs."
"LeashFree-Webflow-Backup-2026-05-26/02-cms-csv-exports/LeashFree.ca - Dog Parks - 683758b0a3f8a696dfc417b0.csv","cms-item","/dog-parks/nat-bailey-stadium-dog-park","/dog-parks/nat-bailey-stadium-dog-park/","Dog Parks","nat-bailey-stadium-dog-park","inferred","Generated from CMS slug; verify against live Webflow URLs."
"LeashFree-Webflow-Backup-2026-05-26/02-cms-csv-exports/LeashFree.ca - Dog Parks - 683758b0a3f8a696dfc417b0.csv","cms-item","/dog-parks/nelson-dog-walk-lakeside-path","/dog-parks/nelson-dog-walk-lakeside-path/","Dog Parks","nelson-dog-walk-lakeside-path","inferred","Generated from CMS slug; verify against live Webflow URLs."
"LeashFree-Webflow-Backup-2026-05-26/02-cms-csv-exports/LeashFree.ca - Dog Parks - 683758b0a3f8a696dfc417b0.csv","cms-item","/dog-parks/nelson-dog-park","/dog-parks/nelson-dog-park/","Dog Parks","nelson-dog-park","inferred","Generated from CMS slug; verify against live Webflow URLs."
"LeashFree-Webflow-Backup-2026-05-26/02-cms-csv-exports/LeashFree.ca - Dog Parks - 683758b0a3f8a696dfc417b0.csv","cms-item","/dog-parks/new-brighton-dog-park-vancouver","/dog-parks/new-brighton-dog-park-vancouver/","Dog Parks","new-brighton-dog-park-vancouver","inferred","Generated from CMS slug; verify against live Webflow URLs."
"LeashFree-Webflow-Backup-2026-05-26/02-cms-csv-exports/LeashFree.ca - Dog Parks - 683758b0a3f8a696dfc417b0.csv","cms-item","/dog-parks/new-brighton-dog-park-vancouver-65262","/dog-parks/new-brighton-dog-park-vancouver-65262/","Dog Parks","new-brighton-dog-park-vancouver-65262","inferred","Generated from CMS slug; verify against live Webflow URLs."
"LeashFree-Webflow-Backup-2026-05-26/02-cms-csv-exports/LeashFree.ca - Dog Parks - 683758b0a3f8a696dfc417b0.csv","cms-item","/dog-parks/niagara-falls-bark-park","/dog-parks/niagara-falls-bark-park/","Dog Parks","niagara-falls-bark-park","inferred","Generated from CMS slug; verify against live Webflow URLs."
"LeashFree-Webflow-Backup-2026-05-26/02-cms-csv-exports/LeashFree.ca - Dog Parks - 683758b0a3f8a696dfc417b0.csv","cms-item","/dog-parks/niagara-falls-dog-park","/dog-parks/niagara-falls-dog-park/","Dog Parks","niagara-falls-dog-park","inferred","Generated from CMS slug; verify against live Webflow URLs."
"LeashFree-Webflow-Backup-2026-05-26/02-cms-csv-exports/LeashFree.ca - Dog Parks - 683758b0a3f8a696dfc417b0.csv","cms-item","/dog-parks/nicomekl-dog-area","/dog-parks/nicomekl-dog-area/","Dog Parks","nicomekl-dog-area","inferred","Generated from CMS slug; verify against live Webflow URLs."
"LeashFree-Webflow-Backup-2026-05-26/02-cms-csv-exports/LeashFree.ca - Dog Parks - 683758b0a3f8a696dfc417b0.csv","cms-item","/dog-parks/nipawin-dog-park","/dog-parks/nipawin-dog-park/","Dog Parks","nipawin-dog-park","inferred","Generated from CMS slug; verify against live Webflow URLs."
"LeashFree-Webflow-Backup-2026-05-26/02-cms-csv-exports/LeashFree.ca - Dog Parks - 683758b0a3f8a696dfc417b0.csv","cms-item","/dog-parks/no-3-road-dog-off-leash-park","/dog-parks/no-3-road-dog-off-leash-park/","Dog Parks","no-3-road-dog-off-leash-park","inferred","Generated from CMS slug; verify against live Webflow URLs."
"LeashFree-Webflow-Backup-2026-05-26/02-cms-csv-exports/LeashFree.ca - Dog Parks - 683758b0a3f8a696dfc417b0.csv","cms-item","/dog-parks/north-battleford-off-leash-dog-park","/dog-parks/north-battleford-off-leash-dog-park/","Dog Parks","north-battleford-off-leash-dog-park","inferred","Generated from CMS slug; verify against live Webflow URLs."
"LeashFree-Webflow-Backup-2026-05-26/02-cms-csv-exports/LeashFree.ca - Dog Parks - 683758b0a3f8a696dfc417b0.csv","cms-item","/dog-parks/north-whitby-off-leash-dog-park","/dog-parks/north-whitby-off-leash-dog-park/","Dog Parks","north-whitby-off-leash-dog-park","inferred","Generated from CMS slug; verify against live Webflow URLs."
"LeashFree-Webflow-Backup-2026-05-26/02-cms-csv-exports/LeashFree.ca - Dog Parks - 683758b0a3f8a696dfc417b0.csv","cms-item","/dog-parks/norton-park","/dog-parks/norton-park/","Dog Parks","norton-park","inferred","Generated from CMS slug; verify against live Webflow URLs."
"LeashFree-Webflow-Backup-2026-05-26/02-cms-csv-exports/LeashFree.ca - Dog Parks - 683758b0a3f8a696dfc417b0.csv","cms-item","/dog-parks/norwood-park","/dog-parks/norwood-park/","Dog Parks","norwood-park","inferred","Generated from CMS slug; verify against live Webflow URLs."
"LeashFree-Webflow-Backup-2026-05-26/02-cms-csv-exports/LeashFree.ca - Dog Parks - 683758b0a3f8a696dfc417b0.csv","cms-item","/dog-parks/nose-hill-park","/dog-parks/nose-hill-park/","Dog Parks","nose-hill-park","inferred","Generated from CMS slug; verify against live Webflow URLs."
"LeashFree-Webflow-Backup-2026-05-26/02-cms-csv-exports/LeashFree.ca - Dog Parks - 683758b0a3f8a696dfc417b0.csv","cms-item","/dog-parks/oak-meadows-dog-park","/dog-parks/oak-meadows-dog-park/","Dog Parks","oak-meadows-dog-park","inferred","Generated from CMS slug; verify against live Webflow URLs."
"LeashFree-Webflow-Backup-2026-05-26/02-cms-csv-exports/LeashFree.ca - Dog Parks - 683758b0a3f8a696dfc417b0.csv","cms-item","/dog-parks/oakcrest-parkette","/dog-parks/oakcrest-parkette/","Dog Parks","oakcrest-parkette","inferred","Generated from CMS slug; verify against live Webflow URLs."
"LeashFree-Webflow-Backup-2026-05-26/02-cms-csv-exports/LeashFree.ca - Dog Parks - 683758b0a3f8a696dfc417b0.csv","cms-item","/dog-parks/oakes-road-dog-run","/dog-parks/oakes-road-dog-run/","Dog Parks","oakes-road-dog-run","inferred","Generated from CMS slug; verify against live Webflow URLs."
"LeashFree-Webflow-Backup-2026-05-26/02-cms-csv-exports/LeashFree.ca - Dog Parks - 683758b0a3f8a696dfc417b0.csv","cms-item","/dog-parks/oakes-road-north","/dog-parks/oakes-road-north/","Dog Parks","oakes-road-north","inferred","Generated from CMS slug; verify against live Webflow URLs."
"LeashFree-Webflow-Backup-2026-05-26/02-cms-csv-exports/LeashFree.ca - Dog Parks - 683758b0a3f8a696dfc417b0.csv","cms-item","/dog-parks/sutherland-off-leash-dog-park","/dog-parks/sutherland-off-leash-dog-park/","Dog Parks","sutherland-off-leash-dog-park","inferred","Generated from CMS slug; verify against live Webflow URLs."
"LeashFree-Webflow-Backup-2026-05-26/02-cms-csv-exports/LeashFree.ca - Dog Parks - 683758b0a3f8a696dfc417b0.csv","cms-item","/dog-parks/orphans-green","/dog-parks/orphans-green/","Dog Parks","orphans-green","inferred","Generated from CMS slug; verify against live Webflow URLs."
"LeashFree-Webflow-Backup-2026-05-26/02-cms-csv-exports/LeashFree.ca - Dog Parks - 683758b0a3f8a696dfc417b0.csv","cms-item","/dog-parks/oswald-park-victoria","/dog-parks/oswald-park-victoria/","Dog Parks","oswald-park-victoria","inferred","Generated from CMS slug; verify against live Webflow URLs."
"LeashFree-Webflow-Backup-2026-05-26/02-cms-csv-exports/LeashFree.ca - Dog Parks - 683758b0a3f8a696dfc417b0.csv","cms-item","/dog-parks/oxbows-off-leash-dog-park","/dog-parks/oxbows-off-leash-dog-park/","Dog Parks","oxbows-off-leash-dog-park","inferred","Generated from CMS slug; verify against live Webflow URLs."
"LeashFree-Webflow-Backup-2026-05-26/02-cms-csv-exports/LeashFree.ca - Dog Parks - 683758b0a3f8a696dfc417b0.csv","cms-item","/dog-parks/paisley-dog-park","/dog-parks/paisley-dog-park/","Dog Parks","paisley-dog-park","inferred","Generated from CMS slug; verify against live Webflow URLs."
"LeashFree-Webflow-Backup-2026-05-26/02-cms-csv-exports/LeashFree.ca - Dog Parks - 683758b0a3f8a696dfc417b0.csv","cms-item","/dog-parks/palermo-park","/dog-parks/palermo-park/","Dog Parks","palermo-park","inferred","Generated from CMS slug; verify against live Webflow URLs."
"LeashFree-Webflow-Backup-2026-05-26/02-cms-csv-exports/LeashFree.ca - Dog Parks - 683758b0a3f8a696dfc417b0.csv","cms-item","/dog-parks/pandora-dog-park-vancouver","/dog-parks/pandora-dog-park-vancouver/","Dog Parks","pandora-dog-park-vancouver","inferred","Generated from CMS slug; verify against live Webflow URLs."
"LeashFree-Webflow-Backup-2026-05-26/02-cms-csv-exports/LeashFree.ca - Dog Parks - 683758b0a3f8a696dfc417b0.csv","cms-item","/dog-parks/parc-jeanne-mance-dog-park","/dog-parks/parc-jeanne-mance-dog-park/","Dog Parks","parc-jeanne-mance-dog-park","inferred","Generated from CMS slug; verify against live Webflow URLs."
"LeashFree-Webflow-Backup-2026-05-26/02-cms-csv-exports/LeashFree.ca - Dog Parks - 683758b0a3f8a696dfc417b0.csv","cms-item","/dog-parks/parc-laurier-dog-run","/dog-parks/parc-laurier-dog-run/","Dog Parks","parc-laurier-dog-run","inferred","Generated from CMS slug; verify against live Webflow URLs."
"LeashFree-Webflow-Backup-2026-05-26/02-cms-csv-exports/LeashFree.ca - Dog Parks - 683758b0a3f8a696dfc417b0.csv","cms-item","/dog-parks/parc-sir-wilfrid-laurier-dog-park","/dog-parks/parc-sir-wilfrid-laurier-dog-park/","Dog Parks","parc-sir-wilfrid-laurier-dog-park","inferred","Generated from CMS slug; verify against live Webflow URLs."
"LeashFree-Webflow-Backup-2026-05-26/02-cms-csv-exports/LeashFree.ca - Dog Parks - 683758b0a3f8a696dfc417b0.csv","cms-item","/dog-parks/parc-canin-saint-augustin-de-desmaures","/dog-parks/parc-canin-saint-augustin-de-desmaures/","Dog Parks","parc-canin-saint-augustin-de-desmaures","inferred","Generated from CMS slug; verify against live Webflow URLs."
"LeashFree-Webflow-Backup-2026-05-26/02-cms-csv-exports/LeashFree.ca - Dog Parks - 683758b0a3f8a696dfc417b0.csv","cms-item","/dog-parks/parc-canin-de-la-pente-douce","/dog-parks/parc-canin-de-la-pente-douce/","Dog Parks","parc-canin-de-la-pente-douce","inferred","Generated from CMS slug; verify against live Webflow URLs."
"LeashFree-Webflow-Backup-2026-05-26/02-cms-csv-exports/LeashFree.ca - Dog Parks - 683758b0a3f8a696dfc417b0.csv","cms-item","/dog-parks/parc-de-duberger","/dog-parks/parc-de-duberger/","Dog Parks","parc-de-duberger","inferred","Generated from CMS slug; verify against live Webflow URLs."
"LeashFree-Webflow-Backup-2026-05-26/02-cms-csv-exports/LeashFree.ca - Dog Parks - 683758b0a3f8a696dfc417b0.csv","cms-item","/dog-parks/parc-de-la-louisianne-dog-park","/dog-parks/parc-de-la-louisianne-dog-park/","Dog Parks","parc-de-la-louisianne-dog-park","inferred","Generated from CMS slug; verify against live Webflow URLs."
"LeashFree-Webflow-Backup-2026-05-26/02-cms-csv-exports/LeashFree.ca - Dog Parks - 683758b0a3f8a696dfc417b0.csv","cms-item","/dog-parks/parc-du-sault-au-recollet-dog-park","/dog-parks/parc-du-sault-au-recollet-dog-park/","Dog Parks","parc-du-sault-au-recollet-dog-park","inferred","Generated from CMS slug; verify against live Webflow URLs."
"LeashFree-Webflow-Backup-2026-05-26/02-cms-csv-exports/LeashFree.ca - Dog Parks - 683758b0a3f8a696dfc417b0.csv","cms-item","/dog-parks/park-n-bark-off-leash-dog-area","/dog-parks/park-n-bark-off-leash-dog-area/","Dog Parks","park-n-bark-off-leash-dog-area","inferred","Generated from CMS slug; verify against live Webflow URLs."
"LeashFree-Webflow-Backup-2026-05-26/02-cms-csv-exports/LeashFree.ca - Dog Parks - 683758b0a3f8a696dfc417b0.csv","cms-item","/dog-parks/parkway-belt-dog-park","/dog-parks/parkway-belt-dog-park/","Dog Parks","parkway-belt-dog-park","inferred","Generated from CMS slug; verify against live Webflow URLs."
"LeashFree-Webflow-Backup-2026-05-26/02-cms-csv-exports/LeashFree.ca - Dog Parks - 683758b0a3f8a696dfc417b0.csv","cms-item","/dog-parks/pathfinder-park","/dog-parks/pathfinder-park/","Dog Parks","pathfinder-park","inferred","Generated from CMS slug; verify against live Webflow URLs."
"LeashFree-Webflow-Backup-2026-05-26/02-cms-csv-exports/LeashFree.ca - Dog Parks - 683758b0a3f8a696dfc417b0.csv","cms-item","/dog-parks/paul-coffey-park","/dog-parks/paul-coffey-park/","Dog Parks","paul-coffey-park","inferred","Generated from CMS slug; verify against live Webflow URLs."
"LeashFree-Webflow-Backup-2026-05-26/02-cms-csv-exports/LeashFree.ca - Dog Parks - 683758b0a3f8a696dfc417b0.csv","cms-item","/dog-parks/paul-mostoway-dog-park","/dog-parks/paul-mostoway-dog-park/","Dog Parks","paul-mostoway-dog-park","inferred","Generated from CMS slug; verify against live Webflow URLs."
"LeashFree-Webflow-Backup-2026-05-26/02-cms-csv-exports/LeashFree.ca - Dog Parks - 683758b0a3f8a696dfc417b0.csv","cms-item","/dog-parks/peach-park-chilliwack","/dog-parks/peach-park-chilliwack/","Dog Parks","peach-park-chilliwack","inferred","Generated from CMS slug; verify against live Webflow URLs."
"LeashFree-Webflow-Backup-2026-05-26/02-cms-csv-exports/LeashFree.ca - Dog Parks - 683758b0a3f8a696dfc417b0.csv","cms-item","/dog-parks/pearce-estate-park-off-leash-area","/dog-parks/pearce-estate-park-off-leash-area/","Dog Parks","pearce-estate-park-off-leash-area","inferred","Generated from CMS slug; verify against live Webflow URLs."
"LeashFree-Webflow-Backup-2026-05-26/02-cms-csv-exports/LeashFree.ca - Dog Parks - 683758b0a3f8a696dfc417b0.csv","cms-item","/dog-parks/pearson-park-chilliwack","/dog-parks/pearson-park-chilliwack/","Dog Parks","pearson-park-chilliwack","inferred","Generated from CMS slug; verify against live Webflow URLs."
"LeashFree-Webflow-Backup-2026-05-26/02-cms-csv-exports/LeashFree.ca - Dog Parks - 683758b0a3f8a696dfc417b0.csv","cms-item","/dog-parks/peenaquim-park-off-leash-area","/dog-parks/peenaquim-park-off-leash-area/","Dog Parks","peenaquim-park-off-leash-area","inferred","Generated from CMS slug; verify against live Webflow URLs."
"LeashFree-Webflow-Backup-2026-05-26/02-cms-csv-exports/LeashFree.ca - Dog Parks - 683758b0a3f8a696dfc417b0.csv","cms-item","/dog-parks/pemberton-park-victoria","/dog-parks/pemberton-park-victoria/","Dog Parks","pemberton-park-victoria","inferred","Generated from CMS slug; verify against live Webflow URLs."
"LeashFree-Webflow-Backup-2026-05-26/02-cms-csv-exports/LeashFree.ca - Dog Parks - 683758b0a3f8a696dfc417b0.csv","cms-item","/dog-parks/peter-misersky-park","/dog-parks/peter-misersky-park/","Dog Parks","peter-misersky-park","inferred","Generated from CMS slug; verify against live Webflow URLs."
"LeashFree-Webflow-Backup-2026-05-26/02-cms-csv-exports/LeashFree.ca - Dog Parks - 683758b0a3f8a696dfc417b0.csv","cms-item","/dog-parks/pickering-dog-park","/dog-parks/pickering-dog-park/","Dog Parks","pickering-dog-park","inferred","Generated from CMS slug; verify against live Webflow URLs."
"LeashFree-Webflow-Backup-2026-05-26/02-cms-csv-exports/LeashFree.ca - Dog Parks - 683758b0a3f8a696dfc417b0.csv","cms-item","/dog-parks/pocket-designated-off-leash-area","/dog-parks/pocket-designated-off-leash-area/","Dog Parks","pocket-designated-off-leash-area","inferred","Generated from CMS slug; verify against live Webflow URLs."
"LeashFree-Webflow-Backup-2026-05-26/02-cms-csv-exports/LeashFree.ca - Dog Parks - 683758b0a3f8a696dfc417b0.csv","cms-item","/dog-parks/point-pleasant-park","/dog-parks/point-pleasant-park/","Dog Parks","point-pleasant-park","inferred","Generated from CMS slug; verify against live Webflow URLs."
"LeashFree-Webflow-Backup-2026-05-26/02-cms-csv-exports/LeashFree.ca - Dog Parks - 683758b0a3f8a696dfc417b0.csv","cms-item","/dog-parks/popson-park-off-leash-area","/dog-parks/popson-park-off-leash-area/","Dog Parks","popson-park-off-leash-area","inferred","Generated from CMS slug; verify against live Webflow URLs."
"LeashFree-Webflow-Backup-2026-05-26/02-cms-csv-exports/LeashFree.ca - Dog Parks - 683758b0a3f8a696dfc417b0.csv","cms-item","/dog-parks/post-park","/dog-parks/post-park/","Dog Parks","post-park","inferred","Generated from CMS slug; verify against live Webflow URLs."
"LeashFree-Webflow-Backup-2026-05-26/02-cms-csv-exports/LeashFree.ca - Dog Parks - 683758b0a3f8a696dfc417b0.csv","cms-item","/dog-parks/pottersburg-fido-off-leash-dog-area","/dog-parks/pottersburg-fido-off-leash-dog-area/","Dog Parks","pottersburg-fido-off-leash-dog-area","inferred","Generated from CMS slug; verify against live Webflow URLs."
"LeashFree-Webflow-Backup-2026-05-26/02-cms-csv-exports/LeashFree.ca - Dog Parks - 683758b0a3f8a696dfc417b0.csv","cms-item","/dog-parks/powell-park","/dog-parks/powell-park/","Dog Parks","powell-park","inferred","Generated from CMS slug; verify against live Webflow URLs."
"LeashFree-Webflow-Backup-2026-05-26/02-cms-csv-exports/LeashFree.ca - Dog Parks - 683758b0a3f8a696dfc417b0.csv","cms-item","/dog-parks/primrose-park","/dog-parks/primrose-park/","Dog Parks","primrose-park","inferred","Generated from CMS slug; verify against live Webflow URLs."
"LeashFree-Webflow-Backup-2026-05-26/02-cms-csv-exports/LeashFree.ca - Dog Parks - 683758b0a3f8a696dfc417b0.csv","cms-item","/dog-parks/prospect-park-halton-hills","/dog-parks/prospect-park-halton-hills/","Dog Parks","prospect-park-halton-hills","inferred","Generated from CMS slug; verify against live Webflow URLs."
"LeashFree-Webflow-Backup-2026-05-26/02-cms-csv-exports/LeashFree.ca - Dog Parks - 683758b0a3f8a696dfc417b0.csv","cms-item","/dog-parks/pump-hill-off-leash-area","/dog-parks/pump-hill-off-leash-area/","Dog Parks","pump-hill-off-leash-area","inferred","Generated from CMS slug; verify against live Webflow URLs."
"LeashFree-Webflow-Backup-2026-05-26/02-cms-csv-exports/LeashFree.ca - Dog Parks - 683758b0a3f8a696dfc417b0.csv","cms-item","/dog-parks/qoqolem-park-chilliwack","/dog-parks/qoqolem-park-chilliwack/","Dog Parks","qoqolem-park-chilliwack","inferred","Generated from CMS slug; verify against live Webflow URLs."
"LeashFree-Webflow-Backup-2026-05-26/02-cms-csv-exports/LeashFree.ca - Dog Parks - 683758b0a3f8a696dfc417b0.csv","cms-item","/dog-parks/queen-elizabeth-dog-park","/dog-parks/queen-elizabeth-dog-park/","Dog Parks","queen-elizabeth-dog-park","inferred","Generated from CMS slug; verify against live Webflow URLs."
"LeashFree-Webflow-Backup-2026-05-26/02-cms-csv-exports/LeashFree.ca - Dog Parks - 683758b0a3f8a696dfc417b0.csv","cms-item","/dog-parks/queens-park-new-westminster","/dog-parks/queens-park-new-westminster/","Dog Parks","queens-park-new-westminster","inferred","Generated from CMS slug; verify against live Webflow URLs."
"LeashFree-Webflow-Backup-2026-05-26/02-cms-csv-exports/LeashFree.ca - Dog Parks - 683758b0a3f8a696dfc417b0.csv","cms-item","/dog-parks/queens-park","/dog-parks/queens-park/","Dog Parks","queens-park","inferred","Generated from CMS slug; verify against live Webflow URLs."
"LeashFree-Webflow-Backup-2026-05-26/02-cms-csv-exports/LeashFree.ca - Dog Parks - 683758b0a3f8a696dfc417b0.csv","cms-item","/dog-parks/queensborough-new-westminster","/dog-parks/queensborough-new-westminster/","Dog Parks","queensborough-new-westminster","inferred","Generated from CMS slug; verify against live Webflow URLs."
"LeashFree-Webflow-Backup-2026-05-26/02-cms-csv-exports/LeashFree.ca - Dog Parks - 683758b0a3f8a696dfc417b0.csv","cms-item","/dog-parks/queensland-off-leash-area","/dog-parks/queensland-off-leash-area/","Dog Parks","queensland-off-leash-area","inferred","Generated from CMS slug; verify against live Webflow URLs."
"LeashFree-Webflow-Backup-2026-05-26/02-cms-csv-exports/LeashFree.ca - Dog Parks - 683758b0a3f8a696dfc417b0.csv","cms-item","/dog-parks/quenippenon-park","/dog-parks/quenippenon-park/","Dog Parks","quenippenon-park","inferred","Generated from CMS slug; verify against live Webflow URLs."
"LeashFree-Webflow-Backup-2026-05-26/02-cms-csv-exports/LeashFree.ca - Dog Parks - 683758b0a3f8a696dfc417b0.csv","cms-item","/dog-parks/quilchena-dog-park","/dog-parks/quilchena-dog-park/","Dog Parks","quilchena-dog-park","inferred","Generated from CMS slug; verify against live Webflow URLs."
"LeashFree-Webflow-Backup-2026-05-26/02-cms-csv-exports/LeashFree.ca - Dog Parks - 683758b0a3f8a696dfc417b0.csv","cms-item","/dog-parks/quinte-dog-park","/dog-parks/quinte-dog-park/","Dog Parks","quinte-dog-park","inferred","Generated from CMS slug; verify against live Webflow URLs."
"LeashFree-Webflow-Backup-2026-05-26/02-cms-csv-exports/LeashFree.ca - Dog Parks - 683758b0a3f8a696dfc417b0.csv","cms-item","/dog-parks/rj-gidluck-park","/dog-parks/rj-gidluck-park/","Dog Parks","rj-gidluck-park","inferred","Generated from CMS slug; verify against live Webflow URLs."
"LeashFree-Webflow-Backup-2026-05-26/02-cms-csv-exports/LeashFree.ca - Dog Parks - 683758b0a3f8a696dfc417b0.csv","cms-item","/dog-parks/ramsay-off-leash-area","/dog-parks/ramsay-off-leash-area/","Dog Parks","ramsay-off-leash-area","inferred","Generated from CMS slug; verify against live Webflow URLs."
"LeashFree-Webflow-Backup-2026-05-26/02-cms-csv-exports/LeashFree.ca - Dog Parks - 683758b0a3f8a696dfc417b0.csv","cms-item","/dog-parks/ramsden-park","/dog-parks/ramsden-park/","Dog Parks","ramsden-park","inferred","Generated from CMS slug; verify against live Webflow URLs."
"LeashFree-Webflow-Backup-2026-05-26/02-cms-csv-exports/LeashFree.ca - Dog Parks - 683758b0a3f8a696dfc417b0.csv","cms-item","/dog-parks/raven-park-ladysmith","/dog-parks/raven-park-ladysmith/","Dog Parks","raven-park-ladysmith","inferred","Generated from CMS slug; verify against live Webflow URLs."
"LeashFree-Webflow-Backup-2026-05-26/02-cms-csv-exports/LeashFree.ca - Dog Parks - 683758b0a3f8a696dfc417b0.csv","cms-item","/dog-parks/raymore-park","/dog-parks/raymore-park/","Dog Parks","raymore-park","inferred","Generated from CMS slug; verify against live Webflow URLs."
"LeashFree-Webflow-Backup-2026-05-26/02-cms-csv-exports/LeashFree.ca - Dog Parks - 683758b0a3f8a696dfc417b0.csv","cms-item","/dog-parks/regent-park","/dog-parks/regent-park/","Dog Parks","regent-park","inferred","Generated from CMS slug; verify against live Webflow URLs."
"LeashFree-Webflow-Backup-2026-05-26/02-cms-csv-exports/LeashFree.ca - Dog Parks - 683758b0a3f8a696dfc417b0.csv","cms-item","/dog-parks/renfrew-community-dog-park","/dog-parks/renfrew-community-dog-park/","Dog Parks","renfrew-community-dog-park","inferred","Generated from CMS slug; verify against live Webflow URLs."
"LeashFree-Webflow-Backup-2026-05-26/02-cms-csv-exports/LeashFree.ca - Dog Parks - 683758b0a3f8a696dfc417b0.csv","cms-item","/dog-parks/renfrew-off-leash-park","/dog-parks/renfrew-off-leash-park/","Dog Parks","renfrew-off-leash-park","inferred","Generated from CMS slug; verify against live Webflow URLs."
"LeashFree-Webflow-Backup-2026-05-26/02-cms-csv-exports/LeashFree.ca - Dog Parks - 683758b0a3f8a696dfc417b0.csv","cms-item","/dog-parks/reservoir-park-wolfville","/dog-parks/reservoir-park-wolfville/","Dog Parks","reservoir-park-wolfville","inferred","Generated from CMS slug; verify against live Webflow URLs."
"LeashFree-Webflow-Backup-2026-05-26/02-cms-csv-exports/LeashFree.ca - Dog Parks - 683758b0a3f8a696dfc417b0.csv","cms-item","/dog-parks/restoule-provincial-park","/dog-parks/restoule-provincial-park/","Dog Parks","restoule-provincial-park","inferred","Generated from CMS slug; verify against live Webflow URLs."
"LeashFree-Webflow-Backup-2026-05-26/02-cms-csv-exports/LeashFree.ca - Dog Parks - 683758b0a3f8a696dfc417b0.csv","cms-item","/dog-parks/river-park-off-leash-area","/dog-parks/river-park-off-leash-area/","Dog Parks","river-park-off-leash-area","inferred","Generated from CMS slug; verify against live Webflow URLs."
"LeashFree-Webflow-Backup-2026-05-26/02-cms-csv-exports/LeashFree.ca - Dog Parks - 683758b0a3f8a696dfc417b0.csv","cms-item","/dog-parks/riverstone-dog-park","/dog-parks/riverstone-dog-park/","Dog Parks","riverstone-dog-park","inferred","Generated from CMS slug; verify against live Webflow URLs."
"LeashFree-Webflow-Backup-2026-05-26/02-cms-csv-exports/LeashFree.ca - Dog Parks - 683758b0a3f8a696dfc417b0.csv","cms-item","/dog-parks/riverain-fenced-dog-park","/dog-parks/riverain-fenced-dog-park/","Dog Parks","riverain-fenced-dog-park","inferred","Generated from CMS slug; verify against live Webflow URLs."
"LeashFree-Webflow-Backup-2026-05-26/02-cms-csv-exports/LeashFree.ca - Dog Parks - 683758b0a3f8a696dfc417b0.csv","cms-item","/dog-parks/riverdale-off-leash-area","/dog-parks/riverdale-off-leash-area/","Dog Parks","riverdale-off-leash-area","inferred","Generated from CMS slug; verify against live Webflow URLs."
"LeashFree-Webflow-Backup-2026-05-26/02-cms-csv-exports/LeashFree.ca - Dog Parks - 683758b0a3f8a696dfc417b0.csv","cms-item","/dog-parks/riverdale-park-east","/dog-parks/riverdale-park-east/","Dog Parks","riverdale-park-east","inferred","Generated from CMS slug; verify against live Webflow URLs."
"LeashFree-Webflow-Backup-2026-05-26/02-cms-csv-exports/LeashFree.ca - Dog Parks - 683758b0a3f8a696dfc417b0.csv","cms-item","/dog-parks/riverdale-park-west","/dog-parks/riverdale-park-west/","Dog Parks","riverdale-park-west","inferred","Generated from CMS slug; verify against live Webflow URLs."
"LeashFree-Webflow-Backup-2026-05-26/02-cms-csv-exports/LeashFree.ca - Dog Parks - 683758b0a3f8a696dfc417b0.csv","cms-item","/dog-parks/riverside-park-guelph","/dog-parks/riverside-park-guelph/","Dog Parks","riverside-park-guelph","inferred","Generated from CMS slug; verify against live Webflow URLs."
"LeashFree-Webflow-Backup-2026-05-26/02-cms-csv-exports/LeashFree.ca - Dog Parks - 683758b0a3f8a696dfc417b0.csv","cms-item","/dog-parks/robert-burnaby-park","/dog-parks/robert-burnaby-park/","Dog Parks","robert-burnaby-park","inferred","Generated from CMS slug; verify against live Webflow URLs."
"LeashFree-Webflow-Backup-2026-05-26/02-cms-csv-exports/LeashFree.ca - Dog Parks - 683758b0a3f8a696dfc417b0.csv","cms-item","/dog-parks/roly-bird-park","/dog-parks/roly-bird-park/","Dog Parks","roly-bird-park","inferred","Generated from CMS slug; verify against live Webflow URLs."
"LeashFree-Webflow-Backup-2026-05-26/02-cms-csv-exports/LeashFree.ca - Dog Parks - 683758b0a3f8a696dfc417b0.csv","cms-item","/dog-parks/root-street-park-ladysmith","/dog-parks/root-street-park-ladysmith/","Dog Parks","root-street-park-ladysmith","inferred","Generated from CMS slug; verify against live Webflow URLs."
"LeashFree-Webflow-Backup-2026-05-26/02-cms-csv-exports/LeashFree.ca - Dog Parks - 683758b0a3f8a696dfc417b0.csv","cms-item","/dog-parks/ross-industrial-off-leash-dog-park","/dog-parks/ross-industrial-off-leash-dog-park/","Dog Parks","ross-industrial-off-leash-dog-park","inferred","Generated from CMS slug; verify against live Webflow URLs."
"LeashFree-Webflow-Backup-2026-05-26/02-cms-csv-exports/LeashFree.ca - Dog Parks - 683758b0a3f8a696dfc417b0.csv","cms-item","/dog-parks/rotary-park-ajax","/dog-parks/rotary-park-ajax/","Dog Parks","rotary-park-ajax","inferred","Generated from CMS slug; verify against live Webflow URLs."
"LeashFree-Webflow-Backup-2026-05-26/02-cms-csv-exports/LeashFree.ca - Dog Parks - 683758b0a3f8a696dfc417b0.csv","cms-item","/dog-parks/rotary-park-off-leash-area","/dog-parks/rotary-park-off-leash-area/","Dog Parks","rotary-park-off-leash-area","inferred","Generated from CMS slug; verify against live Webflow URLs."
"LeashFree-Webflow-Backup-2026-05-26/02-cms-csv-exports/LeashFree.ca - Dog Parks - 683758b0a3f8a696dfc417b0.csv","cms-item","/dog-parks/rotary-park-off-leash-area-sydney","/dog-parks/rotary-park-off-leash-area-sydney/","Dog Parks","rotary-park-off-leash-area-sydney","inferred","Generated from CMS slug; verify against live Webflow URLs."
"LeashFree-Webflow-Backup-2026-05-26/02-cms-csv-exports/LeashFree.ca - Dog Parks - 683758b0a3f8a696dfc417b0.csv","cms-item","/dog-parks/roth-park","/dog-parks/roth-park/","Dog Parks","roth-park","inferred","Generated from CMS slug; verify against live Webflow URLs."
"LeashFree-Webflow-Backup-2026-05-26/02-cms-csv-exports/LeashFree.ca - Dog Parks - 683758b0a3f8a696dfc417b0.csv","cms-item","/dog-parks/rowcliffe-park-kelowna","/dog-parks/rowcliffe-park-kelowna/","Dog Parks","rowcliffe-park-kelowna","inferred","Generated from CMS slug; verify against live Webflow URLs."
"LeashFree-Webflow-Backup-2026-05-26/02-cms-csv-exports/LeashFree.ca - Dog Parks - 683758b0a3f8a696dfc417b0.csv","cms-item","/dog-parks/roxboro-off-leash-area","/dog-parks/roxboro-off-leash-area/","Dog Parks","roxboro-off-leash-area","inferred","Generated from CMS slug; verify against live Webflow URLs."
"LeashFree-Webflow-Backup-2026-05-26/02-cms-csv-exports/LeashFree.ca - Dog Parks - 683758b0a3f8a696dfc417b0.csv","cms-item","/dog-parks/royal-oaks-neighbourhood-off-leash-area","/dog-parks/royal-oaks-neighbourhood-off-leash-area/","Dog Parks","royal-oaks-neighbourhood-off-leash-area","inferred","Generated from CMS slug; verify against live Webflow URLs."
"LeashFree-Webflow-Backup-2026-05-26/02-cms-csv-exports/LeashFree.ca - Dog Parks - 683758b0a3f8a696dfc417b0.csv","cms-item","/dog-parks/rushdale-park","/dog-parks/rushdale-park/","Dog Parks","rushdale-park","inferred","Generated from CMS slug; verify against live Webflow URLs."
"LeashFree-Webflow-Backup-2026-05-26/02-cms-csv-exports/LeashFree.ca - Dog Parks - 683758b0a3f8a696dfc417b0.csv","cms-item","/dog-parks/ruth-johnson-park","/dog-parks/ruth-johnson-park/","Dog Parks","ruth-johnson-park","inferred","Generated from CMS slug; verify against live Webflow URLs."
"LeashFree-Webflow-Backup-2026-05-26/02-cms-csv-exports/LeashFree.ca - Dog Parks - 683758b0a3f8a696dfc417b0.csv","cms-item","/dog-parks/rutland-recreation-park-kelowna","/dog-parks/rutland-recreation-park-kelowna/","Dog Parks","rutland-recreation-park-kelowna","inferred","Generated from CMS slug; verify against live Webflow URLs."
"LeashFree-Webflow-Backup-2026-05-26/02-cms-csv-exports/LeashFree.ca - Dog Parks - 683758b0a3f8a696dfc417b0.csv","cms-item","/dog-parks/sackville-lakes-provincial-park","/dog-parks/sackville-lakes-provincial-park/","Dog Parks","sackville-lakes-provincial-park","inferred","Generated from CMS slug; verify against live Webflow URLs."
"LeashFree-Webflow-Backup-2026-05-26/02-cms-csv-exports/LeashFree.ca - Dog Parks - 683758b0a3f8a696dfc417b0.csv","cms-item","/dog-parks/sand-bay-county-park","/dog-parks/sand-bay-county-park/","Dog Parks","sand-bay-county-park","inferred","Generated from CMS slug; verify against live Webflow URLs."
"LeashFree-Webflow-Backup-2026-05-26/02-cms-csv-exports/LeashFree.ca - Dog Parks - 683758b0a3f8a696dfc417b0.csv","cms-item","/dog-parks/sandstone-area-1-off-leash-dog-park","/dog-parks/sandstone-area-1-off-leash-dog-park/","Dog Parks","sandstone-area-1-off-leash-dog-park","inferred","Generated from CMS slug; verify against live Webflow URLs."
"LeashFree-Webflow-Backup-2026-05-26/02-cms-csv-exports/LeashFree.ca - Dog Parks - 683758b0a3f8a696dfc417b0.csv","cms-item","/dog-parks/sandy-beach-off-leash-area","/dog-parks/sandy-beach-off-leash-area/","Dog Parks","sandy-beach-off-leash-area","inferred","Generated from CMS slug; verify against live Webflow URLs."
"LeashFree-Webflow-Backup-2026-05-26/02-cms-csv-exports/LeashFree.ca - Dog Parks - 683758b0a3f8a696dfc417b0.csv","cms-item","/dog-parks/sandy-bruce-park","/dog-parks/sandy-bruce-park/","Dog Parks","sandy-bruce-park","inferred","Generated from CMS slug; verify against live Webflow URLs."
"LeashFree-Webflow-Backup-2026-05-26/02-cms-csv-exports/LeashFree.ca - Dog Parks - 683758b0a3f8a696dfc417b0.csv","cms-item","/dog-parks/sandy-lake-park","/dog-parks/sandy-lake-park/","Dog Parks","sandy-lake-park","inferred","Generated from CMS slug; verify against live Webflow URLs."
"LeashFree-Webflow-Backup-2026-05-26/02-cms-csv-exports/LeashFree.ca - Dog Parks - 683758b0a3f8a696dfc417b0.csv","cms-item","/dog-parks/saratoga-dog-park","/dog-parks/saratoga-dog-park/","Dog Parks","saratoga-dog-park","inferred","Generated from CMS slug; verify against live Webflow URLs."
"LeashFree-Webflow-Backup-2026-05-26/02-cms-csv-exports/LeashFree.ca - Dog Parks - 683758b0a3f8a696dfc417b0.csv","cms-item","/dog-parks/scarborough-heights-park","/dog-parks/scarborough-heights-park/","Dog Parks","scarborough-heights-park","inferred","Generated from CMS slug; verify against live Webflow URLs."
"LeashFree-Webflow-Backup-2026-05-26/02-cms-csv-exports/LeashFree.ca - Dog Parks - 683758b0a3f8a696dfc417b0.csv","cms-item","/dog-parks/scenic-drive-dog-run","/dog-parks/scenic-drive-dog-run/","Dog Parks","scenic-drive-dog-run","inferred","Generated from CMS slug; verify against live Webflow URLs."
"LeashFree-Webflow-Backup-2026-05-26/02-cms-csv-exports/LeashFree.ca - Dog Parks - 683758b0a3f8a696dfc417b0.csv","cms-item","/dog-parks/seasonal-rink-dog-parks-regina","/dog-parks/seasonal-rink-dog-parks-regina/","Dog Parks","seasonal-rink-dog-parks-regina","inferred","Generated from CMS slug; verify against live Webflow URLs."
"LeashFree-Webflow-Backup-2026-05-26/02-cms-csv-exports/LeashFree.ca - Dog Parks - 683758b0a3f8a696dfc417b0.csv","cms-item","/dog-parks/semiahmoo-park","/dog-parks/semiahmoo-park/","Dog Parks","semiahmoo-park","inferred","Generated from CMS slug; verify against live Webflow URLs."
"LeashFree-Webflow-Backup-2026-05-26/02-cms-csv-exports/LeashFree.ca - Dog Parks - 683758b0a3f8a696dfc417b0.csv","cms-item","/dog-parks/seton-off-leash-area","/dog-parks/seton-off-leash-area/","Dog Parks","seton-off-leash-area","inferred","Generated from CMS slug; verify against live Webflow URLs."
"LeashFree-Webflow-Backup-2026-05-26/02-cms-csv-exports/LeashFree.ca - Dog Parks - 683758b0a3f8a696dfc417b0.csv","cms-item","/dog-parks/shaughnessy","/dog-parks/shaughnessy/","Dog Parks","shaughnessy","inferred","Generated from CMS slug; verify against live Webflow URLs."
"LeashFree-Webflow-Backup-2026-05-26/02-cms-csv-exports/LeashFree.ca - Dog Parks - 683758b0a3f8a696dfc417b0.csv","cms-item","/dog-parks/shearwater-flyer-off-leash-dog-park","/dog-parks/shearwater-flyer-off-leash-dog-park/","Dog Parks","shearwater-flyer-off-leash-dog-park","inferred","Generated from CMS slug; verify against live Webflow URLs."
"LeashFree-Webflow-Backup-2026-05-26/02-cms-csv-exports/LeashFree.ca - Dog Parks - 683758b0a3f8a696dfc417b0.csv","cms-item","/dog-parks/sheffield-dog-off-leash-area","/dog-parks/sheffield-dog-off-leash-area/","Dog Parks","sheffield-dog-off-leash-area","inferred","Generated from CMS slug; verify against live Webflow URLs."
"LeashFree-Webflow-Backup-2026-05-26/02-cms-csv-exports/LeashFree.ca - Dog Parks - 683758b0a3f8a696dfc417b0.csv","cms-item","/dog-parks/shell-dog-park","/dog-parks/shell-dog-park/","Dog Parks","shell-dog-park","inferred","Generated from CMS slug; verify against live Webflow URLs."
"LeashFree-Webflow-Backup-2026-05-26/02-cms-csv-exports/LeashFree.ca - Dog Parks - 683758b0a3f8a696dfc417b0.csv","cms-item","/dog-parks/sherwood-park","/dog-parks/sherwood-park/","Dog Parks","sherwood-park","inferred","Generated from CMS slug; verify against live Webflow URLs."
"LeashFree-Webflow-Backup-2026-05-26/02-cms-csv-exports/LeashFree.ca - Dog Parks - 683758b0a3f8a696dfc417b0.csv","cms-item","/dog-parks/shubie-park","/dog-parks/shubie-park/","Dog Parks","shubie-park","inferred","Generated from CMS slug; verify against live Webflow URLs."
"LeashFree-Webflow-Backup-2026-05-26/02-cms-csv-exports/LeashFree.ca - Dog Parks - 683758b0a3f8a696dfc417b0.csv","cms-item","/dog-parks/silvercreek-park","/dog-parks/silvercreek-park/","Dog Parks","silvercreek-park","inferred","Generated from CMS slug; verify against live Webflow URLs."
"LeashFree-Webflow-Backup-2026-05-26/02-cms-csv-exports/LeashFree.ca - Dog Parks - 683758b0a3f8a696dfc417b0.csv","cms-item","/dog-parks/silverwood-dog-park","/dog-parks/silverwood-dog-park/","Dog Parks","silverwood-dog-park","inferred","Generated from CMS slug; verify against live Webflow URLs."
"LeashFree-Webflow-Backup-2026-05-26/02-cms-csv-exports/LeashFree.ca - Dog Parks - 683758b0a3f8a696dfc417b0.csv","cms-item","/dog-parks/sir-casimir-gzowski-park","/dog-parks/sir-casimir-gzowski-park/","Dog Parks","sir-casimir-gzowski-park","inferred","Generated from CMS slug; verify against live Webflow URLs."
"LeashFree-Webflow-Backup-2026-05-26/02-cms-csv-exports/LeashFree.ca - Dog Parks - 683758b0a3f8a696dfc417b0.csv","cms-item","/dog-parks/sir-casimir-gzowski-park-etobicoke","/dog-parks/sir-casimir-gzowski-park-etobicoke/","Dog Parks","sir-casimir-gzowski-park-etobicoke","inferred","Generated from CMS slug; verify against live Webflow URLs."
"LeashFree-Webflow-Backup-2026-05-26/02-cms-csv-exports/LeashFree.ca - Dog Parks - 683758b0a3f8a696dfc417b0.csv","cms-item","/dog-parks/sixteen-mile-sports-complex","/dog-parks/sixteen-mile-sports-complex/","Dog Parks","sixteen-mile-sports-complex","inferred","Generated from CMS slug; verify against live Webflow URLs."
"LeashFree-Webflow-Backup-2026-05-26/02-cms-csv-exports/LeashFree.ca - Dog Parks - 683758b0a3f8a696dfc417b0.csv","cms-item","/dog-parks/skyview-ranch-off-leash-area","/dog-parks/skyview-ranch-off-leash-area/","Dog Parks","skyview-ranch-off-leash-area","inferred","Generated from CMS slug; verify against live Webflow URLs."
"LeashFree-Webflow-Backup-2026-05-26/02-cms-csv-exports/LeashFree.ca - Dog Parks - 683758b0a3f8a696dfc417b0.csv","cms-item","/dog-parks/snetsinger-park-cornwall","/dog-parks/snetsinger-park-cornwall/","Dog Parks","snetsinger-park-cornwall","inferred","Generated from CMS slug; verify against live Webflow URLs."
"LeashFree-Webflow-Backup-2026-05-26/02-cms-csv-exports/LeashFree.ca - Dog Parks - 683758b0a3f8a696dfc417b0.csv","cms-item","/dog-parks/sorauren-avenue-park","/dog-parks/sorauren-avenue-park/","Dog Parks","sorauren-avenue-park","inferred","Generated from CMS slug; verify against live Webflow URLs."
"LeashFree-Webflow-Backup-2026-05-26/02-cms-csv-exports/LeashFree.ca - Dog Parks - 683758b0a3f8a696dfc417b0.csv","cms-item","/dog-parks/south-bear-creek-off-leash-dog-park","/dog-parks/south-bear-creek-off-leash-dog-park/","Dog Parks","south-bear-creek-off-leash-dog-park","inferred","Generated from CMS slug; verify against live Webflow URLs."
"LeashFree-Webflow-Backup-2026-05-26/02-cms-csv-exports/LeashFree.ca - Dog Parks - 683758b0a3f8a696dfc417b0.csv","cms-item","/dog-parks/south-courtice-dog-park","/dog-parks/south-courtice-dog-park/","Dog Parks","south-courtice-dog-park","inferred","Generated from CMS slug; verify against live Webflow URLs."
"LeashFree-Webflow-Backup-2026-05-26/02-cms-csv-exports/LeashFree.ca - Dog Parks - 683758b0a3f8a696dfc417b0.csv","cms-item","/dog-parks/south-shore-vet-dog-zone","/dog-parks/south-shore-vet-dog-zone/","Dog Parks","south-shore-vet-dog-zone","inferred","Generated from CMS slug; verify against live Webflow URLs."
"LeashFree-Webflow-Backup-2026-05-26/02-cms-csv-exports/LeashFree.ca - Dog Parks - 683758b0a3f8a696dfc417b0.csv","cms-item","/dog-parks/southward-community-park","/dog-parks/southward-community-park/","Dog Parks","southward-community-park","inferred","Generated from CMS slug; verify against live Webflow URLs."
"LeashFree-Webflow-Backup-2026-05-26/02-cms-csv-exports/LeashFree.ca - Dog Parks - 683758b0a3f8a696dfc417b0.csv","cms-item","/dog-parks/southwest-dog-park-saskatoon","/dog-parks/southwest-dog-park-saskatoon/","Dog Parks","southwest-dog-park-saskatoon","inferred","Generated from CMS slug; verify against live Webflow URLs."
"LeashFree-Webflow-Backup-2026-05-26/02-cms-csv-exports/LeashFree.ca - Dog Parks - 683758b0a3f8a696dfc417b0.csv","cms-item","/dog-parks/spanish-banks-dog-park-vancouver","/dog-parks/spanish-banks-dog-park-vancouver/","Dog Parks","spanish-banks-dog-park-vancouver","inferred","Generated from CMS slug; verify against live Webflow URLs."
"LeashFree-Webflow-Backup-2026-05-26/02-cms-csv-exports/LeashFree.ca - Dog Parks - 683758b0a3f8a696dfc417b0.csv","cms-item","/dog-parks/sparwood-dog-park-vancouver","/dog-parks/sparwood-dog-park-vancouver/","Dog Parks","sparwood-dog-park-vancouver","inferred","Generated from CMS slug; verify against live Webflow URLs."
"LeashFree-Webflow-Backup-2026-05-26/02-cms-csv-exports/LeashFree.ca - Dog Parks - 683758b0a3f8a696dfc417b0.csv","cms-item","/dog-parks/spruce-haven-off-leash-dog-park","/dog-parks/spruce-haven-off-leash-dog-park/","Dog Parks","spruce-haven-off-leash-dog-park","inferred","Generated from CMS slug; verify against live Webflow URLs."
"LeashFree-Webflow-Backup-2026-05-26/02-cms-csv-exports/LeashFree.ca - Dog Parks - 683758b0a3f8a696dfc417b0.csv","cms-item","/dog-parks/st-andrews-playground","/dog-parks/st-andrews-playground/","Dog Parks","st-andrews-playground","inferred","Generated from CMS slug; verify against live Webflow URLs."
"LeashFree-Webflow-Backup-2026-05-26/02-cms-csv-exports/LeashFree.ca - Dog Parks - 683758b0a3f8a696dfc417b0.csv","cms-item","/dog-parks/st-patricks-island-off-leash-area","/dog-parks/st-patricks-island-off-leash-area/","Dog Parks","st-patricks-island-off-leash-area","inferred","Generated from CMS slug; verify against live Webflow URLs."
"LeashFree-Webflow-Backup-2026-05-26/02-cms-csv-exports/LeashFree.ca - Dog Parks - 683758b0a3f8a696dfc417b0.csv","cms-item","/dog-parks/stan-wadlow-park","/dog-parks/stan-wadlow-park/","Dog Parks","stan-wadlow-park","inferred","Generated from CMS slug; verify against live Webflow URLs."
"LeashFree-Webflow-Backup-2026-05-26/02-cms-csv-exports/LeashFree.ca - Dog Parks - 683758b0a3f8a696dfc417b0.csv","cms-item","/dog-parks/stanley-dog-park","/dog-parks/stanley-dog-park/","Dog Parks","stanley-dog-park","inferred","Generated from CMS slug; verify against live Webflow URLs."
"LeashFree-Webflow-Backup-2026-05-26/02-cms-csv-exports/LeashFree.ca - Dog Parks - 683758b0a3f8a696dfc417b0.csv","cms-item","/dog-parks/stanley-park-south-toronto","/dog-parks/stanley-park-south-toronto/","Dog Parks","stanley-park-south-toronto","inferred","Generated from CMS slug; verify against live Webflow URLs."
"LeashFree-Webflow-Backup-2026-05-26/02-cms-csv-exports/LeashFree.ca - Dog Parks - 683758b0a3f8a696dfc417b0.csv","cms-item","/dog-parks/steve-mcdonnell","/dog-parks/steve-mcdonnell/","Dog Parks","steve-mcdonnell","inferred","Generated from CMS slug; verify against live Webflow URLs."
"LeashFree-Webflow-Backup-2026-05-26/02-cms-csv-exports/LeashFree.ca - Dog Parks - 683758b0a3f8a696dfc417b0.csv","cms-item","/dog-parks/steve-mcdonnell-park","/dog-parks/steve-mcdonnell-park/","Dog Parks","steve-mcdonnell-park","inferred","Generated from CMS slug; verify against live Webflow URLs."
"LeashFree-Webflow-Backup-2026-05-26/02-cms-csv-exports/LeashFree.ca - Dog Parks - 683758b0a3f8a696dfc417b0.csv","cms-item","/dog-parks/stocking-creek-park-ladysmith","/dog-parks/stocking-creek-park-ladysmith/","Dog Parks","stocking-creek-park-ladysmith","inferred","Generated from CMS slug; verify against live Webflow URLs."
"LeashFree-Webflow-Backup-2026-05-26/02-cms-csv-exports/LeashFree.ca - Dog Parks - 683758b0a3f8a696dfc417b0.csv","cms-item","/dog-parks/stoney-creek-off-leash-area","/dog-parks/stoney-creek-off-leash-area/","Dog Parks","stoney-creek-off-leash-area","inferred","Generated from CMS slug; verify against live Webflow URLs."
"LeashFree-Webflow-Backup-2026-05-26/02-cms-csv-exports/LeashFree.ca - Dog Parks - 683758b0a3f8a696dfc417b0.csv","cms-item","/dog-parks/stony-swamp-conservation-area","/dog-parks/stony-swamp-conservation-area/","Dog Parks","stony-swamp-conservation-area","inferred","Generated from CMS slug; verify against live Webflow URLs."
"LeashFree-Webflow-Backup-2026-05-26/02-cms-csv-exports/LeashFree.ca - Dog Parks - 683758b0a3f8a696dfc417b0.csv","cms-item","/dog-parks/strathcona-dog-park","/dog-parks/strathcona-dog-park/","Dog Parks","strathcona-dog-park","inferred","Generated from CMS slug; verify against live Webflow URLs."
"LeashFree-Webflow-Backup-2026-05-26/02-cms-csv-exports/LeashFree.ca - Dog Parks - 683758b0a3f8a696dfc417b0.csv","cms-item","/dog-parks/strathcona-park-off-leash-area","/dog-parks/strathcona-park-off-leash-area/","Dog Parks","strathcona-park-off-leash-area","inferred","Generated from CMS slug; verify against live Webflow URLs."
"LeashFree-Webflow-Backup-2026-05-26/02-cms-csv-exports/LeashFree.ca - Dog Parks - 683758b0a3f8a696dfc417b0.csv","cms-item","/dog-parks/sue-higgins-park","/dog-parks/sue-higgins-park/","Dog Parks","sue-higgins-park","inferred","Generated from CMS slug; verify against live Webflow URLs."
"LeashFree-Webflow-Backup-2026-05-26/02-cms-csv-exports/LeashFree.ca - Dog Parks - 683758b0a3f8a696dfc417b0.csv","cms-item","/dog-parks/sunalta-off-leash-area","/dog-parks/sunalta-off-leash-area/","Dog Parks","sunalta-off-leash-area","inferred","Generated from CMS slug; verify against live Webflow URLs."
"LeashFree-Webflow-Backup-2026-05-26/02-cms-csv-exports/LeashFree.ca - Dog Parks - 683758b0a3f8a696dfc417b0.csv","cms-item","/dog-parks/sunnidale-park","/dog-parks/sunnidale-park/","Dog Parks","sunnidale-park","inferred","Generated from CMS slug; verify against live Webflow URLs."
"LeashFree-Webflow-Backup-2026-05-26/02-cms-csv-exports/LeashFree.ca - Dog Parks - 683758b0a3f8a696dfc417b0.csv","cms-item","/dog-parks/sunny-mount-park","/dog-parks/sunny-mount-park/","Dog Parks","sunny-mount-park","inferred","Generated from CMS slug; verify against live Webflow URLs."
"LeashFree-Webflow-Backup-2026-05-26/02-cms-csv-exports/LeashFree.ca - Dog Parks - 683758b0a3f8a696dfc417b0.csv","cms-item","/dog-parks/sunnybrook-park","/dog-parks/sunnybrook-park/","Dog Parks","sunnybrook-park","inferred","Generated from CMS slug; verify against live Webflow URLs."
"LeashFree-Webflow-Backup-2026-05-26/02-cms-csv-exports/LeashFree.ca - Dog Parks - 683758b0a3f8a696dfc417b0.csv","cms-item","/dog-parks/sunrise-dog-park-vancouver","/dog-parks/sunrise-dog-park-vancouver/","Dog Parks","sunrise-dog-park-vancouver","inferred","Generated from CMS slug; verify against live Webflow URLs."
"LeashFree-Webflow-Backup-2026-05-26/02-cms-csv-exports/LeashFree.ca - Dog Parks - 683758b0a3f8a696dfc417b0.csv","cms-item","/dog-parks/sunset-beach-dog-park","/dog-parks/sunset-beach-dog-park/","Dog Parks","sunset-beach-dog-park","inferred","Generated from CMS slug; verify against live Webflow URLs."
"LeashFree-Webflow-Backup-2026-05-26/02-cms-csv-exports/LeashFree.ca - Dog Parks - 683758b0a3f8a696dfc417b0.csv","cms-item","/dog-parks/sunset-dog-park-vancouver","/dog-parks/sunset-dog-park-vancouver/","Dog Parks","sunset-dog-park-vancouver","inferred","Generated from CMS slug; verify against live Webflow URLs."
"LeashFree-Webflow-Backup-2026-05-26/02-cms-csv-exports/LeashFree.ca - Dog Parks - 683758b0a3f8a696dfc417b0.csv","cms-item","/dog-parks/swift-current-off-leash-dog-park","/dog-parks/swift-current-off-leash-dog-park/","Dog Parks","swift-current-off-leash-dog-park","inferred","Generated from CMS slug; verify against live Webflow URLs."
"LeashFree-Webflow-Backup-2026-05-26/02-cms-csv-exports/LeashFree.ca - Dog Parks - 683758b0a3f8a696dfc417b0.csv","cms-item","/dog-parks/taradale-off-leash-area","/dog-parks/taradale-off-leash-area/","Dog Parks","taradale-off-leash-area","inferred","Generated from CMS slug; verify against live Webflow URLs."
"LeashFree-Webflow-Backup-2026-05-26/02-cms-csv-exports/LeashFree.ca - Dog Parks - 683758b0a3f8a696dfc417b0.csv","cms-item","/dog-parks/taylor-park-burnaby","/dog-parks/taylor-park-burnaby/","Dog Parks","taylor-park-burnaby","inferred","Generated from CMS slug; verify against live Webflow URLs."
"LeashFree-Webflow-Backup-2026-05-26/02-cms-csv-exports/LeashFree.ca - Dog Parks - 683758b0a3f8a696dfc417b0.csv","cms-item","/dog-parks/tecumseh-dog-park","/dog-parks/tecumseh-dog-park/","Dog Parks","tecumseh-dog-park","inferred","Generated from CMS slug; verify against live Webflow URLs."
"LeashFree-Webflow-Backup-2026-05-26/02-cms-csv-exports/LeashFree.ca - Dog Parks - 683758b0a3f8a696dfc417b0.csv","cms-item","/dog-parks/terwillegar-off-leash-dog-park","/dog-parks/terwillegar-off-leash-dog-park/","Dog Parks","terwillegar-off-leash-dog-park","inferred","Generated from CMS slug; verify against live Webflow URLs."
"LeashFree-Webflow-Backup-2026-05-26/02-cms-csv-exports/LeashFree.ca - Dog Parks - 683758b0a3f8a696dfc417b0.csv","cms-item","/dog-parks/the-aud-neighbourhood-dog-park","/dog-parks/the-aud-neighbourhood-dog-park/","Dog Parks","the-aud-neighbourhood-dog-park","inferred","Generated from CMS slug; verify against live Webflow URLs."
"LeashFree-Webflow-Backup-2026-05-26/02-cms-csv-exports/LeashFree.ca - Dog Parks - 683758b0a3f8a696dfc417b0.csv","cms-item","/dog-parks/thompson-street-parkette","/dog-parks/thompson-street-parkette/","Dog Parks","thompson-street-parkette","inferred","Generated from CMS slug; verify against live Webflow URLs."
"LeashFree-Webflow-Backup-2026-05-26/02-cms-csv-exports/LeashFree.ca - Dog Parks - 683758b0a3f8a696dfc417b0.csv","cms-item","/dog-parks/thomson-memorial-park","/dog-parks/thomson-memorial-park/","Dog Parks","thomson-memorial-park","inferred","Generated from CMS slug; verify against live Webflow URLs."
"LeashFree-Webflow-Backup-2026-05-26/02-cms-csv-exports/LeashFree.ca - Dog Parks - 683758b0a3f8a696dfc417b0.csv","cms-item","/dog-parks/three-mile-bend-recreation-area","/dog-parks/three-mile-bend-recreation-area/","Dog Parks","three-mile-bend-recreation-area","inferred","Generated from CMS slug; verify against live Webflow URLs."
"LeashFree-Webflow-Backup-2026-05-26/02-cms-csv-exports/LeashFree.ca - Dog Parks - 683758b0a3f8a696dfc417b0.csv","cms-item","/dog-parks/thurlow-dog-park","/dog-parks/thurlow-dog-park/","Dog Parks","thurlow-dog-park","inferred","Generated from CMS slug; verify against live Webflow URLs."
"LeashFree-Webflow-Backup-2026-05-26/02-cms-csv-exports/LeashFree.ca - Dog Parks - 683758b0a3f8a696dfc417b0.csv","cms-item","/dog-parks/tom-campbells-hill-off-leash-area","/dog-parks/tom-campbells-hill-off-leash-area/","Dog Parks","tom-campbells-hill-off-leash-area","inferred","Generated from CMS slug; verify against live Webflow URLs."
"LeashFree-Webflow-Backup-2026-05-26/02-cms-csv-exports/LeashFree.ca - Dog Parks - 683758b0a3f8a696dfc417b0.csv","cms-item","/dog-parks/totoredaca-dog-park","/dog-parks/totoredaca-dog-park/","Dog Parks","totoredaca-dog-park","inferred","Generated from CMS slug; verify against live Webflow URLs."
"LeashFree-Webflow-Backup-2026-05-26/02-cms-csv-exports/LeashFree.ca - Dog Parks - 683758b0a3f8a696dfc417b0.csv","cms-item","/dog-parks/townsend-park-chilliwack","/dog-parks/townsend-park-chilliwack/","Dog Parks","townsend-park-chilliwack","inferred","Generated from CMS slug; verify against live Webflow URLs."
"LeashFree-Webflow-Backup-2026-05-26/02-cms-csv-exports/LeashFree.ca - Dog Parks - 683758b0a3f8a696dfc417b0.csv","cms-item","/dog-parks/trafalgar-sports-park","/dog-parks/trafalgar-sports-park/","Dog Parks","trafalgar-sports-park","inferred","Generated from CMS slug; verify against live Webflow URLs."
"LeashFree-Webflow-Backup-2026-05-26/02-cms-csv-exports/LeashFree.ca - Dog Parks - 683758b0a3f8a696dfc417b0.csv","cms-item","/dog-parks/transfer-beach-park","/dog-parks/transfer-beach-park/","Dog Parks","transfer-beach-park","inferred","Generated from CMS slug; verify against live Webflow URLs."
"LeashFree-Webflow-Backup-2026-05-26/02-cms-csv-exports/LeashFree.ca - Dog Parks - 683758b0a3f8a696dfc417b0.csv","cms-item","/dog-parks/trinity-bellwoods-park","/dog-parks/trinity-bellwoods-park/","Dog Parks","trinity-bellwoods-park","inferred","Generated from CMS slug; verify against live Webflow URLs."
"LeashFree-Webflow-Backup-2026-05-26/02-cms-csv-exports/LeashFree.ca - Dog Parks - 683758b0a3f8a696dfc417b0.csv","cms-item","/dog-parks/truro-bible-hill-off-leash-dog-park","/dog-parks/truro-bible-hill-off-leash-dog-park/","Dog Parks","truro-bible-hill-off-leash-dog-park","inferred","Generated from CMS slug; verify against live Webflow URLs."
"LeashFree-Webflow-Backup-2026-05-26/02-cms-csv-exports/LeashFree.ca - Dog Parks - 683758b0a3f8a696dfc417b0.csv","cms-item","/dog-parks/upton-farm-off-leash-area","/dog-parks/upton-farm-off-leash-area/","Dog Parks","upton-farm-off-leash-area","inferred","Generated from CMS slug; verify against live Webflow URLs."
"LeashFree-Webflow-Backup-2026-05-26/02-cms-csv-exports/LeashFree.ca - Dog Parks - 683758b0a3f8a696dfc417b0.csv","cms-item","/dog-parks/valdez-dog-park","/dog-parks/valdez-dog-park/","Dog Parks","valdez-dog-park","inferred","Generated from CMS slug; verify against live Webflow URLs."
"LeashFree-Webflow-Backup-2026-05-26/02-cms-csv-exports/LeashFree.ca - Dog Parks - 683758b0a3f8a696dfc417b0.csv","cms-item","/dog-parks/varsity-estates-park","/dog-parks/varsity-estates-park/","Dog Parks","varsity-estates-park","inferred","Generated from CMS slug; verify against live Webflow URLs."
"LeashFree-Webflow-Backup-2026-05-26/02-cms-csv-exports/LeashFree.ca - Dog Parks - 683758b0a3f8a696dfc417b0.csv","cms-item","/dog-parks/vedder-park","/dog-parks/vedder-park/","Dog Parks","vedder-park","inferred","Generated from CMS slug; verify against live Webflow URLs."
"LeashFree-Webflow-Backup-2026-05-26/02-cms-csv-exports/LeashFree.ca - Dog Parks - 683758b0a3f8a696dfc417b0.csv","cms-item","/dog-parks/vermont-square-park","/dog-parks/vermont-square-park/","Dog Parks","vermont-square-park","inferred","Generated from CMS slug; verify against live Webflow URLs."
"LeashFree-Webflow-Backup-2026-05-26/02-cms-csv-exports/LeashFree.ca - Dog Parks - 683758b0a3f8a696dfc417b0.csv","cms-item","/dog-parks/warden-woods","/dog-parks/warden-woods/","Dog Parks","warden-woods","inferred","Generated from CMS slug; verify against live Webflow URLs."
"LeashFree-Webflow-Backup-2026-05-26/02-cms-csv-exports/LeashFree.ca - Dog Parks - 683758b0a3f8a696dfc417b0.csv","cms-item","/dog-parks/warman-off-leash-dog-park","/dog-parks/warman-off-leash-dog-park/","Dog Parks","warman-off-leash-dog-park","inferred","Generated from CMS slug; verify against live Webflow URLs."
"LeashFree-Webflow-Backup-2026-05-26/02-cms-csv-exports/LeashFree.ca - Dog Parks - 683758b0a3f8a696dfc417b0.csv","cms-item","/dog-parks/warner-loat-park-burnaby","/dog-parks/warner-loat-park-burnaby/","Dog Parks","warner-loat-park-burnaby","inferred","Generated from CMS slug; verify against live Webflow URLs."
"LeashFree-Webflow-Backup-2026-05-26/02-cms-csv-exports/LeashFree.ca - Dog Parks - 683758b0a3f8a696dfc417b0.csv","cms-item","/dog-parks/wellington-off-leash-area","/dog-parks/wellington-off-leash-area/","Dog Parks","wellington-off-leash-area","inferred","Generated from CMS slug; verify against live Webflow URLs."
"LeashFree-Webflow-Backup-2026-05-26/02-cms-csv-exports/LeashFree.ca - Dog Parks - 683758b0a3f8a696dfc417b0.csv","cms-item","/dog-parks/west-hillhurst-off-leash-area","/dog-parks/west-hillhurst-off-leash-area/","Dog Parks","west-hillhurst-off-leash-area","inferred","Generated from CMS slug; verify against live Webflow URLs."
"LeashFree-Webflow-Backup-2026-05-26/02-cms-csv-exports/LeashFree.ca - Dog Parks - 683758b0a3f8a696dfc417b0.csv","cms-item","/dog-parks/west-zwicks-island-park","/dog-parks/west-zwicks-island-park/","Dog Parks","west-zwicks-island-park","inferred","Generated from CMS slug; verify against live Webflow URLs."
"LeashFree-Webflow-Backup-2026-05-26/02-cms-csv-exports/LeashFree.ca - Dog Parks - 683758b0a3f8a696dfc417b0.csv","cms-item","/dog-parks/westvue-dog-park","/dog-parks/westvue-dog-park/","Dog Parks","westvue-dog-park","inferred","Generated from CMS slug; verify against live Webflow URLs."
"LeashFree-Webflow-Backup-2026-05-26/02-cms-csv-exports/LeashFree.ca - Dog Parks - 683758b0a3f8a696dfc417b0.csv","cms-item","/dog-parks/westview-park-chilliwack","/dog-parks/westview-park-chilliwack/","Dog Parks","westview-park-chilliwack","inferred","Generated from CMS slug; verify against live Webflow URLs."
"LeashFree-Webflow-Backup-2026-05-26/02-cms-csv-exports/LeashFree.ca - Dog Parks - 683758b0a3f8a696dfc417b0.csv","cms-item","/dog-parks/westview-park-maple-ridge","/dog-parks/westview-park-maple-ridge/","Dog Parks","westview-park-maple-ridge","inferred","Generated from CMS slug; verify against live Webflow URLs."
"LeashFree-Webflow-Backup-2026-05-26/02-cms-csv-exports/LeashFree.ca - Dog Parks - 683758b0a3f8a696dfc417b0.csv","cms-item","/dog-parks/westview-park","/dog-parks/westview-park/","Dog Parks","westview-park","inferred","Generated from CMS slug; verify against live Webflow URLs."
"LeashFree-Webflow-Backup-2026-05-26/02-cms-csv-exports/LeashFree.ca - Dog Parks - 683758b0a3f8a696dfc417b0.csv","cms-item","/dog-parks/weyburn-community-dog-park","/dog-parks/weyburn-community-dog-park/","Dog Parks","weyburn-community-dog-park","inferred","Generated from CMS slug; verify against live Webflow URLs."
"LeashFree-Webflow-Backup-2026-05-26/02-cms-csv-exports/LeashFree.ca - Dog Parks - 683758b0a3f8a696dfc417b0.csv","cms-item","/dog-parks/whitby-park-south","/dog-parks/whitby-park-south/","Dog Parks","whitby-park-south","inferred","Generated from CMS slug; verify against live Webflow URLs."
"LeashFree-Webflow-Backup-2026-05-26/02-cms-csv-exports/LeashFree.ca - Dog Parks - 683758b0a3f8a696dfc417b0.csv","cms-item","/dog-parks/white-spruce-park","/dog-parks/white-spruce-park/","Dog Parks","white-spruce-park","inferred","Generated from CMS slug; verify against live Webflow URLs."
"LeashFree-Webflow-Backup-2026-05-26/02-cms-csv-exports/LeashFree.ca - Dog Parks - 683758b0a3f8a696dfc417b0.csv","cms-item","/dog-parks/wildwood-crescent-playground","/dog-parks/wildwood-crescent-playground/","Dog Parks","wildwood-crescent-playground","inferred","Generated from CMS slug; verify against live Webflow URLs."
"LeashFree-Webflow-Backup-2026-05-26/02-cms-csv-exports/LeashFree.ca - Dog Parks - 683758b0a3f8a696dfc417b0.csv","cms-item","/dog-parks/willingdon-heights-park-burnaby","/dog-parks/willingdon-heights-park-burnaby/","Dog Parks","willingdon-heights-park-burnaby","inferred","Generated from CMS slug; verify against live Webflow URLs."
"LeashFree-Webflow-Backup-2026-05-26/02-cms-csv-exports/LeashFree.ca - Dog Parks - 683758b0a3f8a696dfc417b0.csv","cms-item","/dog-parks/wills-brook-dog-park","/dog-parks/wills-brook-dog-park/","Dog Parks","wills-brook-dog-park","inferred","Generated from CMS slug; verify against live Webflow URLs."
"LeashFree-Webflow-Backup-2026-05-26/02-cms-csv-exports/LeashFree.ca - Dog Parks - 683758b0a3f8a696dfc417b0.csv","cms-item","/dog-parks/wills-brook-park","/dog-parks/wills-brook-park/","Dog Parks","wills-brook-park","inferred","Generated from CMS slug; verify against live Webflow URLs."
"LeashFree-Webflow-Backup-2026-05-26/02-cms-csv-exports/LeashFree.ca - Dog Parks - 683758b0a3f8a696dfc417b0.csv","cms-item","/dog-parks/withrow-park","/dog-parks/withrow-park/","Dog Parks","withrow-park","inferred","Generated from CMS slug; verify against live Webflow URLs."
"LeashFree-Webflow-Backup-2026-05-26/02-cms-csv-exports/LeashFree.ca - Dog Parks - 683758b0a3f8a696dfc417b0.csv","cms-item","/dog-parks/woburn-park-north-york","/dog-parks/woburn-park-north-york/","Dog Parks","woburn-park-north-york","inferred","Generated from CMS slug; verify against live Webflow URLs."
"LeashFree-Webflow-Backup-2026-05-26/02-cms-csv-exports/LeashFree.ca - Dog Parks - 683758b0a3f8a696dfc417b0.csv","cms-item","/dog-parks/woodsworth-park","/dog-parks/woodsworth-park/","Dog Parks","woodsworth-park","inferred","Generated from CMS slug; verify against live Webflow URLs."
"LeashFree-Webflow-Backup-2026-05-26/02-cms-csv-exports/LeashFree.ca - Dog Parks - 683758b0a3f8a696dfc417b0.csv","cms-item","/dog-parks/woolner-park","/dog-parks/woolner-park/","Dog Parks","woolner-park","inferred","Generated from CMS slug; verify against live Webflow URLs."
"LeashFree-Webflow-Backup-2026-05-26/02-cms-csv-exports/LeashFree.ca - Dog Parks - 683758b0a3f8a696dfc417b0.csv","cms-item","/dog-parks/wychwood-barns-park","/dog-parks/wychwood-barns-park/","Dog Parks","wychwood-barns-park","inferred","Generated from CMS slug; verify against live Webflow URLs."
"LeashFree-Webflow-Backup-2026-05-26/02-cms-csv-exports/LeashFree.ca - Dog Parks - 683758b0a3f8a696dfc417b0.csv","cms-item","/dog-parks/yellow-point-park-ladysmith","/dog-parks/yellow-point-park-ladysmith/","Dog Parks","yellow-point-park-ladysmith","inferred","Generated from CMS slug; verify against live Webflow URLs."
"LeashFree-Webflow-Backup-2026-05-26/02-cms-csv-exports/LeashFree.ca - Dog Parks - 683758b0a3f8a696dfc417b0.csv","cms-item","/dog-parks/yellowquill-provincial-park-off-leash-dog-area","/dog-parks/yellowquill-provincial-park-off-leash-dog-area/","Dog Parks","yellowquill-provincial-park-off-leash-dog-area","inferred","Generated from CMS slug; verify against live Webflow URLs."
"LeashFree-Webflow-Backup-2026-05-26/02-cms-csv-exports/LeashFree.ca - Dog Parks - 683758b0a3f8a696dfc417b0.csv","cms-item","/dog-parks/yonge-and-york-mills-parkette","/dog-parks/yonge-and-york-mills-parkette/","Dog Parks","yonge-and-york-mills-parkette","inferred","Generated from CMS slug; verify against live Webflow URLs."
"LeashFree-Webflow-Backup-2026-05-26/02-cms-csv-exports/LeashFree.ca - Dog Parks - 683758b0a3f8a696dfc417b0.csv","cms-item","/dog-parks/zorra-park","/dog-parks/zorra-park/","Dog Parks","zorra-park","inferred","Generated from CMS slug; verify against live Webflow URLs."
"LeashFree-Webflow-Backup-2026-05-26/02-cms-csv-exports/LeashFree.ca - Pet Insurance Providers - 68ec341dc3aa0e470a391659.csv","cms-item","/dog-insurance-canada/desjardins-pet-insurance","/dog-insurance-canada/desjardins-pet-insurance/","Pet Insurance Providers","desjardins-pet-insurance","inferred","Generated from CMS slug; verify against live Webflow URLs."
"LeashFree-Webflow-Backup-2026-05-26/02-cms-csv-exports/LeashFree.ca - Pet Insurance Providers - 68ec341dc3aa0e470a391659.csv","cms-item","/dog-insurance-canada/fetch-pet-insurance","/dog-insurance-canada/fetch-pet-insurance/","Pet Insurance Providers","fetch-pet-insurance","inferred","Generated from CMS slug; verify against live Webflow URLs."
"LeashFree-Webflow-Backup-2026-05-26/02-cms-csv-exports/LeashFree.ca - Pet Insurance Providers - 68ec341dc3aa0e470a391659.csv","cms-item","/dog-insurance-canada/furkin","/dog-insurance-canada/furkin/","Pet Insurance Providers","furkin","inferred","Generated from CMS slug; verify against live Webflow URLs."
"LeashFree-Webflow-Backup-2026-05-26/02-cms-csv-exports/LeashFree.ca - Pet Insurance Providers - 68ec341dc3aa0e470a391659.csv","cms-item","/dog-insurance-canada/ovma-pet-health-insurance","/dog-insurance-canada/ovma-pet-health-insurance/","Pet Insurance Providers","ovma-pet-health-insurance","inferred","Generated from CMS slug; verify against live Webflow URLs."
"LeashFree-Webflow-Backup-2026-05-26/02-cms-csv-exports/LeashFree.ca - Pet Insurance Providers - 68ec341dc3aa0e470a391659.csv","cms-item","/dog-insurance-canada/peppermint","/dog-insurance-canada/peppermint/","Pet Insurance Providers","peppermint","inferred","Generated from CMS slug; verify against live Webflow URLs."
"LeashFree-Webflow-Backup-2026-05-26/02-cms-csv-exports/LeashFree.ca - Pet Insurance Providers - 68ec341dc3aa0e470a391659.csv","cms-item","/dog-insurance-canada/pets-plus-us","/dog-insurance-canada/pets-plus-us/","Pet Insurance Providers","pets-plus-us","inferred","Generated from CMS slug; verify against live Webflow URLs."
"LeashFree-Webflow-Backup-2026-05-26/02-cms-csv-exports/LeashFree.ca - Pet Insurance Providers - 68ec341dc3aa0e470a391659.csv","cms-item","/dog-insurance-canada/petsecure","/dog-insurance-canada/petsecure/","Pet Insurance Providers","petsecure","inferred","Generated from CMS slug; verify against live Webflow URLs."
"LeashFree-Webflow-Backup-2026-05-26/02-cms-csv-exports/LeashFree.ca - Pet Insurance Providers - 68ec341dc3aa0e470a391659.csv","cms-item","/dog-insurance-canada/trupanion","/dog-insurance-canada/trupanion/","Pet Insurance Providers","trupanion","inferred","Generated from CMS slug; verify against live Webflow URLs."
"LeashFree-Webflow-Backup-2026-05-26/02-cms-csv-exports/LeashFree.ca - Provinces - 68f3eba286b1e2a4d04cd70c.csv","cms-item","/dog-parks/ab","/dog-parks/ab/","Provinces","ab","inferred","Generated from CMS slug; verify against live Webflow URLs."
"LeashFree-Webflow-Backup-2026-05-26/02-cms-csv-exports/LeashFree.ca - Provinces - 68f3eba286b1e2a4d04cd70c.csv","cms-item","/dog-parks/bc","/dog-parks/bc/","Provinces","bc","inferred","Generated from CMS slug; verify against live Webflow URLs."
"LeashFree-Webflow-Backup-2026-05-26/02-cms-csv-exports/LeashFree.ca - Provinces - 68f3eba286b1e2a4d04cd70c.csv","cms-item","/dog-parks/on","/dog-parks/on/","Provinces","on","inferred","Generated from CMS slug; verify against live Webflow URLs."
"LeashFree-Webflow-Backup-2026-05-26/02-cms-csv-exports/LeashFree.ca - Provinces - 68f3eba286b1e2a4d04cd70c.csv","cms-item","/dog-parks/qc","/dog-parks/qc/","Provinces","qc","inferred","Generated from CMS slug; verify against live Webflow URLs."