Business Name,Slug,Collection ID,Locale ID,Item ID,Archived,Draft,Created On,Updated On,Published On,Category,Province,City,Street Address,Latitude,Longitude,Primary Website URL,Affiliate URL,Phone,Email,Instagram URL,Facebook URL,Google Maps Link,Short Description,Long Description,Hours,Service Tags,Featured Image,Gallery,Feature Rank,CTA Label,SEO Title,Meta Description,OG Title,OG Description
Alberta Animal Rescue Crew Society (AARCS),alberta-animal-rescue-crew-society-aarcs,68f3eb26d7ca3dac6e94b96d,683758b09dd1e3ac2e4e9809,68fbd7489fdfcfcac73777da,false,false,Fri Oct 24 2025 19:45:12 GMT+0000 (Coordinated Universal Time),Fri Oct 24 2025 20:05:30 GMT+0000 (Coordinated Universal Time),Fri Oct 24 2025 22:37:27 GMT+0000 (Coordinated Universal Time),animal-shelters-and-rescues,ab,calgary,"5060 74 Avenue SE, Calgary, Alberta T2C 3C9",50.9876,-113.9652,https://aarcs.ca/,,1 (403) 250-7377,info@aarcs.ca,,,,"Provides rescue, rehabilitation, and adoption services for abandoned and abused animals across Alberta.","<p>The Alberta Animal Rescue Crew Society (AARCS) is a Calgary-based non-profit organization dedicated to rescuing homeless, abused, and neglected animals throughout Alberta. Their Safe Haven shelter offers medical care, fostering, and adoption programs to help animals find loving homes. AARCS also supports rural and Indigenous communities through spay/neuter initiatives and humane education. (Information verified via AARCS official website.)</p>",<p>Tuesday–Sunday 9 AM – 5 PM (closed Mondays)</p>,,https://cdn.prod.website-files.com/683758b09dd1e3ac2e4e980a/68fbd8bb8fbdce5e521b7251_compassionate-volunteer-holding-rescue-dog-at-canadian-animal-shelter.jpg,,0,Visit Website,Alberta Animal Rescue Crew Society (AARCS) – Dog Rescue in Calgary,"Adopt a dog or support animal rescue efforts at Alberta Animal Rescue Crew Society (AARCS) in Calgary, Alberta, helping animals across the province find safety and care.",,
Aldershot Animal Hospital,aldershot-animal-hospital-burlington,68f3eb26d7ca3dac6e94b96d,683758b09dd1e3ac2e4e9809,68fcc3785f7ebd78893fd513,false,false,Sat Oct 25 2025 12:32:56 GMT+0000 (Coordinated Universal Time),Wed Oct 29 2025 14:22:25 GMT+0000 (Coordinated Universal Time),Wed Oct 29 2025 15:29:59 GMT+0000 (Coordinated Universal Time),veterinarians,on,burlington,"320 Plains Road East, Burlington, Ontario L7T 2C8",,,https://vetburlingtonon.ca/,,(905) 632-2211,,,https://www.facebook.com/aldershotanimalhospital/,https://www.google.com/maps?q=320%20Plains%20Road%20East%2C%20Burlington%2C%20Ontario%20L7T%202C8,"Veterinary clinic in Aldershot providing preventive care, diagnostics, and surgery for dogs and cats.","<p id=""""><strong id="""">Aldershot Animal Hospital</strong> provides veterinary care for dogs and cats in Burlington’s Aldershot community, including wellness exams, vaccinations, diagnostics, dentistry and soft‑tissue surgery.</p>","<p>Mon, Wed, Thu, Fri: 8:00 AM – 6:00 PM</p>",,,,100,Visit Website,"Aldershot Animal Hospital – Veterinarian in Burlington, Ontario","Aldershot Animal Hospital provides veterinary care in Burlington’s Aldershot community, including exams, vaccines, diagnostics and surgery.",Aldershot Animal Hospital | Burlington Vet Clinic,Compassionate veterinary care for dogs and cats in Burlington’s Aldershot community.
Alderwood Veterinary Clinic,alderwood-veterinary-clinic,68f3eb26d7ca3dac6e94b96d,683758b09dd1e3ac2e4e9809,6928b8ec0799e5861a91fb5b,false,false,Thu Nov 27 2025 20:47:40 GMT+0000 (Coordinated Universal Time),Thu Nov 27 2025 20:47:40 GMT+0000 (Coordinated Universal Time),Thu Dec 04 2025 18:20:50 GMT+0000 (Coordinated Universal Time),veterinarians,on,etobicoke,"320 Browns Line, Etobicoke, Ontario M8W 3T1",,,https://www.alderwoodvet.ca/,,(416) 252-6006,info@alderwoodvet.ca,,,https://www.google.com/maps?q=320%20Browns%20Line%2C%20Etobicoke%2C%20Ontario%20M8W%203T1,Neighbourhood veterinary clinic offering medical and preventive pet care.,"<p id=""""><strong id="""">Alderwood Veterinary Clinic</strong> provides wellness care, diagnostics, and treatment for pets in the Alderwood and Long Branch areas. (Information verified via Alderwood Veterinary Clinic official website.)</p>","<p id="""">See website for hours.</p>",,,,100,Visit Website,Alderwood Veterinary Clinic – Veterinarian in South Etobicoke,Alderwood Veterinary Clinic offers preventive and medical veterinary care for pets in south Etobicoke.,Alderwood Veterinary Clinic | South Etobicoke Vet,"Learn about Alderwood Veterinary Clinic, serving the Alderwood and Long Branch communities."
Animal Hospital of Milton,animal-hospital-of-milton,68f3eb26d7ca3dac6e94b96d,683758b09dd1e3ac2e4e9809,69289e5a939419460dde479f,false,false,Thu Nov 27 2025 18:54:18 GMT+0000 (Coordinated Universal Time),Thu Nov 27 2025 18:54:56 GMT+0000 (Coordinated Universal Time),Thu Nov 27 2025 19:35:19 GMT+0000 (Coordinated Universal Time),veterinarians,on,milton,"491 Main Street East, Milton, Ontario L9T 1R1",43.51940,-79.86977,https://www.animalhospitalofmilton.com,,1 (905) 878-8853,mailto:info@animalhospitalofmilton.com,https://www.instagram.com/animalhospitalofmilton/,https://www.facebook.com/animalhospitalofmilton/,"https://www.google.com/maps?q=491+Main+Street+East,+Milton,+Ontario+L9T+1R1","Full-service veterinary hospital in Milton providing preventive, diagnostic, surgical, and dental care for dogs and cats.","<div data-rt-embed-type='true'><p><strong>Animal Hospital of Milton</strong> offers comprehensive veterinary services for dogs and cats, including wellness exams, diagnostics, dental care, surgery, and preventive medicine. The hospital’s team focuses on personalized attention and a calm, stress-free experience for pets and owners.</p>
<p>Located on Main Street East in Milton, the clinic has been part of the community for decades, known for its compassionate care and commitment to long-term pet health.</p>
<p><em>Information verified via the clinic’s official website.</em></p></div>","<p id="""">Mon – Fri: 8:00 AM – 6:00 PM</p><p id="""">Sat: 8:00 AM – 1:00 PM</p><p id="""">Sun: Closed</p>",,,,,Visit Website,"Animal Hospital of Milton – Veterinarian in Milton, Ontario","Animal Hospital of Milton provides comprehensive veterinary care, surgery, and dentistry for dogs and cats in a friendly, community-focused setting.",Animal Hospital of Milton | Milton Vet Clinic,"Trusted veterinary care in Milton offering exams, diagnostics, and surgery for dogs and cats."
Animal Hospital of Milton,animal-hospital-of-milton-e6f9b,68f3eb26d7ca3dac6e94b96d,683758b09dd1e3ac2e4e9809,6928a899a6b9e289b97b0759,false,false,Thu Nov 27 2025 19:38:01 GMT+0000 (Coordinated Universal Time),Thu Nov 27 2025 19:58:39 GMT+0000 (Coordinated Universal Time),Thu Dec 04 2025 18:20:50 GMT+0000 (Coordinated Universal Time),veterinarians,on,milton,"491 Main Street East, Milton, Ontario L9T 1R1",,,https://www.animalhospitalofmilton.com/,,(905) 878-8853,,,,https://www.google.com/maps?q=491%20Main%20Street%20East%20Milton%20Ontario%20L9T%201R1,"Downtown Milton veterinary hospital offering comprehensive medical, surgical, and preventive care for dogs and cats.","<p id=""""><strong id="""">Animal Hospital of Milton</strong> is a downtown veterinary hospital that has been providing comprehensive care for dogs and cats since 2004. The clinic offers preventive wellness exams, vaccinations, diagnostics, surgery, dental care, and support for pets with chronic health concerns. Serving clients from Milton and across the GTA, the team focuses on practical, individualized treatment plans and strives to make visits as comfortable as possible for both pets and their owners. Animal Hospital of Milton also provides client education and follow-up guidance to help families manage their pets’ health at home between visits.</p><p id="""">(Information verified via Animal Hospital of Milton official website and local business listings.)</p>","<p id="""">See website for hours.</p>",,,,100,Visit Website,Animal Hospital of Milton – Veterinarian in Milton,"Animal Hospital of Milton in downtown Milton, Ontario offers comprehensive veterinary services, including wellness care, surgery, dentistry, and diagnostics for dogs and cats.",Animal Hospital of Milton | Milton Vet Clinic,"Learn about Animal Hospital of Milton, a long-standing downtown veterinary hospital providing medical, surgical, and preventive care for pets from Milton and the surrounding GTA."
Animal Hospital of Oakville,animal-hospital-of-oakville,68f3eb26d7ca3dac6e94b96d,683758b09dd1e3ac2e4e9809,69022a8b5e2ffc20dc11bde3,false,false,Wed Oct 29 2025 14:54:03 GMT+0000 (Coordinated Universal Time),Wed Oct 29 2025 15:27:04 GMT+0000 (Coordinated Universal Time),Wed Oct 29 2025 15:29:59 GMT+0000 (Coordinated Universal Time),veterinarians,,oakville,"234 South Service Road East, Oakville, Ontario L6J 2X5",43.44891,-79.66582,https://www.animalhospitaloakville.com,,(905) 845-1551,info@animalhospitaloakville.com,https://www.instagram.com/animalhospitaloakville/,https://www.facebook.com/AnimalHospitalofOakville/,https://www.google.com/maps?q=234%20South%20Service%20Road%20East%2C%20Oakville%2C%20Ontario%20L6J%202X5,"Full-service veterinary clinic in Oakville offering preventive care, diagnostics, dental care, and surgery for dogs and cats.","<p id=""""><strong id="""">Animal Hospital of Oakville</strong> provides comprehensive veterinary care for dogs and cats, including wellness exams, diagnostics, surgery, and dentistry. With an experienced medical team and a modern facility, the clinic focuses on preventive medicine and compassionate care tailored to each pet’s needs.</p><p id="""">Serving the Oakville community since 1950, this hospital has built a reputation for excellence and personalized service in pet health.</p><p id=""""><em id="""">Information verified via the clinic’s official website.</em></p>",<p>Mon–Fri: 8:00 AM – 6:00 PM; Sat: 8:00 AM – 1:00 PM; Sun: Closed</p>,,,,100,Visit Website,"Animal Hospital of Oakville – Trusted Veterinarian in Oakville, Ontario","The Animal Hospital of Oakville provides comprehensive veterinary care, surgery, and dentistry in a welcoming environment for dogs and cats.",Animal Hospital of Oakville | Veterinary Care in Oakville,"Full-service veterinary hospital offering preventive care, diagnostics, and surgery for pets in Oakville."
Applewood Veterinary Hospital,applewood-veterinary-hospital-mississauga,68f3eb26d7ca3dac6e94b96d,683758b09dd1e3ac2e4e9809,6928ab405d230080b861a2e0,false,false,Thu Nov 27 2025 19:49:20 GMT+0000 (Coordinated Universal Time),Thu Nov 27 2025 19:58:39 GMT+0000 (Coordinated Universal Time),Thu Dec 04 2025 18:20:50 GMT+0000 (Coordinated Universal Time),veterinarians,on,mississauga,"3621 Dixie Road, Unit 16B, Mississauga, Ontario L4Y 4H3",,,https://www.applewoodvets.com/,,(905) 629-3715,info@applewoodvets.com,,,https://www.google.com/maps?q=3621%20Dixie%20Road%2C%20Unit%2016B%2C%20Mississauga%2C%20Ontario%20L4Y%204H3,"Independent veterinary clinic in the Applewood area providing medical, surgical, and preventive care for dogs and cats.","<p id=""""><strong id="""">Applewood Veterinary Hospital</strong> is an independent small-animal practice on Dixie Road serving dogs and cats in the Applewood and east Mississauga neighbourhoods. The clinic offers routine wellness visits, vaccinations, diagnostics, surgery, dentistry, and support for pets with chronic health conditions. Applewood’s team focuses on respectful, straightforward communication so owners understand test results, treatment options, and follow-up needs. Accessible from major routes such as Dixie Road and the Queensway, the hospital is a convenient choice for local pet families.</p><p id="""">(Information verified via Applewood Veterinary Hospital official website.)</p>","<p id="""">See website for hours.</p>",,,,100,Visit Website,Applewood Veterinary Hospital – Veterinarian in Mississauga,"Applewood Veterinary Hospital in Mississauga, Ontario provides wellness care, diagnostics, surgery, and dentistry for dogs and cats in the Applewood area.",Applewood Veterinary Hospital | Mississauga Vet Clinic,"Learn about Applewood Veterinary Hospital, an independent veterinary clinic offering full-service care for pets in east Mississauga."
Aquitaine Animal Hospital,aquitaine-animal-hospital-mississauga,68f3eb26d7ca3dac6e94b96d,683758b09dd1e3ac2e4e9809,6928af07fac08e0f413aff94,false,false,Thu Nov 27 2025 20:05:27 GMT+0000 (Coordinated Universal Time),Thu Nov 27 2025 20:32:45 GMT+0000 (Coordinated Universal Time),Thu Dec 04 2025 18:20:50 GMT+0000 (Coordinated Universal Time),veterinarians,on,mississauga,"6550 Meadowvale Town Centre Circle, Unit 9, Mississauga, Ontario L5N 4B7",,,https://aquitainevet.com/,,(905) 285-0015,,,,https://www.google.com/maps?q=6550%20Meadowvale%20Town%20Centre%20Circle%2C%20Unit%209%2C%20Mississauga%2C%20Ontario%20L5N%204B7,Family-owned animal hospital in Meadowvale Town Centre providing full-service veterinary care.,"<p id=""""><strong id="""">Aquitaine Animal Hospital</strong> is a family-owned veterinary hospital located in Meadowvale Town Centre, serving pets in Meadowvale and the surrounding area. The clinic offers comprehensive services including wellness exams, vaccinations, diagnostics, surgery, and support for rescue and humane organizations.</p><p id="""">(Information verified via Aquitaine Animal Hospital official website.)</p>","<p id="""">See website for hours.</p>",,,,100,Visit Website,Aquitaine Animal Hospital – Veterinarian in Meadowvale Town Centre,Aquitaine Animal Hospital provides full-service veterinary care for dogs and cats in the Meadowvale Town Centre area of Mississauga.,Aquitaine Animal Hospital | Meadowvale Town Centre Vet Clinic,"Discover Aquitaine Animal Hospital, a family-owned veterinary hospital serving pets in Meadowvale Town Centre, Mississauga."
BC SPCA – Vancouver Branch,bc-spca-vancouver-branch,68f3eb26d7ca3dac6e94b96d,683758b09dd1e3ac2e4e9809,68f7e291ed6b814c22d31564,false,false,Tue Oct 21 2025 19:44:17 GMT+0000 (Coordinated Universal Time),Fri Oct 24 2025 17:53:42 GMT+0000 (Coordinated Universal Time),Fri Oct 24 2025 17:54:15 GMT+0000 (Coordinated Universal Time),animal-shelters-and-rescues,bc,vancouver,"1205 East 7th Avenue Vancouver, BC V5T 1R1",,,https://spca.bc.ca/locations/vancouver/,,(604) 879-7721,mailto:vancouver@spca.bc.ca,http://www.instagram.com/bcspca,https://www.facebook.com/bcspca/,,"Provides animal rescue, adoption, and advocacy services for pets across Greater Vancouver.","<p>The BC SPCA Vancouver Branch works to protect and enhance the quality of life for animals in British Columbia. This branch offers adoption, cruelty investigations, humane education, and emergency animal care. Through outreach and community support, they help thousands of pets each year find safety and loving homes. <em id="""">(Information verified via the official BC SPCA website.)</em></p>",<p>Monday–Sunday 10 AM – 5 PM (adoptions by appointment)</p>,,https://cdn.prod.website-files.com/683758b09dd1e3ac2e4e980a/68f7e28696eb1c4f585ec2f7_volunteer-playing-with-rescue-dog-vancouver-shelter-canada.jpg,,,Visit Our Website,BC SPCA Vancouver Branch – Adopt a Pet in Vancouver,"Adopt a dog or cat from the BC SPCA Vancouver Branch. Providing animal rescue, adoption, and education services across Greater Vancouver.",,
Bristol Veterinary Hospital,bristol-veterinary-hospital-mississauga,68f3eb26d7ca3dac6e94b96d,683758b09dd1e3ac2e4e9809,6928ab408866d55772934af0,false,false,Thu Nov 27 2025 19:49:20 GMT+0000 (Coordinated Universal Time),Thu Nov 27 2025 19:58:39 GMT+0000 (Coordinated Universal Time),Thu Dec 04 2025 18:20:50 GMT+0000 (Coordinated Universal Time),veterinarians,on,mississauga,"1525 Bristol Road West, Unit 2, Mississauga, Ontario L5M 4Z1",,,https://www.bristolveterinaryhospital.com/,,(905) 858-5959,info@bristolveterinaryhospital.com,,,https://www.google.com/maps?q=1525%20Bristol%20Road%20West%2C%20Unit%202%2C%20Mississauga%2C%20Ontario%20L5M%204Z1,"Busy west Mississauga animal hospital offering extended hours, wellness care, diagnostics, surgery, and dentistry for dogs and cats.","<p id=""""><strong id="""">Bristol Veterinary Hospital</strong> is a high-traffic companion animal hospital at Creditview Road and Bristol Road West, providing veterinary care for dogs and cats in west Mississauga. The hospital offers extended hours seven days a week along with wellness exams, vaccinations, surgery, dentistry, diagnostics, and nutritional counselling. Its team focuses on practical, compassionate treatment plans designed to support long-term health and early detection of disease. With convenient evening and weekend availability, Bristol Veterinary Hospital is a flexible option for families balancing work, school, and pet care.</p><p id="""">(Information verified via Bristol Veterinary Hospital official website.)</p>","<p id="""">See website for hours.</p>",,,,100,Visit Website,Bristol Veterinary Hospital – Veterinarian in Mississauga,"Bristol Veterinary Hospital in Mississauga, Ontario offers extended-hours veterinary care, including wellness, diagnostics, surgery, and dentistry for dogs and cats.",Bristol Veterinary Hospital | Mississauga Vet Clinic,"Discover Bristol Veterinary Hospital, a west Mississauga animal hospital with extended hours and full-service medical and preventive care for pets."
Burlington Veterinary Emergency & Referral Hospital,burlington-veterinary-emergency-and-referral-hospital,68f3eb26d7ca3dac6e94b96d,683758b09dd1e3ac2e4e9809,68fcc378d884b182c5d93604,false,false,Sat Oct 25 2025 12:32:56 GMT+0000 (Coordinated Universal Time),Wed Oct 29 2025 14:22:07 GMT+0000 (Coordinated Universal Time),Wed Oct 29 2025 15:29:59 GMT+0000 (Coordinated Universal Time),veterinarians,on,burlington,"775 Woodview Rd, Burlington, Ontario L7N 3S1",43.35652,-79.78458,https://www.bverh.com/,,(905) 637-8111,,,,https://www.google.com/maps?q=775%20Woodview%20Rd%2C%20Burlington%2C%20Ontario%20L7N%203S1,Emergency and specialty veterinary hospital serving Burlington and the Halton region.,"<p id=""""><strong id="""">Burlington Veterinary Emergency &amp; Referral Hospital</strong> offers 24/7 emergency care and specialty services (e.g., cardiology, dentistry, neurology, surgery) for pets across Burlington and the Halton region.</p>",<p>Emergency: 24/7; Specialty: Weekdays by appointment</p>,,,,100,Visit Website,"Burlington Veterinary Emergency & Referral Hospital – Emergency Vet in Burlington, Ontario",Emergency and specialty veterinary hospital in Burlington serving pets and primary care veterinarians across Halton.,Burlington Veterinary Emergency & Referral Hospital,Emergency and specialty veterinary care for pets in Burlington and the Halton region.
Burloak Animal Hospital,burloak-animal-hospital,68f3eb26d7ca3dac6e94b96d,683758b09dd1e3ac2e4e9809,69023d48ef3662512a6c1195,false,false,Wed Oct 29 2025 16:14:00 GMT+0000 (Coordinated Universal Time),Wed Oct 29 2025 16:19:55 GMT+0000 (Coordinated Universal Time),Fri Oct 31 2025 12:48:19 GMT+0000 (Coordinated Universal Time),veterinarians,on,oakville,"627 Burloak Drive, Oakville, Ontario L6L 6T8",43.38690,-79.73694,https://www.vetpet.com/,,1 (905) 827-4100,mailto:info@vetpet.com,https://instagram.com/burloakanimalhospital,https://facebook.com/BurloakAnimalHospital,"https://www.google.com/maps?q=627+Burloak+Drive,+Oakville,+Ontario+L6L+6T8","Full-service veterinary hospital in Oakville offering preventive medicine, diagnostics, surgery, and emergency care for dogs and cats.","<div data-rt-embed-type='true'><p><strong>Burloak Animal Hospital</strong> provides comprehensive veterinary care for pets in Oakville and Burlington, including preventive health exams, diagnostics, dentistry, and soft-tissue and orthopedic surgery. The hospital also offers emergency care during extended hours and emphasizes a Fear Free environment to reduce pet anxiety.</p><p>With a team of experienced veterinarians and support staff, Burloak Animal Hospital delivers compassionate, modern veterinary medicine with personalized attention for every pet.</p><p><em>Information verified via the clinic’s official website.</em></p></div>",<p>Mon – Fri: 8:00 AM – 8:00 PM</p><p>Sat: 8:00 AM – 5:00 PM</p><p>Sun: 9:00 AM – 3:00 PM</p>,,,,,Visit Website,"Burloak Animal Hospital – Veterinarian in Oakville, Ontario","Burloak Animal Hospital in Oakville provides full-service veterinary care, surgery, and emergency services for dogs and cats.",Burloak Animal Hospital | Oakville Vet Clinic,Full-service veterinary care and emergency services for pets in Oakville and Burlington.
Credit Valley Animal Hospital,credit-valley-animal-hospital-mississauga,68f3eb26d7ca3dac6e94b96d,683758b09dd1e3ac2e4e9809,6928ab401086e2384f5f635e,false,false,Thu Nov 27 2025 19:49:20 GMT+0000 (Coordinated Universal Time),Thu Nov 27 2025 19:58:39 GMT+0000 (Coordinated Universal Time),Thu Dec 04 2025 18:20:50 GMT+0000 (Coordinated Universal Time),veterinarians,on,mississauga,"5030 Satellite Drive, Building D Unit 3, Mississauga, Ontario L4W 0E3",,,https://vcacanada.com/creditvalley,,(905) 826-1881,,,,https://www.google.com/maps?q=5030%20Satellite%20Drive%2C%20Building%20D%20Unit%203%2C%20Mississauga%2C%20Ontario%20L4W%200E3,"VCA Canada hospital near Satellite Drive offering wellness care, surgery, diagnostics, and extended hours for Mississauga pets.","<p id=""""><strong id="""">Credit Valley Animal Hospital</strong> is part of the VCA Canada network and provides full-service veterinary care for dogs and cats in east Mississauga. Located on Satellite Drive, the hospital offers wellness and vaccination programs, internal medicine, surgery, diagnostics, dentistry, and pharmacy services under one roof. With extended weekday and weekend hours, the clinic is designed to make veterinary care more accessible for busy pet owners. As a VCA hospital, Credit Valley Animal Hospital also connects clients with additional resources, including tele-triage support and access to a wider network of veterinary expertise.</p><p id="""">(Information verified via Credit Valley Animal Hospital official website.)</p>","<p id="""">See website for hours.</p>",,,,100,Visit Website,Credit Valley Animal Hospital – Veterinarian in Mississauga,"Credit Valley Animal Hospital in Mississauga, part of VCA Canada, provides wellness care, surgery, dentistry, and diagnostic services for local dogs and cats.",Credit Valley Animal Hospital | Mississauga Vet Clinic,"Discover Credit Valley Animal Hospital, a VCA Canada veterinary hospital offering full-service care and extended hours for pets in Mississauga."
Derry Heights Animal Hospital,derry-heights-animal-hospital-milton,68f3eb26d7ca3dac6e94b96d,683758b09dd1e3ac2e4e9809,6928a7a894b17b9a41a6d893,false,false,Thu Nov 27 2025 19:34:00 GMT+0000 (Coordinated Universal Time),Thu Nov 27 2025 19:34:31 GMT+0000 (Coordinated Universal Time),Thu Nov 27 2025 19:35:19 GMT+0000 (Coordinated Universal Time),veterinarians,on,milton,"6941 Derry Road, Unit B05, Milton, Ontario L9T 7H5",43.496007,-79.872974,https://www.derryheightsanimalhospital.com/,,(905) 878-1060,derryheightsvet@gmail.com,,,https://www.google.com/maps?q=6941%20Derry%20Road%20Unit%20B05%20Milton%20Ontario%20L9T%207H5,"Full-service veterinary clinic in west Milton providing medical, surgical, and preventive care for dogs and cats.","<p id=""""><strong id="""">Derry Heights Animal Hospital</strong> is a companion-animal practice in west Milton offering full-service veterinary care for dogs and cats. The team provides wellness exams, vaccinations, diagnostics, dentistry, surgery, and ongoing preventive care to support every stage of a pet’s life. Located in the Derry Heights Plaza, the clinic focuses on clear communication with pet owners so they understand diagnoses, treatment options, and home care. Derry Heights Animal Hospital welcomes both long-time clients and new pet families looking for a neighbourhood vet in Milton.</p><p id="""">(Information verified via Derry Heights Animal Hospital official website.)</p>","<p id="""">See website for hours.</p>",,,,100,Visit Website,Derry Heights Animal Hospital – Veterinarian in Milton,"Derry Heights Animal Hospital in Milton, Ontario provides full-service veterinary care, including exams, diagnostics, surgery, and preventive care for dogs and cats.",Derry Heights Animal Hospital | Milton Vet Clinic,"Learn about Derry Heights Animal Hospital, a full-service veterinary clinic in west Milton offering medical, surgical, and preventive care for local pets."
Dog Tales Rescue and Sanctuary,dog-tales-rescue-and-sanctuary,68f3eb26d7ca3dac6e94b96d,683758b09dd1e3ac2e4e9809,68fbd9b082273808a4e42c82,false,false,Fri Oct 24 2025 19:55:28 GMT+0000 (Coordinated Universal Time),Wed Oct 29 2025 14:23:34 GMT+0000 (Coordinated Universal Time),Wed Oct 29 2025 15:29:59 GMT+0000 (Coordinated Universal Time),animal-shelters-and-rescues,on,king-city,"1405 19th Sideroad, King City, Ontario L7B 1K5",43.9533,-79.5888,https://www.dogtales.ca,,1 (905) 713-1887,info@dogtales.ca,,,,"A dog and horse sanctuary providing rescue, rehabilitation, and adoption in a serene country setting.","<p>Dog Tales Rescue and Sanctuary in King City offers a safe haven for rescued dogs and horses from across Canada and abroad. Set on a picturesque property, this organization focuses on rehabilitation, medical care, and adoption, ensuring every animal receives compassion and dignity. Their luxurious yet nurturing environment helps animals recover emotionally and physically before finding permanent homes. (Information verified via Dog Tales official website.)</p>",<p>Sunday 11 AM – 5 PM (Adoptions by appointment; closed Monday–Saturday)</p>,,https://cdn.prod.website-files.com/683758b09dd1e3ac2e4e980a/68fbdb7e622bcfee55cf291c_volunteer-walking-three-rescue-dogs-toward-camera-at-ontario-animal-sanctuary.jpg,,0,Visit Website,"Dog Tales Rescue and Sanctuary – Dog Rescue in King, Ontario","Discover Dog Tales Rescue and Sanctuary in King, Ontario — a peaceful haven offering rehabilitation and adoption for dogs and horses in need.",,
East Plains Animal Hospital,east-plains-animal-hospital-burlington,68f3eb26d7ca3dac6e94b96d,683758b09dd1e3ac2e4e9809,68fcc378da14ca2b451642e2,false,false,Sat Oct 25 2025 12:32:56 GMT+0000 (Coordinated Universal Time),Wed Oct 29 2025 14:21:55 GMT+0000 (Coordinated Universal Time),Wed Oct 29 2025 15:29:59 GMT+0000 (Coordinated Universal Time),veterinarians,on,burlington,"645 Plains Road East, Burlington, Ontario L7T 4J5",43.32286,-79.83212,https://www.eastplainsanimalhospital.ca/,,(905) 335-0043,info@eastplainsanimalhospital.ca,,https://www.facebook.com/eastplainsah/,https://www.google.com/maps?q=645%20Plains%20Road%20East%2C%20Burlington%2C%20Ontario%20L7T%204J5,"Local veterinary clinic in Aldershot offering preventive care, surgery and client education.","<p id=""""><strong id="""">East Plains Animal Hospital</strong> is a full‑service, independently owned clinic providing preventive medicine, surgery and client education for dogs, cats and pocket pets.</p>","<p id="""">Mon–Thu: 8:00 AM – 8:00 PM; Fri: 8:00 AM – 6:00 PM</p>",,,,100,Visit Website,"East Plains Animal Hospital – Veterinarian in Burlington, Ontario","Community veterinary clinic in Aldershot providing preventive care, surgery and pet health guidance.",East Plains Animal Hospital | Burlington,Compassionate veterinary care for dogs and cats in Burlington’s Aldershot community.
Eatonville Animal Hospital,eatonville-animal-hospital,68f3eb26d7ca3dac6e94b96d,683758b09dd1e3ac2e4e9809,6928bed7e508b3735b9a0cd3,false,false,Thu Nov 27 2025 21:12:55 GMT+0000 (Coordinated Universal Time),Thu Nov 27 2025 21:12:55 GMT+0000 (Coordinated Universal Time),Thu Dec 04 2025 18:20:50 GMT+0000 (Coordinated Universal Time),veterinarians,on,etobicoke,"5168 Dundas Street West, Etobicoke, Ontario M9A 1C4",,,https://evvet.ca/,,(416) 231-3167,,,,https://www.google.com/maps?q=5168%20Dundas%20Street%20West%2C%20Etobicoke%2C%20Ontario%20M9A%201C4,Veterinary hospital offering full-service pet care in Eatonville.,"<p id=""""><strong id="""">Eatonville Animal Hospital</strong> provides medical, surgical, and preventive care for dogs and cats in the Eatonville community of Etobicoke. (Information verified via Eatonville Animal Hospital official website.)</p>","<p id="""">See website for hours.</p>",,,,100,Visit Website,Eatonville Animal Hospital – Veterinarian in Etobicoke,"Eatonville Animal Hospital offers exams, treatment, and surgical services for pets in Etobicoke.",Eatonville Animal Hospital | Etobicoke Vet Clinic,"Learn about Eatonville Animal Hospital, providing veterinary care for local pets."
Eglinton-Hwy 10 Veterinary Clinic,eglinton-hwy-10-veterinary-clinic-mississauga,68f3eb26d7ca3dac6e94b96d,683758b09dd1e3ac2e4e9809,6928af0712403149241be0ca,false,false,Thu Nov 27 2025 20:05:27 GMT+0000 (Coordinated Universal Time),Thu Nov 27 2025 20:32:45 GMT+0000 (Coordinated Universal Time),Thu Dec 04 2025 18:20:50 GMT+0000 (Coordinated Universal Time),veterinarians,on,mississauga,"295 Eglinton Avenue East, Unit 11, Mississauga, Ontario L4Z 3K6",,,https://eglintonhwy10vet.com/,,(905) 890-7964,eglintonhwy10vet@gmail.com,,,https://www.google.com/maps?q=295%20Eglinton%20Avenue%20East%2C%20Unit%2011%2C%20Mississauga%2C%20Ontario%20L4Z%203K6,Full-service veterinary clinic near Eglinton Avenue and Highway 10 providing care for dogs and cats.,"<p id=""""><strong id="""">Eglinton-Hwy 10 Veterinary Clinic</strong> offers veterinary services for dogs and cats in central Mississauga near Eglinton Avenue and Hurontario Street. The clinic provides wellness exams, vaccinations, diagnostics, surgery, dentistry, and urgent care, with an emphasis on client education and preventive medicine.</p><p id="""">(Information verified via Eglinton-Hwy 10 Veterinary Clinic official website.)</p>","<p id="""">See website for hours.</p>",,,,100,Visit Website,Eglinton-Hwy 10 Veterinary Clinic – Veterinarian in Central Mississauga,"Eglinton-Hwy 10 Veterinary Clinic provides wellness, medical, and surgical care for dogs and cats in central Mississauga near Eglinton and Hurontario.",Eglinton-Hwy 10 Veterinary Clinic | Central Mississauga Vet,"Learn about Eglinton-Hwy 10 Veterinary Clinic, a full-service animal hospital serving pets in central Mississauga."
Erin Mills Pet Hospital,erin-mills-pet-hospital-mississauga,68f3eb26d7ca3dac6e94b96d,683758b09dd1e3ac2e4e9809,6928af0743b922acd74a8f9f,false,false,Thu Nov 27 2025 20:05:27 GMT+0000 (Coordinated Universal Time),Thu Nov 27 2025 20:32:45 GMT+0000 (Coordinated Universal Time),Thu Dec 04 2025 18:20:50 GMT+0000 (Coordinated Universal Time),veterinarians,on,mississauga,"2400 Dunwin Drive, Mississauga, Ontario L5L 1J9",,,https://erinmillsvet.ca/,,(905) 828-9691,erinmillspethospital@gmail.com,,,https://www.google.com/maps?q=2400%20Dunwin%20Drive%2C%20Mississauga%2C%20Ontario%20L5L%201J9,"Full-service veterinary hospital in Erin Mills providing medical, surgical, and preventive care for dogs and cats.","<p id=""""><strong id="""">Erin Mills Pet Hospital</strong> offers comprehensive veterinary care for dogs and cats in the Erin Mills area of Mississauga. Services include wellness exams, vaccinations, diagnostics, surgery, dentistry, and ongoing preventive care to support pets at every life stage. The hospital focuses on practical, compassionate medicine and clear communication with pet owners.</p><p id="""">(Information verified via Erin Mills Pet Hospital official website.)</p>","<p id="""">See website for hours.</p>",,,,100,Visit Website,Erin Mills Pet Hospital – Veterinarian in Erin Mills Mississauga,"Erin Mills Pet Hospital provides full-service veterinary care including wellness exams, surgery, and dentistry for dogs and cats in the Erin Mills community of Mississauga.",Erin Mills Pet Hospital | Erin Mills Mississauga Vet Clinic,"Learn about Erin Mills Pet Hospital, a full-service veterinary hospital caring for dogs and cats in Erin Mills, Mississauga."
Erindale Animal Hospital,erindale-animal-hospital-mississauga,68f3eb26d7ca3dac6e94b96d,683758b09dd1e3ac2e4e9809,6928ab4030a81b4121651fbd,false,false,Thu Nov 27 2025 19:49:20 GMT+0000 (Coordinated Universal Time),Thu Nov 27 2025 19:58:39 GMT+0000 (Coordinated Universal Time),Thu Dec 04 2025 18:20:50 GMT+0000 (Coordinated Universal Time),veterinarians,on,mississauga,"4040 Creditview Road, Unit 27, Mississauga, Ontario L5C 3Y8",,,https://www.erindaleanimalclinic.com/,,(905) 232-8383,,,,https://www.google.com/maps?q=4040%20Creditview%20Road%2C%20Unit%2027%2C%20Mississauga%2C%20Ontario%20L5C%203Y8,"Neighbourhood veterinary clinic in Erindale offering wellness care, diagnostics, and surgery for dogs and cats.","<p id=""""><strong id="""">Erindale Animal Hospital</strong> is a companion animal clinic located in the Creditview and Dundas area, providing veterinary care for dogs and cats in central Mississauga. The practice offers routine wellness and vaccination visits, internal medicine, surgery, diagnostics, and dental care, supported by an experienced veterinary team. Erindale Animal Hospital emphasizes a family-style approach to care, working with owners to develop treatment plans that fit each pet’s health needs and home environment. The clinic welcomes new patients and provides convenient parking and access for nearby neighbourhoods.</p><p id="""">(Information verified via Erindale Animal Hospital official website.)</p>","<p id="""">See website for hours.</p>",,,,100,Visit Website,Erindale Animal Hospital – Veterinarian in Mississauga,"Erindale Animal Hospital in Mississauga provides wellness exams, diagnostics, surgery, and dental care for dogs and cats in the Creditview and Erindale areas.",Erindale Animal Hospital | Mississauga Vet Clinic,"Discover Erindale Animal Hospital, a neighbourhood veterinary clinic offering full-service medical and preventive care for pets in central Mississauga."
Etobicoke Veterinary Hospital,etobicoke-veterinary-hospital,68f3eb26d7ca3dac6e94b96d,683758b09dd1e3ac2e4e9809,6928b8ec225fe9917ed77763,false,false,Thu Nov 27 2025 20:47:40 GMT+0000 (Coordinated Universal Time),Thu Nov 27 2025 20:47:40 GMT+0000 (Coordinated Universal Time),Thu Dec 04 2025 18:20:50 GMT+0000 (Coordinated Universal Time),veterinarians,on,etobicoke,"1972 Kipling Avenue, Etobicoke, Ontario M9W 4J5",,,https://www.etobicokevethospital.com/,,(416) 745-4700,,,,https://www.google.com/maps?q=1972%20Kipling%20Avenue%2C%20Etobicoke%2C%20Ontario%20M9W%204J5,Longstanding veterinary hospital providing full-service medical and surgical care.,"<p id=""""><strong id="""">Etobicoke Veterinary Hospital</strong> offers comprehensive veterinary care including wellness exams, diagnostics, surgery, and preventive services for local pets. (Information verified via Etobicoke Veterinary Hospital official website.)</p>","<p id="""">See website for hours.</p>",,,,100,Visit Website,Etobicoke Veterinary Hospital – Veterinarian in Etobicoke,"Etobicoke Veterinary Hospital provides medical, surgical, and preventive veterinary care for pets in Etobicoke.",Etobicoke Veterinary Hospital | Etobicoke Vet Clinic,"Learn about Etobicoke Veterinary Hospital, offering full-service veterinary care for local pets."
Glen Erin Animal Hospital,glen-erin-animal-hospital-mississauga,68f3eb26d7ca3dac6e94b96d,683758b09dd1e3ac2e4e9809,6928af0825eb2ae014e51e07,false,false,Thu Nov 27 2025 20:05:28 GMT+0000 (Coordinated Universal Time),Thu Nov 27 2025 20:32:45 GMT+0000 (Coordinated Universal Time),Thu Dec 04 2025 18:20:50 GMT+0000 (Coordinated Universal Time),veterinarians,on,mississauga,"2111 Dunwin Drive, Unit 3, Mississauga, Ontario L5L 3C1",,,https://glenerinanimalhospital.com/,,(905) 822-9974,,,,https://www.google.com/maps?q=2111%20Dunwin%20Drive%2C%20Unit%203%2C%20Mississauga%2C%20Ontario%20L5L%203C1,AAHA-accredited veterinary hospital in Erin Mills offering comprehensive care for dogs and cats.,"<p id=""""><strong id="""">Glen Erin Animal Hospital</strong> provides veterinary services for pets in central Mississauga and Erin Mills, including wellness care, diagnostics, dentistry, and surgery. The hospital is part of a multi-clinic team with Meadowvale Animal Clinic and is known for AAHA-accredited standards and a focus on client communication.</p><p id="""">(Information verified via Glen Erin Animal Hospital official website.)</p>","<p id="""">See website for hours.</p>",,,,100,Visit Website,Glen Erin Animal Hospital – Veterinarian in Erin Mills Mississauga,"Glen Erin Animal Hospital offers AAHA-level veterinary care including wellness, dentistry, and surgery for pets in Erin Mills and central Mississauga.",Glen Erin Animal Hospital | Erin Mills Mississauga Vet Clinic,"Learn about Glen Erin Animal Hospital, an AAHA-accredited veterinary hospital serving dogs and cats in Erin Mills, Mississauga."
Halton Peel Animal Hospital,halton-peel-animal-hospital-milton,68f3eb26d7ca3dac6e94b96d,683758b09dd1e3ac2e4e9809,6928a7a8a9782b5fda255e6f,false,false,Thu Nov 27 2025 19:34:00 GMT+0000 (Coordinated Universal Time),Thu Nov 27 2025 19:34:00 GMT+0000 (Coordinated Universal Time),Thu Nov 27 2025 19:35:19 GMT+0000 (Coordinated Universal Time),veterinarians,on,milton,"1093 Lower Base Line W, Milton, Ontario L9E 0H6",,,http://www.haltonpeelanimalhospital.com/,,(905) 693-0507,,,,https://www.google.com/maps?q=1093%20Lower%20Base%20Line%20W%20Milton%20Ontario%20L9E%200H6,"Rural veterinary clinic on Lower Base Line providing medical care, preventive services, and guidance for pets in the Milton area.","<p id=""""><strong id="""">Halton Peel Animal Hospital</strong> is a veterinary clinic located on Lower Base Line West, serving pet owners in Milton and the surrounding rural communities. The clinic provides general medical care, preventive checkups, vaccinations, and treatment for a range of conditions affecting dogs and cats. With a practical, farm-informed approach to animal health, the team focuses on thorough examinations and clear advice so owners can make informed decisions about their pets’ care. Halton Peel Animal Hospital works with clients to develop long-term health plans that address lifestyle, diet, and changing needs as pets age.</p><p id="""">(Information verified via Halton Peel Animal Hospital official website and public business listings.)</p>","<p id="""">See website for hours.</p>",,,,100,Visit Website,Halton Peel Animal Hospital – Veterinarian in Milton,"Halton Peel Animal Hospital in Milton, Ontario offers veterinary care, preventive services, and health guidance for dogs and cats in rural and suburban areas.",Halton Peel Animal Hospital | Milton Vet Clinic,"Learn about Halton Peel Animal Hospital, a Lower Base Line veterinary clinic providing medical and preventive care for pets in Milton and nearby communities."
Hamilton/Burlington SPCA,hamilton-burlington-spca,68f3eb26d7ca3dac6e94b96d,683758b09dd1e3ac2e4e9809,68fbddde4ce0a0ae80aea22b,false,false,Fri Oct 24 2025 20:13:18 GMT+0000 (Coordinated Universal Time),Fri Oct 24 2025 20:15:35 GMT+0000 (Coordinated Universal Time),Fri Oct 24 2025 22:37:27 GMT+0000 (Coordinated Universal Time),animal-shelters-and-rescues,on,hamilton,"245 Dartnall Road, Hamilton, Ontario L8W 3V9",43.1986,-79.8192,https://www.hbspca.com/,,1 (905) 574-7722,info@hbspca.com,,,,"Provides shelter, adoption, and education services for animals across Hamilton and Burlington.","<p>The Hamilton/Burlington SPCA is a trusted community organization that protects and enhances the quality of life for animals in the region. Through its adoption, education, and animal welfare programs, the HBSPCA helps pets find safe, loving homes while promoting responsible pet ownership. The shelter also offers veterinary care, humane education, and community support initiatives that keep pets and families together. (Information verified via Hamilton/Burlington SPCA official website.)</p>","<p>Tuesday–Friday 12 PM – 6 PM, Saturday–Sunday 11 AM – 4 PM, closed Mondays.</p>",,https://cdn.prod.website-files.com/683758b09dd1e3ac2e4e980a/68fbde57e77929cf0511a41c_volunteer-with-happy-rescue-dog-at-hamilton-burlington-spca.jpg,,0,Visit Website,Hamilton/Burlington SPCA – Dog Adoption & Rescue in Hamilton,"Find adoptable dogs and animal care services at the Hamilton/Burlington SPCA, helping pets across Hamilton and Burlington find safe and loving homes.",,
Hawkins Animal Hospital,hawkins-animal-hospital,68f3eb26d7ca3dac6e94b96d,683758b09dd1e3ac2e4e9809,69289f4a8ee23c760da9647a,false,false,Thu Nov 27 2025 18:58:18 GMT+0000 (Coordinated Universal Time),Thu Nov 27 2025 18:58:21 GMT+0000 (Coordinated Universal Time),Thu Nov 27 2025 19:35:19 GMT+0000 (Coordinated Universal Time),veterinarians,on,milton,"95 Main Street East, Milton, Ontario L9T 1N4",43.51875,-79.87412,https://hawkinsanimalhospital.com/,,1 (905) 875-6888,mailto:info@hawkinsanimalhospital.com,https://www.instagram.com/hawkinsanimalhospital/,https://www.facebook.com/HawkinsAnimalHospital/,"https://www.google.com/maps?q=95+Main+Street+East,+Milton,+Ontario+L9T+1N4","Compassionate veterinary clinic in Milton offering preventive medicine, diagnostics, surgery, and dental care for dogs and cats.","<div data-rt-embed-type='true'><p><strong>Hawkins Animal Hospital</strong> provides full-service veterinary care in Milton, including wellness exams, diagnostics, dentistry, and surgery for dogs and cats. Their experienced team focuses on preventive health and client education to ensure every pet receives the best possible care.</p>
<p>Conveniently located on Main Street East, Hawkins Animal Hospital is dedicated to delivering compassionate, personalized veterinary services to the local community.</p>
<p><em>Information verified via the clinic’s official website.</em></p></div>",<p>Mon – Fri: 8:00 AM – 6:00 PM</p><p>Sat: 8:00 AM – 12:00 PM</p><p>Sun: Closed</p>,,,,,Visit Website,"Hawkins Animal Hospital – Veterinarian in Milton, Ontario","Hawkins Animal Hospital offers preventive, surgical, and dental care for dogs and cats in Milton. Trusted local veterinary clinic focused on pet wellness.",Hawkins Animal Hospital | Milton Vet,"Full-service veterinary care for dogs and cats in Milton. Compassionate, personalized, and community-focused."
Hawkins Animal Hospital,hawkins-animal-hospital-milton,68f3eb26d7ca3dac6e94b96d,683758b09dd1e3ac2e4e9809,6928a89982d4b6d48eb27068,false,false,Thu Nov 27 2025 19:38:01 GMT+0000 (Coordinated Universal Time),Thu Nov 27 2025 19:58:39 GMT+0000 (Coordinated Universal Time),Thu Dec 04 2025 18:20:50 GMT+0000 (Coordinated Universal Time),veterinarians,on,milton,"95 Main Street East, Milton, Ontario L9T 1N4",,,https://hawkinsanimalhospital.com/,,(905) 875-6888,hawkinsanimalhospital@cogeco.net,https://www.instagram.com/hawkinsanimalhospital/,https://www.facebook.com/HawkinsAnimalHospital/,https://www.google.com/maps?q=95%20Main%20Street%20East%20Milton%20Ontario%20L9T%201N4,"Full-service veterinary hospital in downtown Milton providing medical, surgical, and preventive care for dogs and cats.","<p id=""""><strong id="""">Hawkins Animal Hospital</strong> is a full-service veterinary clinic located on Main Street East in downtown Milton. The hospital provides comprehensive care for dogs and cats, including wellness exams, vaccinations, diagnostics, dentistry, and a range of surgical procedures. With more than two decades of service to Milton and nearby communities such as Acton, Campbellville, North Oakville, and North Burlington, the team focuses on up-to-date diagnostics and tailored wellness plans for every pet. Hawkins Animal Hospital welcomes new clients and works closely with families to explain treatment options and day-to-day home care.</p><p id="""">(Information verified via Hawkins Animal Hospital official website and local business listings.)</p>","<p id="""">See website for hours.</p>",,,,100,Visit Website,Hawkins Animal Hospital – Veterinarian in Milton,"Hawkins Animal Hospital in downtown Milton, Ontario offers full-service veterinary care, including wellness exams, surgery, dentistry, and preventive services for dogs and cats.",Hawkins Animal Hospital | Milton Vet Clinic,"Learn about Hawkins Animal Hospital, a downtown Milton veterinary hospital providing medical, surgical, and preventive care for local dogs and cats."
Heartland Pet Hospital,heartland-pet-hospital-mississauga,68f3eb26d7ca3dac6e94b96d,683758b09dd1e3ac2e4e9809,6928ab405daf592090ea70fa,false,false,Thu Nov 27 2025 19:49:20 GMT+0000 (Coordinated Universal Time),Thu Nov 27 2025 19:58:39 GMT+0000 (Coordinated Universal Time),Thu Dec 04 2025 18:20:50 GMT+0000 (Coordinated Universal Time),veterinarians,on,mississauga,"6085 Creditview Road, Unit 20, Mississauga, Ontario L5V 2A8",,,https://www.heartlandpethospital.com/,,(905) 501-1514,,,,https://www.google.com/maps?q=6085%20Creditview%20Road%2C%20Unit%2020%2C%20Mississauga%2C%20Ontario%20L5V%202A8,"Neighbourhood pet hospital in the Heartland area providing wellness, surgery, dentistry, and behaviour support for dogs and cats.","<p id=""""><strong id="""">Heartland Pet Hospital</strong> is a companion animal hospital located in the Heartland Town Centre area of Mississauga. The clinic offers a full range of veterinary services for dogs and cats, including vaccinations, diagnostics, surgery, dentistry, and support for behavioural and nutritional concerns. Heartland’s team emphasizes client education and collaborative care, helping owners understand their pet’s condition and the options available. Conveniently situated near major shopping routes, Heartland Pet Hospital serves families across north-central Mississauga.</p><p id="""">(Information verified via Heartland Pet Hospital official website.)</p>","<p id="""">See website for hours.</p>",,,,100,Visit Website,Heartland Pet Hospital – Veterinarian in Mississauga,"Heartland Pet Hospital in Mississauga provides veterinary services for dogs and cats, including wellness care, diagnostics, surgery, dentistry, and behaviour support.",Heartland Pet Hospital | Mississauga Vet Clinic,"Learn about Heartland Pet Hospital, a neighbourhood veterinary clinic offering comprehensive medical and preventive care for pets in the Heartland area of Mississauga."
Hollybank Animal Hospital,hollybank-animal-hospital-milton,68f3eb26d7ca3dac6e94b96d,683758b09dd1e3ac2e4e9809,6928a7a876a342eb737b138c,false,false,Thu Nov 27 2025 19:34:00 GMT+0000 (Coordinated Universal Time),Thu Nov 27 2025 19:34:00 GMT+0000 (Coordinated Universal Time),Thu Nov 27 2025 19:35:19 GMT+0000 (Coordinated Universal Time),veterinarians,on,milton,"1030 Kennedy Circle, Unit 3i, Milton, Ontario L9T 0J9",,,https://www.hollybankanimalhospital.ca/,,(905) 864-0022,,,,https://www.google.com/maps?q=1030%20Kennedy%20Circle%20Unit%203i%20Milton%20Ontario%20L9T%200J9,"Companion animal hospital in south Milton offering wellness care, surgery, dentistry, and medical services for dogs, cats, and small pets.","<p id=""""><strong id="""">Hollybank Animal Hospital</strong> is a companion animal practice serving the growing neighbourhoods in south Milton. The clinic provides preventive care, vaccinations, diagnostics, surgery, dentistry, and nutritional counselling for dogs, cats, and small exotic pets such as rabbits and guinea pigs. With a focus on client education and long-term relationships, the team works with families to design care plans that fit each pet’s needs and lifestyle. Hollybank Animal Hospital operates alongside its sister clinic in Mississauga to give pet owners flexible options for appointments and follow-up care.</p><p id="""">(Information verified via Hollybank Animal Hospital official website.)</p>","<p id="""">See website for hours.</p>",,,,100,Visit Website,Hollybank Animal Hospital – Veterinarian in Milton,"Hollybank Animal Hospital in south Milton offers veterinary care, surgery, dentistry, and wellness services for dogs, cats, and small companion animals.",Hollybank Animal Hospital | Milton Vet Clinic,"Discover Hollybank Animal Hospital, a south Milton veterinary clinic providing wellness care, surgery, dentistry, and medical services for family pets."
Humber Bay Veterinary Hospital,humber-bay-veterinary-hospital,68f3eb26d7ca3dac6e94b96d,683758b09dd1e3ac2e4e9809,6928bed7dd648fe6bee173bb,false,false,Thu Nov 27 2025 21:12:55 GMT+0000 (Coordinated Universal Time),Thu Nov 27 2025 21:12:55 GMT+0000 (Coordinated Universal Time),Thu Dec 04 2025 18:20:50 GMT+0000 (Coordinated Universal Time),veterinarians,on,etobicoke,"2139 Lake Shore Boulevard West, Etobicoke, Ontario M8V 0B3",,,https://humberbayvethospital.ca/,,(647) 479-7719,,,,https://www.google.com/maps?q=2139%20Lake%20Shore%20Boulevard%20West%2C%20Etobicoke%2C%20Ontario%20M8V%200B3,Modern veterinary hospital serving the Humber Bay Shores community.,"<p id=""""><strong id="""">Humber Bay Veterinary Hospital</strong> provides wellness exams, diagnostics, surgery, dentistry, and preventive care for pets in the Humber Bay Shores neighbourhood. (Information verified via Humber Bay Veterinary Hospital official website.)</p>","<p id="""">See website for hours.</p>",,,,100,Visit Website,Humber Bay Veterinary Hospital – Veterinarian in Humber Bay Shores,"Humber Bay Veterinary Hospital offers full-service veterinary care for dogs and cats in Humber Bay Shores, Etobicoke.",Humber Bay Veterinary Hospital | Etobicoke Vet Clinic,"Learn about Humber Bay Veterinary Hospital, serving the pets of Humber Bay Shores."
It Takes a Village Dog Rescue,it-takes-a-village-dog-rescue,68f3eb26d7ca3dac6e94b96d,683758b09dd1e3ac2e4e9809,68fc3cb76243b19ff7007581,false,false,Sat Oct 25 2025 02:57:59 GMT+0000 (Coordinated Universal Time),Sat Oct 25 2025 02:58:05 GMT+0000 (Coordinated Universal Time),Sat Oct 25 2025 03:42:18 GMT+0000 (Coordinated Universal Time),animal-shelters-and-rescues,on,st-catharines,"45 Cushman Road, Unit 108, St. Catharines, Ontario L2M 6S9",43.1742,-79.2114,https://ittakesavillagedogrescue.com,,1 (289) 696-5730,adopt@ittakesavillagedogrescue.com,,,,A volunteer-run rescue organization committed to helping at-risk and homeless dogs across Ontario find loving homes.,"<p>It Takes a Village Dog Rescue is a St. Catharines-based, non-profit organization dedicated to rescuing, rehabilitating, and rehoming dogs in need across Ontario. Operated entirely by volunteers, the rescue works with shelters, fosters, and community partners to give vulnerable dogs a second chance. Their compassionate team ensures each dog receives proper care, medical attention, and the opportunity to thrive in a safe, loving environment. (Information verified via It Takes a Village Dog Rescue official website.)</p>",<p>See website for hours.</p>,,https://cdn.prod.website-files.com/683758b09dd1e3ac2e4e980a/68fc3cb207f43a9a93311bc5_volunteer-greeting-happy-rescue-dog-at-st-catharines-rescue.jpg,,0,Visit Website,It Takes a Village Dog Rescue – Dog Adoption & Rescue in St. Catharines,"Discover adoptable dogs through It Takes a Village Dog Rescue, a volunteer-run organization helping dogs across Ontario find safe and loving homes.",,
James Snow Animal Hospital,james-snow-animal-hospital,68f3eb26d7ca3dac6e94b96d,683758b09dd1e3ac2e4e9809,69289fcc174b3b97fd510769,false,false,Thu Nov 27 2025 19:00:28 GMT+0000 (Coordinated Universal Time),Thu Nov 27 2025 19:00:30 GMT+0000 (Coordinated Universal Time),Thu Nov 27 2025 19:35:19 GMT+0000 (Coordinated Universal Time),veterinarians,on,milton,"10220 Derry Road, Unit 106, Milton, Ontario L9T 7J3",43.52558,-79.84988,https://www.jamessnowvet.com/,,1 (905) 864-9909,mailto:info@jamessnowvet.com,https://www.instagram.com/jamessnowanimalhospital/,https://www.facebook.com/JamesSnowVet/,,"Modern veterinary hospital in Milton providing wellness, diagnostic, surgical, and dental care for dogs and cats seven days a week.","<div data-rt-embed-type='true'><p><strong>James Snow Animal Hospital</strong> offers full-service veterinary care for dogs and cats, including preventive health exams, diagnostics, dentistry, and surgery. Open seven days a week, the clinic focuses on convenience and compassionate, individualized care for every patient.</p>
<p>Their modern facility features advanced diagnostic tools and a dedicated medical team committed to maintaining each pet’s long-term health and comfort.</p>
<p><em>Information verified via the clinic’s official website.</em></p></div>","<p id="""">Mon – Fri: 8:00 AM – 7:00 PM<br>Sat: 9:00 AM – 5:00 PM<br>Sun: 9:00 AM – 3:00 PM</p>",,,,,Visit Website,"James Snow Animal Hospital – Veterinarian in Milton, Ontario","James Snow Animal Hospital provides full-service veterinary care seven days a week, including exams, surgery, and dentistry for dogs and cats in Milton.",James Snow Animal Hospital | Milton Vet Clinic,Modern veterinary hospital in Milton offering comprehensive care for dogs and cats every day of the week.
James Snow Animal Hospital,james-snow-animal-hospital-milton,68f3eb26d7ca3dac6e94b96d,683758b09dd1e3ac2e4e9809,6928a8991eadc95a6ec62179,false,false,Thu Nov 27 2025 19:38:01 GMT+0000 (Coordinated Universal Time),Thu Nov 27 2025 19:58:39 GMT+0000 (Coordinated Universal Time),Thu Dec 04 2025 18:20:50 GMT+0000 (Coordinated Universal Time),veterinarians,on,milton,"71 James Snow Parkway North, Unit F3, Milton, Ontario L9E 0H2",,,https://www.jamessnowvet.com/,,(905) 864-9909,,,,https://www.google.com/maps?q=71%20James%20Snow%20Parkway%20North%20Unit%20F3%20Milton%20Ontario%20L9E%200H2,"Full-service veterinary clinic in east Milton providing preventive care, surgery, dentistry, and urgent care for pets.","<p id=""""><strong id="""">James Snow Animal Hospital</strong> is a full-service veterinary clinic located near the corner of Main Street East and James Snow Parkway in Milton. The hospital provides a wide range of services for dogs and cats, including routine wellness visits, vaccinations, internal medicine, surgery, digital radiology, dentistry, and laboratory testing. Open seven days a week, the clinic is designed to offer convenient access to veterinary care for busy families while maintaining a welcoming, client-focused environment. The team at James Snow Animal Hospital emphasizes clear communication and detailed home-care instructions so pet owners understand each stage of their pet’s treatment.</p><p id="""">(Information verified via James Snow Animal Hospital official website and Milton business directory listings.)</p>","<p id="""">See website for hours.</p>",,,,100,Visit Website,James Snow Animal Hospital – Veterinarian in Milton,"James Snow Animal Hospital in Milton, Ontario provides full-service veterinary care, including wellness exams, surgery, dentistry, diagnostics, and extended-hours appointments for family pets.",James Snow Animal Hospital | Milton Vet Clinic,"Discover James Snow Animal Hospital, an east Milton veterinary clinic offering comprehensive medical, surgical, and preventive care with extended hours for local pets."
Long Branch Animal Clinic,long-branch-animal-clinic,68f3eb26d7ca3dac6e94b96d,683758b09dd1e3ac2e4e9809,6928bed742fac2afb0c5d937,false,false,Thu Nov 27 2025 21:12:55 GMT+0000 (Coordinated Universal Time),Thu Nov 27 2025 21:12:55 GMT+0000 (Coordinated Universal Time),Thu Dec 04 2025 18:20:50 GMT+0000 (Coordinated Universal Time),veterinarians,on,etobicoke,"3459 Lake Shore Boulevard West, Etobicoke, Ontario M8W 1N2",,,https://www.longbranchanimalclinic.com/,,(416) 251-6787,info@lbac.ca,,,https://www.google.com/maps?q=3459%20Lake%20Shore%20Boulevard%20West%2C%20Etobicoke%2C%20Ontario%20M8W%201N2,Neighbourhood animal clinic providing veterinary care in Long Branch.,"<p id=""""><strong id="""">Long Branch Animal Clinic</strong> offers wellness care, diagnostics, dentistry, and surgical services for pets in the Long Branch community. (Information verified via Long Branch Animal Clinic official website.)</p>","<p id="""">See website for hours.</p>",,,,100,Visit Website,Long Branch Animal Clinic – Veterinarian in Long Branch Etobicoke,Long Branch Animal Clinic provides veterinary services for pets in the Long Branch area of Etobicoke.,Long Branch Animal Clinic | Etobicoke Vet,"Discover Long Branch Animal Clinic, serving dogs and cats in the Long Branch community."
Lorne Park Animal Hospital,lorne-park-animal-hospital-mississauga,68f3eb26d7ca3dac6e94b96d,683758b09dd1e3ac2e4e9809,6928af0885c14c8c6d63a95f,false,false,Thu Nov 27 2025 20:05:28 GMT+0000 (Coordinated Universal Time),Thu Nov 27 2025 20:32:45 GMT+0000 (Coordinated Universal Time),Thu Dec 04 2025 18:20:50 GMT+0000 (Coordinated Universal Time),veterinarians,on,mississauga,"1107 Lorne Park Road, Unit 16, Mississauga, Ontario L5H 3A1",,,https://myownvets.com/,,(905) 990-8387,,,,https://www.google.com/maps?q=1107%20Lorne%20Park%20Road%2C%20Unit%2016%2C%20Mississauga%2C%20Ontario%20L5H%203A1,Neighbourhood veterinary hospital in Lorne Park providing preventive and medical care for pets.,"<p id=""""><strong id="""">Lorne Park Animal Hospital</strong> offers veterinary services for dogs and cats in the Lorne Park and Clarkson communities of south Mississauga. The hospital provides examinations, vaccinations, dentistry, diagnostics, surgery, and preventive health programs tailored to each pet.</p><p id="""">(Information verified via Lorne Park Animal Hospital official website.)</p>","<p id="""">See website for hours.</p>",,,,100,Visit Website,Lorne Park Animal Hospital – Veterinarian in Lorne Park Mississauga,"Lorne Park Animal Hospital provides preventive, medical, and surgical care for pets in the Lorne Park and Clarkson areas of Mississauga.",Lorne Park Animal Hospital | Lorne Park Mississauga Vet Clinic,"Discover Lorne Park Animal Hospital, a neighbourhood veterinary clinic serving dogs and cats in south Mississauga."
Loved at Last Dog Rescue,loved-at-last-dog-rescue,68f3eb26d7ca3dac6e94b96d,683758b09dd1e3ac2e4e9809,68fbfe5e7e5b22b14cb8049d,false,false,Fri Oct 24 2025 22:31:58 GMT+0000 (Coordinated Universal Time),Fri Oct 24 2025 22:34:08 GMT+0000 (Coordinated Universal Time),Fri Oct 24 2025 22:37:27 GMT+0000 (Coordinated Universal Time),animal-shelters-and-rescues,bc,vancouver,"3030 Main Street, Vancouver, British Columbia V5T 3G5",49.2606,-123.1025,https://www.lovedatlastdogrescue.ca,,Not publicly listed,lovedatlastdogrescue@gmail.com,,,,A volunteer-based rescue helping dogs from around the world find safe and loving homes in British Columbia.,"<p id="""">Loved at Last Dog Rescue is a Vancouver-based, volunteer-driven organization committed to giving homeless and abused dogs a second chance at life. Partnering with international rescue groups, they bring dogs from regions with high stray populations to foster and adoptive homes throughout British Columbia. Their mission focuses on compassion, education, and responsible pet ownership, ensuring every dog is truly “loved at last.” (Information verified via Loved at Last Dog Rescue official website.)</p>","<p id="""">See website for hours.</p><p>‍</p>",,https://cdn.prod.website-files.com/683758b09dd1e3ac2e4e980a/68fbfedceb82e8017067a6c5_volunteer-greeting-rescue-dog-at-vancouver-foster-home.jpg,,0,Visit Website,Loved at Last Dog Rescue – Dog Adoption & Rescue in Vancouver,"Find adoptable dogs through Loved at Last Dog Rescue, connecting rescued dogs from around the world with caring homes in British Columbia.",,
Mainview Animal Hospital,mainview-animal-hospital-milton,68f3eb26d7ca3dac6e94b96d,683758b09dd1e3ac2e4e9809,6928a7a8a9782b5fda255e67,false,false,Thu Nov 27 2025 19:34:00 GMT+0000 (Coordinated Universal Time),Thu Nov 27 2025 19:34:00 GMT+0000 (Coordinated Universal Time),Thu Nov 27 2025 19:35:19 GMT+0000 (Coordinated Universal Time),veterinarians,on,milton,"17 Wilson Drive, Milton, Ontario L9T 3J7",43.5230967,-79.8725932,https://www.mainviewanimalhospital.ca/,,(905) 875-3777,mainviewanimalhospital@gmail.com,,,https://www.google.com/maps?q=17%20Wilson%20Drive%20Milton%20Ontario%20L9T%203J7,"Neighbourhood veterinary clinic in central Milton providing wellness, medical, and surgical care for family pets.","<p id=""""><strong id="""">Mainview Animal Hospital</strong> is a centrally located veterinary clinic on Wilson Drive serving dogs and cats in the Milton community. The practice provides routine wellness exams, vaccinations, diagnostics, dentistry, and surgery, along with tailored treatment plans for chronic conditions. Mainview’s team focuses on practical, compassionate care, helping pet owners understand test results, medication plans, and follow-up needs. Convenient parking and a neighbourhood setting make the clinic an accessible option for local families seeking a primary care vet.</p><p id="""">(Information verified via Mainview Animal Hospital official website.)</p>","<p id="""">See website for hours.</p>",,,,100,Visit Website,Mainview Animal Hospital – Veterinarian in Milton,"Mainview Animal Hospital in Milton, Ontario provides wellness care, diagnostics, surgery, and dental services for dogs and cats in the surrounding neighbourhoods.",Mainview Animal Hospital | Milton Vet Clinic,"Discover Mainview Animal Hospital, a central Milton veterinary clinic offering wellness, medical, and surgical care for local dogs and cats."
Martin Veterinary Hospital,martin-veterinary-hospital,68f3eb26d7ca3dac6e94b96d,683758b09dd1e3ac2e4e9809,6928b8ec60ec0872cb429b43,false,false,Thu Nov 27 2025 20:47:40 GMT+0000 (Coordinated Universal Time),Thu Nov 27 2025 20:47:40 GMT+0000 (Coordinated Universal Time),Thu Dec 04 2025 18:20:50 GMT+0000 (Coordinated Universal Time),veterinarians,on,etobicoke,"5460 Dundas Street West, Etobicoke, Ontario M9B 1B4",,,https://martinvet.ca/,,(416) 239-7709,mvh@martinvet.ca,,,https://www.google.com/maps?q=5460%20Dundas%20Street%20West%2C%20Etobicoke%2C%20Ontario%20M9B%201B4,AAHA-accredited veterinary hospital serving Etobicoke pets.,"<p id=""""><strong id="""">Martin Veterinary Hospital</strong> provides veterinary care including surgery, diagnostics, dentistry, and preventive health services. (Information verified via Martin Veterinary Hospital official website.)</p>","<p id="""">See website for hours.</p>",,,,100,Visit Website,Martin Veterinary Hospital – Veterinarian in Etobicoke,"Martin Veterinary Hospital offers accredited veterinary services including dentistry, surgery, and diagnostics.",Martin Veterinary Hospital | Etobicoke Vet Clinic,"Discover Martin Veterinary Hospital, offering full-service veterinary care for pets."
Mavis Road Animal Clinic,mavis-road-animal-clinic-mississauga,68f3eb26d7ca3dac6e94b96d,683758b09dd1e3ac2e4e9809,6928af07888f401a6198f82c,false,false,Thu Nov 27 2025 20:05:27 GMT+0000 (Coordinated Universal Time),Thu Nov 27 2025 20:32:45 GMT+0000 (Coordinated Universal Time),Thu Dec 04 2025 18:20:50 GMT+0000 (Coordinated Universal Time),veterinarians,on,mississauga,"3095 Wolfedale Road, Unit 1, Mississauga, Ontario L5C 1V8",,,http://www.mavisroadanimal.ca/,,(905) 275-2782,,,,https://www.google.com/maps?q=3095%20Wolfedale%20Road%2C%20Unit%201%2C%20Mississauga%2C%20Ontario%20L5C%201V8,Veterinary clinic near Mavis Road and Wolfedale Road offering medical and preventive care for pets.,"<p id=""""><strong id="""">Mavis Road Animal Clinic</strong> provides veterinary care for dogs and cats in central Mississauga near Mavis Road and Wolfedale Road. Services include routine exams, vaccinations, diagnostics, surgery, and other treatments aimed at supporting everyday health and managing illness.</p><p id="""">(Information verified via Mavis Road Animal Clinic official website.)</p>","<p id="""">See website for hours.</p>",,,,100,Visit Website,Mavis Road Animal Clinic – Veterinarian in Central Mississauga,"Mavis Road Animal Clinic offers wellness exams, diagnostics, and surgery for dogs and cats near Mavis Road and Wolfedale Road in Mississauga.",Mavis Road Animal Clinic | Central Mississauga Vet Clinic,"Discover Mavis Road Animal Clinic, a neighbourhood veterinary clinic serving pets in central Mississauga."
McCleary Animal Hospital,mccleary-animal-hospital-mississauga,68f3eb26d7ca3dac6e94b96d,683758b09dd1e3ac2e4e9809,6928ab40a9782b5fda261393,false,false,Thu Nov 27 2025 19:49:20 GMT+0000 (Coordinated Universal Time),Thu Nov 27 2025 19:58:39 GMT+0000 (Coordinated Universal Time),Thu Dec 04 2025 18:20:50 GMT+0000 (Coordinated Universal Time),veterinarians,on,mississauga,"981 Clarkson Road South, Mississauga, Ontario L5J 2V8",,,https://www.mcclearyanimalhospital.com/,,(905) 822-1644,info@mcclearyanimalhospital.com,,,https://www.google.com/maps?q=981%20Clarkson%20Road%20South%2C%20Mississauga%2C%20Ontario%20L5J%202V8,"Veterinary hospital in Clarkson providing wellness care, diagnostics, surgery, and dentistry for dogs and cats.","<p id=""""><strong id="""">McCleary Animal Hospital</strong> is a community-focused veterinary clinic in the Clarkson area of south Mississauga. The hospital provides wellness and vaccination programs, diagnostics, surgery, dental care, and treatment for acute and chronic conditions affecting dogs and cats. Its team takes a proactive approach to preventive medicine, emphasizing regular checkups and early intervention to support long-term health. With convenient access from Lakeshore Road and Southdown Road, McCleary Animal Hospital serves pet owners in Clarkson, Lorne Park, and nearby neighbourhoods.</p><p id="""">(Information verified via McCleary Animal Hospital official website.)</p>","<p id="""">See website for hours.</p>",,,,100,Visit Website,McCleary Animal Hospital – Veterinarian in Mississauga,"McCleary Animal Hospital in south Mississauga offers veterinary services for dogs and cats, including wellness care, diagnostics, surgery, and dental treatments.",McCleary Animal Hospital | Mississauga Vet Clinic,"Discover McCleary Animal Hospital, a Clarkson-area veterinary clinic providing proactive preventive and medical care for local pets."
Meadowvale Animal Clinic,meadowvale-animal-clinic-mississauga,68f3eb26d7ca3dac6e94b96d,683758b09dd1e3ac2e4e9809,6928af07b3e2671524929308,false,false,Thu Nov 27 2025 20:05:27 GMT+0000 (Coordinated Universal Time),Thu Nov 27 2025 20:32:45 GMT+0000 (Coordinated Universal Time),Thu Dec 04 2025 18:20:50 GMT+0000 (Coordinated Universal Time),veterinarians,on,mississauga,"6040 Glen Erin Drive, Mississauga, Ontario L5N 3M4",,,https://www.meadowvaleanimalclinic.com/,,(905) 826-5062,meadowvale@glenerinanimalhospital.com,,,https://www.google.com/maps?q=6040%20Glen%20Erin%20Drive%2C%20Mississauga%2C%20Ontario%20L5N%203M4,AAHA-accredited veterinary clinic in Meadowvale providing care for dogs and cats.,"<p id=""""><strong id="""">Meadowvale Animal Clinic</strong> is an AAHA-accredited and Cat Friendly Certified veterinary hospital serving pets in the Meadowvale community of north Mississauga. The clinic provides wellness care, diagnostics, dentistry, surgery, and preventive services with an emphasis on low-stress handling and client education.</p><p id="""">(Information verified via Meadowvale Animal Clinic official website.)</p>","<p id="""">See website for hours.</p>",,,,100,Visit Website,Meadowvale Animal Clinic – Veterinarian in Meadowvale Mississauga,"Meadowvale Animal Clinic provides AAHA-accredited veterinary care, including wellness, dentistry, and surgery, for pets in the Meadowvale area of Mississauga.",Meadowvale Animal Clinic | Meadowvale Mississauga Vet Clinic,"Learn about Meadowvale Animal Clinic, an AAHA-accredited veterinary clinic serving dogs and cats in north Mississauga."
Mississauga Animal Hospital,mississauga-animal-hospital,68f3eb26d7ca3dac6e94b96d,683758b09dd1e3ac2e4e9809,6928ab407237f30ba09e4bb9,false,false,Thu Nov 27 2025 19:49:20 GMT+0000 (Coordinated Universal Time),Thu Nov 27 2025 19:58:39 GMT+0000 (Coordinated Universal Time),Thu Dec 04 2025 18:20:50 GMT+0000 (Coordinated Universal Time),veterinarians,on,mississauga,"365 Dundas Street East, Mississauga, Ontario L5A 1X3",,,https://www.mississaugaanimalhospital.ca/,,(905) 270-4784,,,,https://www.google.com/maps?q=365%20Dundas%20Street%20East%2C%20Mississauga%2C%20Ontario%20L5A%201X3,"Full-service companion animal hospital on Dundas Street East providing medical, surgical, and preventive care for Mississauga pets.","<p id=""""><strong id="""">Mississauga Animal Hospital</strong> is a well-established veterinary clinic on Dundas Street East that provides complete medical care for dogs and cats. Services include wellness exams, vaccinations, diagnostic testing, surgery, dentistry, and ongoing preventive care to support pets at every life stage. The hospital focuses on making visits as low-stress as possible while giving owners clear information about diagnoses, treatment options, and home care. With decades of experience serving local families, Mississauga Animal Hospital is a convenient primary care option for pet owners across central Mississauga.</p><p id="""">(Information verified via Mississauga Animal Hospital official website.)</p>","<p id="""">See website for hours.</p>",,,,100,Visit Website,Mississauga Animal Hospital – Veterinarian in Mississauga,"Mississauga Animal Hospital on Dundas Street East provides full-service veterinary care, including exams, diagnostics, surgery, and dentistry for dogs and cats in Mississauga.",Mississauga Animal Hospital | Mississauga Vet Clinic,"Learn about Mississauga Animal Hospital, a full-service veterinary hospital offering medical, surgical, and preventive care for pets in central Mississauga."
Montreal SPCA,montreal-spca,68f3eb26d7ca3dac6e94b96d,683758b09dd1e3ac2e4e9809,68fbdf00c83a5e8b9f47f89e,false,false,Fri Oct 24 2025 20:18:08 GMT+0000 (Coordinated Universal Time),Fri Oct 24 2025 20:21:05 GMT+0000 (Coordinated Universal Time),Fri Oct 24 2025 22:37:27 GMT+0000 (Coordinated Universal Time),animal-shelters-and-rescues,qc,montreal,"5215 Jean-Talon Street West, Montréal, Quebec H4P 1X4",45.4956,-73.6651,https://www.spca.com,,1 (514) 735-2711,info@spca.com,,,,"Provides animal rescue, adoption, and protection services for pets across Montréal and surrounding regions.","<p>The Montreal SPCA is one of Canada’s oldest and most recognized animal welfare organizations, dedicated to protecting animals and promoting compassionate care. Through adoption programs, cruelty investigations, veterinary services, and community education, the SPCA helps thousands of animals each year find safety and loving homes. Their mission extends beyond sheltering, focusing on animal rights advocacy and responsible guardianship throughout Quebec. (Information verified via Montreal SPCA official website.)</p>",<p>Monday–Sunday 10 AM – 6 PM</p>,,https://cdn.prod.website-files.com/683758b09dd1e3ac2e4e980a/68fbdfaccfac6f2d5c374eb5_volunteer-caring-for-rescue-dog-at-montreal-spca-shelter.jpg,,0,Visit Website,Montreal SPCA – Dog Adoption & Rescue in Montréal,"Adopt a dog or support animal rescue efforts at the Montreal SPCA, providing compassionate care and advocacy for pets across Quebec.",,
Niagara Dog Rescue,niagara-dog-rescue,68f3eb26d7ca3dac6e94b96d,683758b09dd1e3ac2e4e9809,68fbdc99a4ce8c1e504d55d0,false,false,Fri Oct 24 2025 20:07:53 GMT+0000 (Coordinated Universal Time),Fri Oct 24 2025 20:10:04 GMT+0000 (Coordinated Universal Time),Fri Oct 24 2025 22:37:27 GMT+0000 (Coordinated Universal Time),animal-shelters-and-rescues,on,niagara-falls,"4865 St. Lawrence Avenue, Niagara Falls, Ontario L2E 3Y1",43.1045,-79.0673,https://www.niagaradogrescue.com,,1 (289) 271-8898,info@niagaradogrescue.com,,,,Volunteer-run organization dedicated to saving dogs from high-risk shelters and finding them loving homes across Ontario.,"<p>Niagara Dog Rescue is a volunteer-driven, non-profit organization based in Niagara Falls, Ontario, dedicated to rescuing dogs from overcrowded shelters and unsafe environments. Through a strong foster network, the group provides medical care, rehabilitation, and adoption services to help each dog find a safe, permanent home. Their compassionate team partners with communities and shelters across North America to give at-risk dogs a second chance at life. (Information verified via Niagara Dog Rescue official website.)</p>",<p>See website for hours.</p>,,https://cdn.prod.website-files.com/683758b09dd1e3ac2e4e980a/68fbdd168b3b34ef6bec463c_volunteer-comforting-rescued-dog-at-niagara-animal-shelter.jpg,,0,Visit Website,Niagara Dog Rescue – Dog Adoption & Rescue in Niagara Falls,"Find adoptable dogs and foster opportunities at Niagara Dog Rescue, helping dogs across Ontario find safe and loving homes.",,
Niagara SPCA and Humane Society,niagara-spca-and-humane-society,68f3eb26d7ca3dac6e94b96d,683758b09dd1e3ac2e4e9809,68fc00ac40cd3ca2ec31fb44,false,false,Fri Oct 24 2025 22:41:48 GMT+0000 (Coordinated Universal Time),Fri Oct 24 2025 22:45:10 GMT+0000 (Coordinated Universal Time),Sat Oct 25 2025 02:43:28 GMT+0000 (Coordinated Universal Time),animal-shelters-and-rescues,on,niagara-falls,"6025 Chippawa Parkway, Niagara Falls, Ontario L2G 0E6",43.0549,-79.0941,https://niagaraspca.com,,1 (905) 356-4404,info@niagaraspca.com,,,,"Provides shelter, adoption, and community support programs for animals across the Niagara Region.","<p>The Niagara SPCA and Humane Society is dedicated to providing compassionate care and protection for animals in need across the Niagara Region. With facilities in Niagara Falls and Welland, the organization offers adoption services, animal welfare education, and programs that strengthen the bond between people and pets. Their team works tirelessly to rescue, rehabilitate, and rehome animals while promoting responsible guardianship. (Information verified via Niagara SPCA official website.)</p>",<p>Monday–Saturday 10 AM – 5 PM (closed Sundays)</p>,,https://cdn.prod.website-files.com/683758b09dd1e3ac2e4e980a/68fc0171ee6826ba269d0346_volunteer-walking-rescue-dog-outside-niagara-spca-shelter.jpg,,0,Visit Website,Niagara SPCA and Humane Society – Dog Adoption & Rescue in Niagara Falls,"Adopt a dog or support animal rescue through the Niagara SPCA and Humane Society, serving Niagara Falls and surrounding communities with care and compassion.",,
Oakville Animal Clinic,oakville-animal-clinic,68f3eb26d7ca3dac6e94b96d,683758b09dd1e3ac2e4e9809,69022a8bdd91351ab5a0b195,false,false,Wed Oct 29 2025 14:54:03 GMT+0000 (Coordinated Universal Time),Wed Oct 29 2025 15:27:00 GMT+0000 (Coordinated Universal Time),Wed Oct 29 2025 15:29:59 GMT+0000 (Coordinated Universal Time),veterinarians,,oakville,"218 Kerr Street, Oakville, Ontario L6K 3A8",43.43905,-79.68390,https://www.oakvilleanimalclinic.com,,(905) 845-1551,info@oakvilleanimalclinic.com,https://www.instagram.com/oakvilleanimalclinic/,https://www.facebook.com/OakvilleAnimalClinic/,https://www.google.com/maps?q=218%20Kerr%20Street%2C%20Oakville%2C%20Ontario%20L6K%203A8,"Trusted Oakville veterinary clinic providing preventive care, diagnostics, and surgery for dogs and cats.","<p id=""""><strong id="""">Oakville Animal Clinic</strong> has served pet families in Oakville for over 40 years. Their experienced veterinarians provide comprehensive medical, dental, and surgical care in a warm and friendly setting. Services include wellness exams, vaccinations, diagnostics, surgery, and client education programs focused on preventive health.</p><p id="""">Located in Kerr Village, the clinic emphasizes compassionate treatment, personalized care, and clear communication with every pet owner.</p><p id=""""><em id="""">Information verified via the clinic’s official website.</em></p>",<p>Mon–Fri: 8:00 AM – 6:00 PM; Sat: 8:00 AM – 1:00 PM; Sun: Closed</p>,,,,100,Visit Website,"Oakville Animal Clinic – Veterinarian in Oakville, Ontario","Visit Oakville Animal Clinic for trusted veterinary care in Kerr Village. Offering wellness exams, diagnostics, and surgery for dogs and cats.",Oakville Animal Clinic | Oakville Veterinarian,"Caring veterinary clinic in Oakville offering comprehensive medical, dental, and surgical care for pets."
Oakville Lakeshore Animal Hospital,oakville-lakeshore-animal-hospital,68f3eb26d7ca3dac6e94b96d,683758b09dd1e3ac2e4e9809,69023f601d99a87513654f69,false,false,Wed Oct 29 2025 16:22:56 GMT+0000 (Coordinated Universal Time),Wed Oct 29 2025 16:23:07 GMT+0000 (Coordinated Universal Time),Fri Oct 31 2025 12:48:19 GMT+0000 (Coordinated Universal Time),veterinarians,on,oakville,"146 Lakeshore Road West, Unit 6B, Oakville, Ontario L6K 1E4",43.44387,-79.68290,https://oakvillelakeshorevet.com,,1 (905) 845-1560,info@oakvillelakeshorevet.com,,,,"Downtown Oakville veterinary clinic providing personalized preventive care, diagnostics, and surgery for dogs and cats.","<div data-rt-embed-type='true'><p><strong>Oakville Lakeshore Animal Hospital</strong> offers comprehensive veterinary care for dogs and cats in the heart of Downtown Oakville. Their services include wellness exams, vaccinations, dentistry, diagnostics, and surgery, all delivered in a friendly and stress-free environment.</p>
<p>Dedicated to compassionate care and community connection, the team focuses on helping pets thrive at every stage of life through modern medicine and preventive education.</p>
<p><em>Information verified via the clinic’s official website.</em></p></div>",<p>Mon – Fri: 8:00 AM – 6:00 PM</p><p>Sat: 8:00 AM – 1:00 PM</p><p>Sun: Closed</p>,,,,,Visit Website,"Oakville Lakeshore Animal Hospital – Veterinarian in Oakville, Ontario","Oakville Lakeshore Animal Hospital provides personalized veterinary care, surgery, and dentistry for dogs and cats in Downtown Oakville.",Oakville Lakeshore Animal Hospital | Downtown Oakville Vet,"Friendly, professional veterinary clinic offering comprehensive care for dogs and cats in Oakville."
Ontario SPCA and Humane Society,ontario-spca-and-humane-society,68f3eb26d7ca3dac6e94b96d,683758b09dd1e3ac2e4e9809,68fbe0e37336665e50fad7cf,false,false,Fri Oct 24 2025 20:26:11 GMT+0000 (Coordinated Universal Time),Fri Oct 24 2025 22:29:24 GMT+0000 (Coordinated Universal Time),Fri Oct 24 2025 22:37:27 GMT+0000 (Coordinated Universal Time),animal-shelters-and-rescues,on,stouffville,"16586 Woodbine Avenue, Stouffville, Ontario L4A 2W3",44.0028,-79.2948,https://ontariospca.ca,,(905) 898-7122,info@ospca.on.ca,,,,"A province-wide animal welfare organization offering adoption, rescue, and humane education services across Ontario.","<p>The Ontario SPCA and Humane Society is a leading provincial organization dedicated to animal protection, rescue, and education. Based in Stouffville, the Society partners with local communities to provide sheltering, adoption, and veterinary services to animals in need. Their outreach includes humane education, advocacy for stronger animal welfare laws, and mobile spay/neuter clinics that support underserved areas. The Ontario SPCA’s mission focuses on compassion, respect, and improving the lives of animals and people alike. (Information verified via Ontario SPCA official website.)</p>",<p>Monday–Friday 8:30 AM – 5 PM (closed weekends)</p>,,https://cdn.prod.website-files.com/683758b09dd1e3ac2e4e980a/68fbe410d38f4c56fcdac769_volunteer-comforting-rescue-dog-at-ontario-spca-shelter.jpg,,0,Visit Website,Ontario SPCA and Humane Society – Dog Adoption & Rescue in Stouffville,"Discover adoptable dogs and animal care programs at the Ontario SPCA and Humane Society, supporting animal welfare and adoption across Ontario.",,
Redemption Paws,redemption-paws,68f3eb26d7ca3dac6e94b96d,683758b09dd1e3ac2e4e9809,68fbfdae961ecd8eab15377d,false,false,Fri Oct 24 2025 22:29:02 GMT+0000 (Coordinated Universal Time),Fri Oct 24 2025 22:29:05 GMT+0000 (Coordinated Universal Time),Fri Oct 24 2025 22:37:27 GMT+0000 (Coordinated Universal Time),animal-shelters-and-rescues,on,toronto,"175 Longboat Avenue, Toronto, Ontario M5A 4C9",43.6486,-79.3609,https://redemptionpaws.org,,Not publicly listed,info@redemptionpaws.org,,,,A foster-based dog rescue helping displaced and at-risk dogs find loving homes across Ontario.,"<p>Redemption Paws is a Toronto-based, foster-driven rescue organization dedicated to helping dogs displaced by disaster, neglect, or hardship. Focused on compassion and ethical rescue practices, the team provides veterinary care, rehabilitation, and adoption coordination through a strong network of foster homes. By partnering with local communities and emergency networks, Redemption Paws ensures that every rescued dog receives the care and stability they need to start a new life. (Information verified via Redemption Paws official website.)</p>",<p>See website for hours.</p>,,https://cdn.prod.website-files.com/683758b09dd1e3ac2e4e980a/68fbfda9bae5a1ec0526f853_foster-volunteer-cuddling-rescue-dog-in-toronto-home.jpg,,0,Visit Website,Redemption Paws – Dog Rescue & Adoption in Toronto,"Discover adoptable dogs through Redemption Paws, a Toronto-based foster network helping rescued dogs find safe and loving homes across Ontario.",,
Richview Animal Hospital,richview-animal-hospital,68f3eb26d7ca3dac6e94b96d,683758b09dd1e3ac2e4e9809,6928b8ecb7c82dbc9f0af555,false,false,Thu Nov 27 2025 20:47:40 GMT+0000 (Coordinated Universal Time),Thu Nov 27 2025 20:47:40 GMT+0000 (Coordinated Universal Time),Thu Dec 04 2025 18:20:50 GMT+0000 (Coordinated Universal Time),veterinarians,on,etobicoke,"250 Wincott Drive, Etobicoke, Ontario M9R 2R5",,,https://www.richviewanimalhospital.ca/,,(416) 245-8805,reception@richviewanimalhospital.ca,,,https://www.google.com/maps?q=250%20Wincott%20Drive%2C%20Etobicoke%2C%20Ontario%20M9R%202R5,"Veterinary hospital offering preventive, medical, and surgical care.","<p id=""""><strong id="""">Richview Animal Hospital</strong> provides wellness care, dentistry, diagnostics, and surgery for dogs and cats in Etobicoke. (Information verified via Richview Animal Hospital official website.)</p>","<p id="""">See website for hours.</p>",,,,100,Visit Website,Richview Animal Hospital – Veterinarian in Etobicoke,Richview Animal Hospital provides preventive and medical veterinary services for pets in Etobicoke.,Richview Animal Hospital | Etobicoke Vet Clinic,"Discover Richview Animal Hospital, offering full veterinary care for cats and dogs."
River Grove Animal Hospital,river-grove-animal-hospital-mississauga,68f3eb26d7ca3dac6e94b96d,683758b09dd1e3ac2e4e9809,6928af07ed52ff408b1c34d1,false,false,Thu Nov 27 2025 20:05:27 GMT+0000 (Coordinated Universal Time),Thu Nov 27 2025 20:32:45 GMT+0000 (Coordinated Universal Time),Thu Dec 04 2025 18:20:50 GMT+0000 (Coordinated Universal Time),veterinarians,on,mississauga,"1201 Britannia Road West, Unit 15, Mississauga, Ontario L5V 1N2",,,https://rivergroveanimalhospital.net/,,(905) 567-4677,,,,https://www.google.com/maps?q=1201%20Britannia%20Road%20West%2C%20Unit%2015%2C%20Mississauga%2C%20Ontario%20L5V%201N2,"Neighbourhood veterinary hospital in north Mississauga providing preventive, medical, and surgical care.","<p id=""""><strong id="""">River Grove Animal Hospital</strong> serves pets and families in north Mississauga with a focus on preventive care, diagnostics, and treatment. The hospital offers wellness exams, vaccinations, dentistry, surgery, and medical workups designed to support long-term pet health and comfort.</p><p id="""">(Information verified via River Grove Animal Hospital official website.)</p>","<p id="""">See website for hours.</p>",,,,100,Visit Website,River Grove Animal Hospital – Veterinarian in North Mississauga,"River Grove Animal Hospital provides wellness care, diagnostics, surgery, and dentistry for pets in the River Grove and north Mississauga area.",River Grove Animal Hospital | North Mississauga Vet Clinic,"Discover River Grove Animal Hospital, a veterinary practice offering preventive, medical, and surgical care for pets in north Mississauga."
Robinson Pet Hospital,robinson-pet-hospital-milton,68f3eb26d7ca3dac6e94b96d,683758b09dd1e3ac2e4e9809,6928a7a88e9db4397bca2623,false,false,Thu Nov 27 2025 19:34:00 GMT+0000 (Coordinated Universal Time),Thu Nov 27 2025 19:34:00 GMT+0000 (Coordinated Universal Time),Thu Nov 27 2025 19:35:19 GMT+0000 (Coordinated Universal Time),veterinarians,on,milton,"724 Main Street East, Milton, Ontario L9T 3P6",43.523975,-79.87096,https://robinsonpethospital.ca/,,(905) 876-4636,robinsonpethospital@gmail.com,,,https://www.google.com/maps?q=724%20Main%20Street%20East%20Milton%20Ontario%20L9T%203P6,"Established veterinary hospital on Main Street East providing comprehensive medical, surgical, and preventive care for pets in Milton.","<p id=""""><strong id="""">Robinson Pet Hospital</strong> is a long-standing veterinary clinic on Main Street East in Milton that welcomes dogs and cats for full-service care. The hospital offers wellness and vaccination programs, internal medicine, surgery, dental care, and nutritional counselling, supported by in-house diagnostics. Its team emphasizes respectful, compassionate service and works closely with pet owners to explain treatment options and ongoing home care. Robinson Pet Hospital also provides convenient appointment booking and educational resources to help families stay informed about their pets’ health.</p><p id="""">(Information verified via Robinson Pet Hospital official website.)</p>","<p id="""">See website for hours.</p>",,,,100,Visit Website,Robinson Pet Hospital – Veterinarian in Milton,"Robinson Pet Hospital in Milton, Ontario offers full-service veterinary care, including wellness exams, surgery, dentistry, and medical services for dogs and cats.",Robinson Pet Hospital | Milton Vet Clinic,"Learn about Robinson Pet Hospital, a Main Street East veterinary clinic providing comprehensive medical, surgical, and preventive care for Milton pets."
Royal Ford Veterinary Hospital,royal-ford-veterinary-hospital,68f3eb26d7ca3dac6e94b96d,683758b09dd1e3ac2e4e9809,69023e6cbd7befd14538a428,false,false,Wed Oct 29 2025 16:18:52 GMT+0000 (Coordinated Universal Time),Wed Oct 29 2025 16:19:17 GMT+0000 (Coordinated Universal Time),Fri Oct 31 2025 12:48:19 GMT+0000 (Coordinated Universal Time),veterinarians,on,oakville,"610 Ford Drive, Unit 3, Oakville, Ontario L6J 7V7",43.47079,-79.64844,https://royalfordvet.com,,,info@royalfordvet.com,,,"https://www.google.com/maps?q=610+Ford+Drive,+Unit+3,+Oakville,+Ontario+L6J+7V7","Modern veterinary hospital in Oakville providing compassionate preventive care, diagnostics, and surgery for dogs and cats.","<div data-rt-embed-type='true'><p><strong>Royal Ford Veterinary Hospital</strong> offers a full range of veterinary services, including preventive health exams, vaccinations, dentistry, diagnostics, and surgical care for dogs and cats. The hospital’s team emphasizes gentle handling, transparent communication, and individualized treatment for every pet.</p><p>Located in Southeast Oakville, Royal Ford Veterinary Hospital is known for its modern facilities and caring, community-oriented approach to veterinary medicine.</p><p><em>Information verified via the clinic’s official website.</em></p></div>",<p>Mon – Fri: 8:00 AM – 6:00 PM</p><p>Sat: 8:00 AM – 1:00 PM</p><p>Sun: Closed</p>,,,,,Visit Website,"Royal Ford Veterinary Hospital – Veterinarian in Oakville, Ontario","Royal Ford Veterinary Hospital offers preventive care, surgery, and diagnostics in a modern facility serving Southeast Oakville.",Royal Ford Veterinary Hospital | Oakville Vet,"Modern veterinary care for dogs and cats in Southeast Oakville. Personalized, compassionate, and professional."
Royal York Animal Hospital,royal-york-animal-hospital,68f3eb26d7ca3dac6e94b96d,683758b09dd1e3ac2e4e9809,6928b8ece0efe38577d39a8b,false,false,Thu Nov 27 2025 20:47:40 GMT+0000 (Coordinated Universal Time),Thu Nov 27 2025 20:47:40 GMT+0000 (Coordinated Universal Time),Thu Dec 04 2025 18:20:50 GMT+0000 (Coordinated Universal Time),veterinarians,on,etobicoke,"4222 Dundas Street West, Etobicoke, Ontario M8X 1Y6",,,https://www.royalyorkah.ca/,,(416) 231-9293,info@royalyorkah.ca,,,https://www.google.com/maps?q=4222%20Dundas%20Street%20West%2C%20Etobicoke%2C%20Ontario%20M8X%201Y6,AAHA-accredited veterinary hospital offering full-service pet care.,"<p id=""""><strong id="""">Royal York Animal Hospital</strong> provides comprehensive veterinary care including diagnostics, surgery, dentistry, and wellness services. (Information verified via Royal York Animal Hospital official website.)</p>","<p id="""">See website for hours.</p>",,,,100,Visit Website,Royal York Animal Hospital – Veterinarian in Etobicoke,Royal York Animal Hospital offers accredited veterinary care for cats and dogs in Etobicoke.,Royal York Animal Hospital | Etobicoke Vet Clinic,"Learn about Royal York Animal Hospital, providing AAHA-accredited care for pets."
Second Chance Animal Rescue Society (SCARS),second-chance-animal-rescue-society-scars,68f3eb26d7ca3dac6e94b96d,683758b09dd1e3ac2e4e9809,68fbff7a5861a44005dbc2a0,false,false,Fri Oct 24 2025 22:36:42 GMT+0000 (Coordinated Universal Time),Fri Oct 24 2025 22:39:59 GMT+0000 (Coordinated Universal Time),Sat Oct 25 2025 02:43:28 GMT+0000 (Coordinated Universal Time),animal-shelters-and-rescues,ab,edmonton,"8807 101 Street NW, Edmonton, Alberta T6E 3A8",53.5185,-113.4877,https://www.scarscare.ca,,1 (780) 466-5970,info@scarscare.ca,,,,"A volunteer-based rescue organization helping neglected, homeless, and injured animals across Alberta.","<p>Second Chance Animal Rescue Society (SCARS) is a dedicated volunteer-run organization that rescues, rehabilitates, and rehomes animals in need across northern Alberta. Partnering with rural and Indigenous communities, SCARS focuses on outreach, spay/neuter initiatives, and education to reduce pet overpopulation. Their compassionate foster network provides safe, temporary homes until each animal finds a loving family. SCARS is known for its commitment to giving animals the second chance they deserve. (Information verified via SCARS official website.)</p>",<p>See website for hours.</p>,,https://cdn.prod.website-files.com/683758b09dd1e3ac2e4e980a/68fc003af7a9ab1b2e395e25_volunteer-holding-rescued-puppy-at-alberta-animal-rescue.jpg,,0,Visit Website,"Second Chance Animal Rescue Society (SCARS) – Dog Rescue in Edmonton, Alberta","Adopt or foster a dog through Second Chance Animal Rescue Society (SCARS), helping neglected and homeless pets across northern Alberta find safety and care.",,
Senior Animals In Need Today Society (SAINTS),senior-animals-in-need-today-society-saints,68f3eb26d7ca3dac6e94b96d,683758b09dd1e3ac2e4e9809,68fc3dc7d1d85b6f091d43c3,false,false,Sat Oct 25 2025 03:02:31 GMT+0000 (Coordinated Universal Time),Wed Oct 29 2025 14:22:46 GMT+0000 (Coordinated Universal Time),Wed Oct 29 2025 15:29:59 GMT+0000 (Coordinated Universal Time),animal-shelters-and-rescues,bc,mission,"33860 Dlugosh Avenue, Mission, British Columbia V2V 6B2",49.1532,-122.2876,https://www.saintsrescue.ca,https://info@saintsrescue.ca,1 (604) 826-2440,info@saintsrescue.ca,,,,"Provides sanctuary, medical care, and love to senior and special needs animals in British Columbia.","<p>Senior Animals In Need Today Society (SAINTS) is a Mission-based sanctuary devoted to the lifelong care of senior and special needs animals. Founded on compassion and dignity, SAINTS provides medical treatment, comfort, and a peaceful environment for animals who may not be adoptable due to age or health. The organization relies on volunteers and donations to maintain its farm-like sanctuary where every animal lives out their golden years in comfort and love. (Information verified via SAINTS Rescue official website.)</p>",<p>Monday–Friday 10 AM – 4 PM (visits by appointment)</p>,,https://cdn.prod.website-files.com/683758b09dd1e3ac2e4e980a/68fc3dc086f6b5187f9b8b50_volunteer-comforting-elderly-rescue-dog-at-saints-sanctuary-mission-bc.jpg,,0,Visit Website,"SAINTS Rescue – Senior Animal Sanctuary in Mission, BC","Discover SAINTS Rescue in Mission, BC - a compassionate sanctuary providing lifelong care for senior and special needs animals across British Columbia.",,
South Etobicoke Animal Hospital,south-etobicoke-animal-hospital,68f3eb26d7ca3dac6e94b96d,683758b09dd1e3ac2e4e9809,6928bed7ec26022a0e4b21ad,false,false,Thu Nov 27 2025 21:12:55 GMT+0000 (Coordinated Universal Time),Thu Nov 27 2025 21:12:55 GMT+0000 (Coordinated Universal Time),Thu Dec 04 2025 18:20:50 GMT+0000 (Coordinated Universal Time),veterinarians,on,etobicoke,"741 The Queensway, Etobicoke, Ontario M8Z 1M8",,,https://innovovet.ca/south-etobicoke-animal-hospital/,,(416) 201-9123,info@seah.ca,,,https://www.google.com/maps?q=741%20The%20Queensway%2C%20Etobicoke%2C%20Ontario%20M8Z%201M8,Local animal hospital providing full-service veterinary care in South Etobicoke.,"<p id=""""><strong id="""">South Etobicoke Animal Hospital</strong> offers comprehensive veterinary services including wellness exams, diagnostics, surgery, and preventive care for pets in South Etobicoke. (Information verified via South Etobicoke Animal Hospital official website.)</p>","<p id="""">See website for hours.</p>",,,,100,Visit Website,South Etobicoke Animal Hospital – Veterinarian in Etobicoke,"South Etobicoke Animal Hospital provides wellness, surgical, and preventive veterinary services for pets in Etobicoke.",South Etobicoke Animal Hospital | Etobicoke Vet Clinic,"Learn about South Etobicoke Animal Hospital, offering full-service veterinary care for local pets."
Southdown Animal Clinic,southdown-animal-clinic-mississauga,68f3eb26d7ca3dac6e94b96d,683758b09dd1e3ac2e4e9809,6928ab40f46c1e1c05963a43,false,false,Thu Nov 27 2025 19:49:20 GMT+0000 (Coordinated Universal Time),Thu Nov 27 2025 19:58:39 GMT+0000 (Coordinated Universal Time),Thu Dec 04 2025 18:20:50 GMT+0000 (Coordinated Universal Time),veterinarians,on,mississauga,"2106 Truscott Drive, Mississauga, Ontario L5J 2A6",,,https://www.southdownanimalclinic.com/,,(905) 823-3900,,,,https://www.google.com/maps?q=2106%20Truscott%20Drive%2C%20Mississauga%2C%20Ontario%20L5J%202A6,"Veterinary clinic in south Mississauga providing care for dogs, cats, and pocket pets, including medical, surgical, and dental services.","<p id=""""><strong id="""">Southdown Animal Clinic</strong> is a long-standing veterinary practice in south Mississauga that cares for dogs, cats, rabbits, guinea pigs, ferrets, and other small companion animals. The clinic provides preventive wellness care, diagnostics, surgery, dentistry, and treatment for a wide range of medical conditions. Its team highlights compassionate, thorough care and works with owners to tailor health plans that consider a pet’s species, age, and lifestyle. Located near Southdown Road and Truscott Drive, Southdown Animal Clinic serves families in Clarkson, Lorne Park, and surrounding neighbourhoods.</p><p id="""">(Information verified via Southdown Animal Clinic official website.)</p>","<p id="""">See website for hours.</p>",,,,100,Visit Website,Southdown Animal Clinic – Veterinarian in Mississauga,"Southdown Animal Clinic in Mississauga offers veterinary care for dogs, cats, and pocket pets, including wellness exams, surgery, dentistry, and diagnostics.",Southdown Animal Clinic | Mississauga Vet Clinic,"Learn about Southdown Animal Clinic, a south Mississauga veterinary clinic providing comprehensive medical and preventive care for a variety of companion animals."
Southeast Oakville Vet,southeast-oakville-vet,68f3eb26d7ca3dac6e94b96d,683758b09dd1e3ac2e4e9809,69023c8e70ce40c12b171c6e,false,false,Wed Oct 29 2025 16:10:54 GMT+0000 (Coordinated Universal Time),Wed Oct 29 2025 16:20:09 GMT+0000 (Coordinated Universal Time),Fri Oct 31 2025 12:48:19 GMT+0000 (Coordinated Universal Time),veterinarians,on,oakville,"584 Ford Drive, Oakville, Ontario L6J 0A4",43.46649,-79.65733,https://southeastoakvillevet.ca/,,1 (905) 338-6541,info@southeastoakvillevet.ca,https://www.instagram.com/southeastoakvillevet/,https://www.facebook.com/southeastoakvillevet/,"https://www.google.com/maps?q=584+Ford+Drive,+Oakville,+Ontario+L6J+0A4","Boutique veterinary clinic in Southeast Oakville providing personalized wellness, diagnostic, and surgical care for dogs and cats.","<div data-rt-embed-type='true'><p><strong>Southeast Oakville Vet</strong> offers a modern, boutique-style veterinary experience for dogs and cats. The clinic provides comprehensive medical care, including preventive wellness exams, diagnostics, dentistry, and surgery, all tailored to the unique needs of each pet.</p><p>Their compassionate team emphasizes client education, comfort, and a stress-free environment for pets and their owners alike.</p><p><em>Information verified via the clinic’s official website.</em></p></div>","<p id="""">Mon – Fri: 8:00 AM – 6:00 PM<br>Sat: 8:00 AM – 12:00 PM<br>Sun: Closed</p>",,,,,Visit Website,"Southeast Oakville Vet – Veterinarian in Oakville, Ontario","Southeast Oakville Vet offers personalized veterinary care, diagnostics, and surgery for dogs and cats in a welcoming, modern clinic.",Southeast Oakville Vet | Oakville Veterinary Clinic,"Boutique veterinary clinic providing compassionate care for dogs and cats in Oakville. Image Alt (Featured): Veterinarian caring for a small dog in a bright, modern clinic at Southeast Oakville Vet."
Streetsville Animal Hospital,streetsville-animal-hospital-mississauga,68f3eb26d7ca3dac6e94b96d,683758b09dd1e3ac2e4e9809,6928ab40516e8b512d49ac51,false,false,Thu Nov 27 2025 19:49:20 GMT+0000 (Coordinated Universal Time),Thu Nov 27 2025 19:58:39 GMT+0000 (Coordinated Universal Time),Thu Dec 04 2025 18:20:50 GMT+0000 (Coordinated Universal Time),veterinarians,on,mississauga,"154 Queen Street South, Unit 122, Mississauga, Ontario L5M 2P4",,,https://www.streetsvilleah.com/,,(905) 567-0351,,,,https://www.google.com/maps?q=154%20Queen%20Street%20South%2C%20Unit%20122%2C%20Mississauga%2C%20Ontario%20L5M%202P4,"Long-established companion animal hospital in Streetsville providing preventive, medical, and surgical care for pets.","<p id=""""><strong id="""">Streetsville Animal Hospital</strong> is an independently owned veterinary clinic that has been serving pets and families in Streetsville and surrounding Mississauga communities for decades. The hospital offers preventive health care, medical and surgical services, dental care, diagnostics, and nutritional counselling for dogs and cats. Its veterinary team emphasizes continuity of care, aiming to build long-term relationships with clients and to follow pets through every life stage. Conveniently located on Queen Street South, Streetsville Animal Hospital is a neighbourhood option for pet owners seeking a community-focused practice.</p><p id="""">(Information verified via Streetsville Animal Hospital official website.)</p>","<p id="""">See website for hours.</p>",,,,100,Visit Website,Streetsville Animal Hospital – Veterinarian in Mississauga,"Streetsville Animal Hospital in Mississauga provides preventive care, medical treatment, surgery, and dental services for dogs and cats in the Streetsville area.",Streetsville Animal Hospital | Mississauga Vet Clinic,"Learn about Streetsville Animal Hospital, a long-established neighbourhood veterinary clinic offering full-service care for pets in Streetsville and west Mississauga."
Tansley Woods Veterinary Hospital,tansley-woods-veterinary-hospital,68f3eb26d7ca3dac6e94b96d,683758b09dd1e3ac2e4e9809,68fcc378e3aaf663f350edbc,false,false,Sat Oct 25 2025 12:32:56 GMT+0000 (Coordinated Universal Time),Wed Oct 29 2025 14:21:37 GMT+0000 (Coordinated Universal Time),Wed Oct 29 2025 15:29:59 GMT+0000 (Coordinated Universal Time),veterinarians,on,burlington,"2025 William O’Connell Blvd, Burlington, Ontario L7M 4E4",43.384342006956274,-79.80161854556228,https://tansleywoods.ca/,,1 (905) 331-1870,See website,,https://www.facebook.com/TansleyWoodsVeterinaryHospital/,https://www.google.com/maps?q=2025%20William%20O%E2%80%99Connell%20Blvd%2C%20Burlington%2C%20Ontario%20L7M%204E4,"Neighbourhood veterinary clinic offering wellness care, dentistry, diagnostics and surgery.","<p id=""""><strong id="""">Tansley Woods Veterinary Hospital</strong> delivers friendly neighbourhood care including wellness, dentistry, diagnostics and surgery, with convenient weekday and Saturday hours.</p>","<p id="""">Mon–Thu: 8:00 AM – 6:00 PM; Fri: 8:30 AM – 6:00 PM; Sat: 8:30 AM – 12:00 PM; Sun: Closed</p>",,,,100,Visit Website,"Tansley Woods Veterinary Hospital – Veterinarian in Burlington, Ontario","Tansley Woods Veterinary Hospital offers wellness care, dentistry, diagnostics and surgery for pets in Burlington.",Tansley Woods Veterinary Hospital,Compassionate neighborhood vet care for cats and dogs in Burlington.
Toronto Humane Society,toronto-humane-society,68f3eb26d7ca3dac6e94b96d,683758b09dd1e3ac2e4e9809,68f7a09aa2510b5704801da2,false,false,Tue Oct 21 2025 15:02:50 GMT+0000 (Coordinated Universal Time),Fri Oct 24 2025 19:38:22 GMT+0000 (Coordinated Universal Time),Fri Oct 24 2025 19:51:56 GMT+0000 (Coordinated Universal Time),animal-shelters-and-rescues,on,toronto,"11 River Street, Toronto, Ontario M5A 4C2",,,https://www.torontohumanesociety.com,,(416) 392-2273,mailto:adoption@torontohumanesociety.com,,,,A leading Toronto charity helping animals find loving homes and offering veterinary and community services.,"<p id="""">Toronto Humane Society provides caring shelter, adoption services, and community programs that help pets and people across Toronto. From in-shelter care to foster support and education, the organization focuses on humane outcomes and responsible pet guardianship. Visitors can explore adoptable animals online and in person at the River Street location. (Information verified via Toronto Humane Society official website.)</p>",<p>See website for updated hours; adoption applications begin during open hours.</p>,,https://cdn.prod.website-files.com/683758b09dd1e3ac2e4e980a/68f64bddbf5a975a35fedd01_animal-shelter-volunteer-cuddling-rescue-dog-canada.jpg,,,Visit Website,Toronto Humane Society – Dog Adoption & Rescue in Toronto,"Explore dogs for adoption at Toronto Humane Society. A dedicated charity offering compassionate care, rescue, and community programs across the GTA.",,
Toronto Veterinary Clinic,toronto-veterinary-clinic-etobicoke,68f3eb26d7ca3dac6e94b96d,683758b09dd1e3ac2e4e9809,6928bed7e8a28fdb5bfa0437,false,false,Thu Nov 27 2025 21:12:55 GMT+0000 (Coordinated Universal Time),Thu Nov 27 2025 21:12:55 GMT+0000 (Coordinated Universal Time),Thu Dec 04 2025 18:20:50 GMT+0000 (Coordinated Universal Time),veterinarians,on,etobicoke,"2459 Lake Shore Boulevard West, Etobicoke, Ontario M8V 1C5",,,https://torontoveterinaryclinic.com/,,(416) 817-9955,,,,https://www.google.com/maps?q=2459%20Lake%20Shore%20Boulevard%20West%2C%20Etobicoke%2C%20Ontario%20M8V%201C5,"Veterinary clinic offering medical, surgical, and preventive care in Etobicoke.","<p id=""""><strong id="""">Toronto Veterinary Clinic</strong> provides comprehensive veterinary services for dogs and cats, including routine exams, diagnostics, surgery, and wellness care. (Information verified via Toronto Veterinary Clinic official website.)</p>","<p id="""">See website for hours.</p>",,,,100,Visit Website,Toronto Veterinary Clinic – Veterinarian in Etobicoke,"Toronto Veterinary Clinic offers full-service veterinary care including exams, surgery, and preventive health services in Etobicoke.",Toronto Veterinary Clinic | Etobicoke Vet Clinic,"Discover Toronto Veterinary Clinic, providing comprehensive veterinary care for pets in Etobicoke."
Upper Middle Road Animal Hospital,upper-middle-road-animal-hospital-burlington,68f3eb26d7ca3dac6e94b96d,683758b09dd1e3ac2e4e9809,68fcc378d2fb5e16350c06f4,false,false,Sat Oct 25 2025 12:32:56 GMT+0000 (Coordinated Universal Time),Wed Oct 29 2025 14:21:45 GMT+0000 (Coordinated Universal Time),Wed Oct 29 2025 15:29:59 GMT+0000 (Coordinated Universal Time),veterinarians,on,burlington,"1450 Headon Rd, Unit 3, Burlington, Ontario L7M 3Z5",43.37324,-79.80970,https://www.uppermiddlevet.ca/,,(905) 635-2428,reception@uppermiddlevet.ca,,,https://www.google.com/maps?q=1450%20Headon%20Rd%2C%20Unit%203%2C%20Burlington%2C%20Ontario%20L7M%203Z5,Neighbourhood animal hospital offering general practice veterinary care in Burlington.,"<p id=""""><strong id="""">Upper Middle Road Animal Hospital</strong> is a general practice clinic offering wellness care, vaccinations and routine surgery for cats and dogs in Burlington’s Headon Forest area.</p>",<p>Mon–Fri: 12:00 PM – 5:00 PM; Sat: 10:00 AM – 2:00 PM; Sun: Closed</p>,,,,100,Visit Website,"Upper Middle Road Animal Hospital – Veterinarian in Burlington, Ontario","General practice veterinary care in Burlington including wellness exams, vaccines and client support.",Upper Middle Road Animal Hospital | Burlington,Neighbourhood veterinary care for dogs and cats in Burlington.
Upper Oakville Pet Hospital,upper-oakville-pet-hospital,68f3eb26d7ca3dac6e94b96d,683758b09dd1e3ac2e4e9809,69023df9acf4986cfc17b156,false,false,Wed Oct 29 2025 16:16:57 GMT+0000 (Coordinated Universal Time),Wed Oct 29 2025 16:19:38 GMT+0000 (Coordinated Universal Time),Fri Oct 31 2025 12:48:19 GMT+0000 (Coordinated Universal Time),veterinarians,on,oakville,"1011 Upper Middle Road East, Unit A12, Oakville, Ontario L6H 4L2",43.47288,-79.68442,https://www.upperoakvillepethospital.ca/,,1 (905) 338-8387,info@upperoakvillepethospital.ca,,,"https://www.google.com/maps?q=1011+Upper+Middle+Road+East,+Unit+A12,+Oakville,+Ontario+L6H+4L2","Family-focused veterinary hospital in Oakville providing wellness care, diagnostics, and surgery for dogs and cats.","<div data-rt-embed-type='true'><p><strong>Upper Oakville Pet Hospital</strong> provides complete veterinary care for dogs and cats, including routine wellness exams, vaccinations, diagnostics, dentistry, and surgery. The clinic focuses on preventive medicine and clear client education to help pets live long, healthy lives.</p><p>Conveniently located in River Oaks, the hospital combines modern medical technology with a caring, small-practice atmosphere that values lasting client relationships.</p><p><em>Information verified via the clinic’s official website.</em></p></div>",<p>Mon – Fri: 8:00 AM – 6:00 PM</p><p>Sat: 8:00 AM – 12:00 PM</p><p>Sun: Closed</p>,,,,,Visit Website,"Upper Oakville Pet Hospital – Veterinarian in Oakville, Ontario","Upper Oakville Pet Hospital provides veterinary care, diagnostics, and surgery for dogs and cats in Oakville. Compassionate, family-focused care.",Upper Oakville Pet Hospital | Oakville Vet,Comprehensive veterinary care and surgery for pets in Oakville. Personalized service and modern medical facilities.
VCA Canada Burlington Animal Hospital,vca-canada-burlington-animal-hospital,68f3eb26d7ca3dac6e94b96d,683758b09dd1e3ac2e4e9809,68fcc3785e6379c7be9bbea4,false,false,Sat Oct 25 2025 12:32:56 GMT+0000 (Coordinated Universal Time),Wed Oct 29 2025 14:22:16 GMT+0000 (Coordinated Universal Time),Wed Oct 29 2025 15:29:59 GMT+0000 (Coordinated Universal Time),veterinarians,on,burlington,"1231 Guelph Line, Burlington, Ontario L7P 2T1",43.3580768,-79.811209,https://vcacanada.com/burlington,,(905) 335-3515,,,,https://www.google.com/maps?q=1231%20Guelph%20Line%2C%20Burlington%2C%20Ontario%20L7P%202T1,"Full-service veterinary clinic on Guelph Line offering exams, vaccines, diagnostics and surgery.","<p id=""""><strong id="""">VCA Canada Burlington Animal Hospital</strong> provides full‑service veterinary care including preventive medicine, dentistry, diagnostics and surgery, with online booking and client resources.</p>",<p>Mon–Fri: 8:00 AM – 6:00 PM; Sat: 8:00 AM – 3:00 PM; Sun: Closed</p>,,,,100,Visit Website,"VCA Burlington Animal Hospital – Veterinarian in Burlington, Ontario","Full‑service veterinary care on Guelph Line in Burlington, including exams, dentistry, diagnostics and surgery.",VCA Canada Burlington Animal Hospital,Trusted veterinary care for pets in Burlington and surrounding communities.
Westbridge Veterinary Hospital,westbridge-veterinary-hospital-mississauga,68f3eb26d7ca3dac6e94b96d,683758b09dd1e3ac2e4e9809,6928ab405d362afaa2efd84c,false,false,Thu Nov 27 2025 19:49:20 GMT+0000 (Coordinated Universal Time),Thu Nov 27 2025 19:58:39 GMT+0000 (Coordinated Universal Time),Thu Dec 04 2025 18:20:50 GMT+0000 (Coordinated Universal Time),veterinarians,on,mississauga,"4-6956 Financial Drive, Mississauga, Ontario L5N 8J4",,,https://www.westbridgevet.com/,,(905) 285-0002,info@westbridgevet.com,,,https://www.google.com/maps?q=4-6956%20Financial%20Drive%2C%20Mississauga%2C%20Ontario%20L5N%208J4,"Veterinary hospital in north-west Mississauga providing comprehensive medical, surgical, and preventive care for dogs and cats.","<p id=""""><strong id="""">Westbridge Veterinary Hospital</strong> is a full-service veterinary clinic located on Financial Drive, serving dogs and cats in north-west Mississauga. The hospital provides wellness exams, vaccinations, diagnostics, surgery, dentistry, and tailored care for pets with ongoing medical needs. Its team focuses on compassionate, modern veterinary medicine while giving owners practical guidance on nutrition, behaviour, and preventive health. Situated close to major routes near Meadowvale and the business parks along Financial Drive, Westbridge Veterinary Hospital is convenient for local residents and commuters alike.</p><p id="""">(Information verified via Westbridge Veterinary Hospital official website.)</p>","<p id="""">See website for hours.</p>",,,,100,Visit Website,Westbridge Veterinary Hospital – Veterinarian in Mississauga,"Westbridge Veterinary Hospital in Mississauga provides comprehensive veterinary services, including wellness, surgery, diagnostics, and dentistry for dogs and cats.",Westbridge Veterinary Hospital | Mississauga Vet Clinic,"Discover Westbridge Veterinary Hospital, a north-west Mississauga veterinary clinic offering full-service medical and preventive care for local pets."
