Park Name,slug,Collection ID,Locale ID,Item ID,Archived,Draft,Created On,Updated On,Published On,Park Header,Park type,Description,Street Address,latitude,longitude,City,Province,Postal Code,Fenced,Separate Small Dog Area,Surface type,Size,Water source available,Benches,Shaded area,Waste bins,Bag Dispensers,Parking Available,Washrooms nearby,Operating hours,Seasonal Restrictions,Park Website or Source,Google Maps Link,Tags,Notes / Comments,Intro Paragraph,Media,Reviewed On,Meta Title,Meta Description
Centennial Park,centennial-park-mission,683758b0a3f8a696dfc417b0,683758b09dd1e3ac2e4e9809,mission-centennial-park-20260716,false,false,Thu Jul 16 2026 12:00:00 GMT+0000 (Coordinated Universal Time),Thu Jul 16 2026 12:00:00 GMT+0000 (Coordinated Universal Time),Thu Jul 16 2026 12:00:00 GMT+0000 (Coordinated Universal Time),Centennial Park Off-Leash Dog Area,Leash Free,"<p>Centennial Park is Mission's designated off-leash dog destination, located at 11th Avenue and Taulbut Street within a larger community park.</p>",11th Avenue and Taulbut Street,,,Mission,British Columbia,,Yes,Unknown,Unknown,Unknown,Unknown,Yes,Unknown,Yes,Unknown,Yes,Yes,Unknown,Dogs should be leashed outside the designated off-leash area; verify posted signage and current City of Mission guidance before visiting.,https://www.mission.ca/parks-recreation/parks-trails/centennial-park,,"leash-free, fenced, community park, trails",,"<p>The City of Mission lists Centennial Park's off-leash dog area along with parking, paved trails, benches, picnic tables, washrooms, fencing, and waste receptacles. Planned improvements should not be treated as current amenities until completed.</p>",,,,
Adams Park,adams-park-cornwall,683758b0a3f8a696dfc417b0,683758b09dd1e3ac2e4e9809,68705619cce7d0ad22b006fc,false,false,Fri Jul 11 2025 00:08:57 GMT+0000 (Coordinated Universal Time),Fri Jul 11 2025 00:28:21 GMT+0000 (Coordinated Universal Time),Fri Jul 11 2025 12:18:36 GMT+0000 (Coordinated Universal Time),Adams Park | Cornwall Park Guide,Neighbourhood park,"<p>Adams Park is a Cornwall neighbourhood park with a community softball diamond, but it should not be treated as an official off-leash dog park.</p>",Twelfth St E & Sydney St,45.034499,-74.735395,Cornwall,Ontario,K6H 5T8,No,No,"Grass park space, playground area, and softball diamond",Neighbourhood park,Unknown - verify on arrival,Unknown - verify on arrival,Some mature tree cover,Unknown - verify on arrival,No official dog-park dispensers confirmed,Street parking,No city-confirmed washrooms noted,Verify posted park hours on arrival,Check current city notices,https://www.cornwall.ca/en/recreation-community-supports/parks-and-trails/neighbourhood-parks/,https://www.google.com/maps/search/?api=1&query=Twelfth+St+E+and+Sydney+St+Cornwall+ON,"park-guide,cornwall,neighbourhood-park,softball-diamond,adams-park","<p>Primary sources: https://www.cornwall.ca/en/recreation-community-supports/parks-and-trails/neighbourhood-parks/ and https://www.cornwall.ca/en/recreation-community-supports/parks-and-trails/sports-fields-and-baseball-diamonds/. Current city materials list Adams Park at Twelfth St E & Sydney St and identify it as a community softball diamond. Reviewed on August 4, 2026.</p>","<p>Adams Park is a <strong>Cornwall neighbourhood park</strong> at <strong>Twelfth Street East and Sydney Street</strong>, with a local playground setting and a city-listed <strong>community softball diamond</strong>.</p>",,2026-08-04,Adams Park | Cornwall Park Guide | LeashFree.ca,"Source-backed guide to Adams Park in Cornwall, including its Twelfth Street East and Sydney Street location, neighbourhood playground role, and community softball diamond."
Aitken Place Park,aitken-place-park,683758b0a3f8a696dfc417b0,683758b09dd1e3ac2e4e9809,6843493fdfc489a4894ed7dd,false,false,Fri Jun 06 2025 20:02:07 GMT+0000 (Coordinated Universal Time),Fri Jun 13 2025 23:14:52 GMT+0000 (Coordinated Universal Time),Sat Jun 14 2025 00:09:21 GMT+0000 (Coordinated Universal Time),Aitken Place Park (Dogs Allowed Area),Dogs Allowed,"<p>Aitken Place Park is a small riverside park located in Toronto's East Bayfront. While there’s no leash-free zone, the open lawn and quiet pathways make it a calm place for on-leash dog walking near the waterfront.</p>",120 Lower Sherbourne St,43.6451858011547,-79.36242753389298,Toronto,Ontario,M5A 1A4,No,No,Grass and stone path,Approx. 0.8 acres,No,Yes,Partial,Yes,No,Street parking nearby,No,7:00 AM – 9:00 PM,None,,"https://www.google.com/maps/place/Dog+Park/@43.6447922,-79.3628851,19.18z/data=!4m14!1m7!3m6!1s0x89d4cb6528725d9b:0x983e20523f1e8982!2sAitken+Place+Park!8m2!3d43.6449133!4d-79.3624647!16s%2Fg%2F11j2p60p7s!3m5!1s0x89d4cb005b031db5:0x406a27934bd2f307!8m2!3d43.6451493!4d-79.3624073!16s%2Fg%2F11ltq7zrxs!5m1!1e1?entry=ttu&g_ep=EgoyMDI1MDYxMS4wIKXMDSoASAFQAw%3D%3D","on-leash, waterfront, benches, green space",<p>Relaxed park for waterfront strolls.</p>,<p>Aitken Place Park is a cozy riverside green space ideal for peaceful on-leash dog walks near Toronto’s East Bayfront.</p>,,,,
Ajax Waterfront Park,ajax-waterfront-park,683758b0a3f8a696dfc417b0,683758b09dd1e3ac2e4e9809,68700bdd872edf285014e0a5,false,false,Thu Jul 10 2025 18:52:13 GMT+0000 (Coordinated Universal Time),Thu Jul 10 2025 23:41:38 GMT+0000 (Coordinated Universal Time),Fri Jul 11 2025 12:18:36 GMT+0000 (Coordinated Universal Time),Ajax Waterfront Park Leash-Free Dog Park,Leash Free,<p>Scenic trail park along Lake Ontario with leash-free zones and access to open waterfront space.</p>,Lake Driveway E,43.82131072568135,-79.0123116779455,Ajax,Ontario,L1S 2C8,No,No,"grass, gravel, sand",Large,Yes,Yes,Yes,Yes,Yes,Yes,Yes (Seasonal),6 am – 11 pm,Some trail areas leash-only,https://www.ajax.ca/en/play/waterfront.aspx,"https://www.google.com/maps/place/Ajax+Waterfront+Park/@43.8197006,-79.0476739,14z/data=!4m10!1m2!2m1!1sAjax+Dog+Parks!3m6!1s0x89d4e09b288f52fd:0x71c7b8772c96d713!8m2!3d43.8197006!4d-79.012655!15sCg5BamF4IERvZyBQYXJrc1oQIg5hamF4IGRvZyBwYXJrc5IBCWNpdHlfcGFya5oBI0NoWkRTVWhOTUc5blMwVkpRMEZuU1VOU1gweFVTRWhuRUFFqgFRCgkvbS8wYnQ5bHIQASoNIglkb2cgcGFya3MoADIfEAEiGylFVvyIDQXp9ypiRWNM9w4oNlRaSPPS3Vo7lDISEAIiDmFqYXggZG9nIHBhcmtz4AEA-gEFCIUBEDw!16s%2Fg%2F1tfk5f1h!5m1!1e1?entry=ttu&g_ep=EgoyMDI1MDcwNy4wIKXMDSoASAFQAw%3D%3D","leash-free,waterfront,trails",<p>Off-leash areas marked; some trails require leash.</p>,"<p>Ajax Waterfront Park offers scenic lakeside trails and open off-leash zones, perfect for dogs that love nature and water access.</p>",,,,
Albert Park/Radisson Heights Off-Leash Area,albert-park-radisson-heights-off-leash-area,683758b0a3f8a696dfc417b0,683758b09dd1e3ac2e4e9809,683b1760f70902c6a0af1a58,false,false,Sat May 31 2025 14:51:12 GMT+0000 (Coordinated Universal Time),Sat May 31 2025 14:51:12 GMT+0000 (Coordinated Universal Time),Sun Jun 01 2025 00:16:54 GMT+0000 (Coordinated Universal Time),Albert Park/Radisson Heights (Off-Leash Area),Leash Free,"<p>Located near the heart of Calgary’s Albert Park/Radisson Heights neighborhood, this off-leash area offers green space for dogs to run freely, surrounded by residential charm and natural beauty.</p>",17 Ave SE & Radcliffe Dr SE,,,Calgary,Alberta,T2A 0T2,No,No,Grass,Unknown,No,No,,Yes,,Street Parking,No,5:00 AM to 11:00 PM,,https://www.calgary.ca/parks/off-leash-locations.html,https://www.google.com/maps/place/Albert+Park+Off+Leash+Area/,"community park, open space, southeast","<p>Easy access from nearby homes, minimal amenities on-site.</p>",<p>The Albert Park/Radisson Heights Off-Leash Area provides a basic yet valuable space for local dogs and their owners to enjoy fresh air and exercise close to home.</p>,,,,
Albion Fairgrounds,albion-fairgrounds-maple-ridge,683758b0a3f8a696dfc417b0,683758b09dd1e3ac2e4e9809,6871b92ffbcaa166b43c6cff,false,false,Sat Jul 12 2025 01:23:59 GMT+0000 (Coordinated Universal Time),Sat Jul 12 2025 01:26:10 GMT+0000 (Coordinated Universal Time),Sat Jul 12 2025 01:27:16 GMT+0000 (Coordinated Universal Time),Albion Fairgrounds Leash-Free Dog Park,Leash Free,"<p>Albion Fairgrounds in Maple Ridge offers a spacious off-leash dog park with grass, shade, and room for dogs to run and socialize.</p>",23448 105 Ave,49.2002,-122.5621,Maple Ridge,British Columbia,V2W 1B8,Yes,Yes,grass,Large,Yes,Yes,Partial,Yes,Yes,Yes,Yes (Seasonal),6 am – 10 pm,None,https://www.mapleridge.ca/1502/Dog-Parks,"https://maps.google.com/?q=Albion+Fairgrounds,+Maple+Ridge,+BC","leash-free,fenced,large,water",,"<p>Albion Fairgrounds is a popular leash-free dog park in Maple Ridge, known for its large space, shade, and separate area for small dogs.</p>",,,,
Alexander Park,alexander-park-victoria,683758b0a3f8a696dfc417b0,683758b09dd1e3ac2e4e9809,6871ad75ccf02a280e2060d6,false,false,Sat Jul 12 2025 00:33:57 GMT+0000 (Coordinated Universal Time),Sat Jul 12 2025 00:35:34 GMT+0000 (Coordinated Universal Time),Sat Jul 12 2025 01:27:16 GMT+0000 (Coordinated Universal Time),Alexander Park | Victoria Leash-Optional Dog Area,Park,<p>Alexander Park is a Fernwood neighbourhood park in Victoria with play equipment and a designated leash-optional dog area that operates during posted daily off-leash time windows.</p>,1325 Bay Street,48.4340805,-123.3436044,Victoria,British Columbia,V8T 2N1,No,No,Grass,Small neighbourhood park,Unknown - verify on arrival,Likely in park areas - verify on arrival,Some mature tree cover,Yes - city says leash-optional parks have trash bins,Yes - city says leash-optional parks have bag dispensers,Street parking,No city-confirmed washrooms noted,Daily 6:00 a.m. to 10:00 a.m. and 4:00 p.m. to 10:00 p.m.,Off-leash use limited to posted leash-optional area only,https://www.victoria.ca/parks-recreation/parks-trails/our-parks/alexander-park,https://www.google.com/maps/search/?api=1&query=1325+Bay+Street+Victoria+BC,"leash-optional,fernwood,victoria,neighbourhood-park","<p>Primary sources: https://www.victoria.ca/parks-recreation/our-parks, https://www.victoria.ca/parks-recreation/parks-trails/our-parks/alexander-park, and https://www.victoria.ca/parks-recreation/our-parks/dogs-parks. Supporting source for current published leash-optional hours: https://www.vacs.ca/leash-optional-parks/city-victoria. Additional city context: https://www.victoria.ca/city-government/news/plant-trees-city. Reviewed on July 30, 2026.</p>","<p>Alexander Park is a small <strong>Fernwood</strong> neighbourhood park in Victoria at <strong>1325 Bay Street</strong>, with <strong>play equipment</strong> and a designated <strong>leash-optional area</strong> for dogs.</p>",,2026-07-30,Alexander Park | Victoria Leash-Optional Dog Area | LeashFree.ca,"Source-backed guide to Alexander Park in Victoria, including the official 1325 Bay Street address, Fernwood location, leash-optional status, play equipment, and current off-leash hours."
Alguire Park,alguire-park-cornwall,683758b0a3f8a696dfc417b0,683758b09dd1e3ac2e4e9809,68705619c04fd3af83ee7653,false,false,Fri Jul 11 2025 00:08:57 GMT+0000 (Coordinated Universal Time),Fri Jul 11 2025 00:26:08 GMT+0000 (Coordinated Universal Time),Fri Jul 11 2025 12:18:36 GMT+0000 (Coordinated Universal Time),Alguire Park Leash Free Dog Park,Dogs Allowed,<p>Alguire Park offers a quiet setting in Cornwall for on-leash dog walks and community enjoyment.</p>,1810 Vincent Massey Dr,45.03653574880095,-74.76511715871564,Cornwall,Ontario,K6H 5R6,No,No,"grass, trees",Small,No,Limited,Yes,Yes,No,Yes,No,6 am – 10 pm,None,https://www.cornwall.ca/en/play-here/parks-and-trails.aspx,"https://www.google.com/maps/place/Alguire+Park/@45.0378701,-74.7908664,13z/data=!4m10!1m2!2m1!1sdog+park+near+Cornwall,+ON!3m6!1s0x4ccc19d51cce1b29:0x46fdfc8c85052e85!8m2!3d45.0343801!4d-74.7641621!15sChpkb2cgcGFyayBuZWFyIENvcm53YWxsLCBPTlobIhlkb2cgcGFyayBuZWFyIGNvcm53YWxsIG9ukgEEcGFya5oBI0NoWkRTVWhOTUc5blMwVkpRMEZuU1VOd01ITm1SVkpCRUFFqgFbCgkvbS8wYnQ5bHIQASoMIghkb2cgcGFyaygAMh8QASIbpLB7CccCaPTxbfX6QzpbXl8eyopliQX39QpOMh0QAiIZZG9nIHBhcmsgbmVhciBjb3Jud2FsbCBvbuABAPoBBAgAEBo!16s%2Fg%2F11c1pby6mc!5m1!1e1?entry=ttu&g_ep=EgoyMDI1MDcwNy4wIKXMDSoASAFQAw%3D%3D","dogs-allowed,grass,shade",<p>Dogs must remain on-leash at all times.</p>,"<p>Alguire Park in Cornwall provides a peaceful, tree-lined setting where leashed dogs can enjoy a relaxing outdoor visit.</p>",,,,
Allan Gardens,allan-gardens,683758b0a3f8a696dfc417b0,683758b09dd1e3ac2e4e9809,684346408fd9bc270082e23d,false,false,Fri Jun 06 2025 19:49:20 GMT+0000 (Coordinated Universal Time),Fri Jun 06 2025 19:51:16 GMT+0000 (Coordinated Universal Time),Sat Jun 14 2025 00:09:21 GMT+0000 (Coordinated Universal Time),Allan Gardens (Dogs Allowed Area),Dogs Allowed,"<p>Allan Gardens is a historic downtown park and conservatory that permits dogs on-leash throughout its extensive grounds. While there’s no designated leash-free zone, the park is dog-friendly and includes shaded paths and open grass areas ideal for calm strolls with pets.</p>",160 Gerrard Street East,43.661812650454095,-79.37472212455705,Toronto,Ontario,M5A 2E5,No,No,Grass and paved paths,Approx. 5 acres,No,Yes,Yes,Yes,No,Street parking,Yes,Open daily,None,https://www.toronto.ca/explore-enjoy/parks-recreation/places-spaces/parks-and-recreation-facilities/location/?id=41,"https://www.google.com/maps/place/Allan+Gardens/@43.6619621,-79.3760364,18z/data=!4m6!3m5!1s0x89d4cb4be1e72fab:0xe157d9eca042dd27!8m2!3d43.6617429!4d-79.3747382!16zL20vMDdsdDFj?entry=ttu&g_ep=EgoyMDI1MDYwMy4wIKXMDSoASAFQAw%3D%3D","on-leash, historic, downtown, shaded","<p>Great option for dog walks in central Toronto, but not a leash-free space.</p>","<p>Allan Gardens offers dog owners a scenic, shaded spot for on-leash walks through its downtown botanical park setting.</p>",,,,
Andy Livingstone,andy-livingstone-dog-park,683758b0a3f8a696dfc417b0,683758b09dd1e3ac2e4e9809,6838bee668b0ef7f9732be0e,false,false,Thu May 29 2025 20:09:10 GMT+0000 (Coordinated Universal Time),Thu May 29 2025 23:37:10 GMT+0000 (Coordinated Universal Time),Thu May 29 2025 23:38:18 GMT+0000 (Coordinated Universal Time),Andy Livingstone (off-leash dog park),Leash Free,"<p>Andy Livingstone stands out as one of Vancouver's designated off-leash parks in BC. Covering 1125 square meters, it has a grass base that supports active dog activities. Visitors can enjoy 6 AM to 10 PM access, and the park includes comfortable benches, offers shady spots, and has accessible washrooms nearby. Does not include water access, so bring your furry friend for a refreshing outdoor experience.</p>","89 Carrall St, Vancouver",,,Vancouver,BC,,Yes,,Grass,,No,Yes,Yes,No,,,Yes,6 AM to 10 PM,,,,,,"<p>Andy Livingstone is a well-loved off-leash dog park in Vancouver. This park features a grass surface and an open space for dogs to roam freely. It provides no water access, minimal shade, and limited seating, making it a great destination for local dog owners to relax and let their pets socialize.</p>",https://cdn.prod.website-files.com/683758b09dd1e3ac2e4e980a/6838bf8248d43e4eb440ee42_golden-retriever-in-forest-edge-dog-park.png,,,
Andy Livingstone,balaclava-dog-park,683758b0a3f8a696dfc417b0,683758b09dd1e3ac2e4e9809,6838bee6e03210dd8f955200,false,false,Thu May 29 2025 20:09:10 GMT+0000 (Coordinated Universal Time),Thu May 29 2025 23:37:10 GMT+0000 (Coordinated Universal Time),Thu May 29 2025 23:38:18 GMT+0000 (Coordinated Universal Time),Andy Livingstone (off-leash dog park),Leash Free,"<p>Balaclava Park is a fantastic leash-free zone for dogs located in Vancouver, BC. Covering 7738 square meters, it has a grass base that supports active dog activities. Dog owners will appreciate the park’s 7AM to 10AM &amp; 5PM to 10PM access and how it includes comfortable benches, offers shady spots, and has accessible washrooms nearby. Does not include water access. It’s a great space to let your pup roam and meet other dogs.</p>",4594 Balaclava Street Vancouve,,,Vancouver,BC,,No,,Grass,,No,Yes,Yes,No,,,Yes,7AM to 10AM & 5PM to 10PM,,,,,,"<p>Balaclava Park is a well-loved off-leash dog park in Vancouver. This park features a grass surface and an open space for dogs to roam freely. It provides no water access, minimal shade, and limited seating, making it a great destination for local dog owners to relax and let their pets socialize.</p>",https://cdn.prod.website-files.com/683758b09dd1e3ac2e4e980a/6838bf6da378932f0d55bef8_border-collie-in-open-grassy-dog-park.png,,,
Antigonish Dog Park,antigonish-dog-park,683758b0a3f8a696dfc417b0,683758b09dd1e3ac2e4e9809,68b8a1f45865382ed6374a31,false,false,Wed Sep 03 2025 20:15:48 GMT+0000 (Coordinated Universal Time),Wed Sep 03 2025 20:16:27 GMT+0000 (Coordinated Universal Time),Sat Sep 06 2025 19:21:07 GMT+0000 (Coordinated Universal Time),Antigonish Dog Park Leash-Free Dog Park,Leash Free,"<p>Fully fenced community dog park in Antigonish with benches, garbage cans, and open grassy areas for dogs to run and play safely.</p>","Club 60 Grounds, Antigonish",45.62,-61.993,Antigonish,NS,,Yes,No,"grass, dirt",Medium,Unknown,Yes,Partial,Yes,Not specified,Yes,Unknown,Dawn - Dusk,,https://www.bringfido.com/attraction/16294/,https://www.google.com/maps?q=Antigonish+Dog+Park+NS,"leash-free, fenced, community","<p>Located behind the Club 60 building. Includes multiple exits, garbage cans, and benches.</p>","<p>Antigonish Dog Park is a fenced leash-free dog park in Antigonish, offering grassy play areas and benches for the community. It’s a safe and convenient spot for dogs to socialize and exercise.</p>",,,,
Apollo Crater Park,apollo-crater-park,683758b0a3f8a696dfc417b0,683758b09dd1e3ac2e4e9809,6859f1a1272bb640b1aebd8d,false,false,Tue Jun 24 2025 00:30:25 GMT+0000 (Coordinated Universal Time),Tue Jun 24 2025 00:30:25 GMT+0000 (Coordinated Universal Time),Tue Jun 24 2025 21:21:34 GMT+0000 (Coordinated Universal Time),Apollo Crater Park | Off-Leash Dog Park in Ottawa,Leash Free,"<p>Apollo Crater Park is an off-leash Ottawa park in Orléans, with current open-data-backed listings placing it at 600 Apollo Way in Cumberland.</p>",600 Apollo Way,45.323,-75.6585,Ottawa,Ontario,,No,No,Grass,"37,190 m²",No,Unknown - verify on arrival,Limited,Unknown - verify on arrival,Unknown - verify on arrival,Unknown - verify on arrival,Unknown,5 am to 11 pm unless otherwise posted,Check posted signage and City of Ottawa updates,https://ottawa.ca/en/recreation-and-parks/parks-and-green-space/dog-parks/dogs-parks,https://www.google.com/maps/search/?api=1&query=Apollo+Crater+Park+600+Apollo+Way+Ottawa+ON,"off-leash, unfenced, ottawa, orleans","<p>Official Ottawa rule sources used for this refresh: https://ottawa.ca/en/recreation-and-parks/parks-and-green-space/dog-parks/dogs-parks and https://ottawa.ca/en/recreation-and-parks/facilities-and-rentals/parks-and-green-space. Current park-specific designation and location details were cross-checked against open-data-backed listings that state their facility data comes from the City of Ottawa Open Data portal. Because the city&apos;s interactive map was not directly readable in this environment, park-specific amenity claims were kept conservative.</p>","<p>Apollo Crater Park is an off-leash Ottawa park in Orléans, with current open-data-backed listings placing it at 600 Apollo Way in Cumberland and Ottawa&apos;s citywide dog-park rules applying on site.</p>",,2026-07-29,Apollo Crater Park | Off-Leash Dog Park in Ottawa | LeashFree.ca,"Source-backed guide to Apollo Crater Park in Ottawa, including the current 600 Apollo Way location, off-leash designation context, Ottawa park hours, and practical visit notes based on official rules and open-data-backed listings."
Ardmore Park Service Dog Park,ardmore-park-service-dog-park,683758b0a3f8a696dfc417b0,683758b09dd1e3ac2e4e9809,68b8555273a1a50e342338d1,false,false,Wed Sep 03 2025 14:48:50 GMT+0000 (Coordinated Universal Time),Wed Sep 03 2025 19:49:10 GMT+0000 (Coordinated Universal Time),Sat Sep 06 2025 19:21:07 GMT+0000 (Coordinated Universal Time),Ardmore Park Service Dog Park Leash-Free Dog Park,Leash Free,<p>Small community off-leash park with fenced area offering a safe place for local dogs to play and socialize.</p>,6424 Almon Street,44.658897,-63.613091,Halifax,NS,,Yes,No,"grass, gravel",Small,No,Yes,Partial,Yes,No,Limited,Unknown,5:00 a.m. - 10:00 p.m.,,https://www.halifax.ca/parks-recreation/parks-trails-gardens/parks-outdoor-spaces/leash-dog-parks,https://www.google.com/maps?q=6424+Almon+Street+Halifax,"leash-free, fenced, community",<p>Compact fenced park mainly serving local residents; limited amenities beyond basic fencing and bins.</p>,"<p>Ardmore Park Service Dog Park is a neighborhood leash-free dog park in Halifax, offering a safe fenced space for dogs to play and socialize close to home.</p>",,,,
Auburn Bay Off-Leash Area,auburn-bay-off-leash-area,683758b0a3f8a696dfc417b0,683758b09dd1e3ac2e4e9809,683b175f74b03fc93bfd5438,false,false,Sat May 31 2025 14:51:11 GMT+0000 (Coordinated Universal Time),Sat May 31 2025 14:51:11 GMT+0000 (Coordinated Universal Time),Sun Jun 01 2025 00:16:54 GMT+0000 (Coordinated Universal Time),Auburn Bay Dog Park (Community Off-Leash Greenspace),Leash Free,"<p>Located on the southeast edge of Calgary, Auburn Bay Off-Leash Area provides a large green field for dogs to play, bordered by residential neighborhoods and walking trails.</p>",52 Ave SE & Auburn Bay Blvd SE,,,Calgary,Alberta,T3M 0K5,No,No,Grass,Unknown,No,Yes,,Yes,,Street Parking,No,5:00 AM to 11:00 PM,,https://www.calgary.ca/parks/off-leash-locations.html,https://www.google.com/maps/place/Auburn+Bay+Dog+Park/,"open space, suburban, southeast Calgary","<p>No water or shade, so consider visiting during cooler times.</p>",<p>Auburn Bay Dog Park is a spacious grassy field perfect for suburban dog owners looking for off-leash fun within their community.</p>,,,,
Audley Recreation Centre Off-Leash Area,audley-recreation-centre,683758b0a3f8a696dfc417b0,683758b09dd1e3ac2e4e9809,68700bdc75af7ebcbb9ce230,false,false,Thu Jul 10 2025 18:52:12 GMT+0000 (Coordinated Universal Time),Thu Jul 10 2025 23:35:47 GMT+0000 (Coordinated Universal Time),Fri Jul 11 2025 12:18:36 GMT+0000 (Coordinated Universal Time),Audley Recreation Centre Off-Leash Area Leash-Free Dog Park,Leash Free,<p>Fenced dog park in Ajax located near the Audley Recreation Centre with open space for dogs to roam.</p>,1955 Audley Rd N,43.90140967288145,-79.0093193006926,Ajax,Ontario,L1Z 0L2,Yes,No,grass,Medium,No,Yes,Limited,Yes,Yes,Yes,Yes (Community Centre),Dawn to Dusk,None,https://www.ajax.ca/en/play/recreation-centres.aspx,"https://www.google.com/maps/place/Audley+Off-Leash+Dog+Park/@43.8999254,-79.0443382,14z/data=!4m10!1m2!2m1!1sAjax+Dog+Parks!3m6!1s0x89d51f8349631383:0x9068a753452da596!8m2!3d43.8999254!4d-79.0093193!15sCg5BamF4IERvZyBQYXJrc1oQIg5hamF4IGRvZyBwYXJrc5IBCGRvZ19wYXJrmgEjQ2haRFNVaE5NRzluUzBWSlEwRm5TVVJhTVdScU9FdFJFQUWqAVEKCS9tLzBidDlschABKg0iCWRvZyBwYXJrcygAMh8QASIbKUVW_IgNBen3KmJFY0z3Dig2VFpI89LdWjuUMhIQAiIOYWpheCBkb2cgcGFya3PgAQD6AQUIxwIQSw!16s%2Fg%2F11nt2xty3d!5m1!1e1?entry=ttu&g_ep=EgoyMDI1MDcwNy4wIKXMDSoASAFQAw%3D%3D","leash-free,fenced,grass,community-centre",,"<p>Audley Recreation Centre Off-Leash Area is a community dog park in Ajax offering a grassy, fenced-in space for local pups to play safely.</p>",,,,
Avalon Dog Park,avalon-dog-park,683758b0a3f8a696dfc417b0,683758b09dd1e3ac2e4e9809,6871ca37ce61908dfb0e606d,false,false,Sat Jul 12 2025 02:36:39 GMT+0000 (Coordinated Universal Time),Sat Jul 12 2025 02:38:51 GMT+0000 (Coordinated Universal Time),Sat Jul 12 2025 03:27:49 GMT+0000 (Coordinated Universal Time),Avalon Dog Park Leash-Free Dog Park,Leash Free,<p>Avalon Dog Park is a popular fenced dog park in Saskatoon where dogs of all sizes can enjoy exercise and play in a secure setting.</p>,2615 Broadway Ave,52.0903,-106.6405,Saskatoon,Saskatchewan,S7J 0Z5,Yes,No,grass,Medium,No,Yes,Minimal,Yes,Yes,Street Parking,No,5 am – 11 pm,None,https://www.saskatoon.ca/parks-recreation-attractions/parks/dog-parks,"https://maps.google.com/?q=2615+Broadway+Ave,+Saskatoon,+SK","leash-free,fenced,urban",,"<p>Avalon Dog Park in Saskatoon is a secure fenced area for dogs to play, run, and meet other pups in a friendly neighbourhood setting.</p>",,,,
Awenda Pet Beach Area,awenda-pet-beach-area,683758b0a3f8a696dfc417b0,683758b09dd1e3ac2e4e9809,68705e93688eeb2268696fb9,false,false,Fri Jul 11 2025 00:45:07 GMT+0000 (Coordinated Universal Time),Fri Jul 11 2025 00:45:53 GMT+0000 (Coordinated Universal Time),Fri Jul 11 2025 12:18:36 GMT+0000 (Coordinated Universal Time),Awenda Pet Beach Area Leash-Free Dog Park,Leash Free,"<p>Awenda Provincial Park offers a designated pet beach where dogs can swim and play off-leash in a serene, natural setting.</p>",670 Concession Rd 16 W,44.85215056371119,-80.01467189444537,Tiny,Ontario,L9M 0B8,No,No,"sand, water, forest trail",Large,Yes,No,Yes,Yes,No,Yes,Yes (Seasonal),8 am – 10 pm,Park access may vary by season,https://www.ontarioparks.com/park/awenda,"https://www.google.com/maps/place/Awenda+Pet+Beach+Area/@44.8369174,-80.0671093,13.5z/data=!4m14!1m7!3m6!1s0x4d2b20110551a569:0xa0870447d1ac5690!2sAwenda+Pet+Beach+Area!8m2!3d44.8498792!4d-80.0152265!16s%2Fg%2F11c1n64dsd!3m5!1s0x4d2b20110551a569:0xa0870447d1ac5690!8m2!3d44.8498792!4d-80.0152265!16s%2Fg%2F11c1n64dsd!5m1!1e1?entry=ttu&g_ep=EgoyMDI1MDcwNy4wIKXMDSoASAFQAw%3D%3D","leash-free,dog-beach,provincial-park,nature",<p>Dogs must be leashed in all other park areas. Pet beach is marked and off-leash use is permitted there.</p>,"<p>Awenda Pet Beach Area is a scenic off-leash beach in Awenda Provincial Park where dogs can swim, play, and explore the shoreline freely.</p>",,,,
Baffin Dog Park,baffin-dog-park,683758b0a3f8a696dfc417b0,683758b09dd1e3ac2e4e9809,6871c5d2a53eee8a34b8393a,false,false,Sat Jul 12 2025 02:17:54 GMT+0000 (Coordinated Universal Time),Sat Jul 12 2025 02:18:15 GMT+0000 (Coordinated Universal Time),Sat Jul 12 2025 03:27:49 GMT+0000 (Coordinated Universal Time),Baffin Dog Park Leash-Free Dog Park,Leash Free,"<p>Baffin Dog Park in Thompson offers a fully enclosed dog area with benches and waste stations for a clean, pet-friendly experience.</p>",Baffin Cres,55.7434,-97.8578,Thompson,Manitoba,R8N 1B8,Yes,No,grass,Medium,No,Yes,Minimal,Yes,Yes,Yes,No,7 am – 11 pm,None,https://www.bringfido.com/attraction/47240,"https://maps.google.com/?q=Baffin+Dog+Park,+Thompson,+MB","leash-free,fenced",,"<p>Baffin Dog Park in Thompson, MB, is a secure fenced area where dogs can exercise off-leash in a safe and open space.</p>",,,,
Bakerview Park,bakerview-park-surrey,683758b0a3f8a696dfc417b0,683758b09dd1e3ac2e4e9809,6871a788016248a31a3190f7,false,false,Sat Jul 12 2025 00:08:40 GMT+0000 (Coordinated Universal Time),Sat Jul 12 2025 00:12:10 GMT+0000 (Coordinated Universal Time),Sat Jul 12 2025 01:27:16 GMT+0000 (Coordinated Universal Time),Bakerview Park Leash-Free Area,Leash Free,"<p>Bakerview Park in Surrey features open grassy fields, play areas, and an informal leash-free zone for dogs.</p>",1845 154 St,49.03804392682226,-122.79812370996017,Surrey,British Columbia,V4A 5J8,No,No,grass,Medium,No,Yes,Partial,Yes,No,Yes,Yes,6 am – 10 pm,None,https://www.surrey.ca/parks-recreation/parks/bakerview-park,"https://www.google.com/maps/place/Bakerview+Park/@49.0643699,-122.8770879,13z/data=!4m10!1m2!2m1!1sdog+park+in+White+Rock,+BC!3m6!1s0x5485c49d2b5b9d05:0xb3011ca718fc6958!8m2!3d49.0356042!4d-122.7975395!15sChpkb2cgcGFyayBpbiBXaGl0ZSBSb2NrLCBCQ1obIhlkb2cgcGFyayBpbiB3aGl0ZSByb2NrIGJjkgEEcGFya5oBJENoZERTVWhOTUc5blMwVkpRMEZuU1VSSU5HWnVOREZuUlJBQqoBWwoJL20vMGJ0OWxyEAEqDCIIZG9nIHBhcmsoADIfEAEiG6SwdVWrRUe4P7nKpbI1cENcHO--Ltow776cZDIdEAIiGWRvZyBwYXJrIGluIHdoaXRlIHJvY2sgYmPgAQD6AQQIABBD!16s%2Fg%2F12q4wpcmg!5m1!1e1?entry=ttu&g_ep=EgoyMDI1MDcwOC4wIKXMDSoASAFQAw%3D%3D","leash-free,grassy,community",<p>Not a formal off-leash area but used regularly by dog owners.</p>,<p>Bakerview Park in Surrey is a versatile green space frequently used by locals as an informal off-leash dog area.</p>,,,,
Ballantyne Park,ballantyne-park,683758b0a3f8a696dfc417b0,683758b09dd1e3ac2e4e9809,6859f1a2704c608282f939da,false,false,Tue Jun 24 2025 00:30:26 GMT+0000 (Coordinated Universal Time),Tue Jun 24 2025 20:55:35 GMT+0000 (Coordinated Universal Time),Tue Jun 24 2025 21:21:34 GMT+0000 (Coordinated Universal Time),Ballantyne Park Leash-Free Dog Park,Leash Free,<p>Quiet neighborhood park with leash-free access and natural surface</p>,132 Ballantyne Dr,45.41262005083209,-75.68146753791395,Ottawa,Ontario,K1Y1N4,No,No,grass/woodchip,Small,No,Yes,Yes,Yes,Yes,Street parking,No,6 am – 11 pm,None,,"https://www.google.com/maps/place/Ballantyne+Park,+31+Hawthorne+Ave,+Ottawa,+ON+K1S+0A9/@45.4125166,-75.6820476,18.73z/data=!4m6!3m5!1s0x4cce05a364b93bf1:0xc8806b138f85e5d8!8m2!3d45.4125633!4d-75.6814643!16s%2Fm%2F03cpjvk!5m1!1e1?entry=ttu&g_ep=EgoyMDI1MDYxNy4wIKXMDSoASAFQAw%3D%3D","leash-free,urban,quiet",<p>Calm residential leash-free zone near Tunney’s Pasture</p>,<p>Ballantyne Park is a tranquil neighborhood dog park in Ottawa offering leash-free play space for nearby residents.</p>,,,,
Balmoral Park,balmoral-park-chilliwack,683758b0a3f8a696dfc417b0,683758b09dd1e3ac2e4e9809,68710978eccf3fc95b71a42c,false,false,Fri Jul 11 2025 12:54:16 GMT+0000 (Coordinated Universal Time),Fri Jul 11 2025 14:06:19 GMT+0000 (Coordinated Universal Time),Fri Jul 11 2025 17:00:43 GMT+0000 (Coordinated Universal Time),Balmoral Park | Chilliwack Neighbourhood Park,Sub neighbourhood park,"<p>Balmoral Park is a small Chilliwack sub-neighbourhood park with open grass and residential green-space character, but it is not listed by the city as an official off-leash dog area.</p>",Verify exact access on arrival,49.1548,-121.9628,Chilliwack,British Columbia,V2R 3G9,No,No,Grass and neighbourhood park surfaces,Small neighbourhood park,No city-confirmed drinking water noted,Unknown - verify on arrival,Some tree cover,Unknown - verify on arrival,No city-confirmed dog dispensers noted,Street parking likely - verify on arrival,No city-confirmed washrooms noted,Verify posted hours on arrival,Check posted city rules and notices,https://www.chilliwack.com/main/page.cfm?id=1754,https://www.google.com/maps/search/?api=1&query=Balmoral+Park+Chilliwack+BC,"neighbourhood-park,dog-friendly-context,chilliwack,balmoral-park","<p>Primary sources: https://www.chilliwack.com/main/page.cfm?id=1754 and https://www.chilliwack.com/main/page.cfm?id=2579. Reviewed on July 30, 2026. This page was corrected because Balmoral Park is not listed by the City of Chilliwack as an official off-leash dog area.</p>","<p>Balmoral Park is a <strong>sub-neighbourhood park</strong> in Chilliwack with open grass and a quiet residential setting, better understood as a local community green space than a dog destination.</p>",,2026-07-30,Balmoral Park | Chilliwack Neighbourhood Park | LeashFree.ca,"Source-backed guide to Balmoral Park in Chilliwack, including current City of Chilliwack park classification and the correction that it is not listed as an official off-leash dog area."
Balmy Beach Park,balmy-beach-park,683758b0a3f8a696dfc417b0,683758b09dd1e3ac2e4e9809,68433e4f12dee7aa29314af3,false,false,Fri Jun 06 2025 19:15:27 GMT+0000 (Coordinated Universal Time),Fri Jun 06 2025 19:19:21 GMT+0000 (Coordinated Universal Time),Sat Jun 14 2025 00:09:21 GMT+0000 (Coordinated Universal Time),Balmy Beach Park (Leash-Free Dog Area),Leash Free,"<p>Balmy Beach Park features a beautiful stretch of shoreline with a designated leash-free area where dogs can run and splash in Lake Ontario. While not fenced, the natural boundaries and wide-open sand and water make it a unique off-leash experience for active pups.</p>",1 Beech Avenue,43.67045044884873,-79.28392689719412,Toronto,Toronto,M4E 3H3,No,No,Sand and water,Approx. 1.5 acres of beach,Yes,Yes,Partial,Yes,Yes,Paid parking nearby,Yes,7:00 AM – 9:00 PM,Leash-free beach access may vary during summer events,https://www.toronto.ca/explore-enjoy/parks-recreation/places-spaces/parks-and-recreation-facilities/location/?id=427,"https://www.google.com/maps/place/Silver+Birch+Off-Leash+Dog+Park/@43.6706018,-79.289066,17z/data=!4m14!1m7!3m6!1s0x89d4ceab7de93251:0xe60b6d1158f06b88!2sBalmy+Beach+Park!8m2!3d43.670598!4d-79.2841951!16s%2Fg%2F11cjk2q0d_!3m5!1s0x89d4cf3ac42b8e91:0x63c7862f93ed64ce!8m2!3d43.6703106!4d-79.2839534!16s%2Fg%2F11h1ygvzbc?entry=ttu&g_ep=EgoyMDI1MDYwMy4wIKXMDSoASAFQAw%3D%3D","beach, leash-free, water play, scenic, boardwalk",<p>Supervised dogs only—no fencing and frequent beach activity.</p>,"<p id="""">Balmy Beach Park is one of Toronto’s rare leash-free waterfront escapes, offering sand, water, and endless space for pups to play and swim along the shoreline.</p>",,,,
Banfield Park,banfield-park-victoria,683758b0a3f8a696dfc417b0,683758b09dd1e3ac2e4e9809,6871ad752755cc62481676ae,false,false,Sat Jul 12 2025 00:33:57 GMT+0000 (Coordinated Universal Time),Sat Jul 12 2025 00:38:01 GMT+0000 (Coordinated Universal Time),Sat Jul 12 2025 01:27:16 GMT+0000 (Coordinated Universal Time),Banfield Park | Victoria Leash-Optional Area,Park,"<p>Banfield Park is a Victoria West waterfront park with a designated leash-optional dog area, but the dock and Victoria West Marine Park remain on-leash only.</p>",521 Craigflower Road,48.4280,-123.3903,Victoria,British Columbia,V9A 6Z5,No,No,"Grass lawn, waterfront path, and shared urban park landscape",Neighbourhood waterfront park,Unknown - verify on arrival,Yes - verify exact placement on arrival,Some mature tree cover,Yes - city says leash-optional areas include a trash bin,Yes - city says leash-optional areas include biodegradable dog bags,Nearby community-centre or street access - verify on arrival,Unknown - verify on arrival,Apr 1-Sep 30: 6am-9am and 5pm-10pm; Oct 1-Mar 31: 6am-10pm,Dock and Victoria West Marine Park are on-leash only,https://www.victoria.ca/parks-recreation/parks-trails/our-parks/banfield-park,https://www.google.com/maps/search/?api=1&query=521+Craigflower+Road+Victoria+BC,"leash-optional,victoria,victoria-west,waterfront,banfield-park","<p>Primary sources: City of Victoria park directory and City of Victoria dogs-in-parks guidance page. Reviewed on August 2, 2026.</p>","<p>Banfield Park is a <strong>Victoria West waterfront park</strong> with a designated <strong>leash-optional area</strong>, but its dog rules are more specific than the older generic page suggested.</p>",,2026-08-02,Banfield Park | Victoria Leash-Optional Area | LeashFree.ca,"Source-backed guide to Banfield Park in Victoria, including its Vic West waterfront setting, seasonal leash-optional hours, and the on-leash restrictions around the dock and marine park."
Barbara Hall Park,barbara-hall-park,683758b0a3f8a696dfc417b0,683758b09dd1e3ac2e4e9809,684343e101dae715f231a7fc,false,false,Fri Jun 06 2025 19:39:13 GMT+0000 (Coordinated Universal Time),Fri Jun 06 2025 19:40:07 GMT+0000 (Coordinated Universal Time),Sat Jun 14 2025 00:09:21 GMT+0000 (Coordinated Universal Time),Barbara Hall Park (Leash-Free Dog Area),Dogs Allowed,"<p id="""">Located in the Church-Wellesley Village, Barbara Hall Park includes a small, fenced dog run perfect for urban pet owners. Though limited in size, it offers waste stations and benches and serves as a valuable green space in the downtown core.</p>",519 Church Street,43.66688125430182,-79.38066351811658,Toronto,Ontario,M4Y 2C9,Yes,No,Gravel,Approx. 0.1 acres,No,Yes,Partial,Yes,Yes,Paid street parking,No,7:00 AM – 9:00 PM,None,,"https://www.google.com/maps/place/Barbara+Hall+Park/@43.6666834,-79.3831955,17z/data=!3m1!4b1!4m6!3m5!1s0x882b34b2ca355fab:0xc784db90313e19b0!8m2!3d43.6666795!4d-79.3806206!16s%2Fg%2F1q641nx85?entry=ttu&g_ep=EgoyMDI1MDYwMy4wIKXMDSoASAFQAw%3D%3D","downtown, fenced, LGBTQ+ neighborhood, benches","<p>Located next to The 519, this park is a local social hub.</p>","<p>Barbara Hall Park’s fenced dog area offers a welcoming green retreat in Toronto’s Church-Wellesley Village, ideal for quick off-leash play.</p>",,,,
Barber Park,barber-park-chilliwack,683758b0a3f8a696dfc417b0,683758b09dd1e3ac2e4e9809,6871083c73816c8426ed87d7,false,false,Fri Jul 11 2025 12:49:00 GMT+0000 (Coordinated Universal Time),Fri Jul 11 2025 14:12:30 GMT+0000 (Coordinated Universal Time),Fri Jul 11 2025 17:00:43 GMT+0000 (Coordinated Universal Time),Barber Park | Chilliwack Dog-Friendly Park,Sub neighbourhood park,"<p>Barber Park is a small Chilliwack neighbourhood park at 45795 Henley Avenue with open grass, playground, and picnic-table amenities, but it is not listed by the city as an official off-leash dog area.</p>",45795 Henley Avenue,49.18994,-121.95318,Chilliwack,British Columbia,V2P 3K2,No,No,Grass and neighbourhood park surfaces,Small neighbourhood park,No city-confirmed drinking water noted,Unknown - verify on arrival,Some tree cover,Unknown - verify on arrival,No city-confirmed dispensers noted,Street parking,No city-confirmed washrooms noted,Verify posted hours on arrival,Check posted city rules and seasonal notices,https://www.chilliwack.com/main/page.cfm?id=1754,https://www.google.com/maps/search/?api=1&query=45795+Henley+Avenue+Chilliwack+BC,"dog-friendly,neighbourhood-park,chilliwack,barber-park","<p>Primary sources: https://www.chilliwack.com/main/page.cfm?id=1754 and https://www.chilliwack.com/main/page.cfm?id=2579. Supporting source: https://www.chilliwack.com/main/page.cfm?id=37&prid=323&prshow=details. Reviewed on July 30, 2026. This page was corrected because Barber Park is not listed by the City of Chilliwack as an official off-leash dog area.</p>","<p>Barber Park is a <strong>sub-neighbourhood park</strong> in Chilliwack at <strong>45795 Henley Avenue</strong>, with open grass, picnic-table access, and playground amenities in a residential setting.</p>",,2026-07-30,Barber Park | Chilliwack Dog-Friendly Park | LeashFree.ca,"Source-backed guide to Barber Park in Chilliwack at 45795 Henley Avenue, including current City of Chilliwack park classification, amenities, and off-leash listing context."
Barkwood Forest,barkwood-forest,683758b0a3f8a696dfc417b0,683758b09dd1e3ac2e4e9809,6859f1a1a6d1ba3d3dfb560d,false,false,Tue Jun 24 2025 00:30:25 GMT+0000 (Coordinated Universal Time),Tue Jun 24 2025 21:07:13 GMT+0000 (Coordinated Universal Time),Tue Jun 24 2025 21:21:34 GMT+0000 (Coordinated Universal Time),Barkwood Forest Leash-Free Dog Park,Leash Free,<p>Private members-only 100-acre fully fenced forest dog park</p>,7635 Fernbank Rd,45.20614374778513,-75.97886862698681,Ottawa,Ontario,K2S1B6,Yes,No,forest trails,100 acres,Yes,Unknown,Yes,Yes,Unknown,Yes,Yes,Dawn to dusk,Membership only,,"https://www.google.com/maps/place/Barkwood+Forest+by+Boogity+Dog+Walking/@45.2060417,-75.978933,17z/data=!3m1!4b1!4m6!3m5!1s0x4cd2072ec7d8247f:0x60de4d8e8384da95!8m2!3d45.2060417!4d-75.978933!16s%2Fg%2F11ny22ym7y!5m1!1e1?entry=ttu&g_ep=EgoyMDI1MDYxNy4wIKXMDSoASAFQAw%3D%3D","leash-free,fenced,private,forest trails,members-only",<p>Large fenced wooded trails with water fountain and double-gated safety</p>,"<p>Barkwood Forest is a private leash-free dog park in Ottawa’s Stittsville area, known for its vast 100-acre forest trails and secure membership-only environment.</p>",,,,
Barnet Marine Park,barnet-marine-park-burnaby,683758b0a3f8a696dfc417b0,683758b09dd1e3ac2e4e9809,6871b7560d9c0d0692f0e705,false,false,Sat Jul 12 2025 01:16:06 GMT+0000 (Coordinated Universal Time),Sat Jul 12 2025 01:20:32 GMT+0000 (Coordinated Universal Time),Sat Jul 12 2025 01:27:16 GMT+0000 (Coordinated Universal Time),Barnet Marine Park Leash-Free Area,Leash Free,"<p>Barnet Marine Park in Burnaby features an off-leash dog area with beach access, scenic views, and trails along Burrard Inlet.</p>",8181 Barnet Rd,49.3009,-122.9493,Burnaby,British Columbia,V5A 3G8,No,No,"sand, gravel",Large,Yes,Yes,Yes,Yes,Yes,Yes,Yes,Dawn to dusk,May vary near water,https://www.burnaby.ca,"https://maps.google.com/?q=Barnet+Marine+Park,+Burnaby,+BC","leash-free,beach,scenic,water",,<p>Barnet Marine Park in Burnaby offers dogs a scenic off-leash area with beach access and trails along the Burrard Inlet shoreline.</p>,,,,
Base Plein-Air de Sainte-Foy Dog Park,base-plein-air-de-sainte-foy-dog-park,683758b0a3f8a696dfc417b0,683758b09dd1e3ac2e4e9809,6873cb13c59498b19fd7d8f6,false,false,Sun Jul 13 2025 15:04:51 GMT+0000 (Coordinated Universal Time),Tue Jul 15 2025 23:50:00 GMT+0000 (Coordinated Universal Time),Wed Jul 16 2025 00:26:21 GMT+0000 (Coordinated Universal Time),Base Plein-Air de Sainte-Foy Dog Park Leash-Free Dog Park,Leash Free,<p>This well-maintained off-leash dog park is part of a larger recreation complex offering walking trails and beautiful scenery in Quebec City.</p>,3137 Chemin du Foulon,46.7704,-71.3009,Quebec City,Quebec,G1W 4X9,Yes,Unknown,grass,Large,Yes,Yes,Yes,Yes,Yes,Yes,Yes,6am–10pm,None,https://www.bringfido.com/attraction/25952,"https://www.google.com/maps/place/Base+de+plein+air+de+Sainte-Foy/@46.7704,-71.3009","leash-free, fenced, grass, water, trails",<p>Part of a larger outdoor activity centre with trails and lake access.</p>,"<p>Base Plein-Air de Sainte-Foy Dog Park is a leash-free dog park in Quebec City, known for its natural setting and access to trails. It’s ideal for adventurous dogs who enjoy more than just a typical dog run.</p>",,,,
Bayview Arena Park,bayview-arena-park,683758b0a3f8a696dfc417b0,683758b09dd1e3ac2e4e9809,68434c36053354f15983b3f0,false,false,Fri Jun 06 2025 20:14:46 GMT+0000 (Coordinated Universal Time),Fri Jun 13 2025 19:44:02 GMT+0000 (Coordinated Universal Time),Sat Jun 14 2025 00:09:21 GMT+0000 (Coordinated Universal Time),Bayview Arena Park (Dogs Allowed Area),Dogs Allowed,"<p>Bayview Arena Park is a small community park adjacent to the Bayview Arena. While there’s no dedicated off-leash zone, it is dog-friendly for on-leash visits. Open grassy space makes it suitable for quiet strolls.</p>",3230 Bayview Ave,43.78852218748925,-79.39441255818768,Toronto,Ontario,M2M 3S6,No,No,Grass,Approx. 1 acre,No,Yes,Yes,Yes,No,Yes,Yes,7:00 AM – 9:00 PM,None,https://www.toronto.ca/explore-enjoy/parks-recreation/places-spaces/parks-and-recreation-facilities/location/?id=2755,"https://www.google.com/maps/place/Willowdale+Off-Leash+Dog+Park/@43.7882132,-79.3943388,19.12z/data=!4m14!1m7!3m6!1s0x882b2d26774f0817:0xc581a04e26f919cf!2sBayview+Arena!8m2!3d43.7878844!4d-79.3936931!16s%2Fg%2F1tczl2zd!3m5!1s0x882b2d267063d6b1:0xe44d76920e30b37f!8m2!3d43.7884789!4d-79.3944074!16s%2Fg%2F11b6_cymfb!5m1!1e1?entry=ttu&g_ep=EgoyMDI1MDYxMS4wIKXMDSoASAFQAw%3D%3D","on-leash, community park, grass, shade",<p>Shared with local sports events and school programs.</p>,"<p>Bayview Arena Park offers a pet-friendly green space beside the arena, great for on-leash walks in a quieter neighborhood park.</p>",,,,
Bayview Drive,bayview-drive,683758b0a3f8a696dfc417b0,683758b09dd1e3ac2e4e9809,68656f965c902b70519a8268,false,false,Wed Jul 02 2025 17:42:46 GMT+0000 (Coordinated Universal Time),Wed Jul 02 2025 17:44:54 GMT+0000 (Coordinated Universal Time),Wed Jul 02 2025 18:53:15 GMT+0000 (Coordinated Universal Time),Bayview Drive Leash Free Dog Park,Leash Free,<p>Fully fenced leash-free dog park with large open space and a separate area for small dogs.</p>,75 Bayview Dr,44.34538584997168,-79.67459794539757,Barrie,Ontario,L4N3P6,Yes,Yes,grass,Large,Yes (seasonal),Yes,Limited,Yes,Yes,Yes,No,6 am – 10 pm,None,https://www.barrie.ca/community-recreation-environment/parks-trails-waterfront/dog-leash-recreation-areas,"https://www.google.com/maps/place/Barrie+Dog+Off+Leash+Recreation+Area/@44.3354413,-79.7566521,12z/data=!4m10!1m2!2m1!1sBarrie+Dog+Off+Leash+Recreation+Area!3m6!1s0x882abc5c4b704a7d:0xe5b2884eb97e55c5!8m2!3d44.3398047!4d-79.6759926!15sCiRCYXJyaWUgRG9nIE9mZiBMZWFzaCBSZWNyZWF0aW9uIEFyZWGSAQhkb2dfcGFya6oBTRABMh8QASIbaWusSSHCx4N7bflTjBt8aaJQGIMXQzGTHYUOMigQAiIkYmFycmllIGRvZyBvZmYgbGVhc2ggcmVjcmVhdGlvbiBhcmVh4AEA!16s%2Fg%2F11clt0vt8z!5m1!1e1?entry=ttu&g_ep=EgoyMDI1MDYyOS4wIKXMDSoASAFQAw%3D%3D","leash-free,fenced,small-dog-area,grass",<p>Operated in partnership with Responsible Dog Owners of Canada (RDOC).</p>,"<p>Bayview Drive DOLRA is a large, fully fenced leash-free dog park in Barrie featuring open grassy areas and separate zones for small dogs.</p>",,,,
Bayview Park,bayview-park,683758b0a3f8a696dfc417b0,683758b09dd1e3ac2e4e9809,6839f8a4805a7c5e3075bcba,false,false,Fri May 30 2025 18:27:48 GMT+0000 (Coordinated Universal Time),Fri May 30 2025 18:54:39 GMT+0000 (Coordinated Universal Time),Fri May 30 2025 19:08:23 GMT+0000 (Coordinated Universal Time),Bayview Park (Leash Free Dog Park),Leash Free,"<p>Bayview Park Leash-Free Dog Park in Burlington’s Aldershot community is a spacious and scenic off-leash area designed for dogs to run, play, and socialize freely. The park features a combination of grassy areas and wood chip surfaces, providing a comfortable environment for dogs of all sizes. Fully fenced and well-maintained, Bayview Park is a local favourite among pet owners who value safe, natural settings with room to roam. With convenient parking nearby and plenty of open space, this dog park is ideal for daily exercise and playdates in a relaxed, community-friendly atmosphere.</p>",1800 King Rd,,,Burlington ,Ontario,,No,,,,Unknown,No,Yes,Yes,,,Unknown,,,https://www.burlington.ca/en/by-laws-and-animal-services/leash-free-dog-parks.aspx,"https://www.google.com/maps/place/King+Road+Dog+Park,+1800+King+Rd,+Burlington,+ON+L7P+5A5/@43.3327995,-79.8549573,17z/data=!3m1!4b1!4m6!3m5!1s0x882c9d8c4d29ad19:0x5706277f00797dc!8m2!3d43.3329562!4d-79.8550574!16s%2Fg%2F11bzrnybmx?entry=ttu&g_ep=EgoyMDI1MDUyNy4wIKXMDSoASAFQAw%3D%3D",,,"<p id="""">Located in the Aldershot area, Bayview Park features a spacious leash-free area with grass and wood chip surfaces. A great spot for dogs to socialize and exercise in a natural setting.</p>",https://cdn.prod.website-files.com/683758b09dd1e3ac2e4e980a/6839fed3cc1d4f6c27cc82b4_bayview-park-burlington-on.png,,,
Beacon Hill Park,beacon-hill-park-victoria,683758b0a3f8a696dfc417b0,683758b09dd1e3ac2e4e9809,6871ad754dfab47ef4f4f5e6,false,false,Sat Jul 12 2025 00:33:57 GMT+0000 (Coordinated Universal Time),Sat Jul 12 2025 00:53:01 GMT+0000 (Coordinated Universal Time),Sat Jul 12 2025 01:27:16 GMT+0000 (Coordinated Universal Time),Beacon Hill Park Leash-Free Area,Leash Free,"<p>Beacon Hill Park in Victoria is a historic park offering scenic trails, open lawns, and designated off-leash dog areas.</p>",100 Cook St,48.412711658654935,-123.36291421061534,Victoria,British Columbia,V8V 4Z8,No,No,"grass, trail",Large,Yes,Yes,Yes,Yes,Yes,Yes,Yes,5 am – 11 pm,None,https://www.victoria.ca/EN/main/residents/parks/parks-in-victoria/beacon-hill-park.html,"https://www.google.com/maps/place/Beacon+Hill+Park/@48.4188072,-123.3730422,15z/data=!4m10!1m2!2m1!1sBeacon+Hill+Park!3m6!1s0x548f74eadf908b6b:0xb41e4d0e159ad40e!8m2!3d48.4122222!4d-123.3627779!15sChBCZWFjb24gSGlsbCBQYXJrWhIiEGJlYWNvbiBoaWxsIHBhcmuSAQRwYXJrqgE4EAEyHhABIhp2PlhIZdlT0_ahIxobYK78vs8Rh7YJCeufvTIUEAIiEGJlYWNvbiBoaWxsIHBhcmvgAQA!16zL20vMGN2NXo3!5m1!1e1?entry=ttu&g_ep=EgoyMDI1MDcwOC4wIKXMDSoASAFQAw%3D%3D","leash-free,historic,scenic,trails",,"<p>Beacon Hill Park is one of Victoria's most cherished green spaces, offering dogs ample room to roam off-leash through gardens and trails.</p>",,,,
Bearspaw Off-Leash Area,bearspaw-off-leash-area,683758b0a3f8a696dfc417b0,683758b09dd1e3ac2e4e9809,6871bd788a440e377bf6d3f0,false,false,Sat Jul 12 2025 01:42:16 GMT+0000 (Coordinated Universal Time),Sat Jul 12 2025 01:42:31 GMT+0000 (Coordinated Universal Time),Sat Jul 12 2025 03:27:49 GMT+0000 (Coordinated Universal Time),Bearspaw Off-Leash Area | Edmonton Dog Park Guide,Leash Free,"<p>Bearspaw Off-Leash Area is an official Edmonton off-leash site in southwest Edmonton, currently subject to city-posted closure and reclamation updates tied to Bearspaw and Keheewin stormwater rehabilitation work.</p>",110 Street NW & 18 Avenue NW,53.4357,-113.5123,Edmonton,Alberta,T6J 5A6,No,No,Open grass and natural utility-corridor terrain,Neighbourhood off-leash corridor,No city-confirmed water source,Limited,Limited to moderate depending on exact segment,Yes,Yes,Street parking nearby,No city-confirmed washroom in current listing,5 a.m. to 11 p.m.,Check current city closure and reclamation notices before visiting,https://www.edmonton.ca/activities_parks_recreation/parks_rivervalley/off-leash-sites,"https://maps.google.com/?q=Bearspaw+Off-Leash+Area,+Edmonton,+AB","off-leash,edmonton,open-area,southwest-edmonton","<p>Primary source: https://www.edmonton.ca/activities_parks_recreation/parks_rivervalley/off-leash-sites. Supporting source: https://www.edmonton.ca/residential_neighbours/service-updates/parks-capital-projects-construction. Reviewed on July 31, 2026.</p>","<p>Bearspaw Off-Leash Area is one of Edmonton&apos;s official designated off-leash sites, serving southwest Edmonton with an <strong>open utility-corridor setting</strong>, <strong>shared-use park access</strong>, and current city-managed reclamation work that owners should check before visiting.</p>",,2026-07-31,Bearspaw Off-Leash Area | Edmonton Dog Park Guide | LeashFree.ca,"Source-backed guide to Bearspaw Off-Leash Area in Edmonton, including official off-leash status, open corridor setting, city rules, and current July 2026 reclamation work affecting the Bearspaw and Keheewin sites."
Beckett Park,beckett-park-maple-ridge,683758b0a3f8a696dfc417b0,683758b09dd1e3ac2e4e9809,6871b92f66cfa445b48d6d35,false,false,Sat Jul 12 2025 01:23:59 GMT+0000 (Coordinated Universal Time),Sat Jul 12 2025 01:26:10 GMT+0000 (Coordinated Universal Time),Sat Jul 12 2025 01:27:16 GMT+0000 (Coordinated Universal Time),Beckett Park Leash-Free Dog Park,Leash Free,<p>Beckett Park provides a quiet neighborhood off-leash area with grassy terrain and a friendly atmosphere.</p>,11630 236 St,49.2343,-122.5279,Maple Ridge,British Columbia,V4R 1W6,Yes,No,grass,Small,No,Limited,Minimal,Yes,Yes,Street parking,No,6 am – 10 pm,None,https://www.mapleridge.ca/1502/Dog-Parks,"https://maps.google.com/?q=Beckett+Park,+Maple+Ridge,+BC","leash-free,fenced,neighbourhood",,"<p>Beckett Park is a quiet off-leash dog park in Maple Ridge, perfect for local pet owners looking for a relaxed dog-friendly space.</p>",,,,
Beddington Heights Off-Leash Area,beddington-heights-off-leash-area,683758b0a3f8a696dfc417b0,683758b09dd1e3ac2e4e9809,683b175cc46e25ede4c0cd87,false,false,Sat May 31 2025 14:51:08 GMT+0000 (Coordinated Universal Time),Sat May 31 2025 14:51:08 GMT+0000 (Coordinated Universal Time),Sun Jun 01 2025 00:16:54 GMT+0000 (Coordinated Universal Time),Beddington Heights Off-Leash Area (NW Calgary Dog Park),Leash Free,"<p>Located in the Beddington Heights community, this off-leash area offers open grassy spaces and natural trails for dogs to explore. The park provides a serene environment for both dogs and their owners.</p>",735 Berkshire Blvd NW,,,Calgary,Alberta,T3K 1Z9,No,No,Grass and Dirt Trails,Approximately 4 hectares,No,Yes,,Yes,,Street Parking,No,5:00 AM to 11:00 PM,,https://www.calgary.ca/content/dam/www/corporate-communications/locations/beddington-off-leash-area1-map.pdf?utm_source=chatgpt.com,"https://www.google.com/maps/place/735+Berkshire+Blvd+NW,+Calgary,+AB+T3K+1Z9","off-leash, natural trails, NW Calgary, community park",<p>The park is adjacent to residential areas; please be mindful of local residents.</p>,<p>Beddington Heights Off-Leash Area provides a spacious and natural setting for dogs to roam freely in Calgary's northwest community.</p>,,,,
Bell Park,bell-park-burnaby,683758b0a3f8a696dfc417b0,683758b09dd1e3ac2e4e9809,6871b756d5a705d6ac714b3f,false,false,Sat Jul 12 2025 01:16:06 GMT+0000 (Coordinated Universal Time),Sat Jul 12 2025 01:20:32 GMT+0000 (Coordinated Universal Time),Sat Jul 12 2025 01:27:16 GMT+0000 (Coordinated Universal Time),Bell Park Dog Off-Leash Area | Burnaby,Leash Free,"<p>Bell Park is an official Burnaby dog off-leash area at 3551 Bell Avenue with a partial enclosure, year-round access, and a location beside a fully enclosed basketball court.</p>",3551 Bell Avenue,49.2250,-122.9736,Burnaby,British Columbia,V3J 1M2,Partial,No,Grass neighbourhood park surface,Neighbourhood off-leash area,Unknown - verify on arrival,Unknown - verify on arrival,Some tree cover - verify on arrival,Unknown - verify on arrival,Unknown - verify on arrival,Street or nearby park access - verify on arrival,No city-confirmed washrooms noted,Dawn to dusk,Year-round access,https://www.burnaby.ca/explore-outdoors/dog-off-leash-areas,https://www.google.com/maps/search/?api=1&query=3551+Bell+Avenue+Burnaby+BC,"off-leash,burnaby,eastlake,partial-enclosure,bell-park","<p>Primary source: https://www.burnaby.ca/explore-outdoors/dog-off-leash-areas. Reviewed on August 2, 2026.</p>","<p>Bell Park is one of Burnaby&apos;s official dog off-leash areas, with a <strong>partial enclosure</strong> at <strong>3551 Bell Avenue</strong> in the <strong>Eastlake</strong> neighbourhood.</p>",,2026-08-02,Bell Park Dog Off-Leash Area | Burnaby | LeashFree.ca,"Source-backed guide to Bell Park in Burnaby, including the official 3551 Bell Avenue address, partial enclosure, year-round access, and Eastlake neighbourhood setting."
Bickford Park,bickford-park,683758b0a3f8a696dfc417b0,683758b09dd1e3ac2e4e9809,68434c36745e7ce8e6b67ced,false,false,Fri Jun 06 2025 20:14:46 GMT+0000 (Coordinated Universal Time),Fri Jun 13 2025 23:05:01 GMT+0000 (Coordinated Universal Time),Sat Jun 14 2025 00:09:21 GMT+0000 (Coordinated Universal Time),Bickford Park (Leash-Free Dog Area),Leash Free,"<p>Bickford Park offers a wide off-leash section in the heart of the city. With a mix of grass and mulch, open play space, and plenty of shade, it's a great meeting spot for dog owners from nearby neighborhoods.</p>",400 Grace St,43.66018720271786,-79.41822410101872,Toronto,Ontario,M6G 3A9,Partially,No,Grass and mulch,Approx. 1 acre,No,Yes,Yes,Yes,Yes,Street parking,Yes,7:00 AM – 11:00 PM,None,,"https://www.google.com/maps/place/Bickford+Park+Dog+Park/@43.6608101,-79.4192648,18z/data=!4m15!1m8!3m7!1s0x882b34f46c5b38b5:0x94a095d575430ae5!2sBickford+Park,+Toronto,+ON!3b1!8m2!3d43.6587355!4d-79.4211567!16s%2Fg%2F11_qtpccm!3m5!1s0x882b34f30c78ad17:0xed8e02cfbfe63a06!8m2!3d43.6601053!4d-79.4182375!16s%2Fg%2F11cr_7y5vy!5m1!1e1?entry=ttu&g_ep=EgoyMDI1MDYxMS4wIKXMDSoASAFQAw%3D%3D","leash-free, shaded, benches, community",<p>Active dog community; can be busy during evenings.</p>,"<p>Bickford Park features an inviting off-leash area with ample shade and open play space, ideal for dogs to socialize and unwind.</p>",,,,
Bishop's Park,bishops-park,683758b0a3f8a696dfc417b0,683758b09dd1e3ac2e4e9809,684dea53568c5d80f51a2ed1,false,false,Sat Jun 14 2025 21:32:03 GMT+0000 (Coordinated Universal Time),Sat Jun 14 2025 21:43:16 GMT+0000 (Coordinated Universal Time),Sat Jun 14 2025 23:55:34 GMT+0000 (Coordinated Universal Time),"Bishop's Park Dog Park in Hamilton, Ontario",Dogs Allowed,"<p id="""">Bishop's Park is a tiny urban green space with open grass and a few trees. It's a simple location for brief on-leash dog walks in a residential neighborhood.</p>",91 East Avenue S,43.2502288261937,-79.85633793299195,Hamilton,Ontario,L8N 2T6,No,No,Grass,Approx. 0.25 acres,No,Yes,Yes,Yes,No,Street parking,No,7:00 AM – 9:00 PM,None,,"https://www.google.com/maps/place/Bishop's+Park/@43.2499064,-79.8570453,18.82z/data=!4m6!3m5!1s0x882c9bcfc91ba129:0x5922a4fe7ce255ab!8m2!3d43.2501761!4d-79.8563445!16s%2Fg%2F11h51c_z1y!5m1!1e1?entry=ttu&g_ep=EgoyMDI1MDYxMS4wIKXMDSoASAFQAw%3D%3D","on-leash, small park, shaded, benches",<p>Tiny urban park suited for very short on-leash visits.</p>,<p>Bishop's Park provides a tiny shaded green space for short on-leash dog walks in central Hamilton.</p>,,,,
Blackie Spit,blackie-spit-surrey,683758b0a3f8a696dfc417b0,683758b09dd1e3ac2e4e9809,6871a543559913bb3adc1506,false,false,Fri Jul 11 2025 23:58:59 GMT+0000 (Coordinated Universal Time),Sat Jul 12 2025 00:19:21 GMT+0000 (Coordinated Universal Time),Sat Jul 12 2025 01:27:16 GMT+0000 (Coordinated Universal Time),Blackie Spit Leash-Free Dog Area,Leash Free,<p>Blackie Spit in nearby Surrey offers off-leash access along sandy trails and beachside paths popular with local dog owners.</p>,3136 McBride Ave,49.06191509161122,-122.88261410138519,Surrey,British Columbia,V4A 3E2,No,Yes,"sand, grass",Large,Yes,Yes,Yes,Yes,Yes,Yes,Yes,6 am – 10 pm,Yes (dogs not allowed on swimming beach),https://www.surrey.ca/parks-recreation/parks/blackie-spit-park,"https://www.google.com/maps/place/Blackie+Spit/@49.0592155,-122.9526519,13z/data=!4m10!1m2!2m1!1sdog+park+in+White+Rock,+BC!3m6!1s0x5485dcc6edd74793:0xc1b4673fbebda671!8m2!3d49.0592155!4d-122.8826141!15sChpkb2cgcGFyayBpbiBXaGl0ZSBSb2NrLCBCQ1obIhlkb2cgcGFyayBpbiB3aGl0ZSByb2NrIGJjkgEEcGFya5oBJENoZERTVWhOTUc5blMwVkpRMEZuU1VSUGJVcHRVVEZuUlJBQqoBWwoJL20vMGJ0OWxyEAEqDCIIZG9nIHBhcmsoADIfEAEiG6SwdVWrRUe4P7nKpbI1cENcHO--Ltow776cZDIdEAIiGWRvZyBwYXJrIGluIHdoaXRlIHJvY2sgYmPgAQD6AQQIABBC!16s%2Fg%2F11h1lv2fx!5m1!1e1?entry=ttu&g_ep=EgoyMDI1MDcwOC4wIKXMDSoASAFQAw%3D%3D","leash-free,beach,trails",<p>Technically in Surrey but used by White Rock residents.</p>,<p>Blackie Spit Park offers White Rock-area dog owners an expansive leash-free beach and trail area just minutes away in Surrey.</p>,,,,
Blue Heron Park,blue-heron-park-ladysmith,683758b0a3f8a696dfc417b0,683758b09dd1e3ac2e4e9809,6871a194faa40ca04beb5f8a,false,false,Fri Jul 11 2025 23:43:16 GMT+0000 (Coordinated Universal Time),Fri Jul 11 2025 23:43:57 GMT+0000 (Coordinated Universal Time),Sat Jul 12 2025 01:27:16 GMT+0000 (Coordinated Universal Time),Blue Heron Park | CVRD Waterfront Park Guide,Waterfront park,"<p>Blue Heron Park is a CVRD waterfront community park in Yellow Point, but it should not be treated as an official off-leash dog park.</p>",13485 Westby Road,49.0444785,-123.7569595,Yellow Point,British Columbia,,No,No,"Grass, beach, shoreline access, and picnic area",Community waterfront park,Natural waterfront access,Picnic area and group shelter access,Some mature tree cover,Unknown - verify on arrival,No official dog-park dispensers confirmed,Park access parking - verify on arrival,Unknown - verify on arrival,Dawn to dusk,Check current CVRD park notices,https://cvrd.ca/parks/blue-heron/,https://www.google.com/maps/search/?api=1&query=13485+Westby+Road+Yellow+Point+BC,"park-guide,cvrd,waterfront-park,yellow-point,blue-heron-park","<p>Primary source: Cowichan Valley Regional District Blue Heron Park page at https://cvrd.ca/parks/blue-heron/. The official page describes a community waterfront park with picnicking, swimming, beach walking, and group picnic shelter access. Reviewed on August 4, 2026.</p>","<p>Blue Heron Park is a <strong>CVRD waterfront community park</strong> at <strong>13485 Westby Road</strong> in <strong>Yellow Point / North Oyster</strong>, not an officially designated off-leash dog park.</p>",,2026-08-04,Blue Heron Park | CVRD Waterfront Park Guide | LeashFree.ca,"Source-backed guide to Blue Heron Park in Yellow Point, including the CVRD waterfront location at 13485 Westby Road and why it should not be treated as an official off-leash dog park."
Bob Hunter Park,bob-hunter-park,683758b0a3f8a696dfc417b0,683758b09dd1e3ac2e4e9809,684cb8025fe85b113cdebf45,false,false,Fri Jun 13 2025 23:45:06 GMT+0000 (Coordinated Universal Time),Fri Jun 13 2025 23:56:53 GMT+0000 (Coordinated Universal Time),Sat Jun 14 2025 00:09:21 GMT+0000 (Coordinated Universal Time),"Bob Hunter Park Dog Park in Toronto, Ontario",Dogs Allowed,"<p>Bob Hunter Park offers an expansive natural setting of meadows, trails, and wetlands where dogs are allowed on-leash. The park provides excellent nature walks in a protected conservation area.</p>",Lake Ridge Rd & 14th Ave,43.80273797542491,-79.1605098445118,Toronto,Ontario,L6B 1A8,No,No,"Meadow, grass, and trail",Approx. 500 acres,Yes,Yes,Partial,Yes,No,Yes,No,7:00 AM – 9:00 PM,None,https://www.toronto.ca/explore-enjoy/parks-recreation/places-spaces/parks-and-recreation-facilities/location/?id=739,"https://www.google.com/maps/place/Bob+Hunter+Park/@43.7988463,-79.1723436,15.73z/data=!4m10!1m2!2m1!1sbob+hunter+park!3m6!1s0x89d4da2e37a34699:0x24fed9a3acee05ee!8m2!3d43.8022743!4d-79.1604613!15sCg9ib2IgaHVudGVyIHBhcmuSAQRwYXJrqgE3EAEyHhABIhpp5HAp5MW80RhviVrv24odkhjc8-vj95xiejITEAIiD2JvYiBodW50ZXIgcGFya-ABAA!16s%2Fg%2F1tdjx_nq!5m1!1e1?entry=ttu&g_ep=EgoyMDI1MDYxMS4wIKXMDSoASAFQAw%3D%3D","on-leash, nature, trails, conservation",<p>Large conservation area; wildlife present.</p>,<p>Bob Hunter Park provides extensive nature trails and meadows for scenic on-leash dog walks in one of Toronto's largest conservation areas.</p>,,,,
Bonavista,bonavista,683758b0a3f8a696dfc417b0,683758b09dd1e3ac2e4e9809,683b17600ff68ecf10b90782,false,false,Sat May 31 2025 14:51:12 GMT+0000 (Coordinated Universal Time),Sat May 31 2025 15:18:58 GMT+0000 (Coordinated Universal Time),Sun Jun 01 2025 00:16:54 GMT+0000 (Coordinated Universal Time),Bonavista Park (Off-Leash Area),Leash Free,"<p>Nestled between Lake Bonavista and Bonavista Downs, this off-leash park offers large open grassy fields and tree-lined trails perfect for dog walking and socialization.</p>",Bonavista Downs Dr SE & Bow Bottom Trail SE,,,Calgary,Alberta,T2J 6Z8,No,No,Grass,Unknown,No,Yes,,Yes,,Yes,No,5:00 AM to 11:00 PM,,https://www.calgary.ca/parks/off-leash-locations.html,https://www.google.com/maps/place/Bonavista+Off+Leash+Park/,"large space, shaded, south Calgary","<p>Popular with local residents, some shaded areas make it ideal in summer.</p>","<p>Bonavista Off-Leash Area is a neighborhood favorite with open grassy fields and ample tree cover, offering dogs a delightful place to play and explore.</p>",https://cdn.prod.website-files.com/683758b09dd1e3ac2e4e980a/683b1ddd99d4134a28d49bb1_bonavista-off-leash-area-calgary-leash-free-dog-park.jpg,,,
Bonnycastle Park,bonnycastle-park,683758b0a3f8a696dfc417b0,683758b09dd1e3ac2e4e9809,6871c3a9d937b75cef243484,false,false,Sat Jul 12 2025 02:08:41 GMT+0000 (Coordinated Universal Time),Sat Jul 12 2025 02:12:28 GMT+0000 (Coordinated Universal Time),Sat Jul 12 2025 03:27:49 GMT+0000 (Coordinated Universal Time),Bonnycastle Park Leash-Free Dog Park,Leash Free,<p>Bonnycastle Park in downtown Winnipeg features a small designated off-leash area ideal for urban dog walks and riverside access.</p>,1 Bonnycastle St,49.8874,-97.1328,Winnipeg,Manitoba,R3C 0P4,No,No,grass,Small,No,Yes,Partial,Yes,Yes,No,No,7 am – 11 pm,None,https://winnipeg.ca/publicworks/parksOpenSpace/OffLeashAreas/,"https://maps.google.com/?q=Bonnycastle+Park,+Winnipeg,+MB","leash-free,urban,grass",<p>Great riverside view.</p>,<p>Bonnycastle Park is a small downtown Winnipeg dog park offering off-leash access in a scenic riverside setting.</p>,,,,
Borer's Falls Conservation Area,borers-falls-conservation-area,683758b0a3f8a696dfc417b0,683758b09dd1e3ac2e4e9809,684dea532bf1fd77795d49bb,false,false,Sat Jun 14 2025 21:32:03 GMT+0000 (Coordinated Universal Time),Sat Jun 14 2025 21:41:57 GMT+0000 (Coordinated Universal Time),Sat Jun 14 2025 23:55:34 GMT+0000 (Coordinated Universal Time),"Borer's Falls Conservation Area Dog Park in Flamborough, Ontario",Dogs Allowed,"<p id="""">Borer's Falls Conservation Area offers scenic wooded trails where dogs are permitted on-leash. It provides access to waterfalls, forested paths, and nature views for peaceful walks with dogs.</p>","Borer's Falls Conservation Area, Rock Chapel Rd",43.290650942093706,-79.93137413792714,Flamborough,Ontario,L9H 5E2,No,No,"Wooded trails, dirt, grass",Approx. 50 acres (entire conservation area),Yes,Yes,Yes,Yes,No,Yes,No,Dawn to dusk,None,https://conservationhamilton.ca/borers-falls-conservation-area/,"https://www.google.com/maps/place/Borer's+Falls+Conservation+Area/@43.2899051,-79.9331068,17z/data=!4m6!3m5!1s0x882c833829570f95:0x1ec29495b3a2f60e!8m2!3d43.2906158!4d-79.9318623!16s%2Fg%2F1hhjp_wy1!5m1!1e1?entry=ttu&g_ep=EgoyMDI1MDYxMS4wIKXMDSoASAFQAw%3D%3D","on-leash, trails, nature, waterfalls, shaded",<p>Popular scenic nature preserve with on-leash dog access.</p>,<p>Borer's Falls Conservation Area features wooded trails and waterfall views perfect for peaceful on-leash hikes with your dog in Flamborough.</p>,,,,
Botany Hill Park,botany-hill-park,683758b0a3f8a696dfc417b0,683758b09dd1e3ac2e4e9809,68434db189c784efa2fda7d1,false,false,Fri Jun 06 2025 20:21:05 GMT+0000 (Coordinated Universal Time),Fri Jun 13 2025 19:36:28 GMT+0000 (Coordinated Universal Time),Sat Jun 14 2025 00:09:21 GMT+0000 (Coordinated Universal Time),Botany Hill Park (Dogs Allowed Area),Dogs Allowed,"<p>Botany Hill Park is a quiet community park in Scarborough that allows dogs on leash. It offers paved pathways, open green space, and proximity to Highland Creek trails.</p>",277 Orton Park Rd,43.77873733860739,-79.21372375362333,Toronto,Ontario,M1G 3H1,No,No,Grass and paved paths,Approx. 3 acres,No,Yes,Yes,Yes,No,Street parking,No,7:00 AM – 9:00 PM,None,,"https://www.google.com/maps/place/Botany+Hill+Dog+Park/@43.777738,-79.21308,16z/data=!4m14!1m7!3m6!1s0x89d4d08883fa8bfd:0xeb7235cbe568905e!2sBotany+Hill+Park!8m2!3d43.7777342!4d-79.2105051!16s%2Fg%2F1tdzbddx!3m5!1s0x89d4d088e495a225:0x36615a37f321f5a7!8m2!3d43.7784512!4d-79.2136691!16s%2Fg%2F11c4ftkt87!5m1!1e1?entry=ttu&g_ep=EgoyMDI1MDYxMS4wIKXMDSoASAFQAw%3D%3D","on-leash, paved paths, community park",<p>A good option for casual on-leash dog walks.</p>,"<p>Botany Hill Park provides a relaxed, dog-friendly setting with trails and open space, ideal for peaceful on-leash strolls.</p>",,,,
Bourkevale Park,bourkevale-park,683758b0a3f8a696dfc417b0,683758b09dd1e3ac2e4e9809,6871c3a9c1c58f84513c3c03,false,false,Sat Jul 12 2025 02:08:41 GMT+0000 (Coordinated Universal Time),Sat Jul 12 2025 02:12:28 GMT+0000 (Coordinated Universal Time),Sat Jul 12 2025 03:27:49 GMT+0000 (Coordinated Universal Time),Bourkevale Park Leash-Free Dog Park,Leash Free,<p>Bourkevale Park is a cozy neighborhood dog park in Winnipeg with open space for off-leash play near the river.</p>,100 Ferry Rd,49.8848,-97.2253,Winnipeg,Manitoba,R3J 1V7,No,No,grass,Medium,No,Limited,Partial,Yes,Yes,Yes,No,7 am – 11 pm,None,https://winnipeg.ca/publicworks/parksOpenSpace/OffLeashAreas/,"https://maps.google.com/?q=Bourkevale+Park,+Winnipeg,+MB","leash-free,neighbourhood,grass",,<p>Bourkevale Park in Winnipeg offers a peaceful off-leash dog area perfect for local dog owners looking for an accessible green space.</p>,,,,
Bowmont Park,bowmont-park,683758b0a3f8a696dfc417b0,683758b09dd1e3ac2e4e9809,683a5575cc75e24bfe962d17,false,false,Sat May 31 2025 01:03:49 GMT+0000 (Coordinated Universal Time),Sat May 31 2025 01:38:03 GMT+0000 (Coordinated Universal Time),Sat May 31 2025 02:01:43 GMT+0000 (Coordinated Universal Time),Bowmont Park (Leash-Free Dog Area),,"<p>Bowmont Park features extensive natural trails and open spaces along the Bow River. The park includes designated off-leash areas with river access, perfect for dogs who love to swim and explore rugged terrain.</p>",85 Street NW & 48 Avenue NW,,,Calgary,Alberta,T3B 2B9,No,,"Grass, Gravel Trails, and Riverbank",,Yes,Yes,Yes,Yes,,,Yes,5:00 AM – 11:00 PM,,https://www.calgary.ca/parks/bowmont.html,https://www.google.com/maps/place/Bowmont+Park/,"off-leash, river access, trails, large park, swimming",<p>Popular for dogs that love water; riverbanks can be steep in some areas.</p>,"<p>Bowmont Park is a favorite for Calgary dog owners who want variety—open trails, river swims, and shady paths all in one off-leash zone.</p>",https://cdn.prod.website-files.com/683758b09dd1e3ac2e4e980a/683a5d67de0a388c0cb03029_bowmont-dog-park.png,,,
Braeside Off-Leash Area,braeside-off-leash-area,683758b0a3f8a696dfc417b0,683758b09dd1e3ac2e4e9809,683b175e69d0908984486bfa,false,false,Sat May 31 2025 14:51:10 GMT+0000 (Coordinated Universal Time),Sat May 31 2025 14:51:10 GMT+0000 (Coordinated Universal Time),Sun Jun 01 2025 00:16:54 GMT+0000 (Coordinated Universal Time),Braeside Off-Leash Area (South Calgary),Leash Free,"<p>Braeside’s off-leash space features rolling grassy fields, a few trees, and a well-used trail that loops through the area. It’s a popular south Calgary spot for daily dog walks.</p>",10120 14 St SW,,,Calgary,Alberta,T2V 1P6,No,No,Grass and Trail,Approx. 3 acres,No,Yes,,Yes,,Yes,No,5:00 AM to 11:00 PM,,https://www.calgary.ca/parks/off-leash-locations.html,"https://www.google.com/maps/place/10120+14+St+SW,+Calgary,+AB+T2V+1P6","trail, off-leash, south calgary, open space",<p>Well maintained by locals and frequently visited.</p>,<p>Braeside Off-Leash Area in South Calgary provides a large grassy space with walking paths where dogs can run freely and explore year-round.</p>,,,,
Bramalea Ltd Community Park,bramalea-community-park,683758b0a3f8a696dfc417b0,683758b09dd1e3ac2e4e9809,685a0057685ef2e57f7977cd,false,false,Tue Jun 24 2025 01:33:11 GMT+0000 (Coordinated Universal Time),Thu Jul 24 2025 10:55:51 GMT+0000 (Coordinated Universal Time),Thu Jul 24 2025 23:37:50 GMT+0000 (Coordinated Universal Time),Bramalea Ltd Community Park Leash-Free Dog Park,Leash Free,"<p id="""">Located in the heart of Brampton, Bramalea Ltd Community Park offers a dedicated off-leash area for your pup to play, explore, and socialize. The park's open layout and surface type make it suitable for dogs of all sizes.</p>",1030 Williams Pkwy,43.71907426953291,-79.74960136650456,Brampton,Ontario,L6S3J8,Yes,Yes,grass,Medium,No,Yes,Partial,Yes,Yes,Yes,Yes (Community Centre),7 am – 10 pm,None,https://www.brampton.ca/EN/residents/Recreation/Community-Centres/Pages/Bramalea.aspx,"https://www.google.com/maps/place/Bramalea+Ltd+Community+Dog+Park/@43.7196713,-79.7583776,16z/data=!4m15!1m8!3m7!1s0x882b1611f9a34275:0x4b057dcc22ab1407!2sBramalea+Limited+Community+Park,+1030+Williams+Pkwy,+Brampton,+ON+L6S+5Z2!3b1!8m2!3d43.719337!4d-79.7519042!16s%2Fg%2F11cknfvx63!3m5!1s0x882b16058c19a7eb:0x2636ce6b43496ab1!8m2!3d43.7186781!4d-79.7494139!16s%2Fg%2F11c6_bxvst!5m1!1e1?entry=ttu&g_ep=EgoyMDI1MDYxNy4wIKXMDSoASAFQAw%3D%3D","leash-free,fenced,small-dog-area,community-centre","<p id="""">Located beside a community playground and soccer fields, the leash-free zone is fenced with one entrance. While not large, it’s well-maintained and great for quick play sessions. Bring water for your dog, as there is no fountain available. Local residents report it’s typically quiet during weekday mornings. Some wear and patchiness on the grass due to heavy use in peak months.</p>","<p id="""">Bramalea Ltd Community Park is a popular leash-free dog park in Brampton, conveniently located off North Park Drive. With its fenced area and green space, it’s a trusted neighborhood spot for letting dogs stretch their legs and socialize off-leash.</p>",,,,
Brenda Leipsic Park,brenda-leipsic-park,683758b0a3f8a696dfc417b0,683758b09dd1e3ac2e4e9809,6871c3a963c2982f60115e00,false,false,Sat Jul 12 2025 02:08:41 GMT+0000 (Coordinated Universal Time),Sat Jul 12 2025 02:12:27 GMT+0000 (Coordinated Universal Time),Sat Jul 12 2025 03:27:49 GMT+0000 (Coordinated Universal Time),Brenda Leipsic Park Leash-Free Dog Park,Leash Free,<p>Brenda Leipsic Park offers a dedicated off-leash trail loop for dog owners seeking an active walking route.</p>,1301 Taylor Ave,49.8525,-97.1699,Winnipeg,Manitoba,R3M 3Y9,No,No,"grass, trail",Large,No,Limited,Minimal,Yes,Yes,Yes,No,7 am – 11 pm,None,https://winnipeg.ca/publicworks/parksOpenSpace/OffLeashAreas/,"https://maps.google.com/?q=Brenda+Leipsic+Park,+Winnipeg,+MB","leash-free,trail,grass",<p>Loop-style trail layout.</p>,"<p>Brenda Leipsic Park in Winnipeg features an open off-leash trail that loops through natural green space, ideal for active dogs.</p>",,,,
Brewer Park,brewer-park,683758b0a3f8a696dfc417b0,683758b09dd1e3ac2e4e9809,6859f1a2272bb640b1aebdbb,false,false,Tue Jun 24 2025 00:30:26 GMT+0000 (Coordinated Universal Time),Tue Jun 24 2025 20:53:03 GMT+0000 (Coordinated Universal Time),Tue Jun 24 2025 21:21:34 GMT+0000 (Coordinated Universal Time),Brewer Park Leash-Free Dog Park,Leash Free,<p>Popular multi-use park with a designated fenced dog area</p>,100 Brewer Way,45.38698253504438,-75.68852771553762,Ottawa,Ontario,K1S5R2,Yes,No,grass,Medium,Yes (seasonal),Yes,Partial,Yes,Yes,Yes,Yes,6 am – 11 pm,None,,"https://www.google.com/maps/place/Brewer+Park/@45.3867037,-75.6912099,16z/data=!3m1!4b1!4m6!3m5!1s0x4cce05dc35e965ef:0x5368fabb15a3daa4!8m2!3d45.3867!4d-75.688635!16s%2Fm%2F027k1n6!5m1!1e1?entry=ttu&g_ep=EgoyMDI1MDYxNy4wIKXMDSoASAFQAw%3D%3D","leash-free,fenced,family-friendly",<p>Fenced section in large park near Carleton University</p>,"<p>Brewer Park is a central Ottawa destination for dog owners, with a fenced leash-free zone near sports fields and walking paths.</p>",,,,
Bridgeland Riverside Off-Leash Area,bridgeland-riverside-off-leash-area,683758b0a3f8a696dfc417b0,683758b09dd1e3ac2e4e9809,683b175c978fcd7ee4f27072,false,false,Sat May 31 2025 14:51:08 GMT+0000 (Coordinated Universal Time),Sat May 31 2025 14:51:08 GMT+0000 (Coordinated Universal Time),Sun Jun 01 2025 00:16:54 GMT+0000 (Coordinated Universal Time),Bridgeland Riverside Off-Leash Area (NE Calgary),Leash Free,"<p>Bridgeland Riverside Off-Leash Area offers a unique urban off-leash experience in Calgary. Located near 7 Street and McDougall Road NE, this park provides convenient access for local residents and visitors alike. Its elevated position boasts views of the downtown Calgary skyline, creating an engaging backdrop for dog walks.</p>",50 7 St NE,,,Calgary,Alberta,T2E 8W2,No,No,"Paved paths, natural grass, overgrown shrubs",Approximately 0.5 hectares,No,Yes,,Yes,,Street parking on 7 St NE and McDougall Rd NE,No,5:00 AM to 11:00 PM,,https://calgarydogparks.com/parks/bridgeland-riverside-off-leash-area,"https://www.google.com/maps/place/50+7+St+NE,+Calgary,+AB+T2E+8W2","off-leash, urban park, downtown views, NE Calgary",<p>The park's proximity to downtown and its elevated position make it a popular spot for dog owners seeking a convenient and scenic location for off-leash activities.</p>,"<p>Nestled in the vibrant heart of Bridgeland-Riverside, this off-leash area offers an urban retreat for dogs and their owners, with stunning views of downtown Calgary and a mix of natural and paved terrains.</p>",,,,
Britannia Slopes Off-Leash Area,britannia-slopes-off-leash-area,683758b0a3f8a696dfc417b0,683758b09dd1e3ac2e4e9809,683b175d55ff6da7f9a9de4e,false,false,Sat May 31 2025 14:51:09 GMT+0000 (Coordinated Universal Time),Sat May 31 2025 14:51:09 GMT+0000 (Coordinated Universal Time),Sun Jun 01 2025 00:16:54 GMT+0000 (Coordinated Universal Time),Britannia Slopes Off-Leash Area (SW Calgary),Leash Free,"<p>Britannia Slopes offers a peaceful, grassy hillside for off-leash play, with scenic views overlooking the Elbow River valley. It's a quieter alternative to River Park, frequented by locals.</p>",50 Britannia Dr SW,,,Calgary,Alberta,T2S 1C7,No,No,Grass and Sloped Terrain,Approx. 3 acres,No,Yes,,Yes,,Street parking available,No,5:00 AM to 11:00 PM,,https://www.calgary.ca/parks/off-leash-locations.html,"https://www.google.com/maps/place/50+Britannia+Dr+SW,+Calgary,+AB+T2S+1C7","off-leash, hillside, scenic, quiet, SW Calgary","<p>Not as busy as River Park, sloped terrain may be challenging for mobility-limited owners.</p>","<p>Britannia Slopes Off-Leash Area offers a quiet, grassy hillside with sweeping river views — ideal for dogs who enjoy exploring in a more relaxed setting.</p>",,,,
Bronte Creek Provincial Park,bronte-creek-provincial-park,683758b0a3f8a696dfc417b0,683758b09dd1e3ac2e4e9809,684048d4bae72fccbf653978,false,false,Wed Jun 04 2025 13:23:32 GMT+0000 (Coordinated Universal Time),Fri Jun 06 2025 13:36:44 GMT+0000 (Coordinated Universal Time),Fri Jun 06 2025 13:46:10 GMT+0000 (Coordinated Universal Time),Bronte Creek Provincial Park (Leash-Free Trails),Leash Free,"<p>Bronte Creek Provincial Park offers two expansive, unfenced leash-free areas where dogs can explore natural trails and open fields. The Day Use Area features a 0.5 km loop with open fields and gentle trails, while the Campground Area boasts a 2 km wooded trail loop. Both areas provide ample space for dogs to roam, though reliable recall is essential due to the lack of fencing. The park also includes amenities such as washrooms, picnic areas, and scenic trails, making it a popular destination for dog owners seeking a natural setting.</p>",1219 Burloak Drive,,,Oakville,Ontario,L6M 4J7,No,No,Grass and Dirt Trails,Unknown,Yes,No,Yes,Yes,Unknown,Yes,Yes,8:00 AM – 10:00 PM,None,https://www.ontarioparks.ca/park/brontecreek,"https://www.google.com/maps/place/Bronte+Creek+Provincial+Park+(camping+area)/@43.4180954,-79.7663893,17z/data=!4m14!1m7!3m6!1s0x882b611072fe139f:0x72cc3ff43aecda2e!2sBronte+Creek+Leash-free+Dog+Park!8m2!3d43.3991357!4d-79.7579112!16s%2Fg%2F11r4z0t1x1!3m5!1s0x882b67378776538f:0x159ea74f8b57b78!8m2!3d43.4177837!4d-79.7647049!16s%2Fg%2F11c0rttj7z!5m1!1e1?entry=ttu&g_ep=EgoyMDI1MDYwMS4wIKXMDSoASAFQAw%3D%3D","natural trails, unfenced, large park, wooded areas, seasonal water",<p>Dogs must have reliable recall; leash-free areas are not fenced. Be mindful of park rules and etiquette to ensure these areas remain open and enjoyable for all visitors.</p>,"<p>Bronte Creek Provincial Park provides dog owners with two distinct leash-free areas set amidst natural landscapes. Whether strolling through the open fields of the Day Use Area or exploring the wooded trails of the Campground Area, dogs can enjoy a sense of freedom while remaining under their owner's supervision. The park's combination of natural beauty and dedicated amenities makes it a favored spot for those seeking a more rustic off-leash experience.</p>",https://cdn.prod.website-files.com/683758b09dd1e3ac2e4e980a/68404b340b29131142ce3cf5_bronte-creek-provincial-park.jpg,,,
Broughton East Park,broughton-east-park,683758b0a3f8a696dfc417b0,683758b09dd1e3ac2e4e9809,684dea53a78aa3ada9ec13cb,false,false,Sat Jun 14 2025 21:32:03 GMT+0000 (Coordinated Universal Time),Sat Jun 14 2025 21:39:57 GMT+0000 (Coordinated Universal Time),Sat Jun 14 2025 23:55:34 GMT+0000 (Coordinated Universal Time),"Broughton East Park Dog Park in Hamilton, Ontario",Dogs Allowed,"<p id="""">Broughton East Park offers a small open green space for on-leash walks with your dog. Its quiet residential setting makes it a convenient stop for neighborhood dog owners.</p>",16 Broughton Ave,43.18988853464821,-79.8501045508672,Hamilton,Ontario,L8W 1V3,No,No,Grass,Approx. 1 acre,No,Yes,Minimal,Yes,No,Street parking,No,7:00 AM – 9:00 PM,None,,"https://www.google.com/maps/place/Broughton+East+Park/@43.1888599,-79.8532857,17z/data=!4m6!3m5!1s0x882c9bcbdcdef2b5:0x288657815dfab12e!8m2!3d43.189736!4d-79.850067!16s%2Fg%2F11hzs6lcjk!5m1!1e1?entry=ttu&g_ep=EgoyMDI1MDYxMS4wIKXMDSoASAFQAw%3D%3D","on-leash, small park, benches","<p>Small, simple neighborhood park for short on-leash visits.</p>","<p>Broughton East Park provides a small, quiet green space ideal for short on-leash dog walks in east Hamilton.</p>",,,,
Bruce Pit,bruce-pit,683758b0a3f8a696dfc417b0,683758b09dd1e3ac2e4e9809,6859f1a1bcf31cd1dbc6474c,false,false,Tue Jun 24 2025 00:30:25 GMT+0000 (Coordinated Universal Time),Tue Jun 24 2025 21:05:19 GMT+0000 (Coordinated Universal Time),Tue Jun 24 2025 21:21:34 GMT+0000 (Coordinated Universal Time),Bruce Pit Leash-Free Dog Park,Leash Free,<p>Public off-leash trail and field area with mixed open grass and wooded paths</p>,175 Cedarview Rd,45.328082980195276,-75.79546857681206,Ottawa,Ontario,K2H6A5,Partially,Unknown,grass/woodland,Large,Yes,Yes,Partial,Yes,Yes,Yes,Yes,24 hours year-round,Follow NCC regulations,,"https://www.google.com/maps/place/Bruce+Pit/@45.3250005,-75.8821542,12.45z/data=!4m6!3m5!1s0x4cce00a99d685a81:0xd2afc6f2bf26aadd!8m2!3d45.324238!4d-75.7997734!16s%2Fg%2F1thkr9yy!5m1!1e1?entry=ttu&g_ep=EgoyMDI1MDYxNy4wIKXMDSoASAFQAw%3D%3D","leash-free,public,mixed terrain,woods and field",<p>Popular NCC-managed off-leash pit with trails</p>,"<p>Bruce Pit is a popular leash-free dog park in Ottawa, featuring open grassy slopes and wooded trails for dogs to roam and socialize safely.</p>",,,,
Buena Vista Park Off-Leash Dog Park,buena-vista-park-off-leash-dog-park,683758b0a3f8a696dfc417b0,683758b09dd1e3ac2e4e9809,6871bb6a735ba229b8013591,false,false,Sat Jul 12 2025 01:33:30 GMT+0000 (Coordinated Universal Time),Sat Jul 12 2025 01:37:56 GMT+0000 (Coordinated Universal Time),Sat Jul 12 2025 03:27:49 GMT+0000 (Coordinated Universal Time),Buena Vista Park Off-Leash Dog Park | Edmonton Dog Park,Park,"<p>Buena Vista Park is a major Edmonton river valley off-leash destination with open meadow space, multi-use trails, and accessible park amenities.</p>",13210 Buena Vista Road,53.51367,-113.54772,Edmonton,Alberta,T5N 1M9,No,No,"Grass meadow, wide gravel paths, and paved paths",Large off-leash area,Unknown - verify on arrival,Yes,Yes - some tree cover and surrounding parkland,Expected at main park areas - verify on arrival,Unknown - verify on arrival,"Yes, including accessible parking stalls",Yes - amenity building washrooms,5am to 11pm,"Check trail conditions, wildlife activity, and posted city notices",https://www.edmonton.ca/activities_parks_recreation/parks_rivervalley/buena-vista-park,https://www.google.com/maps/search/?api=1&query=13210+Buena+Vista+Road+Edmonton+AB,"off-leash,river-valley,trails,accessible,edmonton","<p>Primary source: https://www.edmonton.ca/activities_parks_recreation/parks_rivervalley/buena-vista-park. Supporting sources: https://www.edmonton.ca/activities_parks_recreation/parks_rivervalley/off-leash-sites, https://www.edmonton.ca/activities_parks_recreation/parks_rivervalley/river-valley-parks, and https://www.edmonton.ca/projects_plans/parks_recreation/dogs-in-open-spaces. Reviewed on July 30, 2026.</p>","<p>Buena Vista Park is a City of Edmonton river valley park with a <strong>large off-leash area</strong>, multi-use trails, and official park hours of <strong>5am to 11pm</strong>.</p>",,2026-07-30,Buena Vista Park Off-Leash Dog Park | Edmonton Dog Park | LeashFree.ca,"Source-backed guide to Buena Vista Park Off-Leash Dog Park in Edmonton, including official park hours, washroom hours, accessible amenities, multi-use trails, and current City of Edmonton off-leash rules."
Burgoyne Woods Leash-Free Dog Park,burgoyne-woods-park,683758b0a3f8a696dfc417b0,683758b09dd1e3ac2e4e9809,6841e3dd09b1fdd6589ef166,false,false,Thu Jun 05 2025 18:37:17 GMT+0000 (Coordinated Universal Time),Thu Jun 05 2025 18:43:00 GMT+0000 (Coordinated Universal Time),Thu Jun 05 2025 18:56:13 GMT+0000 (Coordinated Universal Time),Burgoyne Woods Leash-Free Dog Park (St. Catharines),Leash Free,"<p>Burgoyne Woods Leash-Free Dog Park is a spacious, wooded off-leash area located in one of St. Catharines’ most scenic parklands. This large, fenced-in area provides dogs with plenty of room to run, explore, and socialize. The natural terrain, shaded spaces, and multiple entry points make it a favorite for locals.</p>",70 Edgedale Road,43.14593990594537,-79.22696759997407,St. Catharines,Ontario,L2R 7M3,Yes,No,"Grass, dirt, and wooded trails",Approx. 3 acres,No,Yes,Yes,No,Yes,Yes,Yes,6:00 AM – 11:00 PM,None,https://www.stcatharines.ca/en/recreation-and-leisure/leash-free-dog-parks.aspx,"https://www.google.com/maps/place/Burgoyne+Woods+%7C+Dog+Park/@43.1458401,-79.2291563,18z/data=!4m10!1m2!2m1!1sBurgoyne+Woods+Park!3m6!1s0x89d35038d085843f:0x92c84f220c7ce95!8m2!3d43.1458401!4d-79.2269676!15sChNCdXJnb3luZSBXb29kcyBQYXJrWhUiE2J1cmdveW5lIHdvb2RzIHBhcmuSAQhkb2dfcGFya5oBI0NoWkRTVWhOTUc5blMwVkpRMEZuU1VNMmJ6bG1aVkpSRUFFqgE8EAEyHxABIht6SG1BTMHK_--gwoGHSiojcuyWFMp4Fu3TrEAyFxACIhNidXJnb3luZSB3b29kcyBwYXJr4AEA-gEECAAQSg!16s%2Fg%2F1tjkgscp?entry=ttu&g_ep=EgoyMDI1MDYwMi4wIKXMDSoASAFQAw%3D%3D","fenced, wooded, benches, large area, shaded, parking, washrooms","<p>The park includes scenic views, picnic areas, and walking trails nearby for extended outings.</p>","<p id="""">Located in the heart of St. Catharines, Burgoyne Woods Leash-Free Dog Park offers a large natural space for dogs to roam off-leash among trees and trails. It’s a peaceful, shaded setting for both pets and their people.</p>",https://cdn.prod.website-files.com/683758b09dd1e3ac2e4e980a/6841e52e25871381dc760c35_Burgoyne%20Woods%20dog%20Park.jpg,,,
Burnaby Fraser Foreshore Park,burnaby-fraser-foreshore-park,683758b0a3f8a696dfc417b0,683758b09dd1e3ac2e4e9809,6871b7d2d00430c3f04c0b66,false,false,Sat Jul 12 2025 01:18:10 GMT+0000 (Coordinated Universal Time),Sat Jul 12 2025 01:20:32 GMT+0000 (Coordinated Universal Time),Sat Jul 12 2025 01:27:16 GMT+0000 (Coordinated Universal Time),Burnaby Fraser Foreshore Park | Burnaby Dog Off-Leash Area,Park,"<p>Burnaby Fraser Foreshore Park is an official Burnaby off-leash site with a large lawn area and Byrne Creek dike trail, plus current partial closures near the picnic area and trail because of hazardous tree work.</p>",7751 Fraser Park Drive,49.1928,-122.9782,Burnaby,British Columbia,V5J 5L8,No,No,"Grass lawn, dike trail, and paved park paths",Large linear riverside park with mapped off-leash sections,No dedicated dog water source confirmed; shoreline access is restricted,Yes,Partial,Yes,Unknown - verify on arrival,Yes - lot at the foot of Byrne Road via Fraser Park Drive,Yes - washrooms beside the playground,Dawn to dusk year-round,Current partial closure of picnic area and nearby trail until fall; check posted notices,https://www.burnaby.ca/explore-outdoors/parks/burnaby-fraser-foreshore-park,https://www.google.com/maps/search/?api=1&query=7751+Fraser+Park+Drive+Burnaby+BC,"off-leash,burnaby,riverside,dike-trail,year-round","<p>Primary sources: https://www.burnaby.ca/explore-outdoors/dog-off-leash-areas and https://www.burnaby.ca/explore-outdoors/parks/burnaby-fraser-foreshore-park. Supporting source: https://www.burnaby.ca/explore-outdoors/picnic-sites. Reviewed on July 31, 2026.</p>","<p>Burnaby Fraser Foreshore Park is one of Burnaby&apos;s official off-leash sites, with a <strong>large open lawn</strong> and an <strong>off-leash trail along the Byrne Creek dike</strong> in a working-river park setting.</p>",,2026-07-31,Burnaby Fraser Foreshore Park | Burnaby Dog Off-Leash Area | LeashFree.ca,"Source-backed guide to Burnaby Fraser Foreshore Park, including the official off-leash lawn and Byrne Creek dike trail, year-round dawn-to-dusk access, current partial closure near the picnic area, and Burnaby’s shoreline dog restrictions."
Burnaby Heights Park,burnaby-heights-park,683758b0a3f8a696dfc417b0,683758b09dd1e3ac2e4e9809,6871b756fbcaa166b43bf6da,false,false,Sat Jul 12 2025 01:16:06 GMT+0000 (Coordinated Universal Time),Sat Jul 12 2025 01:20:32 GMT+0000 (Coordinated Universal Time),Sat Jul 12 2025 01:27:16 GMT+0000 (Coordinated Universal Time),Burnaby Heights Park | Burnaby Dog Off-Leash Area,Park,<p>Burnaby Heights Park is an official Burnaby dog off-leash site with a fenced year-round enclosure at 3877 Eton Street in a compact North Burnaby neighbourhood park setting.</p>,3877 Eton Street,49.2817,-123.0163,Burnaby,British Columbia,V5C 1J1,Yes,No,Grass within fenced enclosure,Neighbourhood fenced off-leash area,Unknown - verify on arrival,Likely within or near enclosure - verify on arrival,Some tree cover,Expected at site - verify exact placement on arrival,Unknown - verify on arrival,Street parking likely - verify on arrival,No city-confirmed washrooms noted,Dawn to dusk year-round,Year-round access; check posted notices on arrival,https://www.burnaby.ca/explore-outdoors/dog-off-leash-areas,https://www.google.com/maps/search/?api=1&query=3877+Eton+Street+Burnaby+BC,"off-leash,burnaby,fenced,year-round,north-burnaby","<p>Primary sources: https://www.burnaby.ca/explore-outdoors/dog-off-leash-areas and Burnaby Animal Control Bylaw No. 7035. Reviewed on July 31, 2026.</p>","<p>Burnaby Heights Park is one of Burnaby&apos;s official dog off-leash areas, with a <strong>fenced enclosure</strong> at <strong>3877 Eton Street</strong> and <strong>year-round access</strong> in a compact North Burnaby neighbourhood setting.</p>",,2026-07-31,Burnaby Heights Park | Burnaby Dog Off-Leash Area | LeashFree.ca,"Source-backed guide to Burnaby Heights Park in Burnaby, including the official fenced year-round off-leash enclosure at 3877 Eton Street, neighbourhood-park context, and Burnaby’s current dog rules."
Burrard View Park,burrard-view-dog-park-vancouver,683758b0a3f8a696dfc417b0,683758b09dd1e3ac2e4e9809,6838bee8c46658af5c5f799c,false,false,Thu May 29 2025 20:09:12 GMT+0000 (Coordinated Universal Time),Thu May 29 2025 23:37:10 GMT+0000 (Coordinated Universal Time),Thu May 29 2025 23:38:18 GMT+0000 (Coordinated Universal Time),Burrard View Park (off-leash dog park),Leash Free,"<p>Burrard View Park stands out as one of Vancouver's designated off-leash parks in BC. Covering 12136 square meters, it has a grass base that supports active dog activities. Its open from 6AM to 10PM, and includes comfortable benches, offers shady spots, and has accessible washrooms nearby. Plus, it does not include water access, making it a top destination for canine fun and exercise.</p>","650 N Penticton St, Vancouver,",,,Vancouver,BC,,Yes,,Grass,,No,Yes,Yes,No,,,Yes,6AM to 10PM,,,,,,"<p>Burrard View Park is a well-loved off-leash dog park in Vancouver. This park features a grass surface and an open space for dogs to roam freely. It provides no water access, minimal shade, and limited seating, making it a great destination for local dog owners to relax and let their pets socialize.</p>",https://cdn.prod.website-files.com/683758b09dd1e3ac2e4e980a/6838bf9fe489f2f6a3b7d375_dog-park-open-space-with-dog-on-grass.png,,,
CRAB Park at Portside,crab-park-at-portside-dog-park,683758b0a3f8a696dfc417b0,683758b09dd1e3ac2e4e9809,6838bee61a97c8e7d0220ebf,false,false,Thu May 29 2025 20:09:10 GMT+0000 (Coordinated Universal Time),Thu May 29 2025 23:37:11 GMT+0000 (Coordinated Universal Time),Thu May 29 2025 23:38:18 GMT+0000 (Coordinated Universal Time),CRAB Park at Portside (off-leash dog park),Leash Free,"<p>CRAB Park at Portside is a fantastic leash-free zone for dogs located in Vancouver, BC. Covering 5056 square meters, it has a grass base that supports active dog activities. CRAB Park at Portside operates 6AM to 10 AM &amp; 5 PM to 10 PM, where the environment includes comfortable benches, offers shady spots, and is close to limited facilities. Don’t forget that it does not include water access, which is ideal for dogs on warmer days.</p>",101 E Waterfront Road Vancouve,,,Vancouver,BC,,No,,Grass,,No,Yes,Yes,No,,,No,6AM to 10 AM & 5 PM to 10 PM,,,,,,"<p>CRAB Park at Portside is a well-loved off-leash dog park in Vancouver. This park features a grass surface and an open space for dogs to roam freely. It provides no water access, minimal shade, and limited seating, making it a great destination for local dog owners to relax and let their pets socialize.</p>",https://cdn.prod.website-files.com/683758b09dd1e3ac2e4e980a/6838bfcb959daf711b63b8f2_spacious-dog-park-with-trees-and-grass.jpg.png,,,
Caesar’s Off-Leash Area,caesars-off-leash-area,683758b0a3f8a696dfc417b0,683758b09dd1e3ac2e4e9809,68e56a6f7a3e8d7c70696937,false,false,Tue Oct 07 2025 19:30:55 GMT+0000 (Coordinated Universal Time),Tue Oct 07 2025 19:32:17 GMT+0000 (Coordinated Universal Time),Fri Oct 10 2025 18:55:59 GMT+0000 (Coordinated Universal Time),Caesar’s Off-Leash Dog Park,Leash Free,"<p>One of London’s most popular off-leash areas, Caesar’s Park provides a secure fenced space with trees, benches, and open fields for all dog breeds.</p>",1250 Adelaide Street North,43.0206,-81.2427,London,ON,,Yes,No,"grass, dirt",Large,Yes (seasonal),Yes,Yes,Yes,Yes,Yes (adjacent lot),No,6:00 a.m. - 10:00 p.m.,,https://london.ca/living-london/parks-facilities/parks/leash-dog-parks,https://www.google.com/maps?q=Caesar's+Off+Leash+Dog+Park+London+ON,"leash-free, fenced, benches, shaded, parking",<p>One of London’s earliest and busiest dog parks. Offers large open space and tree cover for year-round enjoyment.</p>,"<p>Caesar’s Off-Leash Area in London is a well-loved fenced park with mature trees, open space, and a friendly community vibe. It’s one of the city’s top destinations for off-leash fun and safe canine socialization.</p>",,,,
Callingwood Park Off-Leash Area,callingwood-park-off-leash-area,683758b0a3f8a696dfc417b0,683758b09dd1e3ac2e4e9809,6871bcd9d3d197d740858ae1,false,false,Sat Jul 12 2025 01:39:37 GMT+0000 (Coordinated Universal Time),Sat Jul 12 2025 01:42:31 GMT+0000 (Coordinated Universal Time),Sat Jul 12 2025 03:27:49 GMT+0000 (Coordinated Universal Time),Callingwood Park Off-Leash Area | Edmonton Dog Park Guide,Leash Free,"<p>Callingwood Park is an official Edmonton off-leash site at 17740 69 Avenue, with the dog area located in a natural tree stand inside a larger community recreation park.</p>",17740 69 Avenue,53.5048,-113.6264,Edmonton,Alberta,T5T 6X3,Yes,No,Natural treed area and parkland surface,Neighbourhood off-leash area within larger park,No city-confirmed dog water source,Likely in surrounding park areas - verify exact dog-area seating on arrival,Yes - natural tree stand,Expected in broader park - verify exact placement on arrival,Unknown - verify on arrival,Yes,Yes - Callingwood Pavilion washrooms,Park 5 a.m. to 11 p.m.; pavilion 9 a.m. to 9 p.m.,Check posted city notices and wildlife conditions,https://www.edmonton.ca/activities_parks_recreation/parks_rivervalley/callingwood-park,https://www.google.com/maps/search/?api=1&query=17740+69+Avenue+Edmonton+AB,"off-leash,edmonton,treed,neighbourhood-park,west-edmonton","<p>Primary sources: https://www.edmonton.ca/activities_parks_recreation/parks_rivervalley/callingwood-park and https://www.edmonton.ca/activities_parks_recreation/parks_rivervalley/off-leash-sites. Reviewed on July 31, 2026.</p>","<p>Callingwood Park is one of Edmonton&apos;s official off-leash locations, with a <strong>dog area in a natural tree stand</strong> inside a larger west-Edmonton community park at <strong>17740 69 Avenue</strong>.</p>",,2026-07-31,Callingwood Park Off-Leash Area | Edmonton Dog Park Guide | LeashFree.ca,"Source-backed guide to Callingwood Park Off-Leash Area in Edmonton, including the official 17740 69 Avenue location, natural tree-stand off-leash area, 5 a.m. to 11 p.m. park hours, pavilion washrooms, and surrounding park amenities."
Campbell Memorial Park Dog Off-Leash Area,campbell-memorial-park-dog-off-leash-area,683758b0a3f8a696dfc417b0,683758b09dd1e3ac2e4e9809,68e56a6f2f33ccf8fa41bb70,false,false,Tue Oct 07 2025 19:30:55 GMT+0000 (Coordinated Universal Time),Tue Oct 07 2025 19:32:17 GMT+0000 (Coordinated Universal Time),Fri Oct 10 2025 18:55:59 GMT+0000 (Coordinated Universal Time),Campbell Memorial Park Dog Off-Leash Area,Leash Free,"<p>A centrally located off-leash park in East London with open grassy space, trees for shade, and a secure fenced area where dogs can run and play safely.</p>",380 Dundas Street East,42.9815,-81.2134,London,ON,,Yes,No,"grass, dirt",Medium,Unknown,Yes,Yes,Yes,Yes,Yes (street parking),No,6:00 a.m. - 10:00 p.m.,,https://london.ca/living-london/parks-facilities/parks/leash-dog-parks,https://www.google.com/maps?q=Campbell+Memorial+Park+London+ON,"leash-free, fenced, community, shaded","<p>Located near downtown London, this park offers ample green space and is part of the city’s designated leash-free network.</p>","<p>Campbell Memorial Park Dog Off-Leash Area is a popular leash-free spot in East London, featuring fenced open space and tree cover for comfort. It’s a great place for dogs to play and socialize safely close to downtown.</p>",,,,
Campbellford Dog Park,campbellford-dog-park,683758b0a3f8a696dfc417b0,683758b09dd1e3ac2e4e9809,687058ae14f6d812d72344e9,false,false,Fri Jul 11 2025 00:19:58 GMT+0000 (Coordinated Universal Time),Fri Jul 11 2025 00:24:57 GMT+0000 (Coordinated Universal Time),Fri Jul 11 2025 12:18:36 GMT+0000 (Coordinated Universal Time),Campbellford Dog Park Leash-Free Dog Park,Leash Free,"<p>Campbellford Dog Park is a spacious, fully fenced leash-free dog park offering open grassy space and seating areas for pet owners.</p>",55 Saskatoon Ave,44.295453595841124,-77.80094939965652,Campbellford,Ontario,K0L 1L0,Yes,No,grass,Large,No,Yes,Minimal,Yes,Yes,Yes,No,6 am – 10 pm,None,https://www.trenthillschamber.ca/listing/campbellford-dog-park/,"https://www.google.com/maps/place/Campbellford+Dog+Park/@44.2953154,-77.8036745,17z/data=!3m1!4b1!4m6!3m5!1s0x89d60321257087af:0x2af87f361205873e!8m2!3d44.2953154!4d-77.8010996!16s%2Fg%2F11v0z8_g9s!5m1!1e1?entry=ttu&g_ep=EgoyMDI1MDcwNy4wIKXMDSoASAFQAw%3D%3D","leash-free,fenced,grass,benches",,"<p>Campbellford Dog Park is a welcoming off-leash space in Campbellford where dogs can run freely in a secure, grassy environment.</p>",,,,
Canoe Landing Park,canoe-landing-park,683758b0a3f8a696dfc417b0,683758b09dd1e3ac2e4e9809,68434db10abbf4f1122925c4,false,false,Fri Jun 06 2025 20:21:05 GMT+0000 (Coordinated Universal Time),Fri Jun 13 2025 19:37:56 GMT+0000 (Coordinated Universal Time),Sat Jun 14 2025 00:09:21 GMT+0000 (Coordinated Universal Time),Canoe Landing Park (Leash-Free Dog Area),Leash Free,<p>Canoe Landing Park is a modern urban park in downtown Toronto featuring a fenced off-leash area with artificial turf and agility equipment. It’s a popular destination for condo dwellers and their pets.</p>,95 Fort York Blvd,43.63904892045533,-79.3969998371866,Toronto,Ontario,M5V 0E5,Yes,Yes,Artificial turf,Approx. 0.4 acres,Yes,Yes,Minimal,Yes,Yes,Street and nearby lot,Yes,7:00 AM – 11:00 PM,None,https://www.toronto.ca/explore-enjoy/parks-recreation/places-spaces/parks-and-recreation-facilities/location/?id=2708,"https://www.google.com/maps/place/CityPlace+Dog+Park/@43.6390678,-79.3969998,20z/data=!4m15!1m8!3m7!1s0x882b352728d1412f:0xc36bd712afb95ae7!2s95+Fort+York+Blvd,+Toronto,+ON+M5V+3Y2!3b1!8m2!3d43.6389681!4d-79.3968828!16s%2Fg%2F11b8txg_2b!3m5!1s0x882b35272d384993:0x547b33e7815f20d7!8m2!3d43.6390255!4d-79.3970058!16s%2Fg%2F11gd_75vn1!5m1!1e1?entry=ttu&g_ep=EgoyMDI1MDYxMS4wIKXMDSoASAFQAw%3D%3D","urban, artificial turf, agility, leash-free, downtown",<p>Very clean and well-maintained urban dog area.</p>,"<p>Canoe Landing Park’s leash-free zone is a standout downtown dog destination, equipped with artificial turf and agility features.</p>",,,,
Canyon Meadows Off-Leash Area,canyon-meadows-off-leash-area,683758b0a3f8a696dfc417b0,683758b09dd1e3ac2e4e9809,683b175e7a9689e97d18382f,false,false,Sat May 31 2025 14:51:10 GMT+0000 (Coordinated Universal Time),Sat May 31 2025 14:51:10 GMT+0000 (Coordinated Universal Time),Sun Jun 01 2025 00:16:54 GMT+0000 (Coordinated Universal Time),Canyon Meadows Off-Leash Area (South Calgary),Leash Free,"<p>This park sits along the southern boundary of Canyon Meadows, providing a wide open grassy field for off-leash fun. Popular among locals, it's a simple but spacious area for dogs to run and play.</p>",Canyon Meadows Dr SW & 14 St SW,,,Calgary,Alberta,T2W 6H2,No,No,Grass,Approx. 2.5 acres,No,Yes,,Yes,,Yes,No,5:00 AM to 11:00 PM,,https://www.calgary.ca/parks/off-leash-locations.html,"https://www.google.com/maps/place/Canyon+Meadows+Dr+SW+%26+14+St+SW,+Calgary,+AB+T2W+6H2","open space, grass, south calgary, active dogs",<p>No fencing; dogs must be voice-controlled due to proximity to roadways.</p>,<p>Canyon Meadows Off-Leash Area in South Calgary offers a large grassy space for dogs to run freely and socialize with plenty of room to roam.</p>,,,,
Captain Cornelius Park,captain-cornelius-park,683758b0a3f8a696dfc417b0,683758b09dd1e3ac2e4e9809,684dea532bf1fd77795d49c0,false,false,Sat Jun 14 2025 21:32:03 GMT+0000 (Coordinated Universal Time),Sat Jun 14 2025 21:41:32 GMT+0000 (Coordinated Universal Time),Sat Jun 14 2025 23:55:34 GMT+0000 (Coordinated Universal Time),"Captain Cornelius Park Dog Park in Hamilton, Ontario",Dogs Allowed,"<p id="""">Captain Cornelius Park is a small community park with open green space, seating, and play areas where dogs are welcome on-leash. It's a simple neighborhood spot for quick dog walks.</p>",150 Mountbatten Dr,43.22404520592535,-79.89166768580296,Hamilton,Ontario,L9C 4T8,No,No,Grass,Approx. 1 acre,No,Yes,Yes,Yes,No,Street parking,No,7:00 AM – 9:00 PM,None,,"https://www.google.com/maps/place/Captain+Cornelius+Park/@43.2233142,-79.8939046,17z/data=!4m6!3m5!1s0x882c9ae129c630f9:0x3f759c2114a948b8!8m2!3d43.2239553!4d-79.891952!16s%2Fg%2F1tk1zpct!5m1!1e1?entry=ttu&g_ep=EgoyMDI1MDYxMS4wIKXMDSoASAFQAw%3D%3D","on-leash, small park, benches, shaded",<p>Quiet neighborhood park with green space for on-leash dogs.</p>,<p>Captain Cornelius Park is a small neighborhood park offering open grass and seating for relaxed on-leash walks with your dog.</p>,,,,
Carburn Park Off-Leash Area,carburn-park-off-leash-area,683758b0a3f8a696dfc417b0,683758b09dd1e3ac2e4e9809,683b175f27d44bc11e0e3e01,false,false,Sat May 31 2025 14:51:11 GMT+0000 (Coordinated Universal Time),Sat May 31 2025 14:51:11 GMT+0000 (Coordinated Universal Time),Sun Jun 01 2025 00:16:54 GMT+0000 (Coordinated Universal Time),Carburn Park (Scenic Off-Leash Trails by the River),Leash Free,"<p>Located in southeast Calgary along the Bow River, Carburn Park features gravel trails and wide-open green space for off-leash activities. It provides peaceful natural surroundings, ponds, and river access.</p>",67 Riverview Dr SE,,,Calgary,Alberta,T2C 4H8,No,No,Grass and Gravel Trails,135 acres,Yes,Yes,,Yes,,Yes,Yes,5:00 AM to 11:00 PM,,https://www.calgary.ca/parks/off-leash-locations.html,"https://www.google.com/maps/place/Carburn+Park/@50.976561,-114.0139753","riverside, trails, shaded, natural, open space",<p>Ideal for long walks and well-trained dogs.</p>,"<p>Carburn Park offers scenic, peaceful riverside trails and green space in southeast Calgary for dogs to roam freely and safely off leash.</p>",,,,
Carmel Park,carmel-park-chilliwack,683758b0a3f8a696dfc417b0,683758b09dd1e3ac2e4e9809,68710978de573dc6f2014ef9,false,false,Fri Jul 11 2025 12:54:16 GMT+0000 (Coordinated Universal Time),Fri Jul 11 2025 14:09:10 GMT+0000 (Coordinated Universal Time),Fri Jul 11 2025 17:00:43 GMT+0000 (Coordinated Universal Time),Carmel Park | Chilliwack Dog-Friendly Park,Sub neighbourhood park,"<p>Carmel Park is a small Chilliwack neighbourhood park with open grass, playground, and picnic-table amenities, but it is not listed by the city as an official off-leash dog area.</p>",Westview Avenue area - verify exact access on arrival,49.17333,-121.97104,Chilliwack,British Columbia,V2P 6W8,No,No,Grass and neighbourhood park surfaces,Small neighbourhood park,No city-confirmed drinking water noted,Unknown - verify on arrival,Some tree cover,Unknown - verify on arrival,No city-confirmed dispensers noted,Street parking likely - verify on arrival,No city-confirmed washrooms noted,Verify posted hours on arrival,Check posted city rules and seasonal notices,https://www.chilliwack.com/main/page.cfm?id=1754,https://www.google.com/maps/search/?api=1&query=Carmel+Park+Chilliwack+BC,"dog-friendly,neighbourhood-park,chilliwack,carmel-park","<p>Primary sources: https://www.chilliwack.com/main/page.cfm?id=1754 and https://www.chilliwack.com/main/page.cfm?id=2579. Reviewed on July 30, 2026. This page was corrected because Carmel Park is not listed by the City of Chilliwack as an official off-leash dog area.</p>","<p>Carmel Park is a <strong>sub-neighbourhood park</strong> in Chilliwack with open grass, playground access, and picnic-table amenities in a small residential park setting.</p>",,2026-07-30,Carmel Park | Chilliwack Dog-Friendly Park | LeashFree.ca,"Source-backed guide to Carmel Park in Chilliwack, including current City of Chilliwack park classification, neighbourhood amenities, and off-leash listing context."
Carol Disher Park,carol-disher-park,683758b0a3f8a696dfc417b0,683758b09dd1e3ac2e4e9809,6841e594ae874d5d9b4552d7,false,false,Thu Jun 05 2025 18:44:36 GMT+0000 (Coordinated Universal Time),Thu Jun 05 2025 18:51:22 GMT+0000 (Coordinated Universal Time),Thu Jun 05 2025 18:56:13 GMT+0000 (Coordinated Universal Time),Carol Disher Leash-Free Dog Park (Catherine Street Park),Leash Free,"<p>The Carol Disher Leash-Free Dog Park is a centrally located off-leash area within Catherine Street Park. While smaller in size than Burgoyne Woods, it provides a fully fenced space for dogs to run and socialize in a neighborhood setting. The park includes shade trees, benches, and waste disposal amenities.</p>",69 Catherine Street,43.16856388550523,-79.24667837591701,St. Catharines,Ontario,L2R 7R5,Yes,No,Grass,Approx. 0.5 acres,No,Yes,Yes,Yes,Yes,Street parking,No,6:00 AM – 11:00 PM,None,https://www.stcatharines.ca/en/recreation-and-leisure/leash-free-dog-parks.aspx,"https://www.google.com/maps/place/Carol+Disher+Leash-Free+Dog+Park/@43.1682587,-79.2515278,16z/data=!3m1!4b1!4m6!3m5!1s0x89d35100756887eb:0xc80608739c562924!8m2!3d43.1682549!4d-79.2466569!16s%2Fg%2F11c6v6lwl6?entry=ttu&g_ep=EgoyMDI1MDYwMi4wIKXMDSoASAFQAw%3D%3D","fenced, benches, grass surface, shaded","<p>This park is named in honor of Carol Disher, a local advocate for leash-free spaces.</p>","<p>Carol Disher Leash-Free Dog Park provides a compact and accessible space for dog lovers in central St. Catharines. Nestled in Catherine Street Park, it’s ideal for quick visits and community dog socializing.</p>",,,,
Cassels Avenue Playground,cassels-avenue-playground,683758b0a3f8a696dfc417b0,683758b09dd1e3ac2e4e9809,6842de6c8f6b6629ee7df38d,false,false,Fri Jun 06 2025 12:26:20 GMT+0000 (Coordinated Universal Time),Fri Jun 06 2025 12:29:43 GMT+0000 (Coordinated Universal Time),Fri Jun 06 2025 13:46:10 GMT+0000 (Coordinated Universal Time),Cassels Avenue Playground (Leash-Free Dog Area),Leash Free,"<p id="""">Cassels Avenue Playground includes a small fenced-in leash-free dog area within a cozy neighborhood park in the Upper Beaches. The surface is primarily woodchips and dirt, and while amenities are minimal, it provides a safe and simple space for dogs to get some exercise. The park is particularly convenient for residents in the surrounding residential area.</p>",69 Cassels Avenue,43.6809057631645,-79.30739398132847,Toronto,Ontario,M4E 3B6,Yes,No,Woodchips and dirt,Approx. 0.1 acres,No,Yes,Yes,Yes,Yes,Street parking,No,7:00 AM – 9:00 PM,None,https://www.toronto.ca/explore-enjoy/parks-recreation/places-spaces/parks-and-recreation-facilities/location/?id=157,"https://www.google.com/maps/place/Cassels+Avenue+Dog+Park/@43.6794975,-79.3120181,17z/data=!4m14!1m7!3m6!1s0x89d4cc11fe73123b:0x93bedd869c9d5570!2sCassels+Avenue+Playground!8m2!3d43.6794937!4d-79.3071472!16s%2Fg%2F1ydpt20f9!3m5!1s0x89d4cd2ec626bea1:0x9ec9fb9c9bbd5d1d!8m2!3d43.6807817!4d-79.3073725!16s%2Fg%2F11h3pv1r6s?entry=ttu&g_ep=EgoyMDI1MDYwMy4wIKXMDSoASAFQAw%3D%3D","fenced, neighborhood park, woodchip surface, benches",<p>This park is quiet and mostly used by local residents for quick dog outings.</p>,"<p id="""">Cassels Avenue Playground provides a compact, fenced leash-free area nestled in the Upper Beaches. It’s a peaceful option for neighborhood dog owners looking for a safe, local spot to let their pups play.</p>",https://cdn.prod.website-files.com/683758b09dd1e3ac2e4e980a/6842df1a4eaff16e4dd77650_A%20dog%20enjoying%20the%20Dogs%20Off-Leash%20Area%20at%20Cassels%20Avenue%20Playground..jpg,,,
Castle Park,castle-park,683758b0a3f8a696dfc417b0,683758b09dd1e3ac2e4e9809,687153c99b1e03e2acf98075,false,false,Fri Jul 11 2025 18:11:21 GMT+0000 (Coordinated Universal Time),Fri Jul 11 2025 18:27:59 GMT+0000 (Coordinated Universal Time),Fri Jul 11 2025 19:47:06 GMT+0000 (Coordinated Universal Time),Castle Park | Port Coquitlam Off-Leash Dog Area,Park,"<p>Castle Park is an official Port Coquitlam off-leash dog area at 2252 Castle Crescent, featuring an unfenced grass park setting with trails, family amenities, and on-site dog waste stations.</p>",2252 Castle Crescent,49.23283796225187,-122.77630166490995,Port Coquitlam,British Columbia,V3C 5X8,No,No,Open grass park with walking paths,"108,499 m²",Unknown - verify on arrival,Likely in general park areas - verify on arrival,Yes - mature trees throughout park,Yes,Yes,Yes,Yes,Verify posted hours on arrival,Check posted city rules and seasonal notices,https://www.portcoquitlam.ca/services/pets-wildlife/dogs/leash-dog-areas,https://www.google.com/maps/search/?api=1&query=2252+Castle+Crescent+Port+Coquitlam+BC,"off-leash,unfenced,family-park,port-coquitlam","<p>Primary sources: https://www.portcoquitlam.ca/services/pets-wildlife/dogs/leash-dog-areas and https://www.portcoquitlam.ca/recreation-parks/parks-trails/parks-directory/castle-park. Reviewed on July 30, 2026. This page was corrected because the original record used the wrong municipality and incorrectly described the park as a fenced gravel dog area.</p>","<p>Castle Park is a <strong>Port Coquitlam</strong> park at <strong>2252 Castle Crescent</strong> with an <strong>unfenced off-leash dog area</strong>, walking trails, playground, splash park, washroom, and picnic amenities.</p>",,2026-07-30,Castle Park | Port Coquitlam Off-Leash Dog Area | LeashFree.ca,"Source-backed guide to Castle Park in Port Coquitlam, including the official 2252 Castle Crescent address, unfenced off-leash area status, park amenities, and current dog park rules."
Caswell (Mayfair) Dog Park,caswell-mayfair-dog-park,683758b0a3f8a696dfc417b0,683758b09dd1e3ac2e4e9809,6871caa359be65ec3eb902a1,false,false,Sat Jul 12 2025 02:38:27 GMT+0000 (Coordinated Universal Time),Sat Jul 12 2025 02:38:51 GMT+0000 (Coordinated Universal Time),Sat Jul 12 2025 03:27:49 GMT+0000 (Coordinated Universal Time),Caswell (Mayfair) Dog Park Leash-Free Dog Park,Leash Free,"<p>Caswell Mayfair Dog Park is a fenced off-leash area located centrally in Saskatoon, ideal for dog owners looking for urban accessibility.</p>",28th St W & Avenue F N,52.1395,-106.6692,Saskatoon,Saskatchewan,S7L 3Z9,Yes,No,grass,Small,No,Limited,Minimal,Yes,Yes,Street Parking,No,5 am – 11 pm,None,https://www.saskatoon.ca/parks-recreation-attractions/parks/dog-parks,"https://maps.google.com/?q=28th+St+W+and+Avenue+F+N,+Saskatoon,+SK","leash-free,fenced,urban",,"<p>Caswell (Mayfair) Dog Park in Saskatoon offers a centrally located, fully fenced off-leash space perfect for city dog owners.</p>",,,,
Cathy Lauritsen Memorial Off-Leash Dog Park,cathy-lauritsen-memorial-off-leash-dog-park,683758b0a3f8a696dfc417b0,683758b09dd1e3ac2e4e9809,6871c7374c28fd3477435233,false,false,Sat Jul 12 2025 02:23:51 GMT+0000 (Coordinated Universal Time),Sat Jul 12 2025 02:38:51 GMT+0000 (Coordinated Universal Time),Sat Jul 12 2025 03:27:49 GMT+0000 (Coordinated Universal Time),Cathy Lauritsen Memorial Off-Leash Dog Park Leash-Free Dog Park,Leash Free,<p>Cathy Lauritsen Memorial Off-Leash Dog Park in Regina offers a large partially fenced grassy space along Wascana Creek for off-leash fun.</p>,700 Sherwood Dr,50.4694,-104.6677,Regina,Saskatchewan,S4X 2V4,Partially,No,grass,Large,No,Limited,Partial,Yes,Yes,Yes,Unknown,6 am – 11 pm,None,https://www.regina.ca/parks-recreation-culture/dog-parks/,"https://maps.google.com/?q=700+Sherwood+Dr,+Regina,+SK","leash-free,partially-fenced,natural-area",<p>Grassy area along Wascana Creek.</p>,"<p>Cathy Lauritsen Memorial Off-Leash Dog Park in Regina features a large grassy area along Wascana Creek, offering space for dogs to explore and play.</p>",,,,
Cedar Creek Park,cedar-creek-park-kelowna,683758b0a3f8a696dfc417b0,683758b09dd1e3ac2e4e9809,6871b27f4a0992546776e7a4,false,false,Sat Jul 12 2025 00:55:27 GMT+0000 (Coordinated Universal Time),Sat Jul 12 2025 00:56:39 GMT+0000 (Coordinated Universal Time),Sat Jul 12 2025 01:27:16 GMT+0000 (Coordinated Universal Time),Cedar Creek Park | Kelowna Off-Leash Dog Beach,Park,"<p>Cedar Creek Park is a large Kelowna off-leash waterfront park with dog beach access, swimming, trails, and a broad lakeside field.</p>",5200 Lakeshore Rd,49.7993,-119.4978,Kelowna,British Columbia,V1W 4J1,No,No,"Beach shoreline, grass, and park trails",7.00 ha,Lake access for swim and cool-down,Picnic tables available,Some shade available - verify on arrival,Expected at park - verify on arrival,Unknown - verify on arrival,"Yes, but parking is extremely limited near the boat launch",Unknown - verify on arrival,Check city signage on arrival,"Check posted rules, water conditions, and city updates",https://www.kelowna.ca/parks-recreation/parks-beaches/parks-beaches-listing/cedar-creek-park,https://www.google.com/maps/search/?api=1&query=Cedar+Creek+Park+5200+Lakeshore+Rd+Kelowna+BC,"off-leash,dog-beach,lake-swim,trails,kelowna","<p>Primary source: https://www.kelowna.ca/parks-recreation/parks-beaches/parks-beaches-listing/cedar-creek-park. Supporting sources: https://www.kelowna.ca/boat-launches, https://www.kelowna.ca/parks-recreation/parks-beaches/water-quality-beaches, https://www.kelowna.ca/parks-recreation/parks-beaches/responsible-alcohol-public-spaces, and https://www.kelowna.ca/parks-recreation/parks-beaches/hidden-gems. Reviewed on July 30, 2026.</p>","<p>Cedar Creek Park is a City of Kelowna off-leash park at <strong>5200 Lakeshore Rd</strong> with a published area of <strong>7.00 hectares</strong>, lake access, trails, and one of the city&apos;s best-known off-leash dog beach settings.</p>",,2026-07-30,Cedar Creek Park | Kelowna Off-Leash Dog Beach | LeashFree.ca,"Source-backed guide to Cedar Creek Park in Kelowna, including the City of Kelowna listing at 5200 Lakeshore Rd, 7-hectare off-leash status, dog beach and swim access, trails, boat launch, and limited parking notes."
Cedar Hedge Park West,cedar-hedge-park-west,683758b0a3f8a696dfc417b0,683758b09dd1e3ac2e4e9809,684d80c8d7f25d98f9a1be18,false,false,Sat Jun 14 2025 14:01:44 GMT+0000 (Coordinated Universal Time),Sat Jun 14 2025 14:04:16 GMT+0000 (Coordinated Universal Time),Sat Jun 14 2025 20:44:56 GMT+0000 (Coordinated Universal Time),"Cedar Hedge Park West Leash-Free Dog Park in Milton, Ontario",Leash Free,"<p id="""">Cedar Hedge Park West offers a fenced leash-free area for dogs to enjoy off-leash play. The park provides open grassy space and seating for dog owners, making it a convenient stop for Milton residents.</p>",Cedar Hedge Rd & Trudeau Dr,43.53266155446776,-79.85053204232398,Milton,Ontario,L9T 6A7,Yes,Unknown,Grass,Approx. 0.5 acres,No,Yes,Minimal,Yes,Yes,Street parking,No,7:00 AM – 9:00 PM,None,https://www.milton.ca/en/parks-recreation/leash-free-dog-parks.aspx,"https://www.google.ca/maps/place/Leash+Free+Milton/@43.5328424,-79.8495289,18z/data=!4m6!3m5!1s0x882b6ede4e707f17:0xe9f1fcde46b89942!8m2!3d43.5325952!4d-79.8505371!16s%2Fg%2F11b7lg6mqf?entry=ttu&g_ep=EgoyMDI1MDYxMS4wIKXMDSoASAFQAw%3D%3D","leash-free, fenced, grass, benches",<p>Neighborhood park with fully fenced leash-free dog area.</p>,<p>Cedar Hedge Park West features a fully fenced leash-free area with grassy space for dogs to run and play off-leash in Milton.</p>,,,,
Cedarvale Park,cedarvale-park,683758b0a3f8a696dfc417b0,683758b09dd1e3ac2e4e9809,6843493f4599f65c714f0d6b,false,false,Fri Jun 06 2025 20:02:07 GMT+0000 (Coordinated Universal Time),Fri Jun 13 2025 23:16:44 GMT+0000 (Coordinated Universal Time),Sat Jun 14 2025 00:09:21 GMT+0000 (Coordinated Universal Time),Cedarvale Park (Leash-Free Dog Area),Leash Free,"<p>Cedarvale Park offers a natural leash-free dog area along its central trail. Though not fully fenced, the area is marked and frequented by local dog owners. It features grassy terrain, wooded surroundings, and a creek nearby.</p>",443 Arlington Ave,43.69239574415276,-79.4291296467633,Toronto,Ontario,M6C 3A2,Partially,No,Grass and dirt,Approx. 1.5 acres,No,Yes,Yes,Yes,No,Street parking,No,7:00 AM – 9:00 PM,None,,"https://www.google.com/maps/place/Cedarvale+Park+Dogs+Off-Leash+Area/@43.6926394,-79.4403413,15.73z/data=!4m10!1m2!2m1!1sCedarvale+Park!3m6!1s0x882b339cdcbd000b:0x9c68394df540b563!8m2!3d43.6919789!4d-79.4290916!15sCg5DZWRhcnZhbGUgUGFya1oQIg5jZWRhcnZhbGUgcGFya5IBCGRvZ19wYXJrmgEjQ2haRFNVaE5NRzluUzBWSlEwRm5TVU5sTVhSUWNsQm5FQUWqAUoQASoSIg5jZWRhcnZhbGUgcGFyaygAMh4QASIaLaJU1RynWejN8xEOCx3pvPFGaC-BK8asblIyEhACIg5jZWRhcnZhbGUgcGFya-ABAPoBBAgAECY!16s%2Fg%2F11byyhl3cb!5m1!1e1?entry=ttu&g_ep=EgoyMDI1MDYxMS4wIKXMDSoASAFQAw%3D%3D","leash-free, natural, creek, shaded",<p>Natural setting with a scenic trail used as an off-leash area.</p>,"<p>Cedarvale Park provides a natural off-leash environment with wooded trails and grassy terrain, perfect for active dogs and nature-loving owners.</p>",,,,
Cedarvale Park,cedarvale-park-halton-hills,683758b0a3f8a696dfc417b0,683758b09dd1e3ac2e4e9809,684cbf9b61e59d2f3db3202a,false,false,Sat Jun 14 2025 00:17:31 GMT+0000 (Coordinated Universal Time),Sat Jun 14 2025 13:10:02 GMT+0000 (Coordinated Universal Time),Sat Jun 14 2025 20:44:56 GMT+0000 (Coordinated Universal Time),"Cedarvale Park Leash-Free Dog Park in Halton Hills, Ontario",Leash Free,<p>Cedarvale Park offers a fenced leash-free dog area with large open grass space and shade trees. It’s one of the more popular leash-free locations in Halton Hills for daily dog exercise and socialization.</p>,181 Main St S,43.69238763146041,-79.42929180053555,Halton Hills,Ontario,L7G 5Z7,Yes,Unknown,Grass,Approx. 1 acre,No,Yes,Yes,Yes,Yes,Yes,Yes,7:00 AM – 9:00 PM,None,https://www.haltonhills.ca/en/explore-and-play/leash-free-dog-parks.aspx,"https://www.google.com/maps/place/Cedarvale+Park+Dogs+Off-Leash+Area/@43.6918561,-79.4415388,15.55z/data=!4m10!1m2!2m1!1sCedarvale+Park!3m6!1s0x882b339cdcbd000b:0x9c68394df540b563!8m2!3d43.6919789!4d-79.4290916!15sCg5DZWRhcnZhbGUgUGFya1oQIg5jZWRhcnZhbGUgcGFya5IBCGRvZ19wYXJrmgEjQ2haRFNVaE5NRzluUzBWSlEwRm5TVU5sTVhSUWNsQm5FQUWqAUoQASoSIg5jZWRhcnZhbGUgcGFyaygAMh4QASIaLaJU1RynWejN8xEOCx3pvPFGaC-BK8asblIyEhACIg5jZWRhcnZhbGUgcGFya-ABAPoBBAgAECY!16s%2Fg%2F11byyhl3cb!5m1!1e1?entry=ttu&g_ep=EgoyMDI1MDYxMS4wIKXMDSoASAFQAw%3D%3D","leash-free, fenced, shaded, benches",<p>Well-maintained leash-free area in central Halton Hills.</p>,"<p>Cedarvale Park’s leash-free dog area offers a spacious fenced space with shade, seating, and ample room for dogs to run off-leash in Halton Hills.</p>",,,,
Centennial Park,centennial-park-white-rock,683758b0a3f8a696dfc417b0,683758b09dd1e3ac2e4e9809,6871a543a0edf1a9dde4ab7a,false,false,Fri Jul 11 2025 23:58:59 GMT+0000 (Coordinated Universal Time),Sat Jul 12 2025 00:19:54 GMT+0000 (Coordinated Universal Time),Sat Jul 12 2025 01:27:16 GMT+0000 (Coordinated Universal Time),Centennial Park Leash-Free Dog Area,Leash Free,<p>Centennial Park offers a designated off-leash area for dogs in a multi-use community park setting in White Rock.</p>,14600 North Bluff Rd,49.03197640438305,-122.81746104687942,White Rock,British Columbia,V4B 3C9,Partial,No,grass,Medium,Yes,Yes,Limited,Yes,Yes,Yes,Yes,6 am – 10 pm,None,https://www.whiterockcity.ca/Facilities/Facility/Details/Centennial-Park-7,"https://www.google.com/maps/place/Centennial+Park/@49.0297254,-122.8868122,13z/data=!4m10!1m2!2m1!1sdog+park+in+White+Rock,+BC!3m6!1s0x5485c36fde68357d:0x1a57e0959388223a!8m2!3d49.0297254!4d-122.8167744!15sChpkb2cgcGFyayBpbiBXaGl0ZSBSb2NrLCBCQ1obIhlkb2cgcGFyayBpbiB3aGl0ZSByb2NrIGJjkgEEcGFya5oBI0NoWkRTVWhOTUc5blMwVkpRMEZuU1VORGNYRlFTMDVuRUFFqgFbCgkvbS8wYnQ5bHIQASoMIghkb2cgcGFyaygAMh8QASIbpLB1VatFR7g_ucqlsjVwQ1wc774u2jDvvpxkMh0QAiIZZG9nIHBhcmsgaW4gd2hpdGUgcm9jayBiY-ABAPoBBAg-EDg!16s%2Fg%2F1jkx84c_l!5m1!1e1?entry=ttu&g_ep=EgoyMDI1MDcwOC4wIKXMDSoASAFQAw%3D%3D","leash-free,grass,community",,<p>Centennial Park in White Rock includes a grassy off-leash dog zone perfect for exercise and play in a central location.</p>,,,,
Central Bark Dog Park,central-bark-dog-park,683758b0a3f8a696dfc417b0,683758b09dd1e3ac2e4e9809,6871cc6b59be65ec3eb967b6,false,false,Sat Jul 12 2025 02:46:03 GMT+0000 (Coordinated Universal Time),Wed Jul 22 2026 12:00:00 GMT+0000 (Coordinated Universal Time),Wed Jul 22 2026 12:00:00 GMT+0000 (Coordinated Universal Time),Central Bark Dog Park,Leash Free,"<p>Central Bark Dog Park is the community off-leash space associated with the Prince Albert SPCA site at 1125 North Industrial Drive in Prince Albert. The Prince Albert SPCA's current contact page confirms the shelter location, which is the clearest current source-backed anchor for the park's location.</p><p>The strongest public description of the dog park itself in this research pass comes from long-standing local reporting rather than from a current city park page. A 2019 paNOW article describes Central Bark as the city's dog park beside the SPCA building on the north side of the river and reports that the SPCA built the park in 2010.</p><p>Because a current dedicated official park page was not identified, this profile stays conservative. It uses the SPCA location page for the address and local reporting for the existence and general context of the off-leash area, while the City of Prince Albert's current animal-services page supplies the city-wide licensing and animal-control framework dog owners should follow.</p>",1125 N Industrial Dr,,,Prince Albert,Saskatchewan,S6V 5T1,Yes,Unknown,Grass,0.75 acres (reported),Unknown,Unknown,Unknown,Unknown,Unknown,Yes - verify on arrival,Unknown,Unknown - check posted signage,None confirmed in current source set,https://www.princealbertspca.ca/contact,https://www.google.com/maps/search/?api=1&query=1125+N+Industrial+Dr+Prince+Albert+SK,"leash-free, Prince Albert, Saskatchewan, Prince Albert SPCA","<p>Primary location source: https://www.princealbertspca.ca/contact. City-wide pet-rules source: https://www.citypa.ca/living-in-our-community/animal-services/. Secondary context source for park existence and history: https://panow.com/2019/12/20/p-a-dog-park-volunteer-welcomes-more-potential-parks/. A current dedicated official dog-park page was not identified, so amenities beyond the basic location and reported fenced status were kept conservative.</p>","<p>Central Bark Dog Park is the best-supported off-leash park record currently tied to Prince Albert, with location support from the Prince Albert SPCA and historical context from local reporting.</p>",,Wed Jul 22 2026 12:00:00 GMT+0000 (Coordinated Universal Time),"Central Bark Dog Park | Prince Albert, Saskatchewan","Conservative, source-backed guide to Central Bark Dog Park in Prince Albert, Saskatchewan, based on Prince Albert SPCA location data, local reporting, and current city pet-rule sources."
Central Park,central-park,683758b0a3f8a696dfc417b0,683758b09dd1e3ac2e4e9809,6839ff085cd1783e0de9cb2f,false,false,Fri May 30 2025 18:55:04 GMT+0000 (Coordinated Universal Time),Fri May 30 2025 18:59:35 GMT+0000 (Coordinated Universal Time),Fri May 30 2025 19:08:23 GMT+0000 (Coordinated Universal Time),Central Park (Leash-Free Dog Area),Leash Free,"<p>Nestled within Burlington's Central Park, this leash-free area offers a secure environment for dogs to play and socialize. The facility features a fully fenced 0.17-hectare space with a six-foot-high chain-link fence, ensuring safety for all canine visitors. A double-gated entry/exit enclosure enhances security, and an accessible park bench provides comfort for pet owners.</p>",2299 New Street,,,Burlington,Ontario,L7R 1J4,Yes,,Grass,,Unknown,Yes,Unknown,Yes,,,Unknown,8:00 AM – 11:00 PM,,https://www.burlington.ca/en/by-laws-and-animal-services/leash-free-dog-parks.aspx,"https://www.google.com/maps/place/2299+New+St,+Burlington,+ON+L7R+1J4","fenced, grass surface, accessible bench, parking",,"<p>Central Park's leash-free area in Burlington provides a safe and welcoming space for dogs to enjoy off-leash play. With its secure fencing and convenient location, it's a favorite spot for local dog owners seeking a reliable and accessible dog park.</p>",https://cdn.prod.website-files.com/683758b09dd1e3ac2e4e980a/6838bf8248d43e4eb440ee42_golden-retriever-in-forest-edge-dog-park.png,,,
Charleson Park,charleson-dog-park,683758b0a3f8a696dfc417b0,683758b09dd1e3ac2e4e9809,6838bee6c705a35db2aca48a,false,false,Thu May 29 2025 20:09:10 GMT+0000 (Coordinated Universal Time),Thu May 29 2025 23:37:10 GMT+0000 (Coordinated Universal Time),Thu May 29 2025 23:38:18 GMT+0000 (Coordinated Universal Time),Charleson Park (off-leash dog park),Leash Free,"<p>Charleson Park is a fantastic leash-free zone for dogs located in Vancouver, BC. Covering 4251 square meters, it has a grass base that supports active dog activities. Charleson Park operates 6 AM to 10 PM, where the environment offers wide-open green space, offers shady spots, and is close to limited facilities. Don’t forget that it does not include water access, which is ideal for dogs on warmer days.</p>",999 Charleson Street Vancouver,,,Vancouver,BC,,No,,Grass,,No,No,Yes,Yes,,,No,6 AM to 10 PM,,,,,,"<p>Charleson Park is a well-loved off-leash dog park in Vancouver. This park features a grass surface and an open space for dogs to roam freely. It provides no water access, minimal shade, and limited seating, making it a great destination for local dog owners to relax and let their pets socialize.</p>",https://cdn.prod.website-files.com/683758b09dd1e3ac2e4e980a/6838bfb0649f9ed0a87de7c1_dog-park-daytime-with-dog-and-grassy-field.png,,,
Charleson Park,charleson-dog-park-8fc05,683758b0a3f8a696dfc417b0,683758b09dd1e3ac2e4e9809,6838bee83e3c59bfa08678bd,false,false,Thu May 29 2025 20:09:12 GMT+0000 (Coordinated Universal Time),Thu May 29 2025 23:37:10 GMT+0000 (Coordinated Universal Time),Thu May 29 2025 23:38:18 GMT+0000 (Coordinated Universal Time),Charleson Park (off-leash dog park),Leash Free,"<p>If you're in Vancouver, BC, and looking for a great off-leash dog park, check out Charleson Park. The park’s grass surface and 8094 square meters make it a wonderful space for dogs to burn energy. Visitors can enjoy 6 AM to 10 PM access, and the park includes comfortable benches, offers shady spots, and is close to limited facilities. Plus, it does not include water access, making it a top destination for canine fun and exercise.</p>",999 Charleson Street Vancouver,,,Vancouver,BC,,No,,Grass,,No,Yes,Yes,Yes,,,No,6 AM to 10 PM,,,,,,"<p>Charleson Park is a well-loved off-leash dog park in Vancouver. This park features a grass surface and an open space for dogs to roam freely. It provides no water access, minimal shade, and limited seating, making it a great destination for local dog owners to relax and let their pets socialize.</p>",,,,
Charleston Lake Provincial Park,charleston-lake-provincial-park,683758b0a3f8a696dfc417b0,683758b09dd1e3ac2e4e9809,68705ce1e5a24de1e9a7c8d7,false,false,Fri Jul 11 2025 00:37:53 GMT+0000 (Coordinated Universal Time),Fri Jul 11 2025 00:38:45 GMT+0000 (Coordinated Universal Time),Fri Jul 11 2025 12:18:36 GMT+0000 (Coordinated Universal Time),Charleston Lake Provincial Park Leash-Free Dog Park,Leash Free,"<p>Charleston Lake Provincial Park features a designated dog beach and trails for off-leash enjoyment within a scenic, forested environment.</p>",148 Woodvale Rd,44.498554305564625,-76.04473366962654,Charleston Lake,Ontario,K0E 1B0,No,No,"grass, sand, forest trail",Large,Yes,Yes,Yes,Yes,No,Yes,Yes (Seasonal),8 am – 10 pm,Park access may vary by season,https://www.ontarioparks.com/park/charlestonlake,"https://www.google.com/maps/place/Charleston+Lake+Provincial+Park/@44.497085,-76.1137415,13z/data=!4m10!1m2!2m1!1sdog+park+near+Charleston+Lake,+ON!3m6!1s0x4ccd6ea2d1bd0cd5:0xb09e3e243339862!8m2!3d44.497085!4d-76.0437037!15sCiFkb2cgcGFyayBuZWFyIENoYXJsZXN0b24gTGFrZSwgT05aIiIgZG9nIHBhcmsgbmVhciBjaGFybGVzdG9uIGxha2Ugb26SAQRwYXJrmgEkQ2hkRFNVaE5NRzluUzBWSlEwRm5TVU53TjFremN6aDNSUkFCqgFiCgkvbS8wYnQ5bHIQASoMIghkb2cgcGFyaygAMh8QASIbrdLk8dAHWHjMiS1QEFq73iafpz0sWwS70qJmMiQQAiIgZG9nIHBhcmsgbmVhciBjaGFybGVzdG9uIGxha2Ugb27gAQD6AQQIABA-!16zL20vMDQycWo2!5m1!1e1?entry=ttu&g_ep=EgoyMDI1MDcwNy4wIKXMDSoASAFQAw%3D%3D","leash-free,dog-beach,trails,provincial-park",<p>Dogs permitted off-leash in designated beach and trail areas only.</p>,"<p>Charleston Lake Provincial Park offers dog-friendly beach access and wooded trails, ideal for off-leash fun in a natural setting.</p>",,,,
Charleswood Dog Park,charleswood-dog-park,683758b0a3f8a696dfc417b0,683758b09dd1e3ac2e4e9809,6871c419fa028e4e52074f69,false,false,Sat Jul 12 2025 02:10:33 GMT+0000 (Coordinated Universal Time),Sat Jul 12 2025 02:12:28 GMT+0000 (Coordinated Universal Time),Sat Jul 12 2025 03:27:49 GMT+0000 (Coordinated Universal Time),Charleswood Dog Park Leash-Free Dog Park,Leash Free,"<p>Charleswood Dog Park is a spacious off-leash area in west Winnipeg, popular for its forested trails and open meadows.</p>",3900 Roblin Blvd,49.8652,-97.3017,Winnipeg,Manitoba,R3R 0C3,No,No,"grass, trail",Large,No,Limited,Yes,Yes,Yes,Yes,No,7 am – 11 pm,None,https://winnipeg.ca/publicworks/parksOpenSpace/OffLeashAreas/,"https://maps.google.com/?q=Charleswood+Dog+Park,+Winnipeg,+MB","leash-free,trail,meadow",,<p>Charleswood Dog Park in Winnipeg is a beloved forested dog park with scenic trails and wide-open space for off-leash fun.</p>,,,,
Chemainus Lake Park,chemainus-lake-park-ladysmith,683758b0a3f8a696dfc417b0,683758b09dd1e3ac2e4e9809,68719f7128af3a303ed40464,false,false,Fri Jul 11 2025 23:34:09 GMT+0000 (Coordinated Universal Time),Fri Jul 11 2025 23:36:20 GMT+0000 (Coordinated Universal Time),Sat Jul 12 2025 01:27:16 GMT+0000 (Coordinated Universal Time),Chemainus Lake Park Leash-Free Area,Leash Free,"<p>Chemainus Lake Park features off-leash access to trails around a peaceful lake, ideal for dogs to explore and swim.</p>",North of Chemainus Rd,48.943558915351815,-123.75970610414029,Ladysmith,British Columbia,V0R 1K0,No,No,"dirt, grass, lake",Large,Yes,Yes,Yes,Yes,No,Yes,Yes,6 am – 10 pm,None,https://www.cvrd.ca/Facilities/Facility/Details/Chemainus-Lake-Park-9,"https://www.google.com/maps/place/Chemainus+Lake+Park/@49.0444785,-124.877565,9z/data=!4m10!1m2!2m1!1sdog+park+in+Ladysmith,+BC!3m6!1s0x548f529ebca6f7e1:0xb9afef2db4edcebe!8m2!3d48.9133056!4d-123.7509441!15sChlkb2cgcGFyayBpbiBMYWR5c21pdGgsIEJDWhoiGGRvZyBwYXJrIGluIGxhZHlzbWl0aCBiY5IBCGRvZ19wYXJrmgEjQ2haRFNVaE5NRzluUzBWSlEwRm5TVU5TZFV3M09XRjNFQUWqAVkKCS9tLzBidDlschABKgwiCGRvZyBwYXJrKAAyHhABIhqn6kBS0Syns9MylYq97XK75fZI-HdFJMWGxzIcEAIiGGRvZyBwYXJrIGluIGxhZHlzbWl0aCBiY-ABAPoBBAgAEEE!16s%2Fg%2F1q6n2ppzm!5m1!1e1?entry=ttu&g_ep=EgoyMDI1MDcwOC4wIKXMDSoASAFQAw%3D%3D","leash-free,lake,trail,nature",,"<p>Chemainus Lake Park near Ladysmith offers a scenic off-leash trail loop around the lake, perfect for dog exercise and nature time.</p>",,,,
Cherry Beach/Clarke Beach Park,cherry-beach-clarke-beach-park,683758b0a3f8a696dfc417b0,683758b09dd1e3ac2e4e9809,68434ad20abbf4f112276626,false,false,Fri Jun 06 2025 20:08:50 GMT+0000 (Coordinated Universal Time),Fri Jun 13 2025 23:07:49 GMT+0000 (Coordinated Universal Time),Sat Jun 14 2025 00:09:21 GMT+0000 (Coordinated Universal Time),Cherry Beach/Clarke Beach Park (Leash-Free Dog Area),Leash Free,"<p>Cherry Beach features one of Toronto's few leash-free zones with lake access, letting dogs swim and run freely on sand and grassy areas. It’s fully fenced on the land side and extremely popular in summer.</p>",1 Cherry St,43.63681749082125,-79.34532788251299,Toronto,Ontario,M5A 3L1,Yes,No,Sand and grass,Approx. 5 acres,Yes,Yes,Yes,Yes,Yes,Yes,Yes,7:00 AM – 9:00 PM,None,,"https://www.google.com/maps/place/Cherry+Beach+Off+Leash+Dog+Park/@43.6362916,-79.3458494,18.08z/data=!4m14!1m7!3m6!1s0x89d4cb0271a458bd:0xdf379a132aa1fb69!2sCherry+Beach!8m2!3d43.6369864!4d-79.3440914!16zL20vMDI4eno4!3m5!1s0x89d4cafd50ead0e9:0x5d295d330dea9b3c!8m2!3d43.6367497!4d-79.3453069!16s%2Fg%2F11c0w8z84v!5m1!1e1?entry=ttu&g_ep=EgoyMDI1MDYxMS4wIKXMDSoASAFQAw%3D%3D","leash-free, waterfront, swimming, sandy",<p>Extremely popular in summer; bring towels for wet dogs.</p>,"<p>Cherry Beach is a unique leash-free area where dogs can run along the sand and swim in Lake Ontario, making it a favorite summer destination for pet owners.</p>",,,,
Chevrier Park,chevrier-park-cornwall,683758b0a3f8a696dfc417b0,683758b09dd1e3ac2e4e9809,687056195879ff02c2f53f4a,false,false,Fri Jul 11 2025 00:08:57 GMT+0000 (Coordinated Universal Time),Fri Jul 11 2025 00:29:15 GMT+0000 (Coordinated Universal Time),Fri Jul 11 2025 12:18:36 GMT+0000 (Coordinated Universal Time),Chevrier Park Leash Free Dog Park,Dogs Allowed,<p>Chevrier Park in Cornwall is a neighborhood green space where dogs are welcome on-leash for casual walks and play.</p>,1115 First St E,45.049392686534844,-74.75722073553197,Cornwall,Ontario,K6H 6K4,No,No,grass,Small,No,Yes,Partial,Yes,No,Street Parking,No,6 am – 10 pm,None,https://www.cornwall.ca/en/play-here/parks-and-trails.aspx,"https://www.google.com/maps/place/Chevrier+Park/@45.0378701,-74.7908664,13z/data=!4m10!1m2!2m1!1sdog+park+near+Cornwall,+ON!3m6!1s0x4ccc19c84fe67665:0x36aa9db26cf0d43!8m2!3d45.0464545!4d-74.7553467!15sChpkb2cgcGFyayBuZWFyIENvcm53YWxsLCBPTpIBBHBhcmuqAVsKCS9tLzBidDlschABKgwiCGRvZyBwYXJrKAAyHxABIhuksHsJxwJo9PFt9fpDOlteXx7KimWJBff1Ck4yHRACIhlkb2cgcGFyayBuZWFyIGNvcm53YWxsIG9u4AEA!16s%2Fg%2F11gy6jxnrs!5m1!1e1?entry=ttu&g_ep=EgoyMDI1MDcwNy4wIKXMDSoASAFQAw%3D%3D","dogs-allowed,grass,local",<p>Not a designated off-leash area.</p>,<p>Chevrier Park is a small neighborhood park in Cornwall where dogs are welcome on-leash for a stroll or a play session on the grass.</p>,,,,
Chief Whitecap Park,chief-whitecap-park,683758b0a3f8a696dfc417b0,683758b09dd1e3ac2e4e9809,6871ca37b5fc585879775b02,false,false,Sat Jul 12 2025 02:36:39 GMT+0000 (Coordinated Universal Time),Sat Jul 12 2025 02:38:51 GMT+0000 (Coordinated Universal Time),Sat Jul 12 2025 03:27:49 GMT+0000 (Coordinated Universal Time),Chief Whitecap Park Leash-Free Dog Park,Leash Free,"<p>Chief Whitecap Park offers a natural off-leash experience in Saskatoon, with riverside trails and open space for adventurous dogs.</p>","Chief Whitecap Park, Saskatoon",52.0697,-106.7542,Saskatoon,Saskatchewan,S7T 1C8,No,No,"dirt, grass",Very Large,No,No,Yes,Yes,No,Yes,No,5 am – 11 pm,None,https://www.saskatoon.ca/parks-recreation-attractions/parks/dog-parks,"https://maps.google.com/?q=Chief+Whitecap+Park,+Saskatoon,+SK","leash-free,riverside,trails",<p>Not fenced. Riverside terrain.</p>,<p>Chief Whitecap Park in Saskatoon offers a natural riverside setting for dogs to explore off-leash across scenic trails.</p>,,,,
Chilliwack Community Forest,chilliwack-community-forest,683758b0a3f8a696dfc417b0,683758b09dd1e3ac2e4e9809,6871063485c6dea09060fe3b,false,false,Fri Jul 11 2025 12:40:20 GMT+0000 (Coordinated Universal Time),Fri Jul 11 2025 12:40:20 GMT+0000 (Coordinated Universal Time),Fri Jul 11 2025 17:00:43 GMT+0000 (Coordinated Universal Time),Chilliwack Community Forest | Chilliwack Dog-Friendly Trails,Park / trail network,"<p>Chilliwack Community Forest is a 100-acre city forest at 51642 Allan Road with multi-use trails, viewpoints, picnic amenities, and current source-backed clarification that it is not listed by the city as an official off-leash dog area.</p>",51642 Allan Road,49.0794,-121.8543,Chilliwack,British Columbia,V4Z 1A7,No,No,Natural forest trails,100 acres,No city-confirmed drinking water noted,Yes - resting benches at scenic viewpoints,Yes,Unknown - verify on arrival,No city-confirmed dispensers noted,Yes,Outhouse,Verify posted hours on arrival,Check posted trail and weather conditions,https://www.chilliwack.com/main/page.cfm?dowhat=locationView&id=1754&plID=183,https://www.google.com/maps/search/?api=1&query=51642+Allan+Road+Chilliwack+BC,"dog-friendly,forest-trails,chilliwack,community-forest","<p>Primary sources: https://www.chilliwack.com/main/page.cfm?dowhat=locationView&id=1754&plID=183 and https://www.chilliwack.com/main/page.cfm?id=2579. Supporting sources: https://www.chilliwack.com/main/page.cfm?id=3173 and https://www.chilliwack.com/main/page.cfm?id=37&prID=591&prshow=details. Reviewed on July 30, 2026. This page was corrected because the current City of Chilliwack sources do not list Community Forest as an official off-leash dog area.</p>","<p>Chilliwack Community Forest is a <strong>100-acre city-owned forest property</strong> at <strong>51642 Allan Road</strong> with multi-use trails, viewpoints, picnic amenities, and forest access for walkers, runners, and cyclists.</p>",,2026-07-30,Chilliwack Community Forest | Chilliwack Dog-Friendly Trails | LeashFree.ca,"Source-backed guide to Chilliwack Community Forest at 51642 Allan Road, including trail details, amenities, accessibility improvements, and the current City of Chilliwack off-leash listing context."
Chris Gibson Park,chris-gibson-park,683758b0a3f8a696dfc417b0,683758b09dd1e3ac2e4e9809,685a00582217bbe14f267dea,false,false,Tue Jun 24 2025 01:33:12 GMT+0000 (Coordinated Universal Time),Tue Jun 24 2025 20:48:17 GMT+0000 (Coordinated Universal Time),Tue Jun 24 2025 21:21:34 GMT+0000 (Coordinated Universal Time),Chris Gibson Park Leash-Free Dog Park,Leash Free,<p>A fenced leash-free dog run next to community sports and rec facilities.</p>,135 McLaughlin Rd N,43.683776701053105,-79.77673517945249,Brampton,Ontario,L6X1Y9,Yes,No,grass/woodchips,Small,No,Yes,Limited,Yes,Yes,Yes,Yes (Community Centre),7 am – 10 pm,None,https://www.brampton.ca/EN/residents/Recreation/Community-Centres/Pages/Chris-Gibson.aspx,"https://www.google.com/maps/place/Chris+Gibson+Dog+park/@43.6828418,-79.7785376,17z/data=!4m15!1m8!3m7!1s0x882b15af071af7f9:0x5400465e99bb741e!2s135+McLaughlin+Rd+N,+Brampton,+ON+L6Y+2C8!3b1!8m2!3d43.6828418!4d-79.7759627!16s%2Fg%2F11sc95ff8q!3m5!1s0x882b156856d9c267:0xd45e992e894c5feb!8m2!3d43.6836818!4d-79.7766681!16s%2Fg%2F11q97dnd8w!5m1!1e1?entry=ttu&g_ep=EgoyMDI1MDYxNy4wIKXMDSoASAFQAw%3D%3D","leash-free,fenced,community-centre",<p>Close to Chris Gibson Recreation Centre and soccer fields.</p>,"<p>Chris Gibson Park in Brampton offers a convenient fenced dog park near the recreation centre, ideal for quick off-leash visits.</p>",,,,
Churchill Park,churchill-park,683758b0a3f8a696dfc417b0,683758b09dd1e3ac2e4e9809,684dea5454375796338bfd0d,false,false,Sat Jun 14 2025 21:32:04 GMT+0000 (Coordinated Universal Time),Sat Jun 14 2025 21:36:33 GMT+0000 (Coordinated Universal Time),Sat Jun 14 2025 23:55:34 GMT+0000 (Coordinated Universal Time),"Churchill Park Dog Park in Hamilton, Ontario",Dogs Allowed,"<p>Churchill Park features large open fields and scenic trails adjacent to the Royal Botanical Gardens. Dogs are permitted on-leash and can enjoy walking paths, shade, and nature views.</p>",255 Glen Rd,43.26582573747425,-79.9040180886179,Hamilton,Ontario,L8S 3M6,No,No,"Grass, paved and gravel trails",Approx. 20 acres,No,Yes,Yes,Yes,Yes,Yes,Yes,7:00 AM – 9:00 PM,None,,"https://www.google.com/maps/place/Churchill+Park/@43.2658804,-79.909758,16z/data=!4m15!1m8!3m7!1s0x882c9b58a68e336b:0x55c86a8c335fe6bf!2sChurchill+Park,+187+Cline+Ave+N,+Hamilton,+ON!3b1!8m2!3d43.2671306!4d-79.9031776!16s%2Fg%2F11bvtb2w4z!3m5!1s0x882c9b9fa5839b7f:0x7f6e3d41e818af77!8m2!3d43.2654396!4d-79.9039969!16s%2Fg%2F11h51cxwvg!5m1!1e1?entry=ttu&g_ep=EgoyMDI1MDYxMS4wIKXMDSoASAFQAw%3D%3D","on-leash, trails, scenic, shaded, botanical gardens",<p>Popular for long scenic on-leash walks connecting to RBG trails.</p>,<p>Churchill Park offers wide open fields and scenic trails for on-leash dog walks right beside Hamilton's Royal Botanical Gardens.</p>,,,,
Clarence Square Park,clarence-square-park,683758b0a3f8a696dfc417b0,683758b09dd1e3ac2e4e9809,68434c3644ae5f6cba3987f9,false,false,Fri Jun 06 2025 20:14:46 GMT+0000 (Coordinated Universal Time),Fri Jun 13 2025 23:06:43 GMT+0000 (Coordinated Universal Time),Sat Jun 14 2025 00:09:21 GMT+0000 (Coordinated Universal Time),Clarence Square Park (Leash-Free Dog Area),Leash Free,"<p>Clarence Square Park, located in downtown Toronto, offers a compact but lively off-leash dog area. Fully fenced with benches and shade from mature trees, it’s popular among condo residents and urban dog walkers.</p>",25 Clarence Square,43.64393402659566,-79.39346395032125,Toronto,Ontario,M5V 1H1,Yes,No,Grass and mulch,Approx. 0.4 acres,No,Yes,Yes,Yes,Yes,Street parking,No,7:00 AM – 11:00 PM,None,,"https://www.google.com/maps/place/Clarence+Square+Dog+Park,+Clarence+Square,+Toronto,+ON/@43.6440616,-79.3939548,20z/data=!4m14!1m7!3m6!1s0x882b34d9bcccb90d:0x7e0fb8426ba7a8c1!2sClarence+Square!8m2!3d43.6441701!4d-79.3937204!16s%2Fm%2F04_0yvy!3m5!1s0x882b34d9bba3ef8f:0x50d8b715b4a912cf!8m2!3d43.643913!4d-79.3934523!16s%2Fg%2F11b8tbcvqy!5m1!1e1?entry=ttu&g_ep=EgoyMDI1MDYxMS4wIKXMDSoASAFQAw%3D%3D","leash-free, downtown, benches, shaded",<p>Heavily used during evenings; central location.</p>,"<p>Clarence Square Park is a charming downtown off-leash area, shaded and secure, catering to Toronto’s condo-dwelling dog lovers.</p>",,,,
Coach Hill Off-Leash Area,coach-hill-off-leash-area,683758b0a3f8a696dfc417b0,683758b09dd1e3ac2e4e9809,683b175e8bdb48594af26242,false,false,Sat May 31 2025 14:51:10 GMT+0000 (Coordinated Universal Time),Sat May 31 2025 14:51:10 GMT+0000 (Coordinated Universal Time),Sun Jun 01 2025 00:16:54 GMT+0000 (Coordinated Universal Time),Coach Hill Off-Leash Area (Scenic Southwest Trail),Leash Free,<p>Coach Hill offers a quiet and scenic off-leash path with rolling grassy slopes and mature trees. It’s a small neighborhood park that feels tucked away from the city bustle.</p>,Coach Hill Road SW & Coach Hill Lane SW,,,Calgary,Alberta,T3H 1C2,No,No,Grass and Dirt Trail,Approx. 1.2 acres,No,No,,Yes,,Street Parking Only,No,5:00 AM to 11:00 PM,,https://www.calgary.ca/parks/off-leash-locations.html,"https://www.google.com/maps/place/Coach+Hill+Road+SW+%26+Coach+Hill+Lane+SW,+Calgary,+AB+T3H+1C2","neighbourhood, grass, shaded, quiet","<p>Ideal for dogs that prefer peaceful, low-traffic environments.</p>","<p>The Coach Hill Off-Leash Area is a peaceful, tree-lined green space in southwest Calgary where dogs can explore grassy slopes and trails off-leash.</p>",,,,
Colin Alton Parkette,colin-alton-parkette,683758b0a3f8a696dfc417b0,683758b09dd1e3ac2e4e9809,683a00f2ea913c1bdb32b285,false,false,Fri May 30 2025 19:03:14 GMT+0000 (Coordinated Universal Time),Fri May 30 2025 19:07:11 GMT+0000 (Coordinated Universal Time),Fri May 30 2025 19:08:23 GMT+0000 (Coordinated Universal Time),Colin Alton Parkette (Leash-Free Dog Area),Leash Free,"<p>Colin Alton Parkette, situated in Burlington's Alton West Village, offers a compact yet fully equipped leash-free area for dogs. The park features a fully fenced enclosure with double-gated access, ensuring safety and security for canine visitors. Additional amenities include an accessible 200-meter looped paved path, outdoor fitness equipment, shaded seating areas, and a drinking fountain with a ground-level dog bowl.</p>",3925 Leonardo Street,,,Burlington,ON,L7M 0Z2,Yes,,,,Yes,Yes,Yes,Yes,,,No,8:00 AM – 11:00 PM,,https://www.burlington.ca/en/news/current-city-projects-and-construction/colin-alton-parkette.aspx,"https://www.google.com/maps/place/3925+Leonardo+St,+Burlington,+ON+L7M+0Z2","fenced, grass surface, water source, shaded areas, fitness equipment",,"<p>Colin Alton Parkette provides a thoughtfully designed leash-free area in Burlington's Alton West Village. With its secure fencing, accessible pathways, and additional amenities, it offers a welcoming space for dogs and their owners to enjoy.</p>",https://cdn.prod.website-files.com/683758b09dd1e3ac2e4e980a/683a01d98e772167f18a4d16_Colin%20Alton%20Parkette%20%E2%80%93%20Leash-Free%20Dog%20Area.png,,,
Colonel Danforth Park,colonel-danforth-park,683758b0a3f8a696dfc417b0,683758b09dd1e3ac2e4e9809,684cb8028fa4e16ec13fe90a,false,false,Fri Jun 13 2025 23:45:06 GMT+0000 (Coordinated Universal Time),Fri Jun 13 2025 23:59:40 GMT+0000 (Coordinated Universal Time),Sat Jun 14 2025 00:09:21 GMT+0000 (Coordinated Universal Time),"Colonel Danforth Park Dog Park in Scarborough, Ontario",Dogs Allowed,"<p>Colonel Danforth Park features picturesque wooded trails along Highland Creek, where dogs are permitted on-leash. It’s popular for scenic walking and peaceful nature outings with your dog.</p>",73 Colonel Danforth Trail,43.780362854600824,-79.16939962680641,Toronto,Ontario,M1C 1G3,No,No,"Wooded trails, grass",Approx. 12 acres,Yes,Yes,Yes,Yes,No,Yes,Yes,7:00 AM – 9:00 PM,None,https://www.toronto.ca/explore-enjoy/parks-recreation/places-spaces/parks-and-recreation-facilities/location/?id=4,"https://www.google.com/maps/place/Colonel+Danforth+Park/@43.7790615,-79.1768347,16z/data=!4m10!1m2!2m1!1sColonel+Danforth+Park!3m6!1s0x89d4da5b26483e15:0x2162e23bfe655874!8m2!3d43.7799654!4d-79.169177!15sChVDb2xvbmVsIERhbmZvcnRoIFBhcmuSAQljaXR5X3BhcmuqAT0QATIeEAEiGnVcrNqDa6YsPfWvBXuMJJUFKd-9LkjndcB9MhkQAiIVY29sb25lbCBkYW5mb3J0aCBwYXJr4AEA!16s%2Fg%2F11c5qts39x!5m1!1e1?entry=ttu&g_ep=EgoyMDI1MDYxMS4wIKXMDSoASAFQAw%3D%3D","on-leash, trails, shaded, nature park",<p>Extensive trails; leashed dogs only allowed.</p>,<p>Colonel Danforth Park offers extensive nature trails along Highland Creek for peaceful on-leash adventures with your dog.</p>,,,,
Colonel Samuel Smith Park,colonel-samuel-smith-park,683758b0a3f8a696dfc417b0,683758b09dd1e3ac2e4e9809,684cb80236c46f72654c296f,false,false,Fri Jun 13 2025 23:45:06 GMT+0000 (Coordinated Universal Time),Fri Jun 13 2025 23:55:22 GMT+0000 (Coordinated Universal Time),Sat Jun 14 2025 00:09:21 GMT+0000 (Coordinated Universal Time),Colonel Samuel Smith Park Leash-Free Dog Park on Toronto Waterfront,Leash Free,"<p>Colonel Samuel Smith Park offers an open leash-free area with natural shoreline views, walking trails, and partial fencing. Dogs can enjoy large open space while owners take in lakefront scenery.</p>",3145 Lake Shore Blvd W,43.59180204247927,-79.51327305040489,Toronto,Ontario,M8V 4B6,Partially,No,"Grass, trails, shoreline",Approx. 4 acres,Yes,Yes,Partial,Yes,Yes,Yes,Yes,7:00 AM – 11:00 PM,None,https://www.toronto.ca/explore-enjoy/parks-recreation/places-spaces/parks-and-recreation-facilities/location/?id=466,"https://www.google.com/maps/place/Colonel+Samuel+Smith+Park/@43.591398,-79.515966,16z/data=!3m1!4b1!4m6!3m5!1s0x882b49b5047aca2f:0x11bdf5c1d684a0e5!8m2!3d43.591398!4d-79.5133857!16s%2Fm%2F05p704d!5m1!1e1?entry=ttu&g_ep=EgoyMDI1MDYxMS4wIKXMDSoASAFQAw%3D%3D","leash-free, waterfront, trails, scenic",<p>Ideal for lakeside leash-free walks and nature exploration.</p>,<p>Colonel Samuel Smith Park features a scenic leash-free area with access to Toronto's waterfront and open trails for dogs to explore.</p>,,,,
Colonel Samuel Smith Park,colonel-samuel-smith-park-etobicoke,683758b0a3f8a696dfc417b0,683758b09dd1e3ac2e4e9809,685a037e58abf32243e2c42b,false,false,Tue Jun 24 2025 01:46:38 GMT+0000 (Coordinated Universal Time),Tue Jun 24 2025 20:36:28 GMT+0000 (Coordinated Universal Time),Tue Jun 24 2025 21:21:34 GMT+0000 (Coordinated Universal Time),Colonel Samuel Smith Park Leash-Free Dog Park,Leash Free,"<p id="""">Waterfront off-leash area with trails and birdwatching</p>","Colonel Samuel Smith Park, Lake Shore Blvd W",43.591530071705655,-79.51336424632899,Etobicoke,Ontario,,No,No,grass/trails,Large,No,Yes,Yes,Yes,Yes,Yes,Yes,5 am–11 pm,None,,"https://www.google.com/maps/place/Colonel+Samuel+Smith+Park/@43.5914019,-79.5159606,17z/data=!3m1!4b1!4m6!3m5!1s0x882b49b5047aca2f:0x11bdf5c1d684a0e5!8m2!3d43.591398!4d-79.5133857!16s%2Fm%2F05p704d!5m1!1e1?entry=ttu&g_ep=EgoyMDI1MDYxNy4wIKXMDSoASAFQAw%3D%3D","leash-free,waterfront,trails",<p>Spacious waterfront park with off-leash trails and natural habitat.</p>,<p>Colonel Samuel Smith Park offers a large off-leash waterfront experience with scenic trails and abundant wildlife.</p>,,,,
Community Common,community-common,683758b0a3f8a696dfc417b0,683758b09dd1e3ac2e4e9809,6840af14d06f77b41d08d37a,false,false,Wed Jun 04 2025 20:39:48 GMT+0000 (Coordinated Universal Time),Wed Jun 04 2025 20:57:17 GMT+0000 (Coordinated Universal Time),Thu Jun 05 2025 00:31:39 GMT+0000 (Coordinated Universal Time),Community Common (Urban Leash-Free Zone),Leash Free,"<p id="""">Located in the heart of downtown Mississauga, Community Common offers a convenient urban leash-free area for dog owners. The park provides a fully fenced space with benches and waste disposal stations, making it ideal for quick visits and socialization.</p>",300 City Centre Dr,43.58773905,-79.64773389,Mississauga,Ontario,L5B 3C1,Yes,No,Grass,Approx. 0.5 acres,No,Yes,Minimal,Yes,Yes,Limited street parking,Yes,7:00 AM – 9:00 PM,None,,"https://www.google.com/maps/place/Community+Common+Dog+Spot/@43.5875487,-79.6503517,17z/data=!3m1!4b1!4m6!3m5!1s0x882b47dfaa27d369:0xeb884a658690faae!8m2!3d43.5875448!4d-79.6477768!16s%2Fg%2F11j6rtbwnh?entry=ttu&g_ep=EgoyMDI1MDYwMi4wIKXMDSoASAFQAw%3D%3D","urban, fenced, benches, downtown",<p>Ideal for residents and workers in the downtown core seeking a quick and accessible spot for their dogs.</p>,"<p>Community Common provides a convenient leash-free area in downtown Mississauga, perfect for quick visits and socializing your dog during a busy day.</p>",https://cdn.prod.website-files.com/683758b09dd1e3ac2e4e980a/6840b325d245de2f3ad4139b_Community%20Common.jpg,,,
Confederation Park,confederation-park,683758b0a3f8a696dfc417b0,683758b09dd1e3ac2e4e9809,683b175c53773d9881e3fdac,false,false,Sat May 31 2025 14:51:08 GMT+0000 (Coordinated Universal Time),Sat May 31 2025 14:51:08 GMT+0000 (Coordinated Universal Time),Sun Jun 01 2025 00:16:54 GMT+0000 (Coordinated Universal Time),Confederation Park (Leash-Free Dog Area),Leash Free,"<p>Confederation Park offers a spacious leash-free zone in Calgary’s northwest. While not fenced, the off-leash area runs through scenic natural trails with tall trees, grassy sections, and a peaceful atmosphere.</p>",2800 10 St NW,,,Calgary,Alberta,T2K 1H3,No,No,Grass and Dirt Trails,162 hectares,No,Yes,,Yes,,Yes,Yes,5:00 AM to 11:00 PM,,https://www.calgary.ca/parks/confederation-park.html,"https://www.google.com/maps/place/2800+10+St+NW,+Calgary,+AB+T2K+1H3","off-leash, shaded, grass trails, natural space, NW Calgary",<p>Off-leash area is not fenced and overlaps with multi-use trails.</p>,"<p>Confederation Park is a charming off-leash destination in northwest Calgary, where dogs can explore scenic trails surrounded by mature trees and green space.</p>",,,,
Confederation Park,confederation-park-toronto,683758b0a3f8a696dfc417b0,683758b09dd1e3ac2e4e9809,68434ad235b7f7bac7d37f4f,false,false,Fri Jun 06 2025 20:08:50 GMT+0000 (Coordinated Universal Time),Fri Jul 17 2026 00:00:00 GMT+0000 (Coordinated Universal Time),Sat Jun 14 2025 00:09:21 GMT+0000 (Coordinated Universal Time),Confederation Park Dog Park,Leash Free,"<p>Confederation Park in Scarborough includes a designated fenced off-leash area within a larger multi-use city park. Toronto's 2025 off-leash area study lists this location in Ward 24, confirms that the dog area is fenced, and notes that there is no separate small-dog enclosure.</p><p>The broader park also includes washrooms, parking, sports facilities, and other recreation uses, so visitors should expect shared circulation outside the signed dog zone. Keep dogs leashed until you reach the posted off-leash boundary and check on-site signs for temporary closures or maintenance activity.</p>",200 Markham Rd,43.77447641723238,-79.23488866756675,Toronto,Ontario,M1M 3B4,Yes,No,Gravel and dirt,Approx. 1 acre,Unknown,Unknown,Partial,Unknown,Unknown,Yes,Yes,Unknown - confirm current hours on site,None,https://www.toronto.ca/legdocs/mmis/2025/ie/bgrd/backgroundfile-254206.pdf,"https://www.google.com/maps/place/Confederation+Dog+Park/@43.7682946,-79.2415099,15.68z/data=!4m10!1m2!2m1!1sconfederation+park!3m6!1s0x89d4d16b7c2dd367:0xe255db7eae02b586!8m2!3d43.7739402!4d-79.235004!15sChJjb25mZWRlcmF0aW9uIHBhcmtaFCISY29uZmVkZXJhdGlvbiBwYXJrkgEIZG9nX3BhcmuaASNDaFpEU1VoTk1HOW5TMFZKUTBGblNVUktObVpxVTBOM0VBRaoBUhABKhYiEmNvbmZlZGVyYXRpb24gcGFyaygAMh4QASIaOXYMuPZ6VFy3VJDBtjPVG5B9XF3YPh4iUq0yFhACIhJjb25mZWRlcmF0aW9uIHBhcmvgAQD6AQQIABAl!16s%2Fg%2F11h3q04jr1!5m1!1e1?entry=ttu&g_ep=EgoyMDI1MDYxMS4wIKXMDSoASAFQAw%3D%3D","leash-free, fenced, gravel, Scarborough","<p>The City facility page identifies Confederation Park as a larger recreation site with amenities beyond the dog area, including washrooms and parking. Use posted signage on arrival to confirm the current off-leash footprint and any active construction or event impacts elsewhere in the park.</p>",<p>Confederation Park is one of Scarborough's fenced off-leash options for dogs that need a more enclosed place to exercise. It works best for owners who want a designated dog area inside a larger community park rather than a fully separate standalone dog run.</p>,/images/dog-parks/confederation-park-toronto-original.png,Fri Jul 17 2026 00:00:00 GMT+0000 (Coordinated Universal Time),Confederation Park Dog Park Toronto | Off-Leash Guide,"Research-backed guide to Confederation Park's fenced off-leash area in Scarborough, Toronto, with source-verified details on fencing, small-dog access, parking, and visit planning."
Confederation Park,confederation-park-burnaby,683758b0a3f8a696dfc417b0,683758b09dd1e3ac2e4e9809,6871b7d2fbcaa166b43c1e39,false,false,Sat Jul 12 2025 01:18:10 GMT+0000 (Coordinated Universal Time),Sat Jul 12 2025 01:20:32 GMT+0000 (Coordinated Universal Time),Sat Jul 12 2025 01:27:16 GMT+0000 (Coordinated Universal Time),Confederation Park | Burnaby Dog Off-Leash Area,Park,"<p>Confederation Park is an official Burnaby dog off-leash site with separate fenced enclosures for large and small dogs near the tennis courts, plus a 1.3 kilometre off-leash loop trail north of Penzance Drive.</p>",250 Willingdon Avenue,49.2803,-123.0135,Burnaby,British Columbia,V5C 5E9,Yes,Yes,"Grass, gravel, and loop-trail surface",Neighbourhood park with fenced enclosures and trail loop,Unknown - verify on arrival,Yes,Some tree cover - verify exact enclosure shade on arrival,Yes,Unknown - verify on arrival,Yes,Yes,Dawn to dusk year-round,Year-round access; check posted park notices on arrival,https://www.burnaby.ca/explore-outdoors/dog-off-leash-areas,https://www.google.com/maps/search/?api=1&query=250+Willingdon+Avenue+Burnaby+BC,"off-leash,burnaby,fenced,small-dog-area,loop-trail","<p>Primary sources: https://www.burnaby.ca/explore-outdoors/dog-off-leash-areas and Burnaby Animal Control Bylaw No. 7035. Reviewed on August 2, 2026.</p>","<p>Confederation Park is one of Burnaby&apos;s more varied official dog off-leash sites, with <strong>2 fenced enclosures near the tennis courts</strong> and a <strong>1.3 kilometre off-leash loop trail</strong> north of Penzance Drive.</p>",,2026-08-02,Confederation Park | Burnaby Dog Off-Leash Area | LeashFree.ca,"Source-backed guide to Confederation Park in Burnaby, including the official fenced large- and small-dog enclosures, the 1.3 km off-leash trail north of Penzance Drive, year-round access, and current Burnaby dog rules."
Connaught Off-Leash Area,connaught-off-leash-area,683758b0a3f8a696dfc417b0,683758b09dd1e3ac2e4e9809,683b175edaf08e0f18136b64,false,false,Sat May 31 2025 14:51:10 GMT+0000 (Coordinated Universal Time),Sat May 31 2025 14:51:10 GMT+0000 (Coordinated Universal Time),Sun Jun 01 2025 00:16:54 GMT+0000 (Coordinated Universal Time),Connaught Off-Leash Area (Compact Green Pocket),Leash Free,"<p>Tucked between residential buildings, the Connaught Off-Leash Area offers a small fenced space with grassy patches and waste stations for quick dog play and relief.</p>",12 Ave SW & 11 St SW,,,Calgary,Alberta,T3C 1W7,Yes,No,Grass and Gravel,Approx. 0.1 acres,No,Yes,,Yes,,Street Parking,No,5:00 AM to 11:00 PM,,https://www.calgary.ca/parks/off-leash-locations.html,"https://www.google.com/maps/place/12+Ave+SW+%26+11+St+SW,+Calgary,+AB+T3C+1W7","compact, fenced, inner-city, benches",<p>Best suited for quick visits; limited space for larger dog groups.</p>,<p>Connaught’s off-leash pocket park provides a practical green space in the Beltline for urban dog owners looking for a quick and convenient outing.</p>,,,,
Conrose Park,conrose-park,683758b0a3f8a696dfc417b0,683758b09dd1e3ac2e4e9809,68b855524f7f4a062a0f8bdc,false,false,Wed Sep 03 2025 14:48:50 GMT+0000 (Coordinated Universal Time),Wed Sep 03 2025 19:49:10 GMT+0000 (Coordinated Universal Time),Sat Sep 06 2025 19:21:07 GMT+0000 (Coordinated Universal Time),Conrose Park Leash-Free Dog Park,Leash Free,"<p>Sports fields and tennis courts become an off-leash dog park during the winter season, providing a large open play space near Dalhousie University.</p>",Conrose Ave & Robie St,44.635933,-63.599574,Halifax,NS,,No,No,"grass, turf",Large,No,Limited,Minimal,Yes,No,Street,No,5:00 a.m. - 10:00 p.m.,Off-leash permitted Nov–May only,https://www.halifax.ca/parks-recreation/parks-trails-gardens/parks-outdoor-spaces/leash-dog-parks,https://www.google.com/maps?q=Conrose+Park+Halifax+NS,"leash-free, seasonal, open-space",<p>Popular with students and locals; off-leash allowed only in winter months when sports fields are not in use.</p>,"<p>Conrose Park is a seasonal leash-free dog park in Halifax, known for its large sports fields open to dogs in the winter. It provides plenty of room for dogs to run off-leash close to Dalhousie.</p>",,,,
Conroy Pit,conroy-pit,683758b0a3f8a696dfc417b0,683758b09dd1e3ac2e4e9809,6859f1a2f94616e023169ca2,false,false,Tue Jun 24 2025 00:30:26 GMT+0000 (Coordinated Universal Time),Tue Jun 24 2025 20:51:45 GMT+0000 (Coordinated Universal Time),Tue Jun 24 2025 21:21:34 GMT+0000 (Coordinated Universal Time),Conroy Pit Leash-Free Dog Park,Leash Free,<p>Public off-leash wooded trails and open fields</p>,Conroy Road,45.36206251615437,-75.6183688802932,Ottawa,Ontario,K1T3S4,No,Unknown,woodland/trails/Large fields,Large,No,Yes,Partial,Yes,Yes,Yes,Yes,24 hours year-round,Follow NCC regulations,,"https://www.google.com/maps/place/Conroy+Pit/@45.3612737,-75.6208211,17.82z/data=!4m6!3m5!1s0x4cce0920fca3f919:0x94b0c9fe44df7288!8m2!3d45.36195!4d-75.6183694!16s%2Fg%2F11ckr7wz5z!5m1!1e1?entry=ttu&g_ep=EgoyMDI1MDYxNy4wIKXMDSoASAFQAw%3D%3D","leash-free,public,woods and fields",<p>Extensive wooded trails with open areas</p>,<p>Conroy Pit is a large public leash-free area in Ottawa with diverse trails and open spaces ideal for running and exploring safely.</p>,,,,
Coopers' Park,coopers-dog-park,683758b0a3f8a696dfc417b0,683758b09dd1e3ac2e4e9809,6838bee6a378932f0d5558e0,false,false,Thu May 29 2025 20:09:10 GMT+0000 (Coordinated Universal Time),Thu May 29 2025 23:37:11 GMT+0000 (Coordinated Universal Time),Thu May 29 2025 23:38:18 GMT+0000 (Coordinated Universal Time),Coopers' Park (off-leash dog park),Leash Free,"<p>Coopers' Park stands out as one of Vancouver's designated off-leash parks in BC. Covering 4344 square meters, it has a mulch, gravel &amp; lawn base that supports active dog activities. Visitors can enjoy 6 AM to 10 PM access, and the park includes comfortable benches, offers shady spots, and has accessible washrooms nearby. Plus, it has on-site water access for pets, making it a top destination for canine fun and exercise.</p>",1020 Marinaside Crescent Vanco,,,Vancouver,BC,,No,,"Mulch, Gravel & Lawn",,Yes,Yes,Yes,Yes,,,Yes,6 AM to 10 PM,,,,,,"<p>Coopers' Park is a well-loved off-leash dog park in Vancouver. This park features a mulch, gravel &amp; lawn surface and an open space for dogs to roam freely. It provides no water access, minimal shade, and limited seating, making it a great destination for local dog owners to relax and let their pets socialize.</p>",https://cdn.prod.website-files.com/683758b09dd1e3ac2e4e980a/6838bf6130c1a241f2ffa462_weimaraners-in-sunny-dog-park-grassy-field.png,,,
Corbett's Park,corbetts-park,683758b0a3f8a696dfc417b0,683758b09dd1e3ac2e4e9809,68655ff8ffa08a0d3fa8a032,false,false,Wed Jul 02 2025 16:36:08 GMT+0000 (Coordinated Universal Time),Wed Jul 02 2025 16:37:07 GMT+0000 (Coordinated Universal Time),Wed Jul 02 2025 16:40:27 GMT+0000 (Coordinated Universal Time),Corbett's Park Leash-Free Dog Park,Leash Free,"<p>Small community dog park with open grass and fencing, ideal for local visits.</p>",1275 Pebblestone Rd,43.93070430244414,-78.8333931490954,Courtice,Ontario,L1E2H7,Yes,No,grass,Small,No,Limited,Minimal,Yes,Yes,Street parking,No,7 am – 9 pm,None,,"https://www.google.com/maps/place/Corbett's+Park/@43.9273168,-78.8390368,16z/data=!4m10!1m2!2m1!1sCourtice+On+Dog+Parks!3m6!1s0x89d50355f70a934f:0x1238a9004532bf78!8m2!3d43.9273164!4d-78.833405!15sChVDb3VydGljZSBPbiBEb2cgUGFya3NaFyIVY291cnRpY2Ugb24gZG9nIHBhcmtzkgEEcGFya5oBJENoZERTVWhOTUc5blMwVkpRMEZuU1VNdGNIQmlUR2xCUlJBQqoBWAoJL20vMGJ0OWxyEAEqDSIJZG9nIHBhcmtzKAAyHxABIhtp46MKrYRrSNH4B2KCr45tcXmDmkzjKDoVxocyGRACIhVjb3VydGljZSBvbiBkb2cgcGFya3PgAQD6AQQIYRBH!16s%2Fg%2F11cnd9txd2!5m1!1e1?entry=ttu&g_ep=EgoyMDI1MDYyOS4wIKXMDSoASAFQAw%3D%3D","leash-free,fenced,neighbourhood",<p>Basic fenced dog area in a quiet residential part of Courtice.</p>,"<p>Corbett's Park is a small leash-free space in Courtice, perfect for neighbourhood visits and local dog walks.</p>",,,,
Cottonwood Falls Park,cottonwood-falls-park-nelson,683758b0a3f8a696dfc417b0,683758b09dd1e3ac2e4e9809,6871b41fbdd7b3510d5c846f,false,false,Sat Jul 12 2025 01:02:23 GMT+0000 (Coordinated Universal Time),Sat Jul 12 2025 01:03:05 GMT+0000 (Coordinated Universal Time),Sat Jul 12 2025 01:27:16 GMT+0000 (Coordinated Universal Time),Cottonwood Falls Park Leash-Free Area,Leash Free,<p>Cottonwood Falls Park in Nelson is a peaceful green space with walking trails and an informal off-leash area for dogs.</p>,199 Carbonate St,49.4893,-117.2863,Nelson,British Columbia,V1L 4P5,No,No,"gravel, natural",Small,Yes,Yes,Yes,Yes,No,Yes,No,6 am – 10 pm,None,https://www.nelson.ca,"https://maps.google.com/?q=Cottonwood+Falls+Park,+Nelson,+BC","leash-free,waterfall,nature",,<p>Cottonwood Falls Park is a peaceful green space in Nelson where dogs can enjoy a leash-free experience near the sound of waterfalls.</p>,,,,
Cowan Sportsplex,cowan-sportsplex-dog-park,683758b0a3f8a696dfc417b0,683758b09dd1e3ac2e4e9809,68560b363c42ce70dcc79c51,false,false,Sat Jun 21 2025 01:30:30 GMT+0000 (Coordinated Universal Time),Sat Jun 21 2025 01:35:22 GMT+0000 (Coordinated Universal Time),Sat Jun 21 2025 01:54:30 GMT+0000 (Coordinated Universal Time),Cowan Sportsplex Dog Park (Leash-Free Dog Area),Leash Free,"<p>Cowan Sportsplex Dog Park, located at 895 Ridgewood Drive in Woodstock, offers an open space for dogs to roam off-leash along a walking path. The area provides ample parking and easy access for visitors.</p>",895 Ridgewood Drive,43.1551069152141,-80.77229106257208,Woodstock,Ontario,,Unknown,No,Grass,Unknown,Unknown,Unknown,No,Unknown,Unknown,Yes,No,6:00 AM – 11:00 PM,None,https://www.cityofwoodstock.ca/en/live-and-play/dog-parks.aspx,"https://www.google.com/maps/place/Cowan+Park+Dog+Park/@43.1549269,-80.7723608,17z/data=!3m1!4b1!4m6!3m5!1s0x882c1ffba6c93c4b:0x4d830002f2dbf879!8m2!3d43.1549269!4d-80.7723608!16s%2Fg%2F11sshlf3_h!5m1!1e1?entry=ttu&g_ep=EgoyMDI1MDYxNy4wIKXMDSoASAFQAw%3D%3D","walking path, parking",<p>Located beside the Cowan Sportsplex complex.</p>,"<p>Cowan Sportsplex Dog Park in Woodstock is a convenient off-leash space for dog owners looking to combine walking and play. Adjacent to the Sportsplex and featuring a walking path and parking, it’s an easy-to-access spot for pet-friendly outings.</p>",,,,
Coxwell Ravine Park,coxwell-ravine-park,683758b0a3f8a696dfc417b0,683758b09dd1e3ac2e4e9809,6841f225e5eb43b92bd2e03a,false,false,Thu Jun 05 2025 19:38:13 GMT+0000 (Coordinated Universal Time),Thu Jun 05 2025 19:43:53 GMT+0000 (Coordinated Universal Time),Thu Jun 05 2025 19:50:19 GMT+0000 (Coordinated Universal Time),Coxwell Ravine Park (Leash-Free Dog Area),Leash Free,"<p>Coxwell Ravine Park features a natural, wooded off-leash trail nestled along Taylor Creek. This unfenced leash-free area offers a rustic experience for adventurous dogs and their owners. With winding dirt trails and mature trees, it's an ideal destination for nature walks while giving dogs the freedom to roam responsibly.</p>",460 O'Connor Dr,43.69897122103466,-79.33388938912218,Toronto,Ontario,M4J 2W6,No,No,Dirt trails and natural woodland,Approx. 2 acres (open trail space),No,No,Yes,Yes,No,Limited street parking,No,7:00 AM – 9:00 PM,Trails may be muddy in spring or closed during icy conditions,https://www.toronto.ca/explore-enjoy/parks-recreation/places-spaces/parks-and-recreation-facilities/location/?id=2430,"https://www.google.com/maps/place/Coxwell+Ravine+Park/@43.6989315,-79.3345465,19z/data=!4m14!1m7!3m6!1s0x89d4cc58121478b9:0xdedc5035a87505cb!2sCoxwell+Ravine+Park!8m2!3d43.6989305!4d-79.3339028!16s%2Fg%2F1tq8kjks!3m5!1s0x89d4cc58121478b9:0xdedc5035a87505cb!8m2!3d43.6989305!4d-79.3339028!16s%2Fg%2F1tq8kjks?entry=ttu&g_ep=EgoyMDI1MDYwMy4wIKXMDSoASAFQAw%3D%3D","off-leash trail, wooded, natural surface, no fencing, shaded","<p>As an unfenced trail park, owners should ensure good recall and control over their dogs.</p>","<p>Coxwell Ravine Park offers a unique leash-free trail experience along Toronto’s Taylor Creek. Surrounded by trees and natural terrain, it's a peaceful spot for dogs who enjoy off-leash adventures in the woods.</p>",https://cdn.prod.website-files.com/683758b09dd1e3ac2e4e980a/6841f3735fe1217bd1edde3c_Coxwell%20Ravine%20Park%20(Leash-Free%20Dog%20Area).jpg,,,
Craigleigh Gardens,craigleigh-gardens,683758b0a3f8a696dfc417b0,683758b09dd1e3ac2e4e9809,68433fe536ae5be61b02e729,false,false,Fri Jun 06 2025 19:22:13 GMT+0000 (Coordinated Universal Time),Fri Jun 06 2025 19:24:45 GMT+0000 (Coordinated Universal Time),Sat Jun 14 2025 00:09:21 GMT+0000 (Coordinated Universal Time),Craigleigh Gardens (Leash-Free Dog Area),Leash Free,"<p>Craigleigh Gardens, tucked into Toronto’s Rosedale neighborhood, offers a serene and shaded off-leash space within a beautifully landscaped park. The leash-free area isn’t fully fenced but benefits from natural barriers and trails, making it a popular destination for dog walkers looking for a scenic stroll.</p>",160 South Drive,43.67730322797839,-79.37313947238039,Toronto,Ontario,M4W 1R6,No,No,Grass and dirt,Approx. 1.5 acres,No,Yes,Yes,Yes,Yes,Street parking,No,7:00 AM – 9:00 PM,None,https://www.toronto.ca/explore-enjoy/parks-recreation/places-spaces/parks-and-recreation-facilities/location/?id=370,"https://www.google.com/maps/place/Craigleigh+Gardens+Dog+Park/@43.6778736,-79.3740514,17z/data=!4m14!1m7!3m6!1s0x89d4cca84bcee791:0xc4f8f876f3ca8f38!2sCraigleigh+Gardens!8m2!3d43.6778697!4d-79.3714765!16s%2Fg%2F1td3970x!3m5!1s0x89d4cdaf44ace81b:0x2913ee2317875728!8m2!3d43.6771574!4d-79.3731865!16s%2Fg%2F11flfhz_t8?entry=ttu&g_ep=EgoyMDI1MDYwMy4wIKXMDSoASAFQAw%3D%3D","shaded, off-leash trails, scenic, benches",<p>Best suited for dogs with good recall; off-leash areas are not enclosed.</p>,"<p>Craigleigh Gardens is a scenic, partially wooded park offering a tranquil off-leash experience among mature trees and winding paths in Rosedale.</p>",,,,
Crimson Ridge Park,crimson-ridge-park-chilliwack,683758b0a3f8a696dfc417b0,683758b09dd1e3ac2e4e9809,6871083f0a239467b5472c27,false,false,Fri Jul 11 2025 12:49:03 GMT+0000 (Coordinated Universal Time),Fri Jul 11 2025 14:11:48 GMT+0000 (Coordinated Universal Time),Fri Jul 11 2025 17:00:43 GMT+0000 (Coordinated Universal Time),Crimson Ridge Park Dog Off-Leash Area | Chilliwack,Leash Free,"<p>Crimson Ridge Park is an official Chilliwack off-leash area within a neighbourhood park that also includes walking paths, a fountain, a playground, and a basketball court.</p>",5495 Crimson Ridge,49.10729798267249,-121.94837713301195,Chilliwack,British Columbia,V2R 0J5,No,No,"Grass, paved walking paths, and landscaped park space",Neighbourhood off-leash area,Yes - water fountain listed by city,Picnic table or shelter area listed by city,Some tree cover - verify on arrival,Unknown - verify on arrival,Unknown - verify on arrival,Street parking,Unknown - verify on arrival,Verify posted park hours on arrival,Check current city notices,https://www.chilliwack.com/main/page.cfm?id=945,https://www.google.com/maps/search/?api=1&query=5495+Crimson+Ridge+Chilliwack+BC,"off-leash,chilliwack,neighbourhood-park,walking-paths,crimson-ridge-park","<p>Primary source: City of Chilliwack parks information at https://www.chilliwack.com/main/page.cfm?id=945. Current city materials identify Crimson Ridge Park as including an off-leash dog park, water fountain, table or picnic shelter, walking paths, playground, and basketball court. Reviewed on August 4, 2026.</p>","<p>Crimson Ridge Park is an official <strong>Chilliwack neighbourhood dog off-leash area</strong> at <strong>5495 Crimson Ridge</strong>, set within a larger community park with family amenities.</p>",,2026-08-04,Crimson Ridge Park Dog Off-Leash Area | Chilliwack | LeashFree.ca,"Source-backed guide to Crimson Ridge Park in Chilliwack, including the official 5495 Crimson Ridge address, off-leash area, fountain, walking paths, playground, and basketball court."
Crystal Ridge Neighbourhood Off-Leash Area,crystal-ridge-neighbourhood-off-leash-area,683758b0a3f8a696dfc417b0,683758b09dd1e3ac2e4e9809,6871c209576deb1775bfaff3,false,false,Sat Jul 12 2025 02:01:45 GMT+0000 (Coordinated Universal Time),Sat Jul 12 2025 02:02:11 GMT+0000 (Coordinated Universal Time),Sat Jul 12 2025 03:27:49 GMT+0000 (Coordinated Universal Time),Crystal Ridge Neighbourhood Off-Leash Area,Leash Free,<p>Crystal Ridge Off-Leash Area is a city-designated green space in Grande Prairie that allows dogs to roam leash-free in an unfenced open area.</p>,Near Crystal Ridge Rd & 92 St,55.1769,-118.7691,Grande Prairie,Alberta,T8X 1R1,No,No,grass,Medium,No,No,Minimal,Yes,Yes,Street parking,No,6 am – 11 pm,None,https://www.cityofgp.com/culture-recreation/parks-trails/dog-parks,"https://maps.google.com/?q=Crystal+Ridge+Off-Leash+Area,+Grande+Prairie,+AB","leash-free,neighbourhood,unfenced",,<p>Crystal Ridge Off-Leash Area in Grande Prairie offers an unfenced green space where dogs can roam freely under supervision in a relaxed setting.</p>,,,,
Currie Bark Park,currie-bark-park,683758b0a3f8a696dfc417b0,683758b09dd1e3ac2e4e9809,683b175ef5908465c85c21d0,false,false,Sat May 31 2025 14:51:10 GMT+0000 (Coordinated Universal Time),Sat May 31 2025 14:51:10 GMT+0000 (Coordinated Universal Time),Sun Jun 01 2025 00:16:54 GMT+0000 (Coordinated Universal Time),Currie Bark Park (Fenced Dog Park),Leash Free,"<p>Currie Bark Park is a fully fenced off-leash dog park in the Currie neighborhood, complete with gravel surface and agility equipment. It’s designed for safe play and socializing for dogs of all sizes.</p>",295 Dieppe Dr SW,,,Calgary,Alberta,T3E 7L4,Yes,No,Gravel,Approx. 1 acre,No,Yes,,Yes,,Yes,No,5:00 AM to 11:00 PM,,https://currielife.ca/bark-park/,"https://www.google.com/maps/place/295+Dieppe+Dr+SW,+Calgary,+AB+T3E+7L4","fenced, gravel, agility equipment, urban",<p>Features play structures and night lighting; built in partnership with local community developers.</p>,"<p>Currie Bark Park offers a secure, urban-friendly off-leash zone with agility structures and lighting, perfect for dogs to play safely day or night.</p>",,,,
Dale Hodges Park,dale-hodges-park,683758b0a3f8a696dfc417b0,683758b09dd1e3ac2e4e9809,683a55758ab2b6e9ce3989c5,false,false,Sat May 31 2025 01:03:49 GMT+0000 (Coordinated Universal Time),Sat May 31 2025 01:43:26 GMT+0000 (Coordinated Universal Time),Sat May 31 2025 02:01:43 GMT+0000 (Coordinated Universal Time),Dale Hodges Park (Leash-Free Dog Area),Leash Free,<p>Dale Hodges Park is a scenic 40-hectare natural park that integrates stormwater wetlands and public art. Its leash-free areas provide a unique off-leash experience across open meadows and natural trails along the Bow River.</p>,2123 52 St NW,,,Calgary,Alberta,T3B 1C4,No,Unknown,Natural Grass and Gravel Trails,,Yes,Yes,Yes,Yes,,,No,5:00 AM – 11:00 PM,,https://www.calgary.ca/parks/dale-hodges.html,https://www.google.com/maps/place/Dale+Hodges+Park/,"off-leash, river, wetlands, natural trails, art park",<p>The off-leash area includes nature-inspired design and views of the wetland system.</p>,"<p>Dale Hodges Park offers Calgary dog owners a stunning mix of art, nature, and off-leash adventure along the Bow River’s edge.</p>",https://cdn.prod.website-files.com/683758b09dd1e3ac2e4e980a/683a5eb23c874a2bf97a52b0_dale-hodges-park-sign-with-dog.png,,,
Dartmouth Common,dartmouth-common,683758b0a3f8a696dfc417b0,683758b09dd1e3ac2e4e9809,68b8555280f8ec3ff3afe0cf,false,false,Wed Sep 03 2025 14:48:50 GMT+0000 (Coordinated Universal Time),Wed Sep 03 2025 19:49:10 GMT+0000 (Coordinated Universal Time),Sat Sep 06 2025 19:21:07 GMT+0000 (Coordinated Universal Time),Dartmouth Common Leash-Free Dog Park,Leash Free,"<p>Large central green space with designated off-leash area, open lawns, and city views close to downtown Dartmouth amenities.</p>",4 Windmill Road,44.669369,-63.571641,Dartmouth,NS,,No,Unknown,"grass, paved paths",Large,Unknown,Yes,Yes,Yes,Unknown,Limited,Unknown,5:00 a.m. - 10:00 p.m.,,https://www.halifax.ca/parks-recreation/parks-trails-gardens/parks-outdoor-spaces/leash-dog-parks,https://www.google.com/maps?q=Dartmouth+Common+4+Windmill+Road,"leash-free, open-space, central, views",<p>Street parking nearby; check on-site signage for exact off-leash boundaries.</p>,"<p>Dartmouth Common is a popular leash-free dog park in Dartmouth, known for its open lawns and central location. It is a convenient spot for dogs to run and socialize with great views of the harbour.</p>",,,,
David Bartlett Park,david-bartlett-park,683758b0a3f8a696dfc417b0,683758b09dd1e3ac2e4e9809,6859f1a12a8d826f09c15108,false,false,Tue Jun 24 2025 00:30:25 GMT+0000 (Coordinated Universal Time),Tue Jun 24 2025 21:04:14 GMT+0000 (Coordinated Universal Time),Tue Jun 24 2025 21:21:34 GMT+0000 (Coordinated Universal Time),David Bartlett Park Leash-Free Dog Park,Leash Free,<p>Public leash-free section in a 35-acre riverside park</p>,5201 McLean Crescent,45.244804385773776,-75.70063828665863,Ottawa,Ontario,K4M1G2,No,Unknown,grass/trails,35 acres,Yes,Yes,Yes,Yes,Unknown,Yes,Yes (seasonal),Dawn to dusk,City of Ottawa,,"https://www.google.com/maps/place/David+Bartlett+Park/@45.2448257,-75.7073675,16.09z/data=!4m6!3m5!1s0x4ccde36e7bdbd8bf:0xb7f36164996c9ad7!8m2!3d45.2445414!4d-75.7006731!16s%2Fg%2F1tl7nblh!5m1!1e1?entry=ttu&g_ep=EgoyMDI1MDYxNy4wIKXMDSoASAFQAw%3D%3D","leash-free,public,riverside",<p>Popular riverside off-leash area in Manotick</p>,"<p>David Bartlett Park is a public leash-free area in Manotick featuring trails, open space, and Rideau River access for dogs to explore and play.</p>",,,,
David Crombie Park,david-crombie-park,683758b0a3f8a696dfc417b0,683758b09dd1e3ac2e4e9809,6843493fd2e469551951bb94,false,false,Fri Jun 06 2025 20:02:07 GMT+0000 (Coordinated Universal Time),Fri Jun 13 2025 23:15:55 GMT+0000 (Coordinated Universal Time),Sat Jun 14 2025 00:09:21 GMT+0000 (Coordinated Universal Time),David Crombie Park (Dogs Allowed Area),Dogs Allowed,"<p>David Crombie Park is a linear urban green space in downtown Toronto where dogs are welcome on-leash. It features landscaped walkways, benches, and shaded seating areas. While not leash-free, it offers a pleasant walking route for city dog owners.</p>",131 The Esplanade,43.64873294530984,-79.36775976427964,Toronto,Ontario,M5E 1C7,No,No,Grass and paved pathways,Approx. 2.5 acres,No,Yes,Yes,Yes,No,Street parking nearby,Yes,7:00 AM – 9:00 PM,None,,"https://www.google.com/maps/place/David+Crombie+Park/@43.6486165,-79.3725716,17z/data=!3m1!4b1!4m6!3m5!1s0x89d4cb3ae11276c3:0xc684fa7914a14f0a!8m2!3d43.6486166!4d-79.3677061!16s%2Fg%2F11c3yrycq3!5m1!1e1?entry=ttu&g_ep=EgoyMDI1MDYxMS4wIKXMDSoASAFQAw%3D%3D","on-leash, downtown, benches, shaded",<p>Well-kept and urban. Good for leashed walks.</p>,<p>David Crombie Park provides a quiet urban escape with benches and green space for on-leash dog walks through downtown Toronto.</p>,,,,
David Gray Park,david-gray-park-burnaby,683758b0a3f8a696dfc417b0,683758b09dd1e3ac2e4e9809,6871b7d2022da951fdc74de9,false,false,Sat Jul 12 2025 01:18:10 GMT+0000 (Coordinated Universal Time),Sat Jul 12 2025 01:20:32 GMT+0000 (Coordinated Universal Time),Sat Jul 12 2025 01:27:16 GMT+0000 (Coordinated Universal Time),David Gray Park | Burnaby Dog Off-Leash Area,Park,"<p>David Gray Park is an official Burnaby dog off-leash site at 7480 McKay Avenue with a fenced enclosure, a separate small-dog area, and year-round access.</p>",7480 McKay Avenue,49.2129,-122.9876,Burnaby,British Columbia,V5E 4Z4,Yes,No,Grass within fenced off-leash enclosures,Neighbourhood fenced off-leash area,Unknown - verify on arrival,Unknown - verify on arrival,Some tree cover around site - verify on arrival,Expected at site - verify exact placement on arrival,Unknown - verify on arrival,Street parking,No city-confirmed washrooms noted,Dawn to dusk,Year-round access,https://www.burnaby.ca/explore-outdoors/dog-off-leash-areas,https://www.google.com/maps/search/?api=1&query=7480+McKay+Avenue+Burnaby+BC,"off-leash,fenced,small-dog-area,burnaby","<p>Primary sources: https://www.burnaby.ca/explore-outdoors/dog-off-leash-areas and https://bylaws.burnaby.ca/en/permalink/bylaw14770. Reviewed on July 30, 2026.</p>","<p>David Gray Park is one of Burnaby&apos;s official dog off-leash areas, with a <strong>fenced enclosure</strong> at <strong>7480 McKay Avenue</strong> and a <strong>separate area for small dogs only</strong>.</p>",,2026-07-30,David Gray Park | Burnaby Dog Off-Leash Area | LeashFree.ca,"Source-backed guide to David Gray Park in Burnaby, including the official 7480 McKay Avenue address, fenced off-leash enclosure, separate small-dog area, year-round access, and Burnaby off-leash rules."
Dawson Park Off-Leash Area,dawson-park-off-leash-area,683758b0a3f8a696dfc417b0,683758b09dd1e3ac2e4e9809,6871bcd933ef7f395f412306,false,false,Sat Jul 12 2025 01:39:37 GMT+0000 (Coordinated Universal Time),Sat Jul 12 2025 01:42:31 GMT+0000 (Coordinated Universal Time),Sat Jul 12 2025 03:27:49 GMT+0000 (Coordinated Universal Time),Dawson Park Off-Leash Area,Leash Free,"<p>Dawson Park Off-Leash Area features scenic trails along the river valley, ideal for relaxed, leashed and off-leash walking.</p>",10298 89 St NW,53.5539,-113.4646,Edmonton,Alberta,T5H 1R2,No,No,"natural trail, grass",Large,Yes (river),Yes,Yes,Yes,Yes,Yes,Yes,5 am – 11 pm,None,https://www.edmonton.ca/activities_parks_recreation/parks_dog_off_leash,"https://maps.google.com/?q=Dawson+Park,+Edmonton,+AB","leash-free,river,trails,scenic",,<p>Dawson Park Off-Leash Area in Edmonton offers tranquil riverside trails and grassy spaces for dogs and their owners to explore together.</p>,,,,
DeVeaux Woods State Park Dog Park,deveaux-woods-state-park-dog-park,683758b0a3f8a696dfc417b0,683758b09dd1e3ac2e4e9809,686583aeb092b090df5550e3,false,false,Wed Jul 02 2025 19:08:30 GMT+0000 (Coordinated Universal Time),Wed Jul 02 2025 19:13:03 GMT+0000 (Coordinated Universal Time),Thu Jul 03 2025 19:00:11 GMT+0000 (Coordinated Universal Time),DeVeaux Woods State Park Dog Park Leash-Free Dog Park,Leash Free,"<p>New York State-managed off-leash park just across the border from Niagara Falls, Canada.</p>",3180 DeVeaux Woods Dr E,43.1238342544152,-79.0590418258952,Niagara Falls,New York,14305,Yes,Yes,grass,Medium,Yes,Yes,Yes,Yes,Yes,Yes,Yes,Dawn to Dusk,None,https://parks.ny.gov/parks/163/details.aspx,"https://www.google.com/maps/place/DeVeaux+Woods+State+Park+Dog+Park/@43.0507455,-79.1768015,12z/data=!4m10!1m2!2m1!1sNiagara+Falls+Dog+Parks!3m6!1s0x89d35d324e197b43:0x2567b58d8ef85850!8m2!3d43.1187905!4d-79.0588394!15sChdOaWFnYXJhIEZhbGxzIERvZyBQYXJrc1oZIhduaWFnYXJhIGZhbGxzIGRvZyBwYXJrc5IBCGRvZ19wYXJrmgEkQ2hkRFNVaE5NRzluUzBWSlEwRm5TVU0zYm5aNVpYUjNSUkFCqgFaCgkvbS8wYnQ5bHIQASoNIglkb2cgcGFya3MoADIfEAEiG289J2AiesR6q2mAWM8S6RvjMmadnqpqP5-MAzIbEAIiF25pYWdhcmEgZmFsbHMgZG9nIHBhcmtz4AEA-gEECAAQPQ!16s%2Fg%2F11j4kq4p40!5m1!1e1?entry=ttu&g_ep=EgoyMDI1MDYzMC4wIKXMDSoASAFQAw%3D%3D","leash-free,fenced,small dog area,across border","<p>Located in Niagara Falls, NY; accessible for Canadian visitors with proper ID.</p>","<p>DeVeaux Woods State Park Dog Park is a fully fenced off-leash area just across the border from Niagara Falls, perfect for international dog-friendly visits.</p>",,,,
Deer Ridge Park,deer-ridge-park,683758b0a3f8a696dfc417b0,683758b09dd1e3ac2e4e9809,683b1760a804e6cddf2aea03,false,false,Sat May 31 2025 14:51:12 GMT+0000 (Coordinated Universal Time),Sat May 31 2025 15:17:13 GMT+0000 (Coordinated Universal Time),Sun Jun 01 2025 00:16:54 GMT+0000 (Coordinated Universal Time),Deer Ridge Park (Off-Leash Area),Leash Free,<p>Deer Ridge Off-Leash Area features winding paths and green space along a quiet residential zone. It’s ideal for dogs who enjoy roaming trails while staying close to their humans.</p>,Deer Ridge Dr SE & Deer Side Dr SE,,,Calgary,Alberta,T2J 6M2,No,No,Grass and Gravel Trails,Unknown,No,Yes,,Yes,,Street Parking,No,5:00 AM to 11:00 PM,,https://www.calgary.ca/parks/off-leash-locations.html,https://www.google.com/maps/place/Deer+Ridge+Off+Leash+Area/,"suburban, trails, quiet zone",<p>Ideal for early morning or evening strolls with your dog.</p>,"<p>The Deer Ridge Off-Leash Area provides a relaxed setting with peaceful trails, perfect for a quiet walk with your pup in south Calgary.</p>",https://cdn.prod.website-files.com/683758b09dd1e3ac2e4e980a/683b1d7300277777e67f1034_deer-ridge-off-leash-area-calgary-leash-free-dog-park.jpg,,,
Devonian Harbour,devonian-harbour-dog-park,683758b0a3f8a696dfc417b0,683758b09dd1e3ac2e4e9809,6838bee71a97c8e7d0220f68,false,false,Thu May 29 2025 20:09:11 GMT+0000 (Coordinated Universal Time),Thu May 29 2025 23:37:10 GMT+0000 (Coordinated Universal Time),Thu May 29 2025 23:38:18 GMT+0000 (Coordinated Universal Time),Devonian Harbour (Leash Free Dog Park),Leash Free,"<p>Devonian Harbour is a fantastic leash-free zone for dogs located in Vancouver, BC. With an area of approximately 3760 square meters, this park offers a grass environment for pets to explore. Devonian Harbour operates 6 AM to 10 PM, where the environment includes comfortable benches, is primarily sun-exposed, and is close to limited facilities. Does not include water access, so bring your furry friend for a refreshing outdoor experience.</p>",1929 W Georgia Street Vancouve,,,Vancouver,BC,,Yes,,Grass,,No,Yes,No,No,,,No,6 AM to 10 PM,,,,,,"<p>Devonian Harbour is a well-loved off-leash dog park in Vancouver. This park features a grass surface and an open space for dogs to roam freely. It provides no water access, minimal shade, and limited seating, making it a great destination for local dog owners to relax and let their pets socialize.</p>",https://cdn.prod.website-files.com/683758b09dd1e3ac2e4e980a/6838bfcb959daf711b63b8f2_spacious-dog-park-with-trees-and-grass.jpg.png,,,
Diamond Jubilee Park,diamond-jubilee-park,683758b0a3f8a696dfc417b0,683758b09dd1e3ac2e4e9809,6859f1a1799d6566ba9e5d54,false,false,Tue Jun 24 2025 00:30:25 GMT+0000 (Coordinated Universal Time),Tue Jun 24 2025 21:00:20 GMT+0000 (Coordinated Universal Time),Tue Jun 24 2025 21:21:34 GMT+0000 (Coordinated Universal Time),Diamond Jubilee Park Leash-Free Dog Park,Leash Free,<p>Local park with small fenced off-leash dog area</p>,Emerald Meadows Dr & Diamond Jubilee Dr,45.31485075316768,-75.61040700389731,Ottawa,Ontario,,Yes,No,grass,Small,No,Yes,Minimal,Yes,Yes,Street parking,No,6 am – 11 pm,None,,"https://www.google.com/maps/place/Diamond+Jubilee+Park/@45.3146885,-75.6129819,17z/data=!3m1!4b1!4m6!3m5!1s0x4cce095afc27a77f:0x1727968ce850c472!8m2!3d45.3146848!4d-75.610407!16s%2Fg%2F11p14tnrxf!5m1!1e1?entry=ttu&g_ep=EgoyMDI1MDYxNy4wIKXMDSoASAFQAw%3D%3D","leash-free,fenced,local",<p>Convenient spot for local dog owners with limited space</p>,<p>Diamond Jubilee Park in Ottawa offers a small fenced leash-free zone for neighborhood dog play and quick outings.</p>,,,,
"Diana, Princess of Wales Park",diana-princess-of-wales-park-ladysmith,683758b0a3f8a696dfc417b0,683758b09dd1e3ac2e4e9809,6871a36a66fc3d5adfd94aff,false,false,Fri Jul 11 2025 23:51:06 GMT+0000 (Coordinated Universal Time),Fri Jul 11 2025 23:52:09 GMT+0000 (Coordinated Universal Time),Sat Jul 12 2025 01:27:16 GMT+0000 (Coordinated Universal Time),"Diana, Princess of Wales Park | Saltair Park Guide",Wilderness park,"<p>Diana, Princess of Wales Park is a CVRD wilderness park in Saltair with an easy walking trail, bench, and parking, but it is not an official off-leash dog park.</p>","Saltair, BC",48.9508,-123.7852,Ladysmith,British Columbia,V9G 2B3,No,No,Natural forest trail and park surface,Small wilderness park,No confirmed dog water source,Yes,Yes,Unknown - verify on arrival,No confirmed dog dispensers,Yes,No confirmed washrooms,Verify posted hours on arrival,Check posted CVRD park notices,https://www.cvrd.ca/159/Diana-Princess-of-Wales-Park,https://www.google.com/maps/search/?api=1&query=Diana+Princess+of+Wales+Park+Saltair+BC,"park-guide,saltair,cvrd,wilderness-park","<p>Primary source: https://www.cvrd.ca/159/Diana-Princess-of-Wales-Park. Reviewed on August 2, 2026.</p>","<p>Diana, Princess of Wales Park is a small wilderness park in <strong>Saltair</strong> managed by the <strong>Cowichan Valley Regional District</strong>, with an easy walking trail, a bench, and a quiet forest-and-coast setting.</p>",,2026-08-02,"Diana, Princess of Wales Park | Saltair Park Guide | LeashFree.ca","Source-backed guide to Diana, Princess of Wales Park in Saltair, including the current CVRD park classification, easy walking trail, bench, parking, and the fact that it is not an official off-leash dog park."
Dodger Dog Park,dodger-dog-park,683758b0a3f8a696dfc417b0,683758b09dd1e3ac2e4e9809,6871c039b6ac4d565802b144,false,false,Sat Jul 12 2025 01:54:01 GMT+0000 (Coordinated Universal Time),Sat Jul 12 2025 02:02:11 GMT+0000 (Coordinated Universal Time),Sat Jul 12 2025 03:27:49 GMT+0000 (Coordinated Universal Time),Dodger Dog Park,Leash Free,"<p>Dodger Dog Park in St. Albert is a fully fenced off-leash area named after a police service dog, offering benches, bins, and onsite parking.</p>",Everitt Dr N & Ebony Way,53.6512,-113.6218,St. Albert,Alberta,T8N 7R6,Yes,No,"grass, gravel",Medium,No,Yes,Minimal,Yes,Yes,Yes,No,5 am – 11 pm,None,https://stalbert.ca/rec/parks/dog-parks/,"https://maps.google.com/?q=Dodger+Dog+Park,+St.+Albert,+AB","leash-free,fenced,memorial",,"<p>Dodger Dog Park in St. Albert is a fenced dog park honoring a service dog, providing a safe, open space for dogs to roam off-leash.</p>",,,,
Dog Off-leash Swimming Beach,dog-beach-white-rock,683758b0a3f8a696dfc417b0,683758b09dd1e3ac2e4e9809,6871a659976d4843dcd68996,false,false,Sat Jul 12 2025 00:03:37 GMT+0000 (Coordinated Universal Time),Sat Jul 12 2025 00:15:32 GMT+0000 (Coordinated Universal Time),Sat Jul 12 2025 01:27:16 GMT+0000 (Coordinated Universal Time),Dog Off-leash Swimming Beach,Leash Free,<p>This dog-friendly beach near White Rock offers water access for dogs to swim off-leash in a natural shoreline environment.</p>,"12368 Sullivan St, Surrey, BC",49.06279545987132,-122.87854401039671,Surrey,British Columbia,V4A 3B3,No,No,"sand, water",Large,Yes,Yes,Limited,Yes,Yes,Yes,No,6 am – 10 pm,Yes (may vary by tide and weather),https://www.google.com/maps/place/Dog+Off-leash+Swimming+Beach,"https://www.google.com/maps/place/Dog+Off-leash+Swimming+Beach/@49.0602084,-122.9499551,13z/data=!4m10!1m2!2m1!1sdog+park+in+White+Rock,+BC!3m6!1s0x5485dd92b1039193:0xe54c992180a92a43!8m2!3d49.0602084!4d-122.8799173!15sChpkb2cgcGFyayBpbiBXaGl0ZSBSb2NrLCBCQ1obIhlkb2cgcGFyayBpbiB3aGl0ZSByb2NrIGJjkgEIZG9nX3BhcmuaASRDaGREU1VoTk1HOW5TMFZKUTBGblNVTndOelZFUnpWUlJSQUKqAVsKCS9tLzBidDlschABKgwiCGRvZyBwYXJrKAAyHxABIhuksHVVq0VHuD-5yqWyNXBDXBzvvi7aMO--nGQyHRACIhlkb2cgcGFyayBpbiB3aGl0ZSByb2NrIGJj4AEA-gEECCQQPw!16s%2Fg%2F11j95b1w7h!5m1!1e1?entry=ttu&g_ep=EgoyMDI1MDcwOC4wIKXMDSoASAFQAw%3D%3D","leash-free,beach,swimming",<p>Popular with local residents for summer dog swimming.</p>,<p>The Dog Off-leash Swimming Beach near White Rock gives dogs a rare chance to swim freely and play in the water off-leash.</p>,,,,
Dog Park at Selkirk Park,dog-park-at-selkirk-park,683758b0a3f8a696dfc417b0,683758b09dd1e3ac2e4e9809,6871c56c675f67233803a0e5,false,false,Sat Jul 12 2025 02:16:12 GMT+0000 (Coordinated Universal Time),Sat Jul 12 2025 02:18:15 GMT+0000 (Coordinated Universal Time),Sat Jul 12 2025 03:27:49 GMT+0000 (Coordinated Universal Time),Dog Park at Selkirk Park Leash-Free Dog Park,Leash Free,<p>The Dog Park at Selkirk Park is a fully fenced 1.75-acre off-leash area with open space for dogs to run and play safely.</p>,490 Eveline St,50.1455,-96.8803,Selkirk,Manitoba,R1A 2E6,Yes,No,grass,1.75 acres,No,Yes,Minimal,Yes,Yes,Yes,Yes (Seasonal),7 am – 11 pm,None,https://www.bringfido.com/attraction/18513,"https://maps.google.com/?q=Selkirk+Park,+Selkirk,+MB","leash-free,fenced,benches",,"<p>Dog Park at Selkirk Park is a large, fully fenced off-leash dog park in Selkirk, MB, offering safe and open space for dogs to play.</p>",,,,
Dog Relief Station,dog-relief-station-new-westminster,683758b0a3f8a696dfc417b0,683758b09dd1e3ac2e4e9809,68714da92014fd146312d656,false,false,Fri Jul 11 2025 17:45:13 GMT+0000 (Coordinated Universal Time),Fri Jul 11 2025 17:50:15 GMT+0000 (Coordinated Universal Time),Fri Jul 11 2025 19:47:06 GMT+0000 (Coordinated Universal Time),Dog Relief Station Leash Free Area,Leash Free,<p>This small dog relief area in downtown New Westminster offers a fenced space for quick off-leash breaks.</p>,720 Columbia St.,49.20195325424884,-122.910132100181,New Westminster,British Columbia,V3M 1A9,Yes,No,gravel,Small,No,No,No,Yes,Yes,Street parking,No,6 am – 10 pm,None,https://www.newwestcity.ca/parks-and-recreation/parks/dog-off-leash-areas,"https://www.google.com/maps/place/Dog+Relief+Station/@49.2018814,-122.9123208,18z/data=!4m10!1m2!2m1!1sdog+park+in+New+Westminster,+BC!3m6!1s0x5485d9a1bdd977bd:0x57bcd0344626a181!8m2!3d49.2018814!4d-122.9101321!15sCh9kb2cgcGFyayBpbiBOZXcgV2VzdG1pbnN0ZXIsIEJDkgEIZG9nX3BhcmuqAWAKCS9tLzBidDlschABKgwiCGRvZyBwYXJrKAAyHxABIhtpa6Q5nf4IYzxY65mIYQIlU_heREkPwuLl-GIyIhACIh5kb2cgcGFyayBpbiBuZXcgd2VzdG1pbnN0ZXIgYmPgAQA!16s%2Fg%2F11nnwk32ym!5m1!1e1?entry=ttu&g_ep=EgoyMDI1MDcwOC4wIKXMDSoASAFQAw%3D%3D","leash-free,fenced,downtown",,<p>The Dog Relief Station in downtown New Westminster provides a convenient fenced space for dogs to enjoy a quick off-leash break.</p>,,,,
Dog-Friendly Beach (Island 22 Riverside),dog-friendly-beach-island-22,683758b0a3f8a696dfc417b0,683758b09dd1e3ac2e4e9809,68710634eccf3fc95b6e280b,false,false,Fri Jul 11 2025 12:40:20 GMT+0000 (Coordinated Universal Time),Fri Jul 17 2026 00:00:00 GMT+0000 (Coordinated Universal Time),Fri Jul 11 2025 17:00:43 GMT+0000 (Coordinated Universal Time),Dog-Friendly Beach (Island 22 Riverside) Leash-Free Dog Park,Leash Free,"<p>Located at Island 22 in Chilliwack, this riverside dog-friendly beach offers space for off-leash play and water access.</p>",44955 Cartmell Road,49.1906958,-121.9844822,Chilliwack,British Columbia,V2P 4A6,No,No,"sand, gravel, water access",Large,Yes,Limited,Yes,Yes,No,Yes,Yes (Seasonal),See Island 22 Dog Park page for current seasonal park hours,Redirected to Island 22 Dog Park; verify current park notices for high water or access changes,https://www.fvrd.ca/EN/main/parks-recreation/parks-trails/island-22.html,"https://www.google.com/maps/place/Island+22+Dog+Park/@49.190965,-121.9840739,17z/data=!4m14!1m7!3m6!1s0x54843faad55feebb:0xa498848bae611fb2!2sIsland+22+Regional+Park!8m2!3d49.193398!4d-121.9804046!16s%2Fg%2F11f0wn4z9y!3m5!1s0x54843f3e619ea44d:0x2061185cc4a72dbd!8m2!3d49.1906958!4d-121.9844822!16s%2Fg%2F11rq50hdrn?entry=ttu&g_ep=EgoyMDI2MDcxNS4wIKXMDSoASAFQAw%3D%3D","leash-free,beach,water,nature","<p>This legacy route is redirected to the Island 22 Dog Park page. The current Fraser Valley Regional District park page describes a fenced off-leash dog area and states that dogs must remain on leash in all other areas of Island 22 Regional Park, including the riverfront.</p>",<p>This record is kept only as a legacy source row. The live route now redirects to the Island 22 Dog Park page because the current official park source does not support a separate off-leash riverside beach page.</p>,,Fri Jul 17 2026 00:00:00 GMT+0000 (Coordinated Universal Time),Island 22 Dog Park Chilliwack | Off-Leash Guide,Legacy Island 22 riverside route redirected to the official Island 22 Dog Park page because the current source describes a fenced off-leash area rather than a separate off-leash beach.
Doggy Diamond Off-Leash Park,doggy-diamond-off-leash-park,683758b0a3f8a696dfc417b0,683758b09dd1e3ac2e4e9809,6871c4dcb5fc585879764c03,false,false,Sat Jul 12 2025 02:13:48 GMT+0000 (Coordinated Universal Time),Sat Jul 12 2025 02:18:15 GMT+0000 (Coordinated Universal Time),Sat Jul 12 2025 03:27:49 GMT+0000 (Coordinated Universal Time),Doggy Diamond Off-Leash Park Leash-Free Dog Park,Leash Free,"<p>Doggy Diamond is Brandon’s first fully fenced off-leash dog park, offering ample space for dogs to play and socialize safely.</p>",1st St & Veterans Way,49.8391,-99.9586,Brandon,Manitoba,R7A 2Y1,Yes,Yes,grass,Large,No,Yes,Minimal,Yes,Yes,Yes,No,7 am – 11 pm,None,https://www.brandon.ca/parks/dog-parks,"https://maps.google.com/?q=Doggy+Diamond+Off-Leash+Park,+Brandon,+MB","leash-free,fenced,benches",,"<p>Doggy Diamond is a popular off-leash dog park in Brandon, MB, known for its secure fencing and large open space for dogs to run and play.</p>",,,,
Dogwood Park,dogwood-park,683758b0a3f8a696dfc417b0,683758b09dd1e3ac2e4e9809,6871a543ccd6ee0db8206b81,false,false,Fri Jul 11 2025 23:58:59 GMT+0000 (Coordinated Universal Time),Sat Jul 12 2025 00:20:30 GMT+0000 (Coordinated Universal Time),Sat Jul 12 2025 01:27:16 GMT+0000 (Coordinated Universal Time),Dogwood Park Leash-Free Dog Park,Leash Free,<p>Dogwood Park in White Rock is a popular off-leash dog park with wooded trails and a relaxed atmosphere for pets and their owners.</p>,13958 Kent St,49.04131698425136,-122.84647181901073,White Rock,British Columbia,V4B 2X5,No,No,"wood chips, dirt",Large,No,Yes,Yes,Yes,Yes,Yes,No,6 am – 10 pm,None,https://www.whiterockcity.ca/Facilities/Facility/Details/Dogwood-Park-13,"https://www.google.com/maps/place/Dogwood+Park/@49.0297254,-122.8868122,13z/data=!4m10!1m2!2m1!1sdog+park+in+White+Rock,+BC!3m6!1s0x5485c33860a68d15:0x6c1301e1bf4cdf30!8m2!3d49.0386643!4d-122.8488615!15sChpkb2cgcGFyayBpbiBXaGl0ZSBSb2NrLCBCQ1obIhlkb2cgcGFyayBpbiB3aGl0ZSByb2NrIGJjkgEEcGFya5oBI0NoWkRTVWhOTUc5blMwVkpRMEZuU1VOdU9UVnlXazkzRUFFqgFbCgkvbS8wYnQ5bHIQASoMIghkb2cgcGFyaygAMh8QASIbpLB1VatFR7g_ucqlsjVwQ1wc774u2jDvvpxkMh0QAiIZZG9nIHBhcmsgaW4gd2hpdGUgcm9jayBiY-ABAPoBBAhuEEQ!16s%2Fg%2F12xpjlh_b!5m1!1e1?entry=ttu&g_ep=EgoyMDI1MDcwOC4wIKXMDSoASAFQAw%3D%3D","leash-free,wooded,trails",,"<p>Dogwood Park is a top destination in White Rock for off-leash dog walking, featuring wooded trails and a peaceful setting.</p>",,,,
Don Bayer Park,don-bayer-park,683758b0a3f8a696dfc417b0,683758b09dd1e3ac2e4e9809,68b855524cd20be5ff5dd84a,false,false,Wed Sep 03 2025 14:48:50 GMT+0000 (Coordinated Universal Time),Wed Sep 03 2025 19:49:10 GMT+0000 (Coordinated Universal Time),Sat Sep 06 2025 19:21:07 GMT+0000 (Coordinated Universal Time),Don Bayer Park Leash-Free Dog Park,Leash Free,"<p>Dedicated off-leash park in Burnside with fenced areas and convenient access, offering open space for high-energy play.</p>",26 Troop Avenue,44.71356,-63.5885,Dartmouth,NS,,Yes,Yes,"grass, gravel",Large,Unknown,Yes,Limited,Yes,Yes,Yes,Unknown,5:00 a.m. - 10:00 p.m.,,https://www.halifax.ca/parks-recreation/parks-trails-gardens/parks-outdoor-spaces/leash-dog-parks,https://www.google.com/maps?q=26+Troop+Avenue+Dartmouth+NS,"leash-free, fenced, small-dog-area, parking",<p>New dedicated off-leash area confirmed by HRM communications; amenities reported by community listings.</p>,"<p>Don Bayer Park is a growing leash-free dog park in Dartmouth, appreciated for its fenced space and easy access near Burnside. It is a great spot for energetic dogs to run and socialize safely.</p>",,,,
Don Boudria Park,don-boudria-park,683758b0a3f8a696dfc417b0,683758b09dd1e3ac2e4e9809,6859f1a16daf2fa37b935bd8,false,false,Tue Jun 24 2025 00:30:25 GMT+0000 (Coordinated Universal Time),Tue Jun 24 2025 20:57:26 GMT+0000 (Coordinated Universal Time),Tue Jun 24 2025 21:21:34 GMT+0000 (Coordinated Universal Time),Don Boudria Park Leash-Free Dog Park,Leash Free,<p>Grassy fenced-in dog park in a residential area</p>,1991 Springridge Dr,45.444834740833215,-75.48947962828355,Ottawa,Ontario,,Yes,No,grass,Small,No,Yes,Limited,Yes,Yes,Street parking,No,6 am – 11 pm,None,,"https://www.google.com/maps/place/Don+Boudria+Dog+Park/@45.4442137,-75.4933849,17z/data=!4m14!1m7!3m6!1s0x4cce138f94f5162f:0xc542d16552aadf56!2sDon+Boudria+Park!8m2!3d45.44421!4d-75.49081!16s%2Fg%2F11j6z8znw1!3m5!1s0x4cce1301da068ab3:0xa9351f5c77d2ed3a!8m2!3d45.4446453!4d-75.4895667!16s%2Fg%2F11swgy8728!5m1!1e1?entry=ttu&g_ep=EgoyMDI1MDYxNy4wIKXMDSoASAFQAw%3D%3D","leash-free,fenced,neighbourhood",<p>Quiet community park with designated leash-free zone</p>,"<p>Don Boudria Park is a neighborhood leash-free dog park in Ottawa, ideal for short walks and fenced play sessions.</p>",,,,
Don Russell Memorial Park,don-russell-memorial-park,683758b0a3f8a696dfc417b0,683758b09dd1e3ac2e4e9809,684cb80275255925db4067ff,false,false,Fri Jun 13 2025 23:45:06 GMT+0000 (Coordinated Universal Time),Fri Jun 13 2025 23:45:57 GMT+0000 (Coordinated Universal Time),Sat Jun 14 2025 00:09:21 GMT+0000 (Coordinated Universal Time),"Don Russell Memorial Park Dog Park in Etobicoke, Ontario",Dogs Allowed,"<p>Don Russell Memorial Park allows dogs on-leash throughout its small green space. Featuring open lawns, paved paths, and benches, it’s suited for brief neighborhood dog walks.</p>",107 Bellevue Crescent,43.60058560011884,-79.52092560505089,Toronto,Ontario,M9R 1A9,No,No,Grass and paved paths,Approx. 1 acre,No,Yes,Partial,Yes,No,Street parking,No,7:00 AM – 9:00 PM,None,https://www.toronto.ca/explore-enjoy/parks-recreation/places-spaces/parks-and-recreation-facilities/location/?id=1058,"https://www.google.com/maps/place/Donald+Russell+Memorial+Park/@43.6008985,-79.520775,18.82z/data=!4m14!1m7!3m6!1s0x882b483142e955c7:0xf7c152edabd2a493!2sDonald+Russell+Memorial+Park!8m2!3d43.6005537!4d-79.5209115!16s%2Fg%2F1tlwg8ht!3m5!1s0x882b483142e955c7:0xf7c152edabd2a493!8m2!3d43.6005537!4d-79.5209115!16s%2Fg%2F1tlwg8ht!5m1!1e1?entry=ttu&g_ep=EgoyMDI1MDYxMS4wIKXMDSoASAFQAw%3D%3D","on-leash, community park, benches",<p>Small local park for quick on-leash walks.</p>,<p>Don Russell Memorial Park offers a simple on-leash green space for quiet neighborhood dog walks.</p>,,,,
Don Russell Memorial Park,don-russell-memorial-park-etobicoke,683758b0a3f8a696dfc417b0,683758b09dd1e3ac2e4e9809,685a037e4b76f5be41a1810d,false,false,Tue Jun 24 2025 01:46:38 GMT+0000 (Coordinated Universal Time),Tue Jun 24 2025 20:38:35 GMT+0000 (Coordinated Universal Time),Tue Jun 24 2025 21:21:34 GMT+0000 (Coordinated Universal Time),Don Russell Memorial Park Leash-Free Dog Park,Leash Free,<p>Community park with off-leash permission in green space</p>,"Don Russell Memorial Park, Lakeshore Blvd W",43.60079833378301,-79.52101881399854,Etobicoke,Ontario,,No,No,grass,Medium,No,Yes,Yes,Yes,Yes,Unknown,Yes,5 am–11 pm,None,,"https://www.google.com/maps/place/Donald+Russell+Memorial+Park/@43.6005575,-79.5257824,16z/data=!3m1!4b1!4m6!3m5!1s0x882b483142e955c7:0xf7c152edabd2a493!8m2!3d43.6005537!4d-79.5209115!16s%2Fg%2F1tlwg8ht!5m1!1e1?entry=ttu&g_ep=EgoyMDI1MDYxNy4wIKXMDSoASAFQAw%3D%3D","leash-free,community,waterfront",<p>Community off-leash spot near the waterfront with green open areas.</p>,"<p>Don Russell Memorial Park provides a friendly community off-leash space near Etobicoke’s waterfront, ideal for casual dog walks.</p>",,,,
Don Valley Brick Works,don-valley-brick-works,683758b0a3f8a696dfc417b0,683758b09dd1e3ac2e4e9809,6842e9003a71ec712a43902f,false,false,Fri Jun 06 2025 13:11:28 GMT+0000 (Coordinated Universal Time),Fri Jun 06 2025 13:15:13 GMT+0000 (Coordinated Universal Time),Fri Jun 06 2025 13:46:10 GMT+0000 (Coordinated Universal Time),Don Valley Brick Works Park (Leash-Free Dog Area),Leash Free,"<p id="""">Don Valley Brick Works Park offers an informal, off-leash trail experience within a former quarry turned eco-park. While not a designated fenced dog area, it’s commonly used by locals for scenic dog walks along nature trails, wetlands, and forest paths. The area is part of the larger Don Valley trail system.</p>",550 Bayview Ave,43.683254936918125,-79.3668145337377,Toronto,Ontario,M4W 3X8,No,No,Dirt and gravel trails,40 acres (entire park),Yes,Yes,Yes,Yes,No,Yes (Evergreen Brick Works lot),Yes,6:00 AM – 11:00 PM,None,https://www.toronto.ca/explore-enjoy/parks-recreation/places-spaces/parks-and-recreation-facilities/location/?id=1449,"https://www.google.com/maps/place/Don+Valley+Brick+Works+Dog+Park/@43.6831347,-79.3716425,17z/data=!3m1!4b1!4m6!3m5!1s0x89d4cdba2d82ae27:0xc0a392ffa787fb32!8m2!3d43.6831309!4d-79.3667716!16s%2Fg%2F11flfjc1v4?entry=ttu&g_ep=EgoyMDI1MDYwMy4wIKXMDSoASAFQAw%3D%3D","natural trails, eco-park, shaded, scenic, informal off-leash","<p>Not a fenced dog park, but frequently used by dog owners for off-leash nature walks.</p>","<p id="""">Don Valley Brick Works Park is a lush, green retreat in the city that offers dog owners a scenic, informal off-leash trail experience. While not fenced, it’s beloved for peaceful nature walks with your pup.</p>",,,,
Douglasdale Off-Leash Area,douglasdale-off-leash-area,683758b0a3f8a696dfc417b0,683758b09dd1e3ac2e4e9809,683b175f53773d9881e3ffbb,false,false,Sat May 31 2025 14:51:11 GMT+0000 (Coordinated Universal Time),Sat May 31 2025 14:51:11 GMT+0000 (Coordinated Universal Time),Sun Jun 01 2025 00:16:54 GMT+0000 (Coordinated Universal Time),Douglasdale Park (Off-Leash Pathway Loop),Leash Free,<p>Douglasdale Off-Leash Area is a quiet neighborhood park featuring a looping pathway and open field space for dogs to play. It's known for its calm atmosphere and local convenience.</p>,Douglasbank Dr SE & Douglas Shore Close SE,,,Calgary,Alberta,T2Z 2N1,No,No,Grass,Unknown,No,Yes,,Yes,,Street Parking,No,5:00 AM to 11:00 PM,,https://www.calgary.ca/parks/off-leash-locations.html,https://www.google.com/maps/place/Douglasdale+Off+Leash+Dog+Park/,"local, pathway loop, neighborhood park",<p>Best for residents seeking a close and calm off-leash experience.</p>,<p>Douglasdale Off-Leash Area offers a simple loop pathway and grassy area for neighborhood dogs to stretch their legs in a peaceful setting.</p>,,,,
Dr. R. J. Allan Hogg Rotary Park,allan-hogg-rotary-park,683758b0a3f8a696dfc417b0,683758b09dd1e3ac2e4e9809,6871a5436331fbbb51d5f53e,false,false,Fri Jul 11 2025 23:58:59 GMT+0000 (Coordinated Universal Time),Sat Jul 12 2025 00:17:56 GMT+0000 (Coordinated Universal Time),Sat Jul 12 2025 01:27:16 GMT+0000 (Coordinated Universal Time),Dr. R. J. Allan Hogg Rotary Park Leash-Free Area,Leash Free,<p>This small scenic park in White Rock provides an off-leash area with stunning ocean views and easy access for residents.</p>,15497 Buena Vista Ave,49.02638662900424,-122.79372445676411,White Rock,British Columbia,V4B 1Y9,No,No,grass,Small,No,Yes,Minimal,Yes,No,Street parking,No,6 am – 10 pm,None,https://www.whiterockcity.ca/Facilities/Facility/Details/Dr-R-J-Allan-Hogg-Rotary-Park-11,"https://www.google.com/maps/place/Dr.+R.+J.+Allan+Hogg+Rotary+Park/@49.0557562,-122.8493427,13z/data=!4m10!1m2!2m1!1sdog+park+in+White+Rock,+BC!3m6!1s0x5485c381bf552003:0x848d57a639eae0e5!8m2!3d49.0241223!4d-122.7933695!15sChpkb2cgcGFyayBpbiBXaGl0ZSBSb2NrLCBCQ1obIhlkb2cgcGFyayBpbiB3aGl0ZSByb2NrIGJjkgEJY2l0eV9wYXJrmgEjQ2haRFNVaE5NRzluUzBWSlEwRm5TVVF5ZDB0VVRGWjNFQUWqAVsKCS9tLzBidDlschABKgwiCGRvZyBwYXJrKAAyHxABIhuksHVVq0VHuD-5yqWyNXBDXBzvvi7aMO--nGQyHRACIhlkb2cgcGFyayBpbiB3aGl0ZSByb2NrIGJj4AEA-gEFCL8BECA!16s%2Fg%2F11d_71ng5b!5m1!1e1?entry=ttu&g_ep=EgoyMDI1MDcwOC4wIKXMDSoASAFQAw%3D%3D","leash-free,scenic,small",,<p>Dr. R. J. Allan Hogg Rotary Park is a small scenic off-leash dog area in White Rock with panoramic ocean views.</p>,,,,
Duggan Park,duggan-park,683758b0a3f8a696dfc417b0,683758b09dd1e3ac2e4e9809,685a0057358bc9711a410dce,false,false,Tue Jun 24 2025 01:33:11 GMT+0000 (Coordinated Universal Time),Tue Jun 24 2025 20:49:08 GMT+0000 (Coordinated Universal Time),Tue Jun 24 2025 21:21:34 GMT+0000 (Coordinated Universal Time),Duggan Park Leash-Free Dog Park,Leash Free,"<p>Small, shaded leash-free park area in a quiet residential neighborhood.</p>",73 Vodden St E,43.69493789654856,-79.76347412343792,Brampton,Ontario,L6V1M4,Yes,No,grass,Small,No,Limited,Yes,Yes,Yes,Street parking,No,7 am – 10 pm,None,,"https://www.google.com/maps/place/Duggan+Park+Off-Leash+Area/@43.6952055,-79.7669717,17z/data=!4m15!1m8!3m7!1s0x882b15c0449f01af:0x3569574c8298ed0f!2s73+Vodden+St+E,+Brampton,+ON+L6V+4B9!3b1!8m2!3d43.6951111!4d-79.764345!16s%2Fg%2F11c14sg10l!3m5!1s0x882b15c01679c5ad:0x6099c1b5950c6739!8m2!3d43.6947683!4d-79.7634546!16s%2Fg%2F11dxkkzq2p!5m1!1e1?entry=ttu&g_ep=EgoyMDI1MDYxNy4wIKXMDSoASAFQAw%3D%3D","leash-free,fenced,shaded","<p>Quiet, relaxing park near residential area.</p>","<p>Duggan Park is a peaceful leash-free dog park in Brampton, perfect for relaxed visits with shaded areas and street access.</p>",,,,
Duggan Park,duggan-park-kelowna,683758b0a3f8a696dfc417b0,683758b09dd1e3ac2e4e9809,6871b1bdac6758665433fe1d,false,false,Sat Jul 12 2025 00:52:13 GMT+0000 (Coordinated Universal Time),Sat Jul 12 2025 00:53:01 GMT+0000 (Coordinated Universal Time),Sat Jul 12 2025 01:27:16 GMT+0000 (Coordinated Universal Time),Duggan Park | Kelowna Small Dog Off-Leash Area,Leash Free,"<p>Duggan Park is an official Kelowna dog park at 1494 Bernard Avenue, designed specifically as a fenced off-leash area for small dogs only.</p>",1494 Bernard Avenue,49.8817,-119.4686,Kelowna,British Columbia,V1Y 3L3,Yes,No,Gravel and grass,Small neighbourhood fenced park,Unknown - verify on arrival,Yes,Limited,Yes,Yes,Street or nearby park access - verify on arrival,Yes - nearby in Ben Lee Park during summer,Verify posted hours on arrival,Nearby washrooms are seasonal,https://www.kelowna.ca/parks-recreation/parks-beaches/parks-beaches-listing/dog-parks,https://www.google.com/maps/search/?api=1&query=1494+Bernard+Avenue+Kelowna+BC,"off-leash,kelowna,small-dogs-only,fenced,neighbourhood-park","<p>Primary source: https://www.kelowna.ca/parks-recreation/parks-beaches/parks-beaches-listing/dog-parks. Reviewed on August 2, 2026.</p>","<p>Duggan Park is one of Kelowna&apos;s official dog off-leash sites, but with a narrower purpose than the older thin page suggested: it is a <strong>small-dogs-only fenced park</strong> at <strong>1494 Bernard Avenue</strong>.</p>",,2026-08-02,Duggan Park | Kelowna Small Dog Off-Leash Area | LeashFree.ca,"Source-backed guide to Duggan Park in Kelowna, including the official 1494 Bernard Avenue location, fenced small-dogs-only off-leash status, gravel-and-grass surface, and nearby seasonal washrooms."
Dunmoore Park,dunmoore-park-pickering,683758b0a3f8a696dfc417b0,683758b09dd1e3ac2e4e9809,687057e869e550bf561461e9,false,false,Fri Jul 11 2025 00:16:40 GMT+0000 (Coordinated Universal Time),Fri Jul 11 2025 00:22:19 GMT+0000 (Coordinated Universal Time),Fri Jul 11 2025 12:18:36 GMT+0000 (Coordinated Universal Time),Dunmoore Park | Pickering Leash-Free Dog Park,Leash Free,"<p>Dunmoore Park is an official Pickering leash-free area with separate small-dog and all-dog sections, a sand pit, a 10-station canine activity area, and a current temporary closure for lighting installation through August 12, 2026.</p>","Whites Road South, Pickering",43.81098572753578,-79.11190121694257,Pickering,Ontario,L1W 2T9,Yes,No,Grass with sand activity area,Large municipal fenced leash-free area within larger park,Unknown - verify on arrival,Yes,Limited,Yes,Yes,Yes - park lot available,Yes - seasonal washrooms in the larger park,Check posted city signage; park washrooms generally 9 a.m. to 10 p.m. in season,"Temporary full dog-park closure July 27, 2026 to August 12, 2026 for lighting installation",https://www.pickering.ca/parks-recreation-culture/parks-and-trails/leash-free-areas/,https://www.google.com/maps/search/?api=1&query=Dunmoore+Park+Pickering+ON,"leash-free,fenced,small-dog-area,canine-activity-area,pickering","<p>Primary sources: https://www.pickering.ca/parks-recreation-culture/parks-and-trails/leash-free-areas/ and https://www.pickering.ca/parks-recreation-culture/parks-and-trails/leash-free-areas/canine-activity-area/. Supporting sources: https://apps.pickering.ca/appforms/ParkDetails.aspx?ParkFacilityID=22, https://www.pickering.ca/parks-recreation-culture/parks-and-trails/parks-maintenance/, and https://www.pickering.ca/news/program-cancellations-and-service-disruptions/. Reviewed on July 31, 2026.</p>","<p>Dunmoore Park is one of Pickering&apos;s official <strong>fully fenced leash-free areas</strong>, with <strong>two separate dog sections</strong>, a <strong>sand pit</strong>, and the city&apos;s distinctive <strong>canine activity area</strong>.</p>",,2026-07-31,Dunmoore Park | Pickering Leash-Free Dog Park | LeashFree.ca,"Source-backed guide to Dunmoore Park in Pickering, including the city’s fenced leash-free areas, small-dog section, unique canine activity area, seasonal washrooms, and temporary closure dates through August 12, 2026."
Dusty Greenwell Park,dusty-greenwell-dog-park-vancouver,683758b0a3f8a696dfc417b0,683758b09dd1e3ac2e4e9809,6838bee881b296a731089307,false,false,Thu May 29 2025 20:09:12 GMT+0000 (Coordinated Universal Time),Thu May 29 2025 23:37:11 GMT+0000 (Coordinated Universal Time),Thu May 29 2025 23:38:18 GMT+0000 (Coordinated Universal Time),Dusty Greenwell Park (off-leash dog park),Leash Free,"<p>Pet lovers in Vancouver love spending time at Dusty Greenwell Park, an off-leash area perfect for daily visits. The parks grass surface and 5313 square meters make it a wonderful space for dogs to burn energy. Dog owners will appreciate the parks 5 AM to 10 AM &amp; 5 PM to 10 PM access and how it includes comfortable benches, is primarily sun-exposed, and is close to limited facilities. Does not include water access. Its a great space to let your pup roam and meet other dogs.</p>",2799 Wall Street Vancouver BC,,,Vancouver,BC,,No,,Grass,,No,Yes,No,No,,,No,5 AM to 10 AM & 5 PM to 10 PM,,,,,,"<p>Dusty Greenwell Park is a well-loved off-leash dog park in Vancouver. This park features a grass surface and an open space for dogs to roam freely. It provides no water access, minimal shade, and limited seating, making it a great destination for local dog owners to relax and let their pets socialize.</p>",https://cdn.prod.website-files.com/683758b09dd1e3ac2e4e980a/6838bf9fe489f2f6a3b7d375_dog-park-open-space-with-dog-on-grass.png,,,
Earl Bales Park,earl-bales-park,683758b0a3f8a696dfc417b0,683758b09dd1e3ac2e4e9809,68434c36067b38e53f825833,false,false,Fri Jun 06 2025 20:14:46 GMT+0000 (Coordinated Universal Time),Fri Jun 13 2025 23:06:09 GMT+0000 (Coordinated Universal Time),Sat Jun 14 2025 00:09:21 GMT+0000 (Coordinated Universal Time),Earl Bales Park (Leash-Free Dog Area),Leash Free,"<p>Earl Bales Park includes a well-used fenced off-leash dog area. Nestled in a large park with wooded trails and picnic areas, the leash-free zone features gravel terrain, waste bins, and partial shade.</p>",4169 Bathurst St,43.75375810894665,-79.43239375554107,Toronto,Ontario,M3H 3P7,Yes,No,Gravel and dirt,Approx. 0.75 acres,No,Yes,Partial,Yes,Yes,Yes,Yes,7:00 AM – 9:00 PM,None,,"https://www.google.com/maps/place/Earl+Bales+Park/@43.7513595,-79.4334023,17z/data=!4m6!3m5!1s0x882b327f2a0019e1:0x5b0e8a7aa8279dfd!8m2!3d43.7534869!4d-79.4322811!16s%2Fg%2F11g7kr7754!5m1!1e1?entry=ttu&g_ep=EgoyMDI1MDYxMS4wIKXMDSoASAFQAw%3D%3D","leash-free, wooded trails, benches, fenced",<p>Located near the ski hill; watch for mud after rain.</p>,"<p>Earl Bales Park provides a secure off-leash zone surrounded by a large parkland, ideal for energetic dogs and nature-loving owners.</p>",,,,
East End Paw Park,east-end-paw-park,683758b0a3f8a696dfc417b0,683758b09dd1e3ac2e4e9809,6871c4dc51e99e17839c4913,false,false,Sat Jul 12 2025 02:13:48 GMT+0000 (Coordinated Universal Time),Sat Jul 12 2025 02:18:15 GMT+0000 (Coordinated Universal Time),Sat Jul 12 2025 03:27:49 GMT+0000 (Coordinated Universal Time),East End Paw Park Leash-Free Dog Park,Leash Free,"<p>East End Paw Park is a community-supported off-leash park in Brandon’s east end, providing a relaxed green space for dogs.</p>",24th St E & Patricia Ave,49.8308,-99.9213,Brandon,Manitoba,R7A 7T9,Yes,No,grass,Medium,No,Limited,Minimal,Yes,Yes,Yes,No,7 am – 11 pm,None,https://www.brandon.ca/parks/dog-parks,"https://maps.google.com/?q=East+End+Paw+Park,+Brandon,+MB","leash-free,fenced,community",<p>Also referred to as East End Dog Park.</p>,"<p>East End Paw Park is an off-leash dog park in Brandon, MB, offering dogs and their owners a fenced green space to enjoy in a quiet neighborhood setting.</p>",,,,
East Village Dog Park,east-village-dog-park,683758b0a3f8a696dfc417b0,683758b09dd1e3ac2e4e9809,683b175e99d4134a28d0e9d3,false,false,Sat May 31 2025 14:51:10 GMT+0000 (Coordinated Universal Time),Sat May 31 2025 14:51:10 GMT+0000 (Coordinated Universal Time),Sun Jun 01 2025 00:16:54 GMT+0000 (Coordinated Universal Time),East Village Dog Park (Urban Core Leash-Free Zone),Leash Free,"<p>The East Village Dog Park is a fully fenced, modern urban dog park located in downtown Calgary. It features artificial turf, benches, and lighting for safe evening visits.</p>",7 Ave SE & 5 St SE,,,Calgary,Alberta,T2G 2W3,Yes,No,Artificial Turf and Gravel,Approx. 0.25 acres,No,Yes,,Yes,,Street and Paid Lots Nearby,Yes,5:00 AM to 11:00 PM,,https://www.evexperience.com/places/east-village-dog-park,"https://www.google.com/maps/place/7+Ave+SE+%26+5+St+SE,+Calgary,+AB+T2G+2W3","urban, fenced, turf, downtown, lighting",<p>Ideal for condo dwellers in the city core; high usage during rush hours.</p>,"<p>Located in the heart of Calgary’s East Village, this modern dog park offers a safe and clean off-leash experience for downtown residents and their pups.</p>",,,,
East Zwick's Centennial Park,east-zwicks-centennial-park,683758b0a3f8a696dfc417b0,683758b09dd1e3ac2e4e9809,68657bf104fc7a708dc8d06a,false,false,Wed Jul 02 2025 18:35:29 GMT+0000 (Coordinated Universal Time),Wed Jul 02 2025 18:37:44 GMT+0000 (Coordinated Universal Time),Wed Jul 02 2025 18:53:15 GMT+0000 (Coordinated Universal Time),East Zwick's Centennial Park Leash Free Dog Park,Leash Free,<p>Spacious waterfront park with trails and a designated leash-free zone near the water.</p>,11 Bay Bridge Rd,44.15395603739398,-77.38637969111372,Belleville,Ontario,K8P3P6,Partially,No,"grass, trails",Large,Yes (seasonal),Yes,Yes,Yes,Yes,Yes,Yes (Seasonal),6 am – 11 pm,None,,"https://www.google.com/maps/place/East+Zwick's+Centennial+Park/@44.1536866,-77.3888473,16z/data=!3m1!4b1!4m6!3m5!1s0x89d62553a5508281:0x6aea9ae711312e5e!8m2!3d44.1536828!4d-77.3862724!16s%2Fg%2F1tfkrrzx!5m1!1e1?entry=ttu&g_ep=EgoyMDI1MDYzMC4wIKXMDSoASAFQAw%3D%3D","leash-free,waterfront,partially fenced,trails",<p>Great for dogs that enjoy water and scenic walks.</p>,"<p>East Zwick's Centennial Park in Belleville offers a partially fenced leash-free area by the water, perfect for scenic dog walks and play.</p>",,,,
Eastview Community Park,eastview-community-park-guelph,683758b0a3f8a696dfc417b0,683758b09dd1e3ac2e4e9809,6856066002172b94e1942099,false,false,Sat Jun 21 2025 01:09:52 GMT+0000 (Coordinated Universal Time),Sat Jun 21 2025 01:14:15 GMT+0000 (Coordinated Universal Time),Sat Jun 21 2025 01:54:30 GMT+0000 (Coordinated Universal Time),Eastview Community Park (Leash-Free Dog Area),Leash Free,"<p>Eastview Community Park offers one of Guelph’s most popular leash-free dog spaces, set within a large recreational park that includes trails and wetlands.</p>",189 Watson Pkwy N,43.574056425686166,-80.2303972572018,Guelph,Ontario,N1E 7J3,Yes,Unknown,Grass,Unknown,No,Yes,Yes,Yes,Yes,Yes,Yes,6:00 AM – 11:00 PM,None,https://guelph.ca/living/recreation/parks/leash-free-zones-for-dogs/,"https://www.google.com/maps/place/Eastview+Community+Park,+186+Eastview+Rd,+Guelph,+ON+N1E+6X2/@43.5737888,-80.2316966,17.73z/data=!4m6!3m5!1s0x882b9bb37311694d:0x5219cccb5a869a4a!8m2!3d43.5739722!4d-80.2305756!16s%2Fg%2F11bvtfhwf9!5m1!1e1?entry=ttu&g_ep=EgoyMDI1MDYxNy4wIKXMDSoASAFQAw%3D%3D","leash-free, fenced, grass, shaded, benches, parking",<p>A great mix of nature and space for dogs to run.</p>,"<p>Eastview Community Park’s leash-free zone is well-known in Guelph for its accessibility, space, and surrounding trails. It’s ideal for energetic dogs who love to explore.</p>",,,,
Echo Dale Regional Park,echo-dale-regional-park,683758b0a3f8a696dfc417b0,683758b09dd1e3ac2e4e9809,6871c11e81428b13e9da4086,false,false,Sat Jul 12 2025 01:57:50 GMT+0000 (Coordinated Universal Time),Sat Jul 12 2025 02:02:11 GMT+0000 (Coordinated Universal Time),Sat Jul 12 2025 03:27:49 GMT+0000 (Coordinated Universal Time),Echo Dale Regional Park,Dogs Allowed,"<p>Echo Dale Regional Park in Medicine Hat features a large off-leash area, multi-use trails, and access to swim lakes and picnic sites.</p>",1001 Echo Dale Rd SW,50.0227,-110.8482,Medicine Hat,Alberta,T1A 8W2,No,No,"grass, trail",Very Large,Yes,Yes,Yes,Yes,Yes,Yes,Yes,7 am – 11 pm,None,https://www.medicinehat.ca/en/parks-recreation-and-culture/dog-parks.aspx,"https://maps.google.com/?q=Echo+Dale+Regional+Park,+Medicine+Hat,+AB","dogs-allowed,trails,water,scenic",<p>Dogs must remain under control when off-leash. Swim lake nearby.</p>,"<p>Echo Dale Regional Park offers a scenic off-leash experience in Medicine Hat, complete with trails, swim lake, and picnic areas.</p>",,,,
Edgemont Area 1 Off-Leash Dog Park,edgemont-area-1-off-leash-dog-park,683758b0a3f8a696dfc417b0,683758b09dd1e3ac2e4e9809,683b175cf5908465c85c20c6,false,false,Sat May 31 2025 14:51:08 GMT+0000 (Coordinated Universal Time),Sat May 31 2025 14:51:08 GMT+0000 (Coordinated Universal Time),Sun Jun 01 2025 00:16:54 GMT+0000 (Coordinated Universal Time),Edgemont Area 1 Off-Leash Dog Park (Dog Park in NW Calgary),Leash Free,"<p>Edgemont Area 1 Off-Leash Dog Park is a large hillside green space connecting through ravines and natural paths. This area features wide open views of the city, gentle slopes, and plenty of room for dogs to burn energy.</p>",91 Edgeview Rd NW,,,Calgary,Alberta,T3A 4T7,No,No,"Grass, Dirt Trails",3.5 hectares,No,Yes,,Yes,,Street Parking,No,5:00 AM to 11:00 PM,,https://calgarydogparks.com/parks/edgemont-area-1-off-leash-dog-park,"https://www.google.com/maps/place/91+Edgeview+Rd+NW,+Calgary,+AB+T3A+4T7","hillside, ravine trails, northwest Calgary, open view, natural area",<p>Offers stunning views and quiet trails that connect to nearby neighborhoods.</p>,<p>Edgemont Area 1 Off-Leash Dog Park provides northwest Calgary dog owners with a serene trail network and sloped green spaces perfect for off-leash adventures.</p>,,,,
Edworthy Park,edworthy-park,683758b0a3f8a696dfc417b0,683758b09dd1e3ac2e4e9809,683a557595d7db301cb0eb93,false,false,Sat May 31 2025 01:03:49 GMT+0000 (Coordinated Universal Time),Sat May 31 2025 01:34:42 GMT+0000 (Coordinated Universal Time),Sat May 31 2025 02:01:43 GMT+0000 (Coordinated Universal Time),Edworthy Park (Leash-Free Dog Area),,"<p>Edworthy Park lies in a scenic river valley and offers both on-leash and designated off-leash areas. The park includes forested paths, picnic spots, and access to the Bow River, making it ideal for dogs and owners alike.</p>",5050 Spruce Dr SW,,,Calgary,Alberta,T3C 3B2,No,,"Grass, Dirt, Riverbank Trails",,Yes,Yes,Yes,Yes,,,Yes,5:00 AM – 11:00 PM,,https://www.calgary.ca/parks/edworthy.html,https://www.google.com/maps/place/Edworthy+Park/,"off-leash, river, picnic, forest trails, family-friendly",<p>The off-leash area is near the Douglas Fir Trail and river access points.</p>,"<p>Edworthy Park is a popular destination for Calgary families and their dogs, offering a blend of river walks, wooded trails, and leash-free adventure.</p>",https://cdn.prod.website-files.com/683758b09dd1e3ac2e4e980a/683a5cabcca84f4da818e8d3_Edworthy%20Park.png,,,
Elbow Park Off-Leash Area,elbow-park-off-leash-area,683758b0a3f8a696dfc417b0,683758b09dd1e3ac2e4e9809,683b175d0ff68ecf10b90630,false,false,Sat May 31 2025 14:51:09 GMT+0000 (Coordinated Universal Time),Sat May 31 2025 14:51:09 GMT+0000 (Coordinated Universal Time),Sun Jun 01 2025 00:16:54 GMT+0000 (Coordinated Universal Time),Elbow Park Off-Leash Area (Inner SW Calgary),Leash Free,"<p>Nestled in one of Calgary's historic neighborhoods, Elbow Park provides a charming off-leash area near the river with grassy fields and walking paths. It's frequented by families and dog owners alike.</p>",800 34 Ave SW,,,Calgary,Alberta,T2T 2A3,No,No,Grass and Pathways,Approx. 2 acres,No,Yes,,Yes,,Street parking available,No,5:00 AM to 11:00 PM,,https://www.calgary.ca/parks/off-leash-locations.html,"https://www.google.com/maps/place/800+34+Ave+SW,+Calgary,+AB+T2T+2A3","off-leash, inner city, river access, family-friendly",<p>Charming neighborhood location with river proximity.</p>,"<p>Elbow Park’s off-leash area blends inner-city charm with accessible green space, making it a convenient and scenic spot for daily dog walks.</p>",,,,
Elboya Off-Leash Area,elboya-off-leash-area,683758b0a3f8a696dfc417b0,683758b09dd1e3ac2e4e9809,683b175da804e6cddf2ae91f,false,false,Sat May 31 2025 14:51:09 GMT+0000 (Coordinated Universal Time),Sat May 31 2025 14:51:09 GMT+0000 (Coordinated Universal Time),Sun Jun 01 2025 00:16:54 GMT+0000 (Coordinated Universal Time),Elboya Off-Leash Area (SW Calgary),Leash Free,<p>Elboya offers an open green space near Stanley Park where dogs can run freely. It's not fenced but has natural boundaries from surrounding residential areas.</p>,4808 Elbow Dr SW,,,Calgary,Alberta,T2S 2J6,No,No,Grass,Approx. 2.5 acres,No,Yes,,Yes,,Yes (lot nearby),Yes,5:00 AM to 11:00 PM,,https://www.calgary.ca/parks/off-leash-locations.html,"https://www.google.com/maps/place/4808+Elbow+Dr+SW,+Calgary,+AB+T2S+2J6","off-leash, open field, residential area","<p>Close to Stanley Park amenities, ideal for locals in the area.</p>","<p>Located near Stanley Park, Elboya Off-Leash Area provides a convenient, open green space for dogs to explore off-leash in Calgary’s southwest.</p>",,,,
Elliots Beach Park,elliots-beach-park-ladysmith,683758b0a3f8a696dfc417b0,683758b09dd1e3ac2e4e9809,6871a19465c37327d31f265c,false,false,Fri Jul 11 2025 23:43:16 GMT+0000 (Coordinated Universal Time),Fri Jul 11 2025 23:45:13 GMT+0000 (Coordinated Universal Time),Sat Jul 12 2025 01:27:16 GMT+0000 (Coordinated Universal Time),Elliots Beach Park | North Oyster Beach Guide,Beach park,"<p>Elliots Beach Park is a CVRD beach park at 11846 Elliot Way in North Oyster with picnic space, parking, toilet facilities, and accessible beach access, but it is not an official Ladysmith dog off-leash park.</p>",11846 Elliot Way,48.9887,-123.7622,North Oyster,British Columbia,,No,No,"Beach, sand, gravel, rocky shoreline",Small beach day-use park,Ocean access,Limited picnic seating,Partial,Unknown - verify on arrival,No official dog dispensers confirmed,Yes - small lot for 3 to 7 vehicles,Yes - toilet facilities,Verify posted hours on arrival,Check posted regional park and shoreline notices,https://www.cvrd.bc.ca/parks/elliots-beach-park/,https://www.google.com/maps/search/?api=1&query=11846+Elliot+Way+North+Oyster+BC,"beach-park,waterfront,cvrd,elliots-beach-park","<p>Primary sources: https://www.cvrd.bc.ca/parks/elliots-beach-park/ and https://www.ladysmith.ca/parks-recreation-culture/dog-off-leash-parks-trails. Reviewed on July 30, 2026. This page was corrected because Elliots Beach Park is a CVRD beach park in North Oyster and is not listed by the Town of Ladysmith as an official off-leash dog park.</p>","<p>Elliots Beach Park is a <strong>Cowichan Valley Regional District beach park</strong> in <strong>North Oyster</strong>, with shoreline access, picnic space, and a small waterfront day-use setting at <strong>11846 Elliot Way</strong>.</p>",,2026-07-30,Elliots Beach Park | North Oyster Beach Guide | LeashFree.ca,"Source-backed guide to Elliots Beach Park in North Oyster, including the official CVRD address, beach amenities, and the correction that this is not an official Ladysmith dog off-leash park."
Ellison Dog Park,ellison-dog-park-kelowna,683758b0a3f8a696dfc417b0,683758b09dd1e3ac2e4e9809,6871b27f5b7742e5505efe33,false,false,Sat Jul 12 2025 00:55:27 GMT+0000 (Coordinated Universal Time),Sat Jul 12 2025 00:56:39 GMT+0000 (Coordinated Universal Time),Sat Jul 12 2025 01:27:16 GMT+0000 (Coordinated Universal Time),Ellison Dog Park | Kelowna Off-Leash Dog Park,Park,<p>Ellison Dog Park is a large off-leash City of Kelowna park with trail access in the Ellison area near the airport.</p>,4720 Old Vernon Rd,49.94892,-119.37025,Kelowna,British Columbia,V1X 7V6,Yes,Yes,Grass and trail surfaces - verify on arrival,7.02 ha,Unknown - verify on arrival,Unknown - verify on arrival,Some shade may be available - verify on arrival,Expected at city park - verify on arrival,Unknown - verify on arrival,Yes - verify exact access on arrival,Unknown - verify on arrival,Check city signage on arrival,Check posted rules and city updates,https://www.kelowna.ca/parks-recreation/parks-beaches/parks-beaches-listing/ellison-dog-park,https://www.google.com/maps/search/?api=1&query=Ellison+Dog+Park+4720+Old+Vernon+Rd+Kelowna+BC,"off-leash,trails,large-park,kelowna","<p>Primary source: https://www.kelowna.ca/parks-recreation/parks-beaches/parks-beaches-listing/ellison-dog-park. Supporting source: https://www.kelowna.ca/parks-recreation/parks-beaches/dog-parks. The supporting source currently uses the name Ellison Fields Dog Park and lists 4680 Old Vernon Road, while the park-specific listing uses Ellison Dog Park at 4720 Old Vernon Rd. Reviewed on July 30, 2026.</p>","<p>Ellison Dog Park is a City of Kelowna off-leash park at <strong>4720 Old Vernon Rd</strong>, where the current official listing shows <strong>trails</strong>, <strong>off-leash dog status</strong>, and a published area of <strong>7.02 hectares</strong>.</p>",,2026-07-30,Ellison Dog Park | Kelowna Off-Leash Dog Park | LeashFree.ca,"Source-backed guide to Ellison Dog Park in Kelowna, including the City of Kelowna listing at 4720 Old Vernon Rd, off-leash status, 7.02-hectare size, trail access, and current off-leash rules."
Emery Barnes,emery-barnes-dog-park,683758b0a3f8a696dfc417b0,683758b09dd1e3ac2e4e9809,6838bee6661048e5e3ca4386,false,false,Thu May 29 2025 20:09:10 GMT+0000 (Coordinated Universal Time),Thu May 29 2025 23:37:11 GMT+0000 (Coordinated Universal Time),Thu May 29 2025 23:38:18 GMT+0000 (Coordinated Universal Time),Emery Barnes (off-leash dog park),Leash Free,"<p>Pet lovers in Vancouver love spending time at Emery Barnes, an off-leash area perfect for daily visits. This park spans about 856 square meters and features gravel surfaces ideal for running and play. Emery Barnes operates 6 AM to 10 PM, where the environment includes comfortable benches, is primarily sun-exposed, and is close to limited facilities. Don’t forget that it does not include water access, which is ideal for dogs on warmer days.</p>",Davie Street & Richards Street,,,Vancouver,BC,,Yes,,Gravel,,No,Yes,No,Yes,,,No,6 AM to 10 PM,,,,,,"<p>Emery Barnes is a well-loved off-leash dog park in Vancouver. This park features a gravel surface and an open space for dogs to roam freely. It provides no water access, minimal shade, and limited seating, making it a great destination for local dog owners to relax and let their pets socialize.</p>",https://cdn.prod.website-files.com/683758b09dd1e3ac2e4e980a/6838bfb0649f9ed0a87de7c1_dog-park-daytime-with-dog-and-grassy-field.png,,,
Etobicoke Valley Dog Park,etobicoke-valley-dog-park,683758b0a3f8a696dfc417b0,683758b09dd1e3ac2e4e9809,68409f0d2661071b60873901,false,false,Wed Jun 04 2025 19:31:25 GMT+0000 (Coordinated Universal Time),Wed Jun 04 2025 19:36:29 GMT+0000 (Coordinated Universal Time),Wed Jun 04 2025 20:11:05 GMT+0000 (Coordinated Universal Time),Etobicoke Valley Dog Park (Leash-Free Dog Park),Leash Free,"<p>Etobicoke Valley Dog Park is one of the most popular off-leash destinations in Mississauga, located within a natural ravine setting along Etobicoke Creek. Unlike many other urban dog parks, this one offers a more rugged, forest-like experience, complete with walking trails, shaded areas, and even a stream where dogs can cool off. It’s fully unfenced, so strong recall is important. The park offers plenty of space for dogs to roam, sniff, and explore, while their owners enjoy the peaceful natural setting.</p>",1810 Rathburn Rd E,43.62503596697716,-79.56701958394716,Mississauga,Ontario,L4W 2X9,No,No,"Natural terrain, dirt, grass, wooded trail",Approx. 4.5 acres (estimated),No,Yes,Yes,Yes,Yes,Yes (small lot at Garnetwood Park entrance),No,7:00 AM – 9:00 PM,None,https://www.mississauga.ca/city-of-mississauga-news/news/unleash-the-hounds-take-your-pooch-to-a-leash-free-zone/,"https://www.google.com/maps/place/Etobicoke+Creek+Offleash+Dog+Park/@43.6275833,-79.6265861,13z/data=!4m10!1m2!2m1!1sEtobicoke+Valley+Dog+Park!3m6!1s0x882b3806ae39ce89:0x173631bcf0decc05!8m2!3d43.6229849!4d-79.5664381!15sChlFdG9iaWNva2UgVmFsbGV5IERvZyBQYXJrWhsiGWV0b2JpY29rZSB2YWxsZXkgZG9nIHBhcmuSAQhkb2dfcGFya5oBJENoZERTVWhOTUc5blMwVkpRMEZuU1VSamJYTjFjM3AzUlJBQqoBYgoJL20vMGJ0OWxyEAEqEyIPdmFsbGV5IGRvZyBwYXJrKAAyHxABIhtpa-e1A__eATD3fztZ5xAWIs4b5X-dMq_ukoIyHRACIhlldG9iaWNva2UgdmFsbGV5IGRvZyBwYXJr4AEA-gEECAAQQQ!16s%2Fg%2F11cjp6_s76?entry=ttu&g_ep=EgoyMDI1MDYwMS4wIKXMDSoASAFQAw%3D%3D","ravine, natural trail, unfenced, wooded, stream, shaded",<p>This is one of the few leash-free areas with a natural stream. Note that the area is not fenced and dogs may enter the creek or wooded areas—only suitable for dogs with strong recall.</p>,"<p>Nestled in a scenic ravine along Etobicoke Creek, Etobicoke Valley Dog Park offers dogs a unique off-leash adventure through wooded trails and natural terrain. With space to roam and splash, it’s a hidden gem for outdoor-loving pups and their humans.</p>",https://cdn.prod.website-files.com/683758b09dd1e3ac2e4e980a/6840a03860a5f67a96d91b4e_Etobicoke%20Valley%20Dog%20Park.jpg,,,
Evanston Dog Park,evanston-dog-park,683758b0a3f8a696dfc417b0,683758b09dd1e3ac2e4e9809,683b175ca3cb5280b433b3db,false,false,Sat May 31 2025 14:51:08 GMT+0000 (Coordinated Universal Time),Sat May 31 2025 14:51:08 GMT+0000 (Coordinated Universal Time),Sun Jun 01 2025 00:16:54 GMT+0000 (Coordinated Universal Time),Evanston Dog Park (NW Calgary),Leash Free,"<p>Evanston Dog Park features gently rolling prairie landscapes with mixed surfaces, providing a modern design and scenic views for dogs and their owners.</p>","East of Symons Valley Parkway NW, between Evansford Circle NW and Evansford Grove NW",,,Calgary,Alberta,T3P 1G7,No,No,"Grass, Packed Earth, Paved Pathways",1.5 hectares,No,Yes,,Yes,,Street Parking,No,5:00 AM to 11:00 PM,,https://calgarydogparks.com/parks/evanston-dog-park?utm_source=chatgpt.com,"https://www.google.com/maps/place/Evanston+Dog+Park,+Calgary,+AB+T3P+1G7","off-leash, prairie landscape, NW Calgary, community park",<p>The park is a pilot project and may be subject to changes; check for updates.</p>,<p>Evanston Dog Park provides a modern and scenic off-leash area for dogs to enjoy in Calgary's growing northwest community.</p>,,,,
Everett Crowley,everett-crowley-dog-park,683758b0a3f8a696dfc417b0,683758b09dd1e3ac2e4e9809,6838bee648d43e4eb4409547,false,false,Thu May 29 2025 20:09:10 GMT+0000 (Coordinated Universal Time),Thu May 29 2025 23:37:10 GMT+0000 (Coordinated Universal Time),Thu May 29 2025 23:38:18 GMT+0000 (Coordinated Universal Time),Everett Crowley (off-leash dog park),Leash Free,"<p>Pet lovers in Vancouver love spending time at Everett Crowley, an off-leash area perfect for daily visits. Covering 117020 square meters, it has a gravel trails base that supports active dog activities. Visitors can enjoy 6 AM to 10 PM access, and the park offers wide-open green space, is primarily sun-exposed, and has accessible washrooms nearby. Does not include water access, so bring your furry friend for a refreshing outdoor experience.</p>",8200 Kerr Street Vancouver BC,,,Vancouver,BC,,No,,Gravel Trails,,No,No,No,No,,,Yes,6 AM to 10 PM,,,,,,"<p>Everett Crowley is a well-loved off-leash dog park in Vancouver. This park features a gravel trails surface and an open space for dogs to roam freely. It provides no water access, minimal shade, and limited seating, making it a great destination for local dog owners to relax and let their pets socialize.</p>",https://cdn.prod.website-files.com/683758b09dd1e3ac2e4e980a/6838bf6da378932f0d55bef8_border-collie-in-open-grassy-dog-park.png,,,
Fairfield Park,fairfield-park-chilliwack,683758b0a3f8a696dfc417b0,683758b09dd1e3ac2e4e9809,687106348688c481f8a40f2d,false,false,Fri Jul 11 2025 12:40:20 GMT+0000 (Coordinated Universal Time),Fri Jul 11 2025 12:40:20 GMT+0000 (Coordinated Universal Time),Fri Jul 11 2025 17:00:43 GMT+0000 (Coordinated Universal Time),Fairfield Park | Chilliwack Dog Off-Leash Area,Park,<p>Fairfield Park is an official Chilliwack dog off-leash site at 46219 Clare Avenue with separate large and small dog areas inside a larger community sports park.</p>,46219 Clare Avenue,49.1245,-121.9927,Chilliwack,British Columbia,V2P 3Y2,Yes,No,Grass within fenced dog areas and surrounding park paths,11.4 hectares,Unknown - verify on arrival,Likely in park areas - verify exact dog-area seating on arrival,Some tree cover around park - verify in dog areas on arrival,Expected at park - verify exact placement on arrival,Unknown - verify on arrival,Yes,Yes,Verify posted hours on arrival,Check posted city rules and field-use activity,https://www.chilliwack.com/main/page.cfm?dowhat=locationView&id=1754&plID=42,https://www.google.com/maps/search/?api=1&query=46219+Clare+Avenue+Chilliwack+BC,"off-leash,small-dog-area,sports-park,chilliwack","<p>Primary sources: https://www.chilliwack.com/main/page.cfm?id=2579 and https://www.chilliwack.com/main/page.cfm?dowhat=locationView&id=1754&plID=42. Supporting sources: https://www.chilliwack.com/main/page.cfm?id=37&prid=573&prshow=details and https://www.chilliwack.com/main/pdfbook/prc/lg/2025FallWinter/HTML/6/. Reviewed on July 30, 2026.</p>","<p>Fairfield Park is one of Chilliwack&apos;s official dog off-leash locations, with <strong>separate large and small dog areas</strong> inside a larger community park at <strong>46219 Clare Avenue</strong> on Fairfield Island.</p>",,2026-07-30,Fairfield Park | Chilliwack Dog Off-Leash Area | LeashFree.ca,"Source-backed guide to Fairfield Park in Chilliwack, including the official Clare Avenue access point, large and small fenced dog areas, walking paths, washrooms, playground, and sports-field amenities."
Falaise Park,falaise-park-dog-park,683758b0a3f8a696dfc417b0,683758b09dd1e3ac2e4e9809,6838bee690c35b5d42e2fc34,false,false,Thu May 29 2025 20:09:10 GMT+0000 (Coordinated Universal Time),Thu May 29 2025 23:37:11 GMT+0000 (Coordinated Universal Time),Thu May 29 2025 23:38:18 GMT+0000 (Coordinated Universal Time),Falaise Park (off-leash dog park),Leash Free,"<p>Falaise Park stands out as one of Vancouver's designated off-leash parks in BC. This park spans about 12889 square meters and features grass surfaces ideal for running and play. Falaise Park operates 5 AM to 8 AM &amp; 5 PM to 10 PM, where the environment offers wide-open green space, is primarily sun-exposed, and is close to limited facilities. Plus, it does not include water access, making it a top destination for canine fun and exercise.</p>",3434 Falaise Avenue Vancouver,,,Vancouver,BC,,No,,Grass,,No,No,No,No,,,No,5 AM to 8 AM & 5 PM to 10 PM,,,,,,"<p>Falaise Park is a well-loved off-leash dog park in Vancouver. This park features a grass surface and an open space for dogs to roam freely. It provides no water access, minimal shade, and limited seating, making it a great destination for local dog owners to relax and let their pets socialize.</p>",https://cdn.prod.website-files.com/683758b09dd1e3ac2e4e980a/6838bfe87efc310352d3b1de_golden-retriever-in-dog-park-open-field.jpg.png,,,
Falaise Park,falaise-dog-park,683758b0a3f8a696dfc417b0,683758b09dd1e3ac2e4e9809,6838bee75e29bb487d5ca9af,false,false,Thu May 29 2025 20:09:11 GMT+0000 (Coordinated Universal Time),Thu May 29 2025 23:37:10 GMT+0000 (Coordinated Universal Time),Thu May 29 2025 23:38:18 GMT+0000 (Coordinated Universal Time),Falaise Park (off-leash dog park),Leash Free,"<p>Falaise Park is a fantastic leash-free zone for dogs located in Vancouver, BC. Covering 11696 square meters, it has a grass base that supports active dog activities. Dog owners will appreciate the park’s 5 AM to 10 AM &amp; 5 PM to 10 PM access and how it offers wide-open green space, is primarily sun-exposed, and is close to limited facilities. Plus, it does not include water access, making it a top destination for canine fun and exercise.</p>",3434 Falaise Avenue Vancouver,,,Vancouver,BC,,,,Grass,,No,No,No,No,,,No,5 AM to 10 AM & 5 PM to 10 PM,,,,,,"<p>Falaise Park is a well-loved off-leash dog park in Vancouver. This park features a grass surface and an open space for dogs to roam freely. It provides no water access, minimal shade, and limited seating, making it a great destination for local dog owners to relax and let their pets socialize.</p>",https://cdn.prod.website-files.com/683758b09dd1e3ac2e4e980a/6838bf9fe489f2f6a3b7d375_dog-park-open-space-with-dog-on-grass.png,,,
Falaise Park,falaise-dog-park-vancouver,683758b0a3f8a696dfc417b0,683758b09dd1e3ac2e4e9809,6838bee863c96c50a827938a,false,false,Thu May 29 2025 20:09:12 GMT+0000 (Coordinated Universal Time),Thu May 29 2025 23:37:11 GMT+0000 (Coordinated Universal Time),Thu May 29 2025 23:38:18 GMT+0000 (Coordinated Universal Time),Falaise Park (off-leash dog park),Leash Free,"<p>If you're in Vancouver, BC, and looking for a great off-leash dog park, check out Falaise Park. This park spans about 22888 square meters and features grass surfaces ideal for running and play. Falaise Park operates 5 AM to 10 AM &amp; 5 PM to 10 PM, where the environment includes comfortable benches, offers shady spots, and has accessible washrooms nearby. Plus, it does not include water access, making it a top destination for canine fun and exercise.</p>",3434 Falaise Avenue Vancouver,,,Vancouver,BC,,No,,Grass,,No,Yes,Yes,No,,,Yes,5 AM to 10 AM & 5 PM to 10 PM,,,,,,"<p>Falaise Park is a well-loved off-leash dog park in Vancouver. This park features a grass surface and an open space for dogs to roam freely. It provides no water access, minimal shade, and limited seating, making it a great destination for local dog owners to relax and let their pets socialize.</p>",https://cdn.prod.website-files.com/683758b09dd1e3ac2e4e980a/6838bf8248d43e4eb440ee42_golden-retriever-in-forest-edge-dog-park.png,,,
Firemen's Park,firemens-park,683758b0a3f8a696dfc417b0,683758b09dd1e3ac2e4e9809,686583ae67a7742759bc719d,false,false,Wed Jul 02 2025 19:08:30 GMT+0000 (Coordinated Universal Time),Wed Jul 02 2025 19:13:29 GMT+0000 (Coordinated Universal Time),Thu Jul 03 2025 19:00:11 GMT+0000 (Coordinated Universal Time),Firemen's Park Leash-Free Dog Park,Leash Free,"<p>Multi-use community park featuring an off-leash dog zone, hiking trails, and large open spaces.</p>",2275 Dorchester Rd,-43.1463826316086,-79.11328682165498,Niagara Falls,Ontario,L2E 6S4,Partially,No,"grass, dirt trails",Large,No,Yes,Yes,Yes,No,Yes,Yes (Seasonal),6 am – 11 pm,None,https://niagarafalls.ca/living/parks-trails/firemens-park.aspx,"https://www.google.com/maps/place/Firemen's+Park/@43.0507455,-79.1768015,12z/data=!4m10!1m2!2m1!1sNiagara+Falls+Dog+Parks!3m6!1s0x89d35b74c6b4647f:0xcee599c141212c0a!8m2!3d43.1393082!4d-79.1143196!15sChdOaWFnYXJhIEZhbGxzIERvZyBQYXJrc1oZIhduaWFnYXJhIGZhbGxzIGRvZyBwYXJrc5IBBHBhcmuaASRDaGREU1VoTk1HOW5TMFZKUTBGblNVUnlORFJQZEhWblJSQUKqAVoKCS9tLzBidDlschABKg0iCWRvZyBwYXJrcygAMh8QASIbbz0nYCJ6xHqraYBYzxLpG-MyZp2eqmo_n4wDMhsQAiIXbmlhZ2FyYSBmYWxscyBkb2cgcGFya3PgAQD6AQQIABBB!16s%2Fg%2F11v0jm1rc6!5m1!1e1?entry=ttu&g_ep=EgoyMDI1MDYzMC4wIKXMDSoASAFQAw%3D%3D","leash-free,trails,open space",<p>Leash-free zone is not fully fenced; part of a large park complex.</p>,"<p>Firemen's Park in Niagara Falls offers off-leash access in a multi-use park with trails, events, and scenic wooded areas.</p>",,,,
Fish Creek Park – Marshall Springs & Votiers Flats,fish-creek-marshall-votiers,683758b0a3f8a696dfc417b0,683758b09dd1e3ac2e4e9809,683b175e3d46fbe843541344,false,false,Sat May 31 2025 14:51:10 GMT+0000 (Coordinated Universal Time),Sat May 31 2025 14:51:10 GMT+0000 (Coordinated Universal Time),Sun Jun 01 2025 00:16:54 GMT+0000 (Coordinated Universal Time),Fish Creek Park (Marshall Springs & Votiers Flats Off-Leash Zones),Leash Free,"<p>Fish Creek Provincial Park offers multiple designated off-leash zones, with Marshall Springs and Votiers Flats among the most popular. Dogs can explore wooded trails, meadows, and even access the creek under close supervision.</p>",Marshall Springs Gate SW,,,Calgary,Alberta,T2Y 3S4,No,No,"Trails, Grass, Forest",Large – part of 13.5 sq. km park,Yes,Yes,,Yes,,Yes,Yes,5:00 AM to 11:00 PM,,https://www.albertaparks.ca/parks/south/fish-creek-pp/,"https://www.google.com/maps/place/Marshall+Springs+Gate+SW,+Calgary,+AB+T2Y+3S4","natural trails, water access, forested, large park",<p>Watch for wildlife; park rangers patrol regularly.</p>,"<p>Fish Creek Provincial Park's Marshall Springs and Votiers Flats zones offer scenic off-leash experiences with wooded trails, flowing creeks, and wide-open meadows for adventurous dogs.</p>",,,,
Fish Creek Provincial Park Off-Leash Area,fish-creek-provincial-park-off-leash-area,683758b0a3f8a696dfc417b0,683758b09dd1e3ac2e4e9809,683b175fc46e25ede4c0ceb7,false,false,Sat May 31 2025 14:51:11 GMT+0000 (Coordinated Universal Time),Sat May 31 2025 14:51:11 GMT+0000 (Coordinated Universal Time),Sun Jun 01 2025 00:16:54 GMT+0000 (Coordinated Universal Time),Fish Creek Provincial Park (Expansive Natural Off-Leash Zones),Leash Free,"<p>Fish Creek Provincial Park is one of Canada’s largest urban parks, offering several designated off-leash zones. These areas include wooded trails, meadows, and creek access ideal for adventurous dogs.</p>",13931 Woodpath Rd SW,,,Calgary,Alberta,T2W 5R6,Partially,No,"Grass, Forest Trails, Creekbank","13.5 sq km (over 3,300 acres)",Yes,Yes,,Yes,,Yes,Yes,5:00 AM to 11:00 PM,,https://www.albertaparks.ca/parks/kananaskis/fish-creek-pp/,https://www.google.com/maps/place/Fish+Creek+Provincial+Park/,"large, provincial, creek, trails, nature, shaded",<p>Ideal for hikers and dogs that love exploring.</p>,"<p>Fish Creek Park offers a massive network of off-leash zones where dogs can explore meadows, forested paths, and even dip into the creek on hot days.</p>",,,,
Fort Needham Memorial Park,fort-needham-memorial-park,683758b0a3f8a696dfc417b0,683758b09dd1e3ac2e4e9809,68b85552f1faab2744a575c9,false,false,Wed Sep 03 2025 14:48:50 GMT+0000 (Coordinated Universal Time),Wed Sep 03 2025 19:49:10 GMT+0000 (Coordinated Universal Time),Sat Sep 06 2025 19:21:07 GMT+0000 (Coordinated Universal Time),Fort Needham Memorial Park Leash-Free Dog Park,Leash Free,"<p>Historic memorial park with open lawns and signed off-leash sections, located in Halifax's north end.</p>",3177 Needham Street,44.664011,-63.593438,Halifax,NS,,No,No,"grass, paved paths",Medium,No,Yes,Yes,Yes,No,Street,Yes,5:00 a.m. - 10:00 p.m.,,https://www.halifax.ca/parks-recreation/parks-trails-gardens/parks-outdoor-spaces/leash-dog-parks,https://www.google.com/maps?q=Fort+Needham+Memorial+Park+Halifax,"leash-free, open-space, historic",<p>Popular for dog walking but shared with playgrounds and memorial features; watch for signage to stay in off-leash areas.</p>,"<p>Fort Needham Memorial Park is a central leash-free dog park in Halifax, known for its historic setting and open lawns. It offers a mix of green space and city views where dogs can run and play.</p>",,,,
Frank Faubert Wood Lot,frank-faubert-wood-lot,683758b0a3f8a696dfc417b0,683758b09dd1e3ac2e4e9809,6843463fbf58ba07a373411e,false,false,Fri Jun 06 2025 19:49:19 GMT+0000 (Coordinated Universal Time),Fri Jun 06 2025 19:54:43 GMT+0000 (Coordinated Universal Time),Sat Jun 14 2025 00:09:21 GMT+0000 (Coordinated Universal Time),Frank Faubert Wood Lot (Dogs Allowed Area),Dogs Allowed,"<p>Frank Faubert Wood Lot is a peaceful wooded area in Scarborough where dogs are allowed on-leash. There is no formal leash-free zone, but its quiet trails and tree canopy offer a calming walk experience for pet owners and their dogs.</p>",190 Borough Drive,43.772651740051,-79.25411611633261,Scarborough,Ontario,M1P 4N7,No,No,Woodland trail,Approx. 3 acres,No,No,Yes,Yes,No,Yes,Yes,7:00 AM – 9:00 PM,None,"https://www.google.com/maps/place/Frank+Faubert+Wood+Lot/@43.7724309,-79.2567232,17z/data=!3m1!4b1!4m6!3m5!1s0x89d4d1af06706fb9:0xb772478aa6e70b25!8m2!3d43.7724271!4d-79.2541483!16s%2Fg%2F11cjkb_ncp?entry=ttu&g_ep=EgoyMDI1MDYwMy4wIKXMDSoASAFQAw%3D%3D",https://www.toronto.ca/explore-enjoy/parks-recreation/places-spaces/parks-and-recreation-facilities/location/?id=1065,"on-leash, wooded, trail, shaded",<p>More of a natural walk than an active play space.</p>,"<p>Frank Faubert Wood Lot provides on-leash wooded trails in Scarborough, ideal for calm dog walks away from busy streets.</p>",,,,
Fraser River Park,fraser-river-dog-park,683758b0a3f8a696dfc417b0,683758b09dd1e3ac2e4e9809,6838bee7e03210dd8f955390,false,false,Thu May 29 2025 20:09:11 GMT+0000 (Coordinated Universal Time),Thu May 29 2025 23:37:10 GMT+0000 (Coordinated Universal Time),Thu May 29 2025 23:38:18 GMT+0000 (Coordinated Universal Time),Fraser River Park (off-leash dog park),Leash Free,"<p>Pet lovers in Vancouver love spending time at Fraser River Park, an off-leash area perfect for daily visits. Covering 71033 square meters, it has a natural terrain base that supports active dog activities. Fraser River Park operates East: May 30 to Sept. 1- on leash only ; West: 6AM, where the environment includes comfortable benches, offers shady spots, and has accessible washrooms nearby. Does not include water access. It’s a great space to let your pup roam and meet other dogs.</p>",8705 Angus Drive Vancouver BC,,,Vancouver,BC,,,,Various surfaces,,No,Yes,Yes,No,,,Yes,East: May 30 to Sept. 1- on leash only ; West: 6AM,,,,,,"<p>Fraser River Park is a well-loved off-leash dog park in Vancouver. This park features a various surfaces surface and an open space for dogs to roam freely. It provides no water access, minimal shade, and limited seating, making it a great destination for local dog owners to relax and let their pets socialize.</p>",https://cdn.prod.website-files.com/683758b09dd1e3ac2e4e980a/6838bfb0649f9ed0a87de7c1_dog-park-daytime-with-dog-and-grassy-field.png,,,
Fraserview Golf Course,fraserview-golf-course-vancouver,683758b0a3f8a696dfc417b0,683758b09dd1e3ac2e4e9809,6838bee6698b428b2113b36d,false,false,Thu May 29 2025 20:09:10 GMT+0000 (Coordinated Universal Time),Thu May 29 2025 23:37:11 GMT+0000 (Coordinated Universal Time),Thu May 29 2025 23:38:18 GMT+0000 (Coordinated Universal Time),Fraserview Golf Course (off-leash dog park),Leash Free,"<p>If you're in Vancouver, BC, and looking for a great off-leash dog park, check out Fraserview Golf Course. With an area of approximately 9306 square meters, this park offers a wood chip path environment for pets to explore. Dog owners will appreciate the parks 5 AM to 10 AM &amp; 5 PM to 10 PM access and how it offers wide-open green space, offers shady spots, and has accessible washrooms nearby. Does not include water access, so bring your furry friend for a refreshing outdoor experience.</p>",7800 Vivian St Vancouver BC,,,Vancouver,BC,,No,,Wood chip path,,No,No,Yes,No,,,Yes,5 AM to 10 AM & 5 PM to 10 PM,,,,,,"<p>Fraserview Golf Course is a well-loved off-leash dog park in Vancouver. This park features a wood chip path surface and an open space for dogs to roam freely. It provides no water access, minimal shade, and limited seating, making it a great destination for local dog owners to relax and let their pets socialize.</p>",https://cdn.prod.website-files.com/683758b09dd1e3ac2e4e980a/6838bfb0649f9ed0a87de7c1_dog-park-daytime-with-dog-and-grassy-field.png,,,
Fred Mendel Dog Park,fred-mendel-dog-park,683758b0a3f8a696dfc417b0,683758b09dd1e3ac2e4e9809,6871caa305e7697b49ceb9b9,false,false,Sat Jul 12 2025 02:38:27 GMT+0000 (Coordinated Universal Time),Sat Jul 12 2025 02:38:51 GMT+0000 (Coordinated Universal Time),Sat Jul 12 2025 03:27:49 GMT+0000 (Coordinated Universal Time),Fred Mendel Dog Park Leash-Free Dog Park,Leash Free,"<p>Fred Mendel Dog Park is a hillside fenced off-leash area in Saskatoon, offering elevated views and space for dogs to roam.</p>",Corner of Ruth St E & Cairns Ave,52.1032,-106.6235,Saskatoon,Saskatchewan,S7J 0P5,Yes,No,"grass, hillside",Medium,No,Yes,Minimal,Yes,Yes,Street Parking,No,5 am – 11 pm,None,https://www.saskatoon.ca/parks-recreation-attractions/parks/dog-parks,"https://maps.google.com/?q=Ruth+St+E+and+Cairns+Ave,+Saskatoon,+SK","leash-free,fenced,hillside",,<p>Fred Mendel Dog Park in Saskatoon features a fenced hillside space where dogs can explore and enjoy an elevated off-leash experience.</p>,,,,
Gallinger Park,gallinger-park-cornwall,683758b0a3f8a696dfc417b0,683758b09dd1e3ac2e4e9809,687056194cb3fdd2b2e4c60c,false,false,Fri Jul 11 2025 00:08:57 GMT+0000 (Coordinated Universal Time),Fri Jul 11 2025 00:29:48 GMT+0000 (Coordinated Universal Time),Fri Jul 11 2025 12:18:36 GMT+0000 (Coordinated Universal Time),Gallinger Park | Cornwall Park Rules,Neighbourhood park,"<p>Gallinger Park is a small Cornwall neighbourhood park near Elsie Avenue and Lottie Crescent, but current city rules do not permit dogs in this park.</p>",Elsie Avenue and Lottie Crescent area,45.0212,-74.7674,Cornwall,Ontario,K6H 7H1,No,No,Grass and neighbourhood park surfaces,Small neighbourhood park,Unknown - verify on arrival,Yes,Some tree cover,Unknown - verify on arrival,No city-confirmed dog dispensers noted,Street parking likely - verify on arrival,No city-confirmed washrooms noted,Verify posted hours on arrival,Check posted city rules and notices,https://www.cornwall.ca/en/play-here/parks-and-trails.aspx,https://www.google.com/maps/search/?api=1&query=Elsie+Avenue+and+Lottie+Crescent+Cornwall+ON,"park-rules,neighbourhood-park,cornwall,gallinger-park","<p>Primary sources: https://www.cornwall.ca/en/property-environment/animals-and-wildlife/ and https://www.cornwall.ca/en/play-here/parks-and-trails.aspx. Reviewed on July 31, 2026. This page was corrected because the City of Cornwall does not currently list Gallinger Park as a place where dogs are permitted.</p>","<p>Gallinger Park is a small City of Cornwall neighbourhood park near <strong>Elsie Avenue and Lottie Crescent</strong>, with open grass, benches, and playground-style local park amenities.</p>",,2026-07-31,Gallinger Park | Cornwall Park Rules | LeashFree.ca,"Source-backed guide to Gallinger Park in Cornwall, including current city location details and the current municipal rule that dogs are not permitted in this park."
Garnetwood Park,garnetwood-park,683758b0a3f8a696dfc417b0,683758b09dd1e3ac2e4e9809,6840af134a156420c65faad9,false,false,Wed Jun 04 2025 20:39:47 GMT+0000 (Coordinated Universal Time),Wed Jun 04 2025 20:58:55 GMT+0000 (Coordinated Universal Time),Thu Jun 05 2025 00:31:39 GMT+0000 (Coordinated Universal Time),Garnetwood Park (Leash-Free Dog Park),,"<p>Garnetwood Park features a designated leash-free zone nestled within a broader community park in central Mississauga. The off-leash area is fully fenced and includes grassy terrain, mature trees for shade, and seating for dog owners. It’s well-maintained and part of the Leash-Free Mississauga network, offering a safe and controlled environment for dogs to exercise and socialize.</p>",1996 Rathburn Rd E,43.63744055,-79.58843135,Mississauga,Ontario,L4W 2N8,Yes,No,Grass and dirt,Approx. 1 acre,No,Yes,Yes,Yes,Yes,Yes,No,7:00 AM – 9:00 PM,None,,"https://www.google.com/maps/place/Garnetwood+Park+Off-+Leash+Dogs+park/@43.6372426,-79.5909526,17z/data=!3m1!4b1!4m6!3m5!1s0x882b39e317c7a0e5:0x1840b0500a4a2973!8m2!3d43.6372387!4d-79.5883777!16s%2Fg%2F11jfmb9zpj?entry=ttu&g_ep=EgoyMDI1MDYwMi4wIKXMDSoASAFQAw%3D%3D","fenced, grass, shaded, benches, bag dispensers, community park","<p>While well-used, the space is relatively compact, making it best suited for social dogs that don’t require wide open spaces.</p>","<p>Garnetwood Park’s leash-free area offers a calm, grassy space for dog owners seeking a safe and welcoming park in east Mississauga. The mature trees and seating areas make it a pleasant place for both dogs and their humans.</p>",https://cdn.prod.website-files.com/683758b09dd1e3ac2e4e980a/6840b38a22145b4d4d0b563f_Garnetwood%20Park.jpg,,,
George Lippert Park,george-lippert-park,683758b0a3f8a696dfc417b0,683758b09dd1e3ac2e4e9809,68560f7847e246c21e82c84b,false,false,Sat Jun 21 2025 01:48:40 GMT+0000 (Coordinated Universal Time),Sat Jun 21 2025 01:50:20 GMT+0000 (Coordinated Universal Time),Sat Jun 21 2025 01:54:30 GMT+0000 (Coordinated Universal Time),George Lippert Park (Leash-Free Dog Area),Leash Free,<p>George Lippert Park offers a convenient off-leash area in central Kitchener with plenty of open space for dogs to run. This park is ideal for local residents seeking a casual visit and features a mix of grassy terrain and trees for shade.</p>,200 Weber Street West,43.458564389780605,-80.49592479932676,Kitchener,Ontario,,Yes,No,Grass,Moderate,No,Yes,Yes,Yes,Yes,Yes,No,6am - 11pm,No maintained parking in winter,https://www.kitchener.ca/en/things-to-do/dog-parks.aspx,"https://www.google.com/maps/place/George+Lippert+Park/@43.4585897,-80.4966785,18.83z/data=!4m5!3m4!1s0x882bf48914a33579:0x504ace46d3f1a781!8m2!3d43.4585797!4d-80.4955828?shorturl=1","off-leash, fenced, central location","<p>Parking may be limited, especially in winter.</p>","<p>Located in the heart of Kitchener, George Lippert Park provides a casual off-leash experience with shaded spots and grassy terrain for your dog to explore.</p>",,,,
George Park,george-dog-park-vancouver,683758b0a3f8a696dfc417b0,683758b09dd1e3ac2e4e9809,6838bee8b45c5038a3ac84f0,false,false,Thu May 29 2025 20:09:12 GMT+0000 (Coordinated Universal Time),Thu May 29 2025 23:37:10 GMT+0000 (Coordinated Universal Time),Thu May 29 2025 23:38:18 GMT+0000 (Coordinated Universal Time),George Park (off-leash dog park),Leash Free,"<p>George Park is a fantastic leash-free zone for dogs located in Vancouver, BC. This park spans about 13209 square meters and features grass surfaces ideal for running and play. Dog owners will appreciate the parks 6 AM to 10 AM &amp; 5 PM to 10 PM access and how it includes comfortable benches, offers shady spots, and is close to limited facilities. Does not include water access, so bring your furry friend for a refreshing outdoor experience.</p>",500 E 63rd Avenue Vancouver BC,,,Vancouver,BC,,No,,Grass,,No,Yes,Yes,No,,,No,6 AM to 10 AM & 5 PM to 10 PM,,,,,,"<p>George Park is a well-loved off-leash dog park in Vancouver. This park features a grass surface and an open space for dogs to roam freely. It provides no water access, minimal shade, and limited seating, making it a great destination for local dog owners to relax and let their pets socialize.</p>",https://cdn.prod.website-files.com/683758b09dd1e3ac2e4e980a/6838bf905e0c4fbbb9bdd02a_dog-park-pathway-with-dog-and-trees.png,,,
Gerrard - Carlaw Parkette,gerrard-carlaw-parkette,683758b0a3f8a696dfc417b0,683758b09dd1e3ac2e4e9809,68432586b878324dfcde7acd,false,false,Fri Jun 06 2025 17:29:42 GMT+0000 (Coordinated Universal Time),Fri Jun 06 2025 18:04:56 GMT+0000 (Coordinated Universal Time),Sat Jun 14 2025 00:09:21 GMT+0000 (Coordinated Universal Time),Gerrard – Carlaw Parkette (Leash-Free Dog Area),Leash Free,"<p id="""">Located at the bustling corner of Gerrard Street East and Carlaw Avenue, this small urban parkette offers a basic, fully fenced dog run. With gravel surfacing and a few benches, it’s designed for quick off-leash exercise breaks, especially for condo and apartment dwellers in the area.</p>",905 Gerrard Street East,43.667366322633505,-79.34330247578895,Toronto,Ontario,M4M 1Z4,Yes,No,Gravel,Approx. 0.1 acres,No,Yes,Partial,Yes,Yes,Street parking only,No,7:00 AM – 9:00 PM,None,https://www.toronto.ca/explore-enjoy/parks-recreation/places-spaces/parks-and-recreation-facilities/location/?id=50,"https://www.google.com/maps/place/Gerrard+Carlaw+Parkette+Dog+Park/@43.6672616,-79.345813,17z/data=!3m1!4b1!4m6!3m5!1s0x89d4cb7baf02e8fd:0xb2098f665f08d319!8m2!3d43.6672577!4d-79.3432381!16s%2Fg%2F1tm0csyt?entry=ttu&g_ep=EgoyMDI1MDYwMy4wIKXMDSoASAFQAw%3D%3D","fenced, urban, gravel, benches, small space",<p>Best suited for quick outings and smaller dogs due to limited space.</p>,<p>Gerrard – Carlaw Parkette is a convenient downtown dog parkette offering a small but secure leash-free zone for quick breaks and socializing in the heart of the city.</p>,https://cdn.prod.website-files.com/683758b09dd1e3ac2e4e980a/68432da8127fac1916644dbc_Parkland%20at%20Gerrard%20-%20Carlaw%20Parkette.jpg,,,
Gimli Off-Leash Dog Park,gimli-off-leash-dog-park,683758b0a3f8a696dfc417b0,683758b09dd1e3ac2e4e9809,6871c5d2e1c1fed237a386f6,false,false,Sat Jul 12 2025 02:17:54 GMT+0000 (Coordinated Universal Time),Sat Jul 12 2025 02:18:15 GMT+0000 (Coordinated Universal Time),Sat Jul 12 2025 03:27:49 GMT+0000 (Coordinated Universal Time),Gimli Off-Leash Dog Park Leash-Free Dog Park,Leash Free,"<p>Gimli’s Off-Leash Dog Park is a convenient fenced dog area accessible via Ballpark Way or Gimli Road, perfect for a safe play session.</p>",Ballpark Way & Gimli Rd,50.6352,-96.9882,Gimli,Manitoba,R0C 1B0,Yes,No,grass,Small,No,Limited,Minimal,Yes,Yes,Yes,No,7 am – 11 pm,None,https://www.bringfido.com/attraction/47239,"https://maps.google.com/?q=Gimli+Off-Leash+Dog+Park,+MB","leash-free,fenced",<p>Access via Ballpark Way or Gimli Road.</p>,"<p>Gimli Off-Leash Dog Park is a fenced space in Gimli, MB, where dogs can enjoy some freedom in a safe and relaxed environment.</p>",,,,
Glamorgan Off-Leash Area,glamorgan-off-leash-area,683758b0a3f8a696dfc417b0,683758b09dd1e3ac2e4e9809,683b175efc75e080b844f8fc,false,false,Sat May 31 2025 14:51:10 GMT+0000 (Coordinated Universal Time),Sat May 31 2025 14:51:10 GMT+0000 (Coordinated Universal Time),Sun Jun 01 2025 00:16:54 GMT+0000 (Coordinated Universal Time),Glamorgan Off-Leash Area (West Calgary),Leash Free,"<p>Tucked behind Glamorgan Community Centre, this open green space serves as a local off-leash area. With grassy hills and nearby trees, it’s perfect for a casual game of fetch or a relaxed stroll.</p>",4207 41 Ave SW,,,Calgary,Alberta,T3E 1G2,No,No,Grass,Approx. 2 acres,No,Yes,,Yes,,Yes,No,5:00 AM to 11:00 PM,,https://www.calgary.ca/parks/off-leash-locations.html,"https://www.google.com/maps/place/4207+41+Ave+SW,+Calgary,+AB+T3E+1G2","off-leash, grassy, west calgary, quiet",<p>A great neighborhood park for local residents and their dogs.</p>,"<p>Glamorgan Off-Leash Area offers a quiet, green retreat in west Calgary where dogs can explore grassy terrain and enjoy peaceful outdoor time.</p>",,,,
Glen Park,glen-park,683758b0a3f8a696dfc417b0,683758b09dd1e3ac2e4e9809,687153c94d92c98e39c708a1,false,false,Fri Jul 11 2025 18:11:21 GMT+0000 (Coordinated Universal Time),Fri Jul 11 2025 18:27:47 GMT+0000 (Coordinated Universal Time),Fri Jul 11 2025 19:47:06 GMT+0000 (Coordinated Universal Time),Glen Park | Coquitlam Dog Off-Leash Area,Park,"<p>Glen Park is an official Coquitlam off-leash site with a fenced natural dog area, separate sections for large and small dogs, and current city-planned upgrades including lighting and drinking water.</p>",149 Westwood Street,49.2816,-122.7924,Coquitlam,British Columbia,V3B 7Z4,Yes,No,Natural fenced area with grass and woodchip surfaces,Neighbourhood fenced off-leash area within larger park,City-planned drinking water upgrade; verify current availability on arrival,Some seating in park areas; verify exact dog-area seating on arrival,Yes - large mature trees,Expected at park - verify exact placement on arrival,Unknown - verify on arrival,Yes - parking off Westwood Street,No city-confirmed washroom in current off-leash listing,Dawn to dusk,Check posted construction notices and city updates,https://www.coquitlam.ca/527/Leashed-Off-Leash-Dog-Areas,https://www.google.com/maps/search/?api=1&query=149+Westwood+Street+Coquitlam+BC,"off-leash,fenced,small-dog-area,coquitlam","<p>Primary sources: https://www.coquitlam.ca/527/Leashed-Off-Leash-Dog-Areas and https://www.coquitlam.ca/Facilities/Facility/Details/Glen-Park-40. Supporting source: https://www.coquitlam.ca/m/newsflash/Home/Detail/1967. Reviewed on July 30, 2026.</p>","<p>Glen Park is one of Coquitlam&apos;s official dog off-leash sites, with a <strong>fenced natural area</strong>, <strong>separate sections for large and small dogs</strong>, and park access from <strong>Westwood or Pipeline</strong>.</p>",,2026-07-30,Glen Park | Coquitlam Dog Off-Leash Area | LeashFree.ca,"Source-backed guide to Glen Park in Coquitlam, including official off-leash access details, fenced natural setting, separate large and small dog sections, and current 2026 park upgrade plans."
Glenashton Park,glenashton-park,683758b0a3f8a696dfc417b0,683758b09dd1e3ac2e4e9809,684043a6a5e489ed7de9cc29,false,false,Wed Jun 04 2025 13:01:26 GMT+0000 (Coordinated Universal Time),Wed Jun 04 2025 13:11:20 GMT+0000 (Coordinated Universal Time),Wed Jun 04 2025 13:40:37 GMT+0000 (Coordinated Universal Time),Glenashton Park (Leash-Free Dog Area),Leash Free,"<p>Glenashton Park in Oakville is a community favorite offering a fully fenced, leash-free area for dogs to exercise and play off-leash in a secure environment. The park includes picnic tables, a wheelchair-accessible entrance, and is surrounded by amenities such as a splash pad, playground, and sports fields.</p>",1051 Glenashton Drive,,,Oakville,Ontario,L6H 5M1,Yes,Unknown,Grass,,Unknown,Yes,Partial,Yes,,Yes,Yes,Monday to Friday: 9:00 AM – 9:00 PM Saturday: 9:00 AM – 6:00 PM Sunday: 10:00 AM – 5:00 PM,,https://visitoakville.com/locations/glenashton-park/,"https://www.google.com/maps/place/Glenashton+Park/@43.4889834,-79.7009195,17z/data=!3m1!4b1!4m6!3m5!1s0x882b42d7552f1559:0xa976d5bd81c75e78!8m2!3d43.4889834!4d-79.7009195!16s%2Fg%2F1tgcsj91?entry=ttu&g_ep=EgoyMDI1MDYwMS4wIKXMDSoASAFQAw%3D%3D","fenced, family-friendly, grass surface, parking, washrooms",<p>Wheelchair-accessible and often busy mid-day; part of a multi-use community park.</p>,"<p>Located in the heart of Oakville, Glenashton Park offers a secure and friendly leash-free zone for dogs to roam freely. Its accessible layout, nearby amenities, and community appeal make it a favorite for dog owners and families alike.</p>",https://cdn.prod.website-files.com/683758b09dd1e3ac2e4e980a/684045e99232f0bf0d68412f_glenashton-park.jpg,,,
Glenmore Dam Off-Leash Area,glenmore-dam-off-leash-area,683758b0a3f8a696dfc417b0,683758b09dd1e3ac2e4e9809,683b175ede0a388c0c10853e,false,false,Sat May 31 2025 14:51:10 GMT+0000 (Coordinated Universal Time),Sat May 31 2025 14:51:10 GMT+0000 (Coordinated Universal Time),Sun Jun 01 2025 00:16:54 GMT+0000 (Coordinated Universal Time),Glenmore Dam Off-Leash Area (Reservoir Trail),Leash Free,"<p>Located along the Glenmore Reservoir pathway system, this long stretch of off-leash area gives dogs a scenic path to explore with views of the water and plenty of green space.</p>",90 Ave SW & 24 St SW,,,Calgary,Alberta,T2V 3J4,No,No,Gravel Path & Grass,Approx. 5+ acres,Yes,Yes,,Yes,,Yes,Yes,5:00 AM to 11:00 PM,,https://www.calgary.ca/parks/off-leash-locations.html,"https://www.google.com/maps/place/90+Ave+SW+%26+24+St+SW,+Calgary,+AB+T2V+3J4","scenic, path, reservoir, off-leash, long walk",<p>Popular with joggers and cyclists; dogs must be under control due to shared trail.</p>,"<p>The Glenmore Dam Off-Leash Area combines natural beauty with long walking paths, making it an ideal spot for dogs and owners who enjoy active outdoor adventures.</p>",,,,
Gold Bar Park Off-Leash Area,gold-bar-park-off-leash-area,683758b0a3f8a696dfc417b0,683758b09dd1e3ac2e4e9809,6871bc5eca081c054827fd23,false,false,Sat Jul 12 2025 01:37:34 GMT+0000 (Coordinated Universal Time),Sat Jul 12 2025 01:37:56 GMT+0000 (Coordinated Universal Time),Sat Jul 12 2025 03:27:49 GMT+0000 (Coordinated Universal Time),Gold Bar Park Off-Leash Area,Leash Free,"<p>Gold Bar Park offers expansive trails and off-leash freedom through a natural area near the river, ideal for long walks with your pup.</p>",10955 50 St NW,53.5497,-113.4082,Edmonton,Alberta,T6A 2E9,No,No,"trail, grass",Very Large,Yes,Yes,Yes,Yes,Yes,Yes,Yes,5 am – 11 pm,None,https://www.edmonton.ca/activities_parks_recreation/parks_dog_off_leash,"https://maps.google.com/?q=Gold+Bar+Park,+Edmonton,+AB","leash-free,trails,river,very-large",,"<p>Gold Bar Park is a sprawling natural off-leash area in Edmonton with scenic views, river access, and well-maintained trails.</p>",,,,
Gourlay-Janes Park,gourlay-janes-park,683758b0a3f8a696dfc417b0,683758b09dd1e3ac2e4e9809,68715b68875ec0ea22ea46ad,false,false,Fri Jul 11 2025 18:43:52 GMT+0000 (Coordinated Universal Time),Fri Jul 11 2025 23:28:04 GMT+0000 (Coordinated Universal Time),Sat Jul 12 2025 01:27:16 GMT+0000 (Coordinated Universal Time),Gourlay-Janes Park | Ladysmith Dog Off-Leash Park,Park,"<p>Gourlay-Janes Park is an official Ladysmith off-leash park at 397 Chemainus Road with forested trails, waterfront access, and scenic shoreline viewpoints.</p>",397 Chemainus Road,48.9985,-123.8094,Ladysmith,British Columbia,V9G 1Y3,No,No,"Natural trails, forest floor, and waterfront shoreline",Forested waterfront park,No city-confirmed drinking water noted,Yes,Yes,Unknown - verify on arrival,Unknown - verify on arrival,Yes,No town-confirmed washrooms noted,Dawn to dusk,Check posted town rules and shoreline conditions,https://www.ladysmith.ca/parks-recreation-culture/parks,https://www.google.com/maps/search/?api=1&query=397+Chemainus+Road+Ladysmith+BC,"off-leash,waterfront,forest-trails,ladysmith","<p>Primary sources: https://www.ladysmith.ca/parks-recreation-culture/dog-off-leash-parks-trails and https://www.ladysmith.ca/parks-recreation-culture/parks. Reviewed on July 30, 2026.</p>","<p>Gourlay-Janes Park is one of Ladysmith&apos;s official dog off-leash parks, with <strong>forested trails</strong>, <strong>waterfront access</strong>, and a scenic shoreline setting at <strong>397 Chemainus Road</strong>.</p>",,2026-07-30,Gourlay-Janes Park | Ladysmith Dog Off-Leash Park | LeashFree.ca,"Source-backed guide to Gourlay-Janes Park in Ladysmith, including the official 397 Chemainus Road address, waterfront trails, and current Town of Ladysmith off-leash designation."
Grand Avenue Park,grand-avenue-park,683758b0a3f8a696dfc417b0,683758b09dd1e3ac2e4e9809,684cb802bfe20648e78aa775,false,false,Fri Jun 13 2025 23:45:06 GMT+0000 (Coordinated Universal Time),Fri Jun 13 2025 23:56:16 GMT+0000 (Coordinated Universal Time),Sat Jun 14 2025 00:09:21 GMT+0000 (Coordinated Universal Time),"Grand Avenue Park Leash-Free Dog Park in Etobicoke, Toronto, Ontario",Leash Free,"<p>Grand Avenue Park features a small, fully fenced off-leash dog area located in Etobicoke. It offers gravel surface, benches, and waste bins, making it a convenient neighborhood destination for off-leash play.</p>",10 Grand Ave,43.62205435960243,-79.49053800114095,Toronto,Ontario,M8Y 3H9,Yes,No,Gravel,Approx. 0.4 acres,No,Yes,Partial,Yes,Yes,Street parking,No,7:00 AM – 9:00 PM,None,https://www.toronto.ca/explore-enjoy/parks-recreation/places-spaces/parks-and-recreation-facilities/location/?id=1465,"https://www.google.com/maps/place/Grand+Avenue+Off-Leash+Dog+Park/@43.6219417,-79.4921071,18z/data=!4m15!1m8!3m7!1s0x882b3617856262f3:0xb8801100cb8ea7ba!2sGrand+Avenue+Park,+5+Grand+Ave,+Toronto,+ON!3b1!8m2!3d43.6222189!4d-79.4911283!16s%2Fg%2F11bvtg5hyg!3m5!1s0x882b37001642b631:0xdeb04846080854c1!8m2!3d43.6219888!4d-79.4906991!16s%2Fg%2F11w326ksdf!5m1!1e1?entry=ttu&g_ep=EgoyMDI1MDYxMS4wIKXMDSoASAFQAw%3D%3D","leash-free, fenced, benches, Etobicoke",<p>Quiet neighborhood off-leash option.</p>,<p>Grand Avenue Park offers a small but fully fenced leash-free area for Etobicoke dog owners looking for secure off-leash play.</p>,,,,
Grand Valley Park,grand-valley-park-pickering,683758b0a3f8a696dfc417b0,683758b09dd1e3ac2e4e9809,687057e8a8b85224e2a7a623,false,false,Fri Jul 11 2025 00:16:40 GMT+0000 (Coordinated Universal Time),Fri Jul 11 2025 00:21:54 GMT+0000 (Coordinated Universal Time),Fri Jul 11 2025 12:18:36 GMT+0000 (Coordinated Universal Time),Grand Valley Park Leash-Free Dog Park,Leash Free,"<p>Grand Valley Park in Pickering features a large, fully fenced off-leash dog area with open grass and forest trails.</p>",2650 Brock Rd,4343.86497105401944,-79.10434811650602.8765,Pickering,Ontario,L1X 0K3,Yes,Yes,"grass, dirt, wooded trail",Large,No,Yes,Yes,Yes,Yes,Yes,Yes (Seasonal),6 am – 10 pm,None,https://www.pickering.ca/en/discovering/parks.aspx,"https://www.google.com/maps/place/Grand+Valley+Park/@43.8605154,-79.2427072,12z/data=!4m10!1m2!2m1!1sdog+park+near+Pickering,+ON!3m6!1s0x89d4df49b02e8f8d:0xaf57c11d3f480dee!8m2!3d43.8605154!4d-79.1026315!15sChtkb2cgcGFyayBuZWFyIFBpY2tlcmluZywgT05aHCIaZG9nIHBhcmsgbmVhciBwaWNrZXJpbmcgb26SAQRwYXJrmgEjQ2haRFNVaE5NRzluUzBWSlEwRm5TVU10TlZCMVRrRjNFQUWqAVwKCS9tLzBidDlschABKgwiCGRvZyBwYXJrKAAyHxABIhtpa7Q1Gio6BBlKlUEIb8dgpczJXXANyMTMWNcyHhACIhpkb2cgcGFyayBuZWFyIHBpY2tlcmluZyBvbuABAPoBBAgAEC8!16s%2Fg%2F1tf5lm_8!5m1!1e1?entry=ttu&g_ep=EgoyMDI1MDcwNy4wIKXMDSoASAFQAw%3D%3D","leash-free,fenced,trails,shaded",,"<p>Grand Valley Park is one of Pickering’s premier off-leash dog parks, featuring a large fenced area and forest trails for dogs to explore safely.</p>",,,,
Grange Park,grange-park,683758b0a3f8a696dfc417b0,683758b09dd1e3ac2e4e9809,68434ad2b10f95c362a018bf,false,false,Fri Jun 06 2025 20:08:50 GMT+0000 (Coordinated Universal Time),Fri Jun 13 2025 23:09:40 GMT+0000 (Coordinated Universal Time),Sat Jun 14 2025 00:09:21 GMT+0000 (Coordinated Universal Time),Grange Park (Dogs Allowed Area),Dogs Allowed,"<p>Grange Park, located behind the Art Gallery of Ontario, is a beautifully landscaped urban green space where dogs are welcome on-leash. With wide paths, trees, and water features, it’s ideal for leisurely strolls with your pup.</p>",26 Grange Rd,43.65214977563869,-79.39216920450129,Toronto,Ontario,M5T 1C3,No,No,Grass and paved paths,Approx. 4 acres,Yes,Yes,Yes,Yes,No,Street and nearby garage,Yes,7:00 AM – 11:00 PM,None,,"https://www.google.com/maps/place/Grange+Park+Dog+Off+Leash+Area/@43.6526718,-79.393521,18z/data=!4m9!1m2!2m1!1sGrange+Park!3m5!1s0x882b35b79f9a3931:0x19fd93da388a7871!8m2!3d43.6520762!4d-79.3921681!16s%2Fg%2F11g04547m1!5m1!1e1?entry=ttu&g_ep=EgoyMDI1MDYxMS4wIKXMDSoASAFQAw%3D%3D","on-leash, downtown, art district, shade","<p>No leash-free area, but dogs are welcome on leash throughout the park.</p>","<p>Grange Park offers a scenic, art-filled downtown space for on-leash walks through tree-lined paths and grassy lawns.</p>",,,,
Greenhill Bowl Park,greenhill-bowl-park,683758b0a3f8a696dfc417b0,683758b09dd1e3ac2e4e9809,684dea53b8cecc531256e406,false,false,Sat Jun 14 2025 21:32:03 GMT+0000 (Coordinated Universal Time),Sat Jun 14 2025 21:40:56 GMT+0000 (Coordinated Universal Time),Sat Jun 14 2025 23:55:34 GMT+0000 (Coordinated Universal Time),"Greenhill Bowl Park Dog Park in Hamilton, Ontario",Dogs Allowed,<p>Greenhill Bowl Park features an open green bowl-shaped area where dogs can be walked on-leash. It offers views of the escarpment and peaceful surroundings.</p>,"Rosedale Park, Greenhill Ave",43.21785418989545,-79.80454062441864,Hamilton,Ontario,L8K 6M5,No,No,Grass,Approx. 3 acres,No,Yes,Partial,Yes,No,Street parking,No,7:00 AM – 9:00 PM,None,,"https://www.google.com/maps/place/Greenhill+Bowl+Park/@43.2172639,-79.8071746,17z/data=!4m6!3m5!1s0x882c99a1afa1cc25:0x7e00db28633ebc54!8m2!3d43.217733!4d-79.8049966!16s%2Fg%2F11dz56kyxv!5m1!1e1?entry=ttu&g_ep=EgoyMDI1MDYxMS4wIKXMDSoASAFQAw%3D%3D","on-leash, scenic, bowl-shaped, escarpment views",<p>Known for peaceful setting and escarpment scenery.</p>,<p>Greenhill Bowl Park offers scenic open green space for peaceful on-leash dog walks while enjoying escarpment views in Hamilton.</p>,,,,
Greenwood Conservation Area,greenwood-conservation-area,683758b0a3f8a696dfc417b0,683758b09dd1e3ac2e4e9809,68700bdc9a2799daf7e0e00d,false,false,Thu Jul 10 2025 18:52:12 GMT+0000 (Coordinated Universal Time),Thu Jul 10 2025 23:38:53 GMT+0000 (Coordinated Universal Time),Fri Jul 11 2025 12:18:36 GMT+0000 (Coordinated Universal Time),Greenwood Conservation Area Leash-Free Dog Park,Leash Free,<p>Large natural space with trails where dogs can enjoy some leash-free freedom in designated areas.</p>,2290 Greenwood Rd,43.90194629454293,-79.06476537794546,Ajax,Ontario,L1T 4S4,No,No,"dirt trails, grass",Large,No,No,Yes,Yes,No,Yes,Yes (Seasonal),6 am – 9 pm,Stay on designated trails,https://trca.ca/parks/greenwood-conservation-area/,"https://www.google.com/maps/place/Greenwood+Conservation+Area/@43.9002765,-79.1001276,14z/data=!4m10!1m2!2m1!1sAjax+Dog+Parks!3m6!1s0x89d520f85933e5d5:0x7dbf9755be84bda1!8m2!3d43.9002765!4d-79.0651087!15sCg5BamF4IERvZyBQYXJrc1oQIg5hamF4IGRvZyBwYXJrc5IBBHBhcmuaASNDaFpEU1VoTk1HOW5TMFZKUTBGblNVUklORmxwUkZWM0VBRaoBUQoJL20vMGJ0OWxyEAEqDSIJZG9nIHBhcmtzKAAyHxABIhspRVb8iA0F6fcqYkVjTPcOKDZUWkjz0t1aO5QyEhACIg5hamF4IGRvZyBwYXJrc-ABAPoBBAgSEDk!16s%2Fg%2F1tj3m1sq!5m1!1e1?entry=ttu&g_ep=EgoyMDI1MDcwNy4wIKXMDSoASAFQAw%3D%3D","leash-free,trails,natural,conservation",<p>Leash-free permitted in designated trail areas only.</p>,<p>Greenwood Conservation Area is a scenic natural park in Ajax with off-leash trail access for dogs and plenty of space to explore.</p>,,,,
Greenwood Park,greenwood-park,683758b0a3f8a696dfc417b0,683758b09dd1e3ac2e4e9809,6842ea05d160382652c9d745,false,true,Fri Jun 06 2025 13:15:49 GMT+0000 (Coordinated Universal Time),Mon Jul 14 2025 15:44:15 GMT+0000 (Coordinated Universal Time),Fri Jun 06 2025 13:46:10 GMT+0000 (Coordinated Universal Time),Greenwood Park (Leash-Free Dog Area),Leash Free,"<p>Greenwood Park features a designated, fully fenced leash-free dog area within a vibrant multi-use park. The dog park is surfaced with gravel and surrounded by trees that provide shade during warmer months. It includes benches, waste stations, and access to street parking.</p>",150 Greenwood Ave,43.6679913781432,-79.32904672915237,Toronto,Ontario,M4L 2R1,Yes,No,Gravel,Approx. 0.3 acres,No,Yes,Yes,Yes,Yes,Street parking,Yes,7:00 AM – 9:00 PM,None,https://www.toronto.ca/explore-enjoy/parks-recreation/places-spaces/parks-and-recreation-facilities/location/?id=70,"https://www.google.com/maps/place/Greenwood+Dog+Park/@43.6688877,-79.3308384,17z/data=!4m14!1m7!3m6!1s0x89d4cb86bf28faa1:0x20ee0176f156964e!2sGreenwood+Park!8m2!3d43.6688218!4d-79.3285532!16s%2Fg%2F1tt8d7lp!3m5!1s0x89d4cb8402e8557d:0x53839535680de07b!8m2!3d43.6678212!4d-79.3290404!16s%2Fg%2F1tfv_3w_?entry=ttu&g_ep=EgoyMDI1MDYwMy4wIKXMDSoASAFQAw%3D%3D","fenced, gravel surface, shaded, benches, community park","<p>A well-maintained off-leash area in a park that also features skating, splash pads, and sports facilities.</p>","<p id="""">Greenwood Park is a lively community park in East Toronto with a convenient fenced-off dog area, making it a perfect destination for locals looking for social play and easy access.</p>",,,,
Guindon Park,guindon-park-cornwall,683758b0a3f8a696dfc417b0,683758b09dd1e3ac2e4e9809,68705619d4d254be89dc467f,false,false,Fri Jul 11 2025 00:08:57 GMT+0000 (Coordinated Universal Time),Fri Jul 11 2025 00:30:19 GMT+0000 (Coordinated Universal Time),Fri Jul 11 2025 12:18:36 GMT+0000 (Coordinated Universal Time),Guindon Park Leash Free Dog Park,Dogs Allowed,<p>Guindon Park is a large wooded area in Cornwall where leashed dogs are allowed on trails and open space.</p>,"Ontario 401 Westbound, Cornwall",45.0331862952299,-74.8105535717703,Cornwall,Ontario,K6H 7L2,No,No,"natural trails, grass",Large,No,Limited,Yes,Yes,No,Yes,Yes (Seasonal),6 am – 10 pm,Leash required,https://www.cornwall.ca/en/play-here/guindon-park.aspx,"https://www.google.com/maps/place/Guindon+Park/@45.0301534,-74.881793,13z/data=!4m10!1m2!2m1!1sdog+park+near+Cornwall,+ON!3m6!1s0x4ccc3d57d59912f5:0x8224bf91a892fc61!8m2!3d45.0301534!4d-74.8117552!15sChpkb2cgcGFyayBuZWFyIENvcm53YWxsLCBPTlobIhlkb2cgcGFyayBuZWFyIGNvcm53YWxsIG9ukgEEcGFya5oBJENoZERTVWhOTUc5blMwVkpRMEZuU1VNdE9XWnRVVEpuUlJBQqoBWwoJL20vMGJ0OWxyEAEqDCIIZG9nIHBhcmsoADIfEAEiG6SwewnHAmj08W31-kM6W15fHsqKZYkF9_UKTjIdEAIiGWRvZyBwYXJrIG5lYXIgY29ybndhbGwgb27gAQD6AQQIABAr!16s%2Fg%2F11b7q2hqw9!5m1!1e1?entry=ttu&g_ep=EgoyMDI1MDcwNy4wIKXMDSoASAFQAw%3D%3D","dogs-allowed,trails,nature",<p>Dogs must remain leashed.</p>,<p>Guindon Park in Cornwall is a large wooded escape with natural trails where dogs are welcome on leash for outdoor adventures.</p>,,,,
Hadden Park,hadden-dog-park,683758b0a3f8a696dfc417b0,683758b09dd1e3ac2e4e9809,6838bee7cbfc3bab781a03e4,false,false,Thu May 29 2025 20:09:11 GMT+0000 (Coordinated Universal Time),Thu May 29 2025 23:37:11 GMT+0000 (Coordinated Universal Time),Thu May 29 2025 23:38:18 GMT+0000 (Coordinated Universal Time),Hadden Park (off-leash dog park),Leash Free,"<p>If you're in Vancouver, BC, and looking for a great off-leash dog park, check out Hadden Park. With an area of approximately 12736 square meters, this park offers a sand and grass environment for pets to explore. Dog owners will appreciate the parks May 1 - Sep 30:6AM-10AM &amp; 5PM-10PM; Oct 1–Apr 30: 6A access and how it includes comfortable benches, is primarily sun-exposed, and has accessible washrooms nearby. Has on-site water access for pets, so bring your furry friend for a refreshing outdoor experience.</p>",1905 Ogden Avenue Vancouver BC,,,Vancouver,BC,,,,Sand and Grass,,Yes,Yes,No,No,,,Yes,May 1- Sep 30: 6AM-10AM & 5PM-10PM; Oct 1-Apr 30: 6A,,,,,,"<p>Hadden Park is a well-loved off-leash dog park in Vancouver. This park features a sand and grass surface and an open space for dogs to roam freely. It provides no water access, minimal shade, and limited seating, making it a great destination for local dog owners to relax and let their pets socialize.</p>",https://cdn.prod.website-files.com/683758b09dd1e3ac2e4e980a/6838bfcb959daf711b63b8f2_spacious-dog-park-with-trees-and-grass.jpg.png,,,
Halifax Common,halifax-common,683758b0a3f8a696dfc417b0,683758b09dd1e3ac2e4e9809,68b855523d3e8780b883ac68,false,false,Wed Sep 03 2025 14:48:50 GMT+0000 (Coordinated Universal Time),Wed Sep 03 2025 19:49:10 GMT+0000 (Coordinated Universal Time),Sat Sep 06 2025 19:21:07 GMT+0000 (Coordinated Universal Time),Halifax Common Leash-Free Dog Park,Leash Free,"<p>Large historic urban park with informal off-leash areas used by dog owners, offering wide lawns and central city access.</p>",5820 Cogswell St,44.648553,-63.583029,Halifax,NS,,No,No,"grass, open fields",Large,No,Yes,Minimal,Yes,No,Street,Yes,5:00 a.m. - 10:00 p.m.,Check signage for designated sections,https://www.halifax.ca/parks-recreation/parks-trails-gardens/parks-outdoor-spaces/leash-dog-parks,https://www.google.com/maps?q=Halifax+Common+NS,"leash-free, open-space, central",<p>Unofficially popular with dog walkers; HRM does not list as a fully dedicated dog park but tolerated in certain zones.</p>,"<p>Halifax Common is a well-known leash-free spot in Halifax, offering open lawns and a central location. It is a convenient gathering place for dogs and their owners in the heart of the city.</p>",,,,
Hamilton Beach,hamilton-beach,683758b0a3f8a696dfc417b0,683758b09dd1e3ac2e4e9809,684dea5479d5b07d8c6a856d,false,false,Sat Jun 14 2025 21:32:04 GMT+0000 (Coordinated Universal Time),Sat Jun 14 2025 21:34:41 GMT+0000 (Coordinated Universal Time),Sat Jun 14 2025 23:55:34 GMT+0000 (Coordinated Universal Time),"Hamilton Beach Dog Park in Hamilton, Ontario",Dogs Allowed,"<p>Hamilton Beach allows dogs on-leash along the waterfront trail, boardwalk, and beach area outside of lifeguard-supervised swimming zones. It's known for being quiet, scenic, and peaceful for on-leash walks.</p>",580 Van Wagners Beach Rd,43.246287897346384,-79.74781321503954,Hamilton,Ontario,L8E 3L8,No,No,"Beach, paved paths, boardwalk",Approx. 10 acres waterfront,Yes,Yes,Partial,Yes,Yes,Yes,Yes,7:00 AM – 9:00 PM,No dogs allowed in supervised swimming areas,,"https://www.google.com/maps/place/Hamilton+Beach/@43.2458524,-79.7481555,18.82z/data=!4m6!3m5!1s0x882c99e989e82c51:0x18c548296af39c13!8m2!3d43.2462319!4d-79.7478351!16s%2Fg%2F11q2xkcmpf!5m1!1e1?entry=ttu&g_ep=EgoyMDI1MDYxMS4wIKXMDSoASAFQAw%3D%3D","on-leash, beach, boardwalk, waterfront, paved trails",<p>Excellent waterfront trail for on-leash beachside walking.</p>,"<p>Hamilton Beach offers waterfront boardwalks, paved trails, and peaceful on-leash beach walking along Lake Ontario.</p>",,,,
Hammond Dog Off‑Leash Area,hammond-dog-off-leash-area,683758b0a3f8a696dfc417b0,683758b09dd1e3ac2e4e9809,6871b9a063c2982f600f24f5,false,false,Sat Jul 12 2025 01:25:52 GMT+0000 (Coordinated Universal Time),Sat Jul 12 2025 01:26:10 GMT+0000 (Coordinated Universal Time),Sat Jul 12 2025 01:27:16 GMT+0000 (Coordinated Universal Time),Hammond Dog Off‑Leash Area Leash-Free Dog Park,Leash Free,<p>Hammond Dog Off‑Leash Area in Maple Ridge provides a fully fenced space for dogs to run and play safely near the Fraser River.</p>,20601 Westfield Ave,49.2203,-122.6674,Maple Ridge,British Columbia,V2X 1L6,Yes,No,grass,Medium,No,Yes,Minimal,Yes,Yes,Street parking,No,6 am – 10 pm,None,https://www.mapleridge.ca/1502/Dog-Parks,"https://maps.google.com/?q=Hammond+Dog+Off-Leash+Area,+Maple+Ridge,+BC","leash-free,fenced,neighbourhood",,"<p>Hammond Dog Off‑Leash Area is a community-favorite leash-free park in Maple Ridge, located near the Fraser River with plenty of green space.</p>",,,,
Hampton Dog Park,hampton-dog-park,683758b0a3f8a696dfc417b0,683758b09dd1e3ac2e4e9809,6859f1a100063dc30371c70c,false,false,Tue Jun 24 2025 00:30:25 GMT+0000 (Coordinated Universal Time),Tue Jun 24 2025 21:05:59 GMT+0000 (Coordinated Universal Time),Tue Jun 24 2025 21:21:34 GMT+0000 (Coordinated Universal Time),Hampton Dog Park (Leash-Free),Leash Free,"<p>Hampton Dog Park is a neighborhood favourite, offering a grassy fenced space for off-leash play in the heart of the Civic Hospital area.</p>",1010 Sherwood Dr,45.3880823172258,-75.73674384911408,Ottawa,ON,K1Y 3V1,Yes,No,Grass,Small,No,Yes,Yes,Yes,Yes,Street Parking,No,6am–11pm,None,,"https://www.google.com/maps/place/Hampton+Park+(Dog+Park)/@45.3880246,-75.7374923,17.82z/data=!4m6!3m5!1s0x4cce069e350901ef:0xec4e06d92af902d4!8m2!3d45.3879831!4d-75.7367621!16s%2Fg%2F11fy4q_2sz!5m1!1e1?entry=ttu&g_ep=EgoyMDI1MDYxNy4wIKXMDSoASAFQAw%3D%3D","fenced,neighbourhood",,<p>Hampton Dog Park is a compact but lively spot where dogs can enjoy leash-free fun under the shade of mature trees in west-central Ottawa.</p>,,,,
Hampton Dog Park,hampton-dog-park-saskatoon,683758b0a3f8a696dfc417b0,683758b09dd1e3ac2e4e9809,6871caa3ce61908dfb0e77d2,false,false,Sat Jul 12 2025 02:38:27 GMT+0000 (Coordinated Universal Time),Fri Jul 17 2026 00:00:00 GMT+0000 (Coordinated Universal Time),Sat Jul 12 2025 03:27:49 GMT+0000 (Coordinated Universal Time),Hampton Dog Park Saskatoon,Leash Free,"<p>Hampton Dog Park is a naturalized off-leash area in Saskatoon's Hampton Village area, near Junor Avenue, Hampton Circle, and Dawson Way. The City of Saskatoon reports that recent upgrades at this site included fencing work, signage, waste bins, and a parking lot that now supports up to 25 vehicles.</p><p>Because the park is described as a naturalized off-leash space rather than a compact urban dog run, conditions can vary with weather and seasonal ground softness. Review posted signs when you arrive, keep your dog within sight and under control, and bring water if you do not want to rely on amenities that are not clearly confirmed by the City.</p>","North of 33rd Street along Junor Avenue, around Hampton Circle and north on Dawson Way",52.1515,-106.7387,Saskatoon,Saskatchewan,S7R 0H3,Partial,Unknown,Grass and naturalized terrain,Medium,Unknown,Unknown,Unknown,Yes,Yes,Yes,Unknown,Unknown - confirm current hours on site,None,https://www.saskatoon.ca/services-residents/pet-licensing-animal-services/dog-parks,"https://maps.google.com/?q=Hampton+Dog+Park,+Saskatoon,+SK","leash-free, naturalized, parking, fencing upgrades","<p>The City's current dog park page highlights completed upgrades rather than a full amenities inventory, so treat unlisted features as unconfirmed. This park is a better fit for owners looking for open off-leash room and vehicle access than for those specifically seeking a separate small-dog section or guaranteed water service.</p>","<p>Hampton Dog Park gives Saskatoon owners a larger naturalized setting for off-leash exercise with better vehicle access than older directory descriptions suggested. Bring a leash for the route in and out, plus waste bags and drinking water if you want to be self-sufficient during your visit.</p>",/images/dog-parks/hampton-dog-park-saskatoon-original.png,Fri Jul 17 2026 00:00:00 GMT+0000 (Coordinated Universal Time),Hampton Dog Park Saskatoon | Off-Leash Guide,"Research-backed guide to Hampton Dog Park in Saskatoon, including City-confirmed upgrades, parking access, naturalized terrain, and practical visit notes."
Hanbury Hill Pooch Park,hanbury-hill-pooch-park,683758b0a3f8a696dfc417b0,683758b09dd1e3ac2e4e9809,6871c4dcb45f51e35430d9fe,false,false,Sat Jul 12 2025 02:13:48 GMT+0000 (Coordinated Universal Time),Sat Jul 12 2025 02:18:15 GMT+0000 (Coordinated Universal Time),Sat Jul 12 2025 03:27:49 GMT+0000 (Coordinated Universal Time),Hanbury Hill Pooch Park Leash-Free Dog Park,Leash Free,"<p>Hanbury Hill Pooch Park is a fenced off-leash area located on the hill near Hanbury Hill, ideal for dog exercise with scenic views.</p>",Park St & Hanbury Hill,49.8456,-99.9682,Brandon,Manitoba,R7A 5Y2,Yes,No,grass,Medium,No,Limited,Minimal,Yes,Yes,Yes,No,7 am – 11 pm,None,https://www.brandon.ca/parks/dog-parks,"https://maps.google.com/?q=Hanbury+Hill+Pooch+Park,+Brandon,+MB","leash-free,fenced,hill",,"<p>Hanbury Hill Pooch Park is a fenced off-leash dog park in Brandon, MB, offering a great workout for dogs with hilly terrain and open green space.</p>",,,,
Hanna Park & Dog Park,hanna-park-dog-park-quinte-west,683758b0a3f8a696dfc417b0,683758b09dd1e3ac2e4e9809,68706c92f0f3d0089e7e56f4,false,false,Fri Jul 11 2025 01:44:50 GMT+0000 (Coordinated Universal Time),Fri Jul 11 2025 01:46:15 GMT+0000 (Coordinated Universal Time),Fri Jul 11 2025 12:18:36 GMT+0000 (Coordinated Universal Time),Hanna Park & Dog Park Leash-Free Dog Park,Leash Free,<p>Hanna Park in Quinte West features a dedicated off-leash dog park with open space for dogs to exercise and socialize.</p>,381 Dufferin Ave,44.092187797163064,-77.58405949268281,Quinte West,Ontario,K8V 5G2,Yes,No,grass,Medium,No,Yes,Minimal,Yes,Yes,Yes,Yes (Seasonal),6 am – 10 pm,None,https://www.quintewest.ca/tourism-events/parks-recreation/dog-parks/,"https://www.google.com/maps/place/Hanna+Park+%26+Dog+Park/@44.0938522,-77.5887373,17z/data=!4m10!1m2!2m1!1sdog+park+in+trenton!3m6!1s0x89d615e77d34c003:0xef8f7de058a78d82!8m2!3d44.0920066!4d-77.5840815!15sChNkb2cgcGFyayBpbiB0cmVudG9ukgEIZG9nX3BhcmuqAVUKCS9tLzBidDlschABKgwiCGRvZyBwYXJrKAAyHxABIhtpa7m1D2J6Rt1ZmWMcUO8ChgiZelqgILoMU8cyFxACIhNkb2cgcGFyayBpbiB0cmVudG9u4AEA!16s%2Fg%2F11kj2t71zn!5m1!1e1?entry=ttu&g_ep=EgoyMDI1MDcwOC4wIKXMDSoASAFQAw%3D%3D","leash-free,fenced,community,benches",,"<p>Hanna Park &amp; Dog Park offers an inviting leash-free area within a larger community park, making it a convenient stop for dog owners in Quinte West.</p>",,,,
Harbourview Park,harbourview-park,683758b0a3f8a696dfc417b0,683758b09dd1e3ac2e4e9809,68715b68f925f19893374504,false,false,Fri Jul 11 2025 18:43:52 GMT+0000 (Coordinated Universal Time),Fri Jul 11 2025 23:28:42 GMT+0000 (Coordinated Universal Time),Sat Jul 12 2025 01:27:16 GMT+0000 (Coordinated Universal Time),Harbourview Park | Ladysmith Park Rules,Scenic park / viewpoint park,"<p>Harbourview Park is a scenic Ladysmith park at 533 Louise Road with open grass, a playground, and harbour views, but the Town says dogs are not allowed there except registered service dogs.</p>",533 Louise Road,48.99893747836667,-123.80080625007106,Ladysmith,British Columbia,V9G 1W7,No,No,"Grass, paved park paths, playground surfacing",Neighbourhood scenic park,No,Yes,Partial,Yes,No,Yes,Unknown - verify on arrival,Dawn to Dusk,Check posted town rules on arrival,https://www.ladysmith.ca/parks-recreation-culture/parks,https://maps.app.goo.gl/QhkMHvebY8AG53576,"park-rules,scenic-viewpoint,ladysmith,harbourview-park","<p>Primary sources: https://www.ladysmith.ca/parks-recreation-culture/parks and https://www.ladysmith.ca/parks-recreation-culture/dog-off-leash-parks-trails. Reviewed on July 30, 2026. This page was corrected because the Town of Ladysmith currently says dogs are not allowed at Harbourview Park except registered service dogs.</p>","<p>Harbourview Park is a <strong>Ladysmith viewpoint park</strong> at <strong>533 Louise Road</strong> with open green space, a playground, and wide ocean-and-mountain views above the harbour.</p>",,2026-07-30,Harbourview Park | Ladysmith Park Rules | LeashFree.ca,"Source-backed guide to Harbourview Park in Ladysmith, including official address, amenities, and the current Town rule that dogs are not allowed there except registered service dogs."
Harmony Valley Park,oshawa-harmony-valley-park,683758b0a3f8a696dfc417b0,683758b09dd1e3ac2e4e9809,68705143bf5de72569eedcc0,false,false,Thu Jul 10 2025 23:48:19 GMT+0000 (Coordinated Universal Time),Thu Jul 10 2025 23:49:53 GMT+0000 (Coordinated Universal Time),Fri Jul 11 2025 12:18:36 GMT+0000 (Coordinated Universal Time),Harmony Valley Park Leash-Free Dog Park,Leash Free,<p>Large wooded and meadow off-leash area in Oshawa with separate section for small dogs.</p>,915 Grandview St N,43.930669295612724,-78.83306674719945,Oshawa,Ontario,L1K2J9,Partially,Yes,grass/wooded trails,Large,Yes (seasonal),Yes,Yes,Yes,Yes,Yes,No,7 am – 9 pm,None,https://www.oshawa.ca/en/residents/harmony-valley-off-leash-dog-park.aspx,"https://www.google.com/maps/place/Harmony+Valley+Park+and+Off-Leash+Dog+Park/@43.8750111,-79.0074747,12z/data=!4m10!1m2!2m1!1sOshawa+Dog+Parks!3m6!1s0x89d504aa30c71f63:0x7b7ab1af0896388f!8m2!3d43.9274289!4d-78.8326656!15sChBPc2hhd2EgRG9nIFBhcmtzWhIiEG9zaGF3YSBkb2cgcGFya3OSAQRwYXJrmgEkQ2hkRFNVaE5NRzluUzBWSlEwRm5TVVJtTFhaZlZuUlJSUkFCqgFUCgkvbS8wYnQ5bHIQASoNIglkb2cgcGFya3MoADIgEAEiHGnjnQ-2m1IkuLFHBL1Steypf8M7FoWpNuUlNyAyFBACIhBvc2hhd2EgZG9nIHBhcmtz4AEA-gEECAAQOg!16s%2Fg%2F1tdgl7fp!5m1!1e1?entry=ttu&g_ep=EgoyMDI1MDcwNy4wIKXMDSoASAFQAw%3D%3D","leash-free,wooded,large,partially fenced","<p>Popular spacious park with woods, meadows, and small dog zone.</p>","<p>Harmony Valley Park in Oshawa is a large, popular leash-free destination with wooded trails, open meadows, and a dedicated area for small dogs.</p>",,,,
Harmony Valley Park and Off-Leash Dog Park,harmony-valley-park,683758b0a3f8a696dfc417b0,683758b09dd1e3ac2e4e9809,68655ff78ae9f92d36604cea,false,false,Wed Jul 02 2025 16:36:07 GMT+0000 (Coordinated Universal Time),Wed Jul 02 2025 16:37:29 GMT+0000 (Coordinated Universal Time),Wed Jul 02 2025 16:40:27 GMT+0000 (Coordinated Universal Time),Harmony Valley Park and Off-Leash Dog Park,Leash Free,"<p>Large, popular off-leash park with wooded trails and open meadows, great for energetic dogs.</p>",915 Grandview St N,43.92779591776623,-78.83265317610186,Courtice,Ontario,L1K2J9,Partially,Yes,grass/wooded trails,Large,Yes (seasonal),Yes,Yes,Yes,Yes,Yes,No,7 am – 9 pm,None,,"https://www.google.com/maps/place/Harmony+Valley+Park+and+Off-Leash+Dog+Park/@43.9273168,-78.8390368,16z/data=!4m10!1m2!2m1!1sCourtice+On+Dog+Parks!3m6!1s0x89d504aa30c71f63:0x7b7ab1af0896388f!8m2!3d43.9274289!4d-78.8326656!15sChVDb3VydGljZSBPbiBEb2cgUGFya3NaFyIVY291cnRpY2Ugb24gZG9nIHBhcmtzkgEEcGFya5oBJENoZERTVWhOTUc5blMwVkpRMEZuU1VSbUxYWmZWblJSUlJBQqoBWAoJL20vMGJ0OWxyEAEqDSIJZG9nIHBhcmtzKAAyHxABIhtp46MKrYRrSNH4B2KCr45tcXmDmkzjKDoVxocyGRACIhVjb3VydGljZSBvbiBkb2cgcGFya3PgAQD6AQQIABA6!16s%2Fg%2F1tdgl7fp!5m1!1e1?entry=ttu&g_ep=EgoyMDI1MDYyOS4wIKXMDSoASAFQAw%3D%3D","leash-free,trails,large,partially fenced",<p>Extensive off-leash trails and open areas shared with Oshawa.</p>,"<p>Harmony Valley Park is a large, well-loved leash-free dog park near Courtice, with scenic trails and open space for dogs of all sizes.</p>",,,,
Harvey Park,harvey-park,683758b0a3f8a696dfc417b0,683758b09dd1e3ac2e4e9809,684dea537652007f820e24e2,false,false,Sat Jun 14 2025 21:32:03 GMT+0000 (Coordinated Universal Time),Sat Jun 14 2025 21:40:27 GMT+0000 (Coordinated Universal Time),Sat Jun 14 2025 23:55:34 GMT+0000 (Coordinated Universal Time),"Harvey Park Dog Park in Hamilton, Ontario",Dogs Allowed,"<p id="""">Harvey Park provides open grass fields, views of Cootes Paradise, and paved walking trails for on-leash dog walking. The park is known for its scenic sunsets and peaceful environment.</p>",800 York Blvd,43.272215211382246,-79.88589026304902,Hamilton,Ontario,L8R 2A4,No,No,Grass and paved paths,Approx. 4 acres,No,Yes,Partial,Yes,No,Yes,No,7:00 AM – 9:00 PM,None,,"https://www.google.com/maps/place/Harvey+Park/@43.2711489,-79.8881272,17z/data=!4m6!3m5!1s0x882c9c9b22202c2b:0x89aa5f1bd8cf9a27!8m2!3d43.272141!4d-79.8865179!16s%2Fg%2F1q64r9zs5!5m1!1e1?entry=ttu&g_ep=EgoyMDI1MDYxMS4wIKXMDSoASAFQAw%3D%3D","on-leash, scenic, paved trails, sunsets",<p>Popular for sunsets and nature scenery with on-leash dogs.</p>,<p>Harvey Park offers scenic walking trails and open fields for peaceful on-leash dog walks with views of Cootes Paradise.</p>,,,,
Hawrelak Trail Off-Leash Area,hawrelak-trail-off-leash-area,683758b0a3f8a696dfc417b0,683758b09dd1e3ac2e4e9809,6871bd782a3f1bf2864b9655,false,false,Sat Jul 12 2025 01:42:16 GMT+0000 (Coordinated Universal Time),Sat Jul 12 2025 01:42:31 GMT+0000 (Coordinated Universal Time),Sat Jul 12 2025 03:27:49 GMT+0000 (Coordinated Universal Time),Hawrelak Trail Off-Leash Area,Leash Free,<p>Hawrelak Trail Off-Leash Area offers a scenic trail network through wooded areas with river views and open spaces.</p>,9330 Groat Rd NW,53.5298,-113.5448,Edmonton,Alberta,T6G 2A8,No,No,"dirt trail, grass",Very Large,Yes (river),Yes,Yes,Yes,Yes,Yes,Yes,5 am – 11 pm,None,https://www.edmonton.ca/activities_parks_recreation/parks_dog_off_leash,"https://maps.google.com/?q=Hawrelak+Park,+Edmonton,+AB","leash-free,trail,river,scenic",,<p>Hawrelak Trail Off-Leash Area in Edmonton is a favorite for active dog walkers with its picturesque trails and natural surroundings.</p>,,,,
Heber Down Conservation Area,heber-down-conservation-area,683758b0a3f8a696dfc417b0,683758b09dd1e3ac2e4e9809,687052fb67e342e9ea89c21b,false,false,Thu Jul 10 2025 23:55:39 GMT+0000 (Coordinated Universal Time),Thu Jul 10 2025 23:57:08 GMT+0000 (Coordinated Universal Time),Fri Jul 11 2025 12:18:36 GMT+0000 (Coordinated Universal Time),Heber Down Conservation Area Leash-Free Dog Park,Dogs Allowed,<p>Large conservation area in Whitby with trails and natural space where leashed dogs are welcome.</p>,5000 Cochrane St,43.94493188159039,-78.97773361003578,Whitby,Ontario,L1P 2A7,No,No,"natural trails, forest, grass",Large,No,Limited,Yes,Yes,No,Yes,Yes (Seasonal),7 am – 9 pm,Leash required at all times,https://www.cloca.com/parks/heber-down,"https://www.google.com/maps/place/Heber+Down+Conservation+Area/@43.8999254,-79.149395,12z/data=!4m10!1m2!2m1!1sWhitby+Dog+Parks!3m6!1s0x89d51f258c3d6b8b:0x6831e4dc6a5a98e4!8m2!3d43.9392451!4d-78.9789408!15sChBXaGl0YnkgRG9nIFBhcmtzWhIiEHdoaXRieSBkb2cgcGFya3OSAQ9uYXR1cmVfcHJlc2VydmWaASNDaFpEU1VoTk1HOW5TMFZKUTBGblNVTktNVGg2YlZaQkVBRaoBUwoJL20vMGJ0OWxyEAEqDSIJZG9nIHBhcmtzKAAyHxABIhsot9sRYlZRbA1TFGQ3_08Iq6JXICyjXQIwsA4yFBACIhB3aGl0YnkgZG9nIHBhcmtz4AEA-gEECCYQPg!16s%2Fm%2F043kbk3!5m1!1e1?entry=ttu&g_ep=EgoyMDI1MDcwNy4wIKXMDSoASAFQAw%3D%3D","leashed,trails,natural,conservation",<p>Leash required throughout park; not an official off-leash area.</p>,"<p>Heber Down Conservation Area is a large natural escape in Whitby where dogs on leash can explore trails, meadows, and wooded areas.</p>",,,,
Hemlock Ravine Park,hemlock-ravine-park,683758b0a3f8a696dfc417b0,683758b09dd1e3ac2e4e9809,68b8555286c6563eb415c48c,false,false,Wed Sep 03 2025 14:48:50 GMT+0000 (Coordinated Universal Time),Wed Sep 03 2025 19:49:10 GMT+0000 (Coordinated Universal Time),Sat Sep 06 2025 19:21:07 GMT+0000 (Coordinated Universal Time),Hemlock Ravine Park Leash-Free Dog Park,Leash Free,"<p>Wooded trails and natural scenery with designated off-leash sections, offering a quiet escape in the Bedford area.</p>",40 Kent Ave,44.693587,-63.660329,Halifax,NS,,No,No,"forest trails, gravel",Large,No,Limited,Yes,Yes,Yes,Street,No,5:00 a.m. - 10:00 p.m.,,https://www.halifax.ca/parks-recreation/parks-trails-gardens/parks-outdoor-spaces/leash-dog-parks,https://www.google.com/maps?q=Hemlock+Ravine+Park+Halifax,"leash-free, trails, wooded",<p>Steep paths in places; dogs should have good recall. Shared-use trails with other park visitors.</p>,"<p>Hemlock Ravine Park is a scenic leash-free dog park in Halifax, known for forested trails and quiet natural surroundings. It’s a great place for dogs to enjoy off-leash exploration in a wooded environment.</p>",,,,
Henry Street,henry-street-dog-park,683758b0a3f8a696dfc417b0,683758b09dd1e3ac2e4e9809,68560b367f30f7baf059a8fc,false,false,Sat Jun 21 2025 01:30:30 GMT+0000 (Coordinated Universal Time),Sat Jun 21 2025 01:34:58 GMT+0000 (Coordinated Universal Time),Sat Jun 21 2025 01:54:30 GMT+0000 (Coordinated Universal Time),Henry Street Dog Park (Leash-Free Dog Area),Leash Free,"<p>Henry Street Dog Park in Woodstock spans 6.4 acres and offers separate sections for large and small dogs. It includes a naturalization/reforestation area, a water spout available seasonally, and ample parking for visitors.</p>",400 Henry Street,43.12492985712973,-80.75853834246911,Woodstock,Ontario,,Yes,Yes,Natural Grass and Forested Areas,6.4 acres,Yes,Unknown,Yes,Unknown,Unknown,Yes,No,6:00 AM – 11:00 PM,Water spout available May 1 – Thanksgiving,https://www.cityofwoodstock.ca/en/live-and-play/dog-parks.aspx,"https://www.google.com/maps/place/Henry+Street+Off-Lead+Dog+Park/@43.124601,-80.7609738,16z/data=!3m1!4b1!4m6!3m5!1s0x882c1f715e8a7715:0xb6f6abb88c9e4a45!8m2!3d43.124601!4d-80.7583935!16s%2Fg%2F11f15lkg73!5m1!1e1?entry=ttu&g_ep=EgoyMDI1MDYxNy4wIKXMDSoASAFQAw%3D%3D","fenced, separate small dog area, water source, parking",<p>Located between Butler St. and Finkle St. in Woodstock.</p>,"<p>Henry Street Dog Park in Woodstock is a spacious 6.4-acre off-leash park with dedicated areas for both large and small dogs. It features a reforested natural setting, a seasonal water spout, and plenty of parking, making it a convenient and welcoming spot for dog owners.</p>",,,,
Hermitage Park,hermitage-park,683758b0a3f8a696dfc417b0,683758b09dd1e3ac2e4e9809,68700bdc34f9e942bf08eb5c,false,false,Thu Jul 10 2025 18:52:12 GMT+0000 (Coordinated Universal Time),Thu Jul 10 2025 23:40:54 GMT+0000 (Coordinated Universal Time),Fri Jul 11 2025 12:18:36 GMT+0000 (Coordinated Universal Time),Hermitage Park Leash-Free Dog Park,Leash Free,<p>Neighborhood park with open grassy areas and access to trails where leashed dogs are welcome.</p>,Hermitage Rd & Delaney Dr,43.859344510362185,-79.05214452451159,Ajax,Ontario,L1T 3A8,No,No,grass,Small,No,No,Yes,Yes,No,Street Parking,No,Dawn to Dusk,None,,"https://www.google.com/maps/place/Hermitage+Off-Leash+Dog+Park/@43.8577973,-79.0879359,14z/data=!4m10!1m2!2m1!1sAjax+Dog+Parks!3m6!1s0x89d4dfa16d99aff9:0xb6d3286529097c2a!8m2!3d43.8577973!4d-79.052917!15sCg5BamF4IERvZyBQYXJrc1oQIg5hamF4IGRvZyBwYXJrc5IBCGRvZ19wYXJrmgEjQ2haRFNVaE5NRzluUzBWSlEwRm5TVVJpZFU5cU4xZFJFQUWqAVEKCS9tLzBidDlschABKg0iCWRvZyBwYXJrcygAMh8QASIbKUVW_IgNBen3KmJFY0z3Dig2VFpI89LdWjuUMhIQAiIOYWpheCBkb2cgcGFya3PgAQD6AQQIABAa!16s%2Fg%2F11pzfyckq2!5m1!1e1?entry=ttu&g_ep=EgoyMDI1MDcwNy4wIKXMDSoASAFQAw%3D%3D","leash-allowed,trails",<p>Not officially fenced or designated off-leash.</p>,<p>Hermitage Park offers a peaceful trail system and grassy areas in Ajax where dogs can enjoy nature with their owners.</p>,,,,
Hermitage Park Off-Leash Area,hermitage-park-off-leash-area,683758b0a3f8a696dfc417b0,683758b09dd1e3ac2e4e9809,6871bc0d3c0fcbcd91c13bae,false,false,Sat Jul 12 2025 01:36:13 GMT+0000 (Coordinated Universal Time),Sat Jul 12 2025 01:37:56 GMT+0000 (Coordinated Universal Time),Sat Jul 12 2025 03:27:49 GMT+0000 (Coordinated Universal Time),Hermitage Park Off-Leash Area | Edmonton Dog Park Guide,Leash Free,"<p>Hermitage Park is an official Edmonton off-leash destination with a large natural dog area, walking trails, parking, washrooms, picnic amenities, and current city-posted project activity within part of the off-leash area.</p>",2115 Hermitage Road NW,53.5906,-113.3779,Edmonton,Alberta,T5A 5H5,No,No,"Grass, gravel paths, and natural trails",Large,No city-confirmed dog water station; natural water features present but not a dedicated dog amenity,Yes - picnic tables and seating in broader park,Yes,Yes,Unknown - verify on arrival,Yes,Yes - washrooms and portable toilets in park,Park access 5 a.m. to 11 p.m.; washrooms 9 a.m. to 9 p.m.,Check city project notices for temporary fenced work areas inside the off-leash area,https://www.edmonton.ca/activities_parks_recreation/parks_rivervalley/hermitage-park,"https://maps.google.com/?q=Hermitage+Park,+Edmonton,+AB","off-leash,edmonton,trails,picnic,river-valley","<p>Primary sources: https://www.edmonton.ca/activities_parks_recreation/parks_rivervalley/hermitage-park and https://www.edmonton.ca/activities_parks_recreation/parks_rivervalley/off-leash-sites. Supporting source: https://www.edmonton.ca/activities_parks_recreation/parks_rivervalley/river-valley-parks. Reviewed on July 31, 2026.</p>","<p>Hermitage Park is one of Edmonton&apos;s major official off-leash destinations, combining a <strong>large natural dog area</strong> with <strong>walking trails</strong>, <strong>parking</strong>, <strong>washrooms</strong>, and a broader riverside-style park setting.</p>",,2026-07-31,Hermitage Park Off-Leash Area | Edmonton Dog Park Guide | LeashFree.ca,"Source-backed guide to Hermitage Park Off-Leash Area in Edmonton, including official location, large natural setting, parking, washrooms, picnic amenities, and current July 2026 project activity within the off-leash area."
Hidden Valley Area 2 Off-Leash Dog Park,hidden-valley-area-2-off-leash-dog-park,683758b0a3f8a696dfc417b0,683758b09dd1e3ac2e4e9809,683b175cde0a388c0c10840c,false,false,Sat May 31 2025 14:51:08 GMT+0000 (Coordinated Universal Time),Sat May 31 2025 14:51:08 GMT+0000 (Coordinated Universal Time),Sun Jun 01 2025 00:16:54 GMT+0000 (Coordinated Universal Time),Hidden Valley Area 2 Off-Leash Dog Park (North Calgary Dog Park),Leash Free,"<p>Hidden Valley Area 2 Off-Leash Dog Park is a large natural dog park in north Calgary, featuring rolling hills, dirt paths, and open meadows. It offers spectacular views and a wide area for dogs to roam and socialize.</p>",9900 Hidden Valley Dr NW,,,Calgary,Alberta,T3A 5K4,No,No,Grass and Dirt,4.5 hectares,No,Yes,,Yes,,Street Parking,No,5:00 AM to 11:00 PM,,https://calgarydogparks.com/parks/hidden-valley-area-2-off-leash-dog-park,"https://www.google.com/maps/place/9900+Hidden+Valley+Dr+NW,+Calgary,+AB+T3A+5K4","natural terrain, open fields, off-leash, north Calgary, dog walking",<p>Popular among locals for its size and peaceful natural terrain.</p>,"<p>Tucked away in Calgary's northwest, Hidden Valley Area 2 Off-Leash Dog Park is a spacious retreat where dogs can run freely through meadows and scenic trails.</p>",,,,
Hidden Valley Park,hidden-valley-park,683758b0a3f8a696dfc417b0,683758b09dd1e3ac2e4e9809,683a02dee864930e1cd8489c,false,false,Fri May 30 2025 19:11:26 GMT+0000 (Coordinated Universal Time),Fri May 30 2025 19:13:53 GMT+0000 (Coordinated Universal Time),Fri May 30 2025 19:40:19 GMT+0000 (Coordinated Universal Time),Hidden Valley Park (Leash-Free Dog Area),Leash Free,"<p id="""">Hidden Valley Park, nestled in Burlington's Aldershot community, offers a serene leash-free area for dogs. The facility features a fully fenced 0.15-hectare space with a six-foot-high chain-link fence and a double-gated entry/exit enclosure. Accessible park benches are available for pet owners. The park is adjacent to the Burlington Model Railway Club and provides ample parking.</p>",1137 Hidden Valley Road,,,Burlington,Ontario,L7P 0T5,Yes,No,Grass,,Unknown,Yes,Yes,Yes,,,Yes,8:00 AM – 11:00 PM,,https://www.burlington.ca/en/by-laws-and-animal-services/leash-free-dog-parks.aspx,"https://www.google.com/maps/place/1137+Hidden+Valley+Rd,+Burlington,+ON+L7P+0T5","fenced, grass surface, shaded areas, benches, parking",,"<p>Hidden Valley Park provides a tranquil setting for dogs to enjoy off-leash play in Burlington's Aldershot community. With its secure fencing and natural surroundings, it's an ideal spot for dog owners seeking a peaceful environment for their pets.</p>",https://cdn.prod.website-files.com/683758b09dd1e3ac2e4e980a/683a035efa039308d622d1c1_Hidden%20Valley%20Park%20%E2%80%93%20Leash-Free%20Dog%20Area.png,,,
Hideaway Park,hideaway-park,683758b0a3f8a696dfc417b0,683758b09dd1e3ac2e4e9809,684336ea39e7af0fcd7a630e,false,false,Fri Jun 06 2025 18:43:54 GMT+0000 (Coordinated Universal Time),Fri Jun 06 2025 18:51:35 GMT+0000 (Coordinated Universal Time),Sat Jun 14 2025 00:09:21 GMT+0000 (Coordinated Universal Time),Hideaway Park (Leash-Free Dog Area),Leash Free,"<p>Tucked between residential streets in Leslieville, Hideaway Park lives up to its name—it's a quiet, community-focused green space with a modest fenced dog area. This small, shaded park is perfect for quick off-leash breaks and relaxed hangouts with local pups.</p>",23 Audley Ave,43.66467634403658,-79.3379150875931,Toronto,Ontario,M4M 1P5,Yes,No,Grass and dirt,Approx. 0.15 acres,No,Yes,Yes,Yes,Yes,Street parking,No,7:00 AM – 9:00 PM,None,https://www.toronto.ca/explore-enjoy/parks-recreation/places-spaces/parks-and-recreation-facilities/location/?id=75,"https://www.google.com/maps/place/Hideaway+Park/@43.664671,-79.3378856,20z/data=!4m6!3m5!1s0x89d4cb783372847d:0x15bc709302cc8948!8m2!3d43.6646543!4d-79.3379224!16s%2Fg%2F1wd3x0n2?entry=ttu&g_ep=EgoyMDI1MDYwMy4wIKXMDSoASAFQAw%3D%3D","small, fenced, shaded, benches","<p>Ideal for locals who want a calm, uncrowded off-leash area.</p>","<p>Hideaway Park offers a secluded leash-free space in the heart of Leslieville, perfect for quick play sessions in a quiet, tree-covered setting.</p>",,,,
High Park,high-park,683758b0a3f8a696dfc417b0,683758b09dd1e3ac2e4e9809,685a037eb54dd04b24231ba2,false,false,Tue Jun 24 2025 01:46:38 GMT+0000 (Coordinated Universal Time),Tue Jun 24 2025 20:42:17 GMT+0000 (Coordinated Universal Time),Tue Jun 24 2025 21:21:34 GMT+0000 (Coordinated Universal Time),High Park Leash-Free Dog Park,Leash Free,<p>Major urban park with trails and designated off-leash zones</p>,1873 Bloor St W,43.64678077588372,-79.46380832118761,Etobicoke,Ontario,M6R2Z3,No,Yes,grass/trails,Large,Yes (seasonal),Yes,Yes,Yes,Yes,Yes,Yes,5 am–12 am,None,,"https://www.google.com/maps/place/High+Park/@43.6465518,-79.4662652,17z/data=!3m1!4b1!4m6!3m5!1s0x882b35d32336f705:0x1bcc825a300ee67!8m2!3d43.6465479!4d-79.4636903!16zL20vMDI0d3R5!5m1!1e1?entry=ttu&g_ep=EgoyMDI1MDYxNy4wIKXMDSoASAFQAw%3D%3D","leash-free,large,wooded",<p>Large urban oasis with extensive off-leash trails and fenced areas.</p>,"<p>High Park is Toronto’s premier city dog park, featuring large off-leash areas, wooded trails, and seasonal fenced zones.</p>",,,,
Hillcrest Park,hillcrest-park,683758b0a3f8a696dfc417b0,683758b09dd1e3ac2e4e9809,68434ad2053354f15982dac6,false,false,Fri Jun 06 2025 20:08:50 GMT+0000 (Coordinated Universal Time),Fri Jun 13 2025 23:10:15 GMT+0000 (Coordinated Universal Time),Sat Jun 14 2025 00:09:21 GMT+0000 (Coordinated Universal Time),Hillcrest Park (Leash-Free Dog Area),Leash Free,"<p>Hillcrest Park has a well-maintained leash-free area with partial fencing, gravel surface, and shaded trees. It’s tucked in a family-friendly park with tennis courts and beautiful views of the city.</p>",950 Davenport Rd,43.676287969945086,-79.42429033644842,Toronto,Ontario,M6G 2B7,Yes,No,Gravel,Approx. 0.5 acres,No,Yes,Yes,Yes,No,Street parking,Yes,7:00 AM – 9:00 PM,None,,"https://www.google.com/maps/place/Hillcrest+Dogs+Off-leash+Area/@43.675642,-79.4251004,18z/data=!4m15!1m8!3m7!1s0x882b347df590550b:0xc30a0c68b3721f4f!2s950+Davenport+Rd,+Toronto,+ON+M6G+2B7!3b1!8m2!3d43.6759353!4d-79.4254335!16s%2Fg%2F11hbntvwgz!3m5!1s0x882b357c28b15ed1:0x94060ff4d0c02340!8m2!3d43.6762056!4d-79.4243208!16s%2Fg%2F11r9mzz1_8!5m1!1e1?entry=ttu&g_ep=EgoyMDI1MDYxMS4wIKXMDSoASAFQAw%3D%3D","leash-free, gravel, benches, city views",<p>Well-liked for its views and clean facilities.</p>,"<p>Hillcrest Park includes a shaded, partially fenced leash-free zone with gravel terrain, ideal for city dog owners seeking a scenic and social space.</p>",,,,
Hinge Park (Southeast False Creek),hinge-park-dog-park,683758b0a3f8a696dfc417b0,683758b09dd1e3ac2e4e9809,6838bee8abcc7d994fc7bb93,false,false,Thu May 29 2025 20:09:12 GMT+0000 (Coordinated Universal Time),Thu May 29 2025 23:37:11 GMT+0000 (Coordinated Universal Time),Thu May 29 2025 23:38:18 GMT+0000 (Coordinated Universal Time),Hinge Park (Southeast False Creek) - off-leash dog park,Leash Free,"<p>If you're in Vancouver, BC, and looking for a great off-leash dog park, check out Hinge Park (Southeast False Creek). Covering 1098 square meters, it has a gravel base that supports active dog activities. Dog owners will appreciate the parks 6 AM to 10 PM access and how it includes comfortable benches, offers shady spots, and is close to limited facilities. Do not forget that it does not include water access, which is ideal for dogs on warmer days.</p>",215 West 1st Avenue Vancouver,,,Vancouver,BC,,No,,Gravel,,No,Yes,Yes,Yes,,,No,6 AM to 10 PM,,,,,,"<p>Hinge Park (Southeast False Creek) is a well-loved off-leash dog park in Vancouver. This park features a gravel surface and an open space for dogs to roam freely. It provides no water access, minimal shade, and limited seating, making it a great destination for local dog owners to relax and let their pets socialize.</p>",https://cdn.prod.website-files.com/683758b09dd1e3ac2e4e980a/6838bf8248d43e4eb440ee42_golden-retriever-in-forest-edge-dog-park.png,,,
Holland Creek Trail Head,holland-creek-trail-head-ladysmith,683758b0a3f8a696dfc417b0,683758b09dd1e3ac2e4e9809,68719f717d7dbed4aed4086a,false,false,Fri Jul 11 2025 23:34:09 GMT+0000 (Coordinated Universal Time),Fri Jul 11 2025 23:35:08 GMT+0000 (Coordinated Universal Time),Sat Jul 12 2025 01:27:16 GMT+0000 (Coordinated Universal Time),Holland Creek Trail Head Leash-Free Area,Leash Free,<p>Holland Creek Trail Head in Ladysmith offers a beautiful off-leash hiking experience along forested paths and scenic creek views.</p>,374 Dogwood Dr,49.022870084735324,-123.82837065356348,Ladysmith,British Columbia,V9G 0B9,No,No,forest trail,Large,Yes,Yes,Yes,Yes,No,Yes,No,6 am – 10 pm,None,https://www.ladysmith.ca/our-services/parks-recreation/parks/,"https://www.google.com/maps/place/Holland+Creek+Trail+Head/@49.0444785,-124.877565,9z/data=!4m10!1m2!2m1!1sdog+park+in+Ladysmith,+BC!3m6!1s0x5488ad97e7c01b67:0x39be1fde0e236ab3!8m2!3d48.9796812!4d-123.8095256!15sChlkb2cgcGFyayBpbiBMYWR5c21pdGgsIEJDWhoiGGRvZyBwYXJrIGluIGxhZHlzbWl0aCBiY5IBC2hpa2luZ19hcmVhmgEjQ2haRFNVaE5NRzluUzBWSlEwRm5TVVF4YW1WbVRVWlJFQUWqAVkKCS9tLzBidDlschABKgwiCGRvZyBwYXJrKAAyHhABIhqn6kBS0Syns9MylYq97XK75fZI-HdFJMWGxzIcEAIiGGRvZyBwYXJrIGluIGxhZHlzbWl0aCBiY-ABAPoBBAgAEDE!16s%2Fg%2F11cn6bbtww!5m1!1e1?entry=ttu&g_ep=EgoyMDI1MDcwOC4wIKXMDSoASAFQAw%3D%3D","leash-free,hiking,trail,creek",,<p>Holland Creek Trail Head in Ladysmith is a forested leash-free trail perfect for dogs that love nature and adventure.</p>,,,,
Horizon Station Off-Leash Dog Park,horizon-station-off-leash-dog-park,683758b0a3f8a696dfc417b0,683758b09dd1e3ac2e4e9809,6871c79d5e2249e85fdac7cd,false,false,Sat Jul 12 2025 02:25:33 GMT+0000 (Coordinated Universal Time),Sat Jul 12 2025 02:38:51 GMT+0000 (Coordinated Universal Time),Sat Jul 12 2025 03:27:49 GMT+0000 (Coordinated Universal Time),Horizon Station Off-Leash Dog Park Leash-Free Dog Park,Leash Free,<p>Horizon Station Off-Leash Dog Park is a fully fenced community park in Regina that gives dogs ample space to socialize and explore.</p>,"Horizon Station Park, Regina",50.4333,-104.5133,Regina,Saskatchewan,S4N 0A1,Yes,No,grass,Large,No,Yes,Minimal,Yes,Yes,Yes,No,6 am – 11 pm,None,https://www.regina.ca/parks-recreation-culture/dog-parks/,"https://maps.google.com/?q=Horizon+Station+Park,+Regina,+SK","leash-free,fenced,community-park",,"<p>Horizon Station Off-Leash Dog Park in Regina is a fully fenced space where dogs can run, play, and enjoy the outdoors in a safe environment.</p>",,,,
Horovitz Park,horovitz-park-cornwall,683758b0a3f8a696dfc417b0,683758b09dd1e3ac2e4e9809,68705619b5a4f28be88415b2,false,false,Fri Jul 11 2025 00:08:57 GMT+0000 (Coordinated Universal Time),Fri Jul 11 2025 00:29:07 GMT+0000 (Coordinated Universal Time),Fri Jul 11 2025 12:18:36 GMT+0000 (Coordinated Universal Time),Horovitz Park | Cornwall Park Rules,Neighbourhood park,"<p>Horovitz Park is a small Cornwall neighbourhood park near First Street East and Amelia Street, but current city rules do not permit dogs in this park.</p>",First Street East and Amelia Street area,45.0158,-74.7175,Cornwall,Ontario,K6H 6C2,No,No,Grass and neighbourhood park surfaces,Small neighbourhood park,Unknown - verify on arrival,Yes,Some tree cover,Unknown - verify on arrival,No city-confirmed dog dispensers noted,Street parking likely - verify on arrival,No city-confirmed washrooms noted,Verify posted hours on arrival,Check posted city rules and notices,https://www.cornwall.ca/en/play-here/parks-and-trails.aspx,https://www.google.com/maps/search/?api=1&query=First+Street+East+and+Amelia+Street+Cornwall+ON,"park-rules,neighbourhood-park,cornwall,horovitz-park","<p>Primary sources: https://www.cornwall.ca/en/property-environment/animals-and-wildlife/ and https://www.cornwall.ca/en/play-here/parks-and-trails.aspx. Reviewed on July 30, 2026. This page was corrected because the City of Cornwall does not currently list Horovitz Park as a place where dogs are permitted.</p>","<p>Horovitz Park is a small City of Cornwall neighbourhood park near <strong>First Street East and Amelia Street</strong>, with green space, benches, and playground-style community park features.</p>",,2026-07-30,Horovitz Park | Cornwall Park Rules | LeashFree.ca,"Source-backed guide to Horovitz Park in Cornwall, including current city location details and the current municipal rule that dogs are not permitted in this park."
Humber Bay Park West,humber-bay-park-west,683758b0a3f8a696dfc417b0,683758b09dd1e3ac2e4e9809,684cb8028fbf35ca00623fca,false,false,Fri Jun 13 2025 23:45:06 GMT+0000 (Coordinated Universal Time),Fri Jun 13 2025 23:55:56 GMT+0000 (Coordinated Universal Time),Sat Jun 14 2025 00:09:21 GMT+0000 (Coordinated Universal Time),Humber Bay Park West Off-Leash Dog Park on Toronto Waterfront,Leash Free,"<p>Humber Bay Park West offers one of Toronto’s largest waterfront leash-free areas, with lake access for dogs who enjoy swimming, wide open grassy areas, and scenic trails.</p>",2225 Lake Shore Blvd W,43.61657827290573,-79.47937866701118,Toronto,Ontario,M8V 1A1,Partially,No,Grass and beach,Approx. 5 acres,Yes,Yes,Yes,Yes,Yes,Yes,Yes,7:00 AM – 11:00 PM,None,https://www.toronto.ca/explore-enjoy/parks-recreation/places-spaces/parks-and-recreation-facilities/location/?id=1074,"https://www.google.com/maps/place/Humber+Bay+Park+West/@43.6165865,-79.4801757,17.91z/data=!4m6!3m5!1s0x882b3604f2f45f2d:0x9c6287b08208fded!8m2!3d43.6164742!4d-79.479417!16s%2Fg%2F11g_f75bl!5m1!1e1?entry=ttu&g_ep=EgoyMDI1MDYxMS4wIKXMDSoASAFQAw%3D%3D","leash-free, waterfront, swimming, scenic",<p>Excellent destination for dogs who enjoy water access.</p>,<p>Humber Bay Park West offers scenic waterfront off-leash access with room to swim and roam along the shores of Lake Ontario.</p>,,,,
Humber Bay Park West,humber-bay-park-west-etobicoke,683758b0a3f8a696dfc417b0,683758b09dd1e3ac2e4e9809,685a037e448e57fac7bc7526,false,false,Tue Jun 24 2025 01:46:38 GMT+0000 (Coordinated Universal Time),Tue Jun 24 2025 20:44:29 GMT+0000 (Coordinated Universal Time),Tue Jun 24 2025 21:21:34 GMT+0000 (Coordinated Universal Time),Humber Bay Park West Leash-Free Dog Park,Leash Free,<p>Popular lakeside off-leash area with trails and scenic views</p>,"Humber Bay Park West, Lakeshore Blvd W",43.616858655850706,-79.47956720769595,Etobicoke,Ontario,,No,No,grass/trails,Large,No,Yes,Yes,Yes,Yes,Yes,Yes,5 am–11 pm,None,,"https://www.google.com/maps/place/Humber+Bay+Park+West/@43.6164781,-79.4819919,16z/data=!3m1!4b1!4m6!3m5!1s0x882b3604f2f45f2d:0x9c6287b08208fded!8m2!3d43.6164742!4d-79.479417!16s%2Fg%2F11g_f75bl!5m1!1e1?entry=ttu&g_ep=EgoyMDI1MDYxNy4wIKXMDSoASAFQAw%3D%3D","leash-free,trails,lakeside",<p>Popular waterfront off-leash area with stunning skyline views.</p>,"<p>Humber Bay Park West is a spacious leash-free dog park in Etobicoke, offering scenic lakefront trails and ample room for dogs to roam.</p>",,,,
Hume Park,hume-park,683758b0a3f8a696dfc417b0,683758b09dd1e3ac2e4e9809,68714dbfbd2e7e3ab13c64b9,false,false,Fri Jul 11 2025 17:45:35 GMT+0000 (Coordinated Universal Time),Fri Jul 11 2025 17:50:49 GMT+0000 (Coordinated Universal Time),Fri Jul 11 2025 19:47:06 GMT+0000 (Coordinated Universal Time),Hume Park Dog Off-Leash Area | New Westminster,Leash Free,"<p>Hume Park is a large official New Westminster off-leash area in Lower Hume Park, with a 1.3-acre L-shaped fenced enclosure, trees, benches, and waste facilities.</p>",Lower Hume Park / Brunette-Fraser Trail access,49.23506065168412,-122.89028354671687,New Westminster,British Columbia,V3L 3Y2,Yes,No,"Grass, dirt, and shaded park terrain",1.3 acres,Unknown - verify on arrival,Yes,Yes - lots of trees,Yes - waste receptacles listed by city,Yes - bag-recycling dispensers listed by city,Yes - verify best access on arrival,Yes - verify availability on arrival,Verify posted park hours on arrival,Check current city notices,https://www.newwestcity.ca/parks-and-recreation/parks/dog-off-leash-areas,https://www.google.com/maps/search/?api=1&query=Hume+Park+Off-Leash+Dog+Park+New+Westminster+BC,"off-leash,new-westminster,fenced,lower-hume-park,hume-park","<p>Primary source: https://www.newwestcity.ca/parks-and-recreation/parks/dog-off-leash-areas. Current city materials describe Hume Park as a 1.3-acre L-shaped off-leash area in Lower Hume Park with lots of trees, benches, waste receptacles, and bag-recycling dispensers. Reviewed on August 4, 2026.</p>","<p>Hume Park is one of New Westminster&apos;s official dog off-leash areas, with a <strong>1.3-acre fenced enclosure</strong> in <strong>Lower Hume Park</strong> near the Brunette-Fraser trail corridor.</p>",,2026-08-04,Hume Park Dog Off-Leash Area | New Westminster | LeashFree.ca,"Source-backed guide to Hume Park in New Westminster, including the 1.3-acre L-shaped fenced off-leash area, tree cover, benches, bag dispensers, and Lower Hume Park access."
Hyde Park Off-Leash Dog Park,hyde-park-dog-park,683758b0a3f8a696dfc417b0,683758b09dd1e3ac2e4e9809,6871ca372ee67c778d3a8088,false,false,Sat Jul 12 2025 02:36:39 GMT+0000 (Coordinated Universal Time),Sat Jul 12 2025 02:38:51 GMT+0000 (Coordinated Universal Time),Sat Jul 12 2025 03:27:49 GMT+0000 (Coordinated Universal Time),Hyde Park Off-Leash Dog Park Leash-Free Dog Park,Leash Free,<p>Hyde Park's Off-Leash Dog Park is a fully fenced 4-acre area in Saskatoon with a separate space for small dogs and open grassy terrain.</p>,105 Slimmon Rd,52.0973,-106.5701,Saskatoon,Saskatchewan,S7V 0A1,Yes,Yes,grass,4 acres,No,Yes,Minimal,Yes,Yes,Yes,No,5 am – 11 pm,None,https://www.saskatoon.ca/parks-recreation-attractions/parks/dog-parks,"https://maps.google.com/?q=105+Slimmon+Rd,+Saskatoon,+SK","leash-free,fenced,small-dog-area",,"<p>Hyde Park Dog Park in Saskatoon features a fenced 4-acre space with a dedicated area for small dogs, ideal for safe and friendly play.</p>",,,,
Idlewood Park,idlewood-park,683758b0a3f8a696dfc417b0,683758b09dd1e3ac2e4e9809,68560f781c1a299c3e4e834b,false,false,Sat Jun 21 2025 01:48:40 GMT+0000 (Coordinated Universal Time),Sat Jun 21 2025 01:49:43 GMT+0000 (Coordinated Universal Time),Sat Jun 21 2025 01:54:30 GMT+0000 (Coordinated Universal Time),Idlewood Park | Kitchener Dog Park,Park,"<p>Idlewood Park is an official Kitchener off-leash dog park at 5 Thaler Avenue with neighbourhood-park access, city-wide dog park rules, and nearby parking.</p>",5 Thaler Avenue,43.4421,-80.4355,Kitchener,Ontario,,No,No,Open grass and neighbourhood park surfaces; verify exact dog area conditions on arrival,Neighbourhood off-leash park,No dedicated dog water confirmed by city,Unknown - verify on arrival,Some mature tree cover in the park,Yes - city rules reference designated waste containers,Unknown - verify on arrival,Yes - free parking off Thaler Avenue,Outdoor pool facility is nearby seasonally; verify availability on arrival,Verify posted park hours on arrival,No city-specific Idlewood seasonal restriction noted on the dog-park page,https://www.kitchener.ca/parks-and-trails/dogs-in-parks-and-on-trails/,https://www.google.com/maps/search/?api=1&query=5+Thaler+Avenue+Kitchener+ON,"off-leash,kitchener,neighbourhood-park,idlewood","<p>Primary sources: https://www.kitchener.ca/parks-and-trails/dogs-in-parks-and-on-trails/ and https://www.kitchener.ca/Pools. Supporting source: https://www.engagewr.ca/ward2parknetwork/construction-complete-opening-celebration-sept-27. Approximate coordinates added from public mapping context for internal completeness. Reviewed on July 30, 2026.</p>","<p>Idlewood Park is one of Kitchener&apos;s official off-leash dog parks, located at <strong>5 Thaler Avenue</strong> in a neighbourhood park setting with open green space and nearby local amenities.</p>",,2026-07-30,Idlewood Park | Kitchener Dog Park | LeashFree.ca,"Source-backed guide to Idlewood Park in Kitchener, including the official 5 Thaler Avenue location, city off-leash rules, parking access, and nearby park amenities."
Irving Big Stop Bark Park,irving-big-stop-bark-park,683758b0a3f8a696dfc417b0,683758b09dd1e3ac2e4e9809,68b8a1f4764482d97bd00e22,false,false,Wed Sep 03 2025 20:15:48 GMT+0000 (Coordinated Universal Time),Wed Sep 03 2025 20:16:03 GMT+0000 (Coordinated Universal Time),Sat Sep 06 2025 19:21:07 GMT+0000 (Coordinated Universal Time),Irving Big Stop Bark Park Leash-Free Dog Park,Leash Free,"<p>Chain of fenced dog parks located at Irving Big Stop travel centers in Nova Scotia, offering agility equipment, grassy play areas, and waste bags for traveling dog owners.</p>","Multiple Locations (New Minas, Enfield, Amherst)",45.08,-63.53,Various,NS,,Yes,Unknown,grass,Medium,Yes,Yes,Partial,Yes,Yes,Yes,Unknown,24/7 (aligned with Irving stations),,https://www.bringfido.com/attraction/parks/state/nova_scotia/,https://www.google.com/maps?q=Irving+Big+Stop+Bark+Park+NS,"leash-free, fenced, travel, agility, parking",<p>Convenient for travelers; multiple fenced locations across NS near Irving Big Stop travel centers.</p>,"<p>Irving Big Stop Bark Park is a chain of leash-free dog parks across Nova Scotia, providing fenced play areas, agility features, and travel-friendly amenities for dogs on the go.</p>",,,,
Island 22 Dog Park,island-22-dog-park,683758b0a3f8a696dfc417b0,683758b09dd1e3ac2e4e9809,68708507a05742f1132fcec1,false,false,Fri Jul 11 2025 03:29:11 GMT+0000 (Coordinated Universal Time),Fri Jul 17 2026 00:00:00 GMT+0000 (Coordinated Universal Time),Fri Jul 11 2025 12:18:36 GMT+0000 (Coordinated Universal Time),"Island 22 Dog Park, Chilliwack",Leash Free,"<p>Island 22 Dog Park is the designated off-leash area within Island 22 Regional Park in Chilliwack. The Fraser Valley Regional District describes it as a large fenced off-leash area where dogs can run and play under owner supervision, and notes that a small dog enclosure is available within the dog area.</p><p>The same official park page says dogs must remain on leash everywhere else in the park, including the trails, parking lots, and riverfront. That distinction matters because Island 22 is a much larger regional park with a boat launch, equestrian facilities, walking trails, and other shared recreation uses outside the fenced dog area.</p>",44955 Cartmell Road,49.1906958,-121.9844822,Chilliwack,British Columbia,V2P 4A6,Yes,Yes,Unknown - confirm current footing on site,Large,Unknown,Unknown,Unknown,Unknown,Unknown,Yes,Yes,May 1 - Oct 14: 6 am to sunset; Oct 15 - Apr 30: 7 am to sunset; 5 am during approved Sockeye fishery,Dogs must stay leashed outside the fenced off-leash area; gate is locked outside posted park hours,https://www.fvrd.ca/EN/main/parks-recreation/parks-trails/island-22.html,"https://www.google.com/maps/place/Island+22+Dog+Park/@49.190965,-121.9840739,17z/data=!4m14!1m7!3m6!1s0x54843faad55feebb:0xa498848bae611fb2!2sIsland+22+Regional+Park!8m2!3d49.193398!4d-121.9804046!16s%2Fg%2F11f0wn4z9y!3m5!1s0x54843f3e619ea44d:0x2061185cc4a72dbd!8m2!3d49.1906958!4d-121.9844822!16s%2Fg%2F11rq50hdrn?entry=ttu&g_ep=EgoyMDI2MDcxNS4wIKXMDSoASAFQAw%3D%3D","leash-free, Chilliwack, fenced off-leash area, regional park","<p>The current FVRD park page describes Island 22's dog space as a fenced off-leash area and states that dogs must remain on leash in all other areas of the regional park, including the riverfront. The City of Chilliwack parks page also identifies washrooms, on-site parking, and broader regional park amenities.</p>",<p>Island 22 Dog Park is the correct off-leash destination within Island 22 Regional Park. It is better understood as a fenced dog area inside a larger multi-use regional park than as a general off-leash beach or riverfront access point.</p>,,Fri Jul 17 2026 00:00:00 GMT+0000 (Coordinated Universal Time),Island 22 Dog Park Chilliwack | Off-Leash Guide,"Source-backed guide to Island 22 Dog Park in Chilliwack, including fenced off-leash access, small-dog enclosure details, seasonal park hours, and leash rules outside the dog area."
Jack Darling Park,jack-darling-park,683758b0a3f8a696dfc417b0,683758b09dd1e3ac2e4e9809,6840af13462704b2cba7a3dc,false,true,Wed Jun 04 2025 20:39:47 GMT+0000 (Coordinated Universal Time),Fri Jun 06 2025 19:14:50 GMT+0000 (Coordinated Universal Time),Thu Jun 05 2025 19:50:19 GMT+0000 (Coordinated Universal Time),Jack Darling Park (Leash-Free Dog Park),Leash Free,"<p id="""">Jack Darling Park is home to one of Mississauga’s largest and most popular leash-free dog areas. Fully enclosed and set within a larger lakeside park, the off-leash zone features natural surfaces, wooded areas, wide open fields, and even beach access. The size and diversity of terrain make it ideal for active dogs and long play sessions.</p>",1180 Lakeshore Rd W,43.5287244,-79.60894663,Mississauga,Ontario,L5H 1A1,Yes,No,"Grass, dirt, sand",Approx. 1.2 acres,No,Yes,Yes,Yes,Yes,Yes,No,7:00 AM – 9:00 PM,,,"https://www.google.com/maps/place/Jack+Darling+Dog+Park/@43.5285572,-79.6115859,17z/data=!3m1!4b1!4m6!3m5!1s0x882b455ac1872207:0x4acfbda3b7591454!8m2!3d43.5285533!4d-79.609011!16s%2Fg%2F11jnq3hf6z?entry=ttu&g_ep=EgoyMDI1MDYwMi4wIKXMDSoASAFQAw%3D%3D","large park, fenced, beach access, wooded, lakeside, shaded",<p>The park can get busy on weekends. Dogs can also enjoy access to nearby water but be aware there’s no fencing near the beach areas.</p>,"<p>Jack Darling Park’s expansive leash-free area is a canine paradise. With 22 acres of natural terrain and lakeside access, it’s a go-to for Mississauga dog owners looking to give their pets space to run and socialize.</p>",https://cdn.prod.website-files.com/683758b09dd1e3ac2e4e980a/6840b47548f617dd5169f00b_Jack%20Darling%20Memorial%20Dog%20Park.jpg,,,
Jack Purcell Dog Park,jack-purcell-dog-park,683758b0a3f8a696dfc417b0,683758b09dd1e3ac2e4e9809,6859f1a17ca5a414c2725928,false,false,Tue Jun 24 2025 00:30:25 GMT+0000 (Coordinated Universal Time),Tue Jun 24 2025 21:08:27 GMT+0000 (Coordinated Universal Time),Tue Jun 24 2025 21:21:34 GMT+0000 (Coordinated Universal Time),Jack Purcell Dog Park (Leash-Free),Leash Free,"<p>A small urban park with leash-free access and a fenced perimeter, Jack Purcell Dog Park is ideal for quick playtime in downtown Ottawa.</p>",320 Jack Purcell Ln,45.41518260882115,-75.68938291738462,Ottawa,ON,K2P 2J5,Yes,No,Grass and Dirt,Small,No,Yes,Minimal,Yes,Yes,Street Parking,Yes (Community Centre),6am–11pm,None,,"https://www.google.com/maps/place/Jack+Purcell+Park/@45.4150809,-75.69199,17z/data=!3m1!4b1!4m6!3m5!1s0x4cce05af1a162e83:0xc83662ce2e11e18c!8m2!3d45.4150772!4d-75.6894151!16s%2Fm%2F051rkc3!5m1!1e1?entry=ttu&g_ep=EgoyMDI1MDYxNy4wIKXMDSoASAFQAw%3D%3D","fenced,downtown",,"<p>Nestled downtown, Jack Purcell Dog Park offers a secure, leash-free escape for busy city dogs looking to play and mingle in a cozy urban setting.</p>",,,,
Jackie Parker Park Off-Leash Area,jackie-parker-park-off-leash-area,683758b0a3f8a696dfc417b0,683758b09dd1e3ac2e4e9809,6871bc0d1048141aca31c190,false,false,Sat Jul 12 2025 01:36:13 GMT+0000 (Coordinated Universal Time),Sat Jul 12 2025 01:37:56 GMT+0000 (Coordinated Universal Time),Sat Jul 12 2025 03:27:49 GMT+0000 (Coordinated Universal Time),Jackie Parker Park Off-Leash Area,Leash Free,<p>Jackie Parker Park provides a fully fenced off-leash area with open grass and forest paths for safe and fun play.</p>,4540 50 St NW,53.4759,-113.4187,Edmonton,Alberta,T6L 6B6,Yes,No,"grass, trail",Large,Yes,Yes,Partial,Yes,Yes,Yes,Yes,5 am – 11 pm,None,https://www.edmonton.ca/activities_parks_recreation/parks_dog_off_leash,"https://maps.google.com/?q=Jackie+Parker+Park,+Edmonton,+AB","leash-free,fenced,trails,large",,"<p>Jackie Parker Park is a large and secure off-leash park in Edmonton with open space, shade, and trail options for active dogs.</p>",,,,
Jerome Neighbourhood Park,jerome-neighbourhood-park,683758b0a3f8a696dfc417b0,683758b09dd1e3ac2e4e9809,684dea53149b8ff5ccec37f9,false,false,Sat Jun 14 2025 21:32:03 GMT+0000 (Coordinated Universal Time),Sat Jun 14 2025 21:42:37 GMT+0000 (Coordinated Universal Time),Sat Jun 14 2025 23:55:34 GMT+0000 (Coordinated Universal Time),"Jerome Neighbourhood Park Dog Park in Hamilton, Ontario",Dogs Allowed,"<p id="""">Jerome Neighbourhood Park features open grassy areas and paved walking paths for on-leash dog walks. The park includes a pavilion, shaded seating, and children's play areas.</p>",1306 Upper Wellington St,43.21441764271905,-79.87847593467919,Hamilton,Ontario,L9A 3S9,No,No,Grass and paved paths,Approx. 3 acres,No,Yes,Yes,Yes,No,Yes,Yes,7:00 AM – 9:00 PM,None,,"https://www.google.com/maps/place/Jerome+Neighbourhood+Park/@43.210989,-79.8821125,16.09z/data=!4m6!3m5!1s0x882c9af6c6cd067b:0x75e279730f08e5cd!8m2!3d43.2141756!4d-79.8790179!16s%2Fg%2F11dftlts20!5m1!1e1?entry=ttu&g_ep=EgoyMDI1MDYxMS4wIKXMDSoASAFQAw%3D%3D","on-leash, community park, shaded, pavilion, paved trails",<p>Large neighborhood park with pavilions and walking paths.</p>,<p>Jerome Neighbourhood Park offers open green space and paved walking paths perfect for on-leash walks with your dog in Hamilton.</p>,,,,
Jerry Sulina Park,jerry-sulina-park-maple-ridge,683758b0a3f8a696dfc417b0,683758b09dd1e3ac2e4e9809,6871b9a03c8cc2c16ec85691,false,false,Sat Jul 12 2025 01:25:52 GMT+0000 (Coordinated Universal Time),Sat Jul 12 2025 01:26:10 GMT+0000 (Coordinated Universal Time),Sat Jul 12 2025 01:27:16 GMT+0000 (Coordinated Universal Time),Jerry Sulina Park Leash-Free Dog Park,Leash Free,"<p>Jerry Sulina Park in Maple Ridge features a natural setting along the dikes, with open off-leash access for walking and play.</p>",23200 132 Ave,49.2304,-122.5359,Maple Ridge,British Columbia,V4R 2S5,No,No,"trail, grass",Large,Yes,Yes,Yes,Yes,Yes,Yes,Yes (Seasonal),6 am – 10 pm,None,https://www.mapleridge.ca/1502/Dog-Parks,"https://maps.google.com/?q=Jerry+Sulina+Park,+Maple+Ridge,+BC","leash-free,trail,water,natural",,"<p>Jerry Sulina Park in Maple Ridge is a scenic off-leash area along the dikes, perfect for dogs that love long walks and nature.</p>",,,,
Jinkerson Dog Park,jinkerson-dog-park,683758b0a3f8a696dfc417b0,683758b09dd1e3ac2e4e9809,68710634add49c1ced235d18,false,false,Fri Jul 11 2025 12:40:20 GMT+0000 (Coordinated Universal Time),Fri Jul 11 2025 12:40:20 GMT+0000 (Coordinated Universal Time),Fri Jul 11 2025 17:00:43 GMT+0000 (Coordinated Universal Time),Jinkerson Dog Park Leash-Free Dog Park,Leash Free,<p>Jinkerson Dog Park in Chilliwack provides an open fenced space with walking trails for dogs to enjoy off-leash.</p>,Jinkerson Rd & Thom Creek Dr,49.1125,-121.8848,Chilliwack,British Columbia,V2R 5W6,Yes,No,grass,Medium,No,Limited,Minimal,Yes,Yes,Yes,No,6 am – 10 pm,None,https://www.chilliwack.com/main/page.cfm?id=945,"https://maps.google.com/?q=Jinkerson+Dog+Park,+Chilliwack,+BC","leash-free,fenced,grass,trails",,<p>Jinkerson Dog Park is a peaceful fenced space in Chilliwack offering dogs a safe place to play and roam off-leash.</p>,,,,
Joe Veroni Park,joe-veroni-park,683758b0a3f8a696dfc417b0,683758b09dd1e3ac2e4e9809,685606608a8553ad2549e3c2,false,false,Sat Jun 21 2025 01:09:52 GMT+0000 (Coordinated Universal Time),Sat Jun 21 2025 01:12:07 GMT+0000 (Coordinated Universal Time),Sat Jun 21 2025 01:54:30 GMT+0000 (Coordinated Universal Time),Joe Veroni Park (Leash-Free Dog Area),Leash Free,"<p>Joe Veroni Park offers a modest off-leash dog area nestled in a quiet residential neighborhood of Guelph. While not heavily featured online, local visitors enjoy the open space for dog walking and the convenience of its location.</p>",42 Veroni Avenue,43.57131428829911,-80.21362547573973,Guelph,Ontario,N1E 0G7,No,No,Grass,Unknown,No,Yes,Yes,Yes,Yes,Street Parking,No,6:00 AM – 11:00 PM,None,https://guelph.ca/living/recreation/parks/leash-free-zones-for-dogs/,"https://www.google.com/maps/place/Joe+Veroni+Park/@43.5723093,-80.2162272,17z/data=!4m6!3m5!1s0x882b9b7c2cafdf69:0xe355d510f2a23511!8m2!3d43.5711667!4d-80.2136791!16s%2Fg%2F11k6qf2qgh!5m1!1e1?entry=ttu&g_ep=EgoyMDI1MDYxNy4wIKXMDSoASAFQAw%3D%3D","leash-free, grass, residential, benches",<p>Local favorite with casual off-leash access; signage and amenities may be limited.</p>,"<p>Joe Veroni Park in Guelph is a neighborhood park that includes an off-leash area where dogs can enjoy some freedom. It’s appreciated for its quiet surroundings and green space, though fencing is not provided.</p>",,,,
John Hendry,john-hendry-dog-park,683758b0a3f8a696dfc417b0,683758b09dd1e3ac2e4e9809,6838bee7acb49bfb680d2825,false,false,Thu May 29 2025 20:09:11 GMT+0000 (Coordinated Universal Time),Thu May 29 2025 23:37:10 GMT+0000 (Coordinated Universal Time),Thu May 29 2025 23:38:18 GMT+0000 (Coordinated Universal Time),John Hendry (off-leash dog park),Leash Free,"<p>John Hendry stands out as one of Vancouver's designated off-leash parks in BC. Covering 27202 square meters, it has a sand and grass base that supports active dog activities. Dog owners will appreciate the park’s 6 AM to 10 PM access and how it includes comfortable benches, offers shady spots, and has accessible washrooms nearby. Has on-site water access for pets, so bring your furry friend for a refreshing outdoor experience.</p>",3300 Victoria Drive Vancouver,,,Vancouver,BC,,No,,Sand and Grass,,Yes,Yes,Yes,Yes,,,Yes,6 AM to 10 PM,,,,,,"<p>John Hendry is a well-loved off-leash dog park in Vancouver. This park features a sand and grass surface and an open space for dogs to roam freely. It provides no water access, minimal shade, and limited seating, making it a great destination for local dog owners to relax and let their pets socialize.</p>",https://cdn.prod.website-files.com/683758b09dd1e3ac2e4e980a/6838bfe87efc310352d3b1de_golden-retriever-in-dog-park-open-field.jpg.png,,,
John Rebecca Park,john-rebecca-park,683758b0a3f8a696dfc417b0,683758b09dd1e3ac2e4e9809,684dea54c94ba92d1b3b0af9,false,false,Sat Jun 14 2025 21:32:04 GMT+0000 (Coordinated Universal Time),Sat Jun 14 2025 21:39:16 GMT+0000 (Coordinated Universal Time),Sat Jun 14 2025 23:55:34 GMT+0000 (Coordinated Universal Time),"John Rebecca Park Dog Park in Hamilton, Ontario",Dogs Allowed,"<p id="""">John Rebecca Park is a small urban park in downtown Hamilton offering open green space, paved paths, and benches. Dogs are welcome on-leash for brief walks or casual downtown strolls.</p>",76 John St N,43.25756167905238,-79.86562324905042,Hamilton,Ontario,L8R 1H1,No,No,Grass and paved paths,Approx. 0.5 acres,No,Yes,Partial,Yes,No,Street parking,No,7:00 AM – 9:00 PM,None,,"https://www.google.com/maps/place/John+Rebecca+Park/@43.2574015,-79.8656608,17z/data=!3m1!4b1!4m6!3m5!1s0x882c9b113e6a2c3f:0x6ec12ea85784d78c!8m2!3d43.2574015!4d-79.8656608!16s%2Fg%2F11h8z2rx_d!5m1!1e1?entry=ttu&g_ep=EgoyMDI1MDYxMS4wIKXMDSoASAFQAw%3D%3D","on-leash, small urban park, benches",<p>Small central park for quick on-leash walks in downtown Hamilton.</p>,<p>John Rebecca Park offers a small urban green space perfect for brief on-leash dog walks in downtown Hamilton.</p>,,,,
Jones Park,jones-dog-park-vancouver,683758b0a3f8a696dfc417b0,683758b09dd1e3ac2e4e9809,6838bee88bb1c6a1e7ac61fd,false,false,Thu May 29 2025 20:09:12 GMT+0000 (Coordinated Universal Time),Thu May 29 2025 23:37:11 GMT+0000 (Coordinated Universal Time),Thu May 29 2025 23:38:18 GMT+0000 (Coordinated Universal Time),Jones Park (off-leash dog park),Leash Free,"<p>Jones Park is a fantastic leash-free zone for dogs located in Vancouver, BC. This park spans about 9223 square meters and features grass surfaces ideal for running and play. Its open from 5 AM to 10 AM &amp; 5 PM to 10 PM, and includes comfortable benches, is primarily sun-exposed, and has accessible washrooms nearby. Does not include water access, so bring your furry friend for a refreshing outdoor experience.</p>",5350 Commercial Street Vancouv,,,Vancouver,BC,,No,,Grass,,No,Yes,No,No,,,Yes,5 AM to 10 AM & 5 PM to 10 PM,,,,,,"<p>Jones Park is a well-loved off-leash dog park in Vancouver. This park features a grass surface and an open space for dogs to roam freely. It provides no water access, minimal shade, and limited seating, making it a great destination for local dog owners to relax and let their pets socialize.</p>",https://cdn.prod.website-files.com/683758b09dd1e3ac2e4e980a/6838bf6da378932f0d55bef8_border-collie-in-open-grassy-dog-park.png,,,
Kew Gardens,kew-gardens,683758b0a3f8a696dfc417b0,683758b09dd1e3ac2e4e9809,68433d6da27732400e34e0c2,false,false,Fri Jun 06 2025 19:11:41 GMT+0000 (Coordinated Universal Time),Fri Jun 06 2025 19:19:34 GMT+0000 (Coordinated Universal Time),Sat Jun 14 2025 00:09:21 GMT+0000 (Coordinated Universal Time),Kew Gardens (Leash-Free Dog Area),Leash Free,"<p>A cherished part of The Beaches neighborhood, Kew Gardens is a bustling community park that includes a dedicated fenced off-leash area. The dog zone is well-maintained with benches, bag dispensers, and tree cover, while the rest of the park offers beach access, tennis courts, and a playground.</p>",2075 Queen Street East,43.66638221989739,-79.29674193130955,Toronto,Ontario,M4E 2N9,Yes,No,Dirt and woodchips,Approx. 0.3 acres,Yes,Yes,Yes,Yes,Yes,Street parking and nearby paid lots,Yes,7:00 AM – 9:00 PM,None,https://www.toronto.ca/explore-enjoy/parks-recreation/places-spaces/parks-and-recreation-facilities/location/?id=107,"https://www.google.com/maps/place/Kew+Gardens+Dog+Park/@43.6681789,-79.3010549,17z/data=!4m14!1m7!3m6!1s0x89d4cc07822f5429:0xd5b7f14fd382a17b!2sKew+Gardens!8m2!3d43.668175!4d-79.29848!16s%2Fm%2F02vqfbz!3m5!1s0x89d4cb29261896af:0xccfd3abd78ebce74!8m2!3d43.6662452!4d-79.2967331!16s%2Fg%2F11gxmbqx6w?entry=ttu&g_ep=EgoyMDI1MDYwMy4wIKXMDSoASAFQAw%3D%3D","fenced, community park, shaded, beach access, benches","<p>A social spot for both dogs and their humans, especially in summer.</p>","<p id="""">Kew Gardens blends community and canine fun with a secure leash-free area, shaded seating, and beachside vibes just steps away from Toronto’s waterfront.</p>",,,,
Kilcona Park,kilcona-park,683758b0a3f8a696dfc417b0,683758b09dd1e3ac2e4e9809,6871c419f9092a9827cb3c08,false,false,Sat Jul 12 2025 02:10:33 GMT+0000 (Coordinated Universal Time),Sat Jul 12 2025 02:12:27 GMT+0000 (Coordinated Universal Time),Sat Jul 12 2025 03:27:49 GMT+0000 (Coordinated Universal Time),Kilcona Park Leash-Free Dog Park,Leash Free,"<p>Kilcona Park is one of Winnipeg’s largest off-leash parks, featuring trails, fields, and a pond for dogs to explore.</p>",1229 Springfield Rd,49.9427,-97.0597,Winnipeg,Manitoba,R2G 3V4,No,No,"grass, trail",Large,Yes (seasonal),Yes,Partial,Yes,Yes,Yes,Yes (Seasonal),7 am – 11 pm,None,https://winnipeg.ca/publicworks/parksOpenSpace/OffLeashAreas/,"https://maps.google.com/?q=Kilcona+Park,+Winnipeg,+MB","leash-free,trails,pond,large",<p>Includes walking trails and a pond area.</p>,"<p>Kilcona Park in Winnipeg offers one of the city’s largest off-leash dog areas, with ponds, trails, and ample space to roam.</p>",,,,
Killarney Off-Leash Area,killarney-off-leash-area,683758b0a3f8a696dfc417b0,683758b09dd1e3ac2e4e9809,683b175ef6c82555d8c41c05,false,false,Sat May 31 2025 14:51:10 GMT+0000 (Coordinated Universal Time),Sat May 31 2025 14:51:10 GMT+0000 (Coordinated Universal Time),Sun Jun 01 2025 00:16:54 GMT+0000 (Coordinated Universal Time),Killarney Off-Leash Area (Inner West Calgary),Leash Free,"<p>This compact inner-city off-leash area in Killarney provides a convenient green space for locals. Though not fenced, it's bordered by trees and open space, giving dogs room to run.</p>",2623 28 St SW,,,Calgary,Alberta,T3E 2H5,No,No,Grass,Approx. 1.5 acres,No,Yes,,Yes,,Street parking,No,5:00 AM to 11:00 PM,,https://www.calgary.ca/parks/off-leash-locations.html,"https://www.google.com/maps/place/2623+28+St+SW,+Calgary,+AB+T3E+2H5","off-leash, inner city, grass, residential",<p>Best suited for local residents; limited amenities.</p>,"<p>The Killarney Off-Leash Area is a cozy neighborhood park in Calgary’s inner west, providing a welcoming space for dogs and owners looking for a quick outdoor break.</p>",,,,
Killarney Park,killarney-park-dog-park,683758b0a3f8a696dfc417b0,683758b09dd1e3ac2e4e9809,6838bee75a8b7bbc73af0f36,false,false,Thu May 29 2025 20:09:10 GMT+0000 (Coordinated Universal Time),Thu May 29 2025 23:37:10 GMT+0000 (Coordinated Universal Time),Thu May 29 2025 23:38:18 GMT+0000 (Coordinated Universal Time),Killarney Park (off-leash dog park),Leash Free,"<p>Killarney Park stands out as one of Vancouver's designated off-leash parks in BC. The park’s grass surface and 34295 square meters make it a wonderful space for dogs to burn energy. Visitors can enjoy June 15–Labour Day:5AM-10PM;rest of year:5AM-10AM access, and the park includes comfortable benches, offers shady spots, and is close to limited facilities. Does not include water access, so bring your furry friend for a refreshing outdoor experience.</p>",6205 Kerr Street Vancouver BC,,,Vancouver,BC,,No,,Grass,,No,Yes,Yes,No,,,No,Labour Day: 5AM-10PM; rest of year: 5AM-10AM,,,,,,"<p>Killarney Park is a well-loved off-leash dog park in Vancouver. This park features a grass surface and an open space for dogs to roam freely. It provides no water access, minimal shade, and limited seating, making it a great destination for local dog owners to relax and let their pets socialize.</p>",https://cdn.prod.website-files.com/683758b09dd1e3ac2e4e980a/6838bf8248d43e4eb440ee42_golden-retriever-in-forest-edge-dog-park.png,,,
Kin Coulee Park,kin-coulee-park,683758b0a3f8a696dfc417b0,683758b09dd1e3ac2e4e9809,6871c11e4c28fd347742071d,false,false,Sat Jul 12 2025 01:57:50 GMT+0000 (Coordinated Universal Time),Sat Jul 12 2025 02:02:11 GMT+0000 (Coordinated Universal Time),Sat Jul 12 2025 03:27:49 GMT+0000 (Coordinated Universal Time),Kin Coulee Park,Dogs Allowed,"<p>Kin Coulee Park in Medicine Hat features scenic off-leash trails within a larger public park, great for walking and exploration with your dog.</p>",104 South Ridge Dr SW,50.0263,-110.6792,Medicine Hat,Alberta,T1B 4Y1,No,No,"grass, trail",Very Large,Unknown,Yes,Yes,Yes,Yes,Yes,Yes,7 am – 11 pm,None,https://www.medicinehat.ca/en/parks-recreation-and-culture/dog-parks.aspx,"https://maps.google.com/?q=Kin+Coulee+Park,+Medicine+Hat,+AB","dogs-allowed,trails,scenic",<p>Off-leash permitted only in designated areas within the park.</p>,"<p>Kin Coulee Park in Medicine Hat allows off-leash access on specific trails, making it a perfect destination for dogs and their walking companions.</p>",,,,
King George Park,king-george-park-cornwall,683758b0a3f8a696dfc417b0,683758b09dd1e3ac2e4e9809,6870561931abb6bd74ab836e,false,false,Fri Jul 11 2025 00:08:57 GMT+0000 (Coordinated Universal Time),Fri Jul 11 2025 00:27:04 GMT+0000 (Coordinated Universal Time),Fri Jul 11 2025 12:18:36 GMT+0000 (Coordinated Universal Time),King George Park Leash Free Dog Park,Dogs Allowed,<p>King George Park is a family-friendly green space in Cornwall where dogs are welcome on-leash for fresh air and exercise.</p>,5 Sixth St E,45.02695181228525,-74.7362780479579,Cornwall,Ontario,K6H 2T6,No,No,grass,Small,No,Yes,Partial,Yes,No,Street Parking,No,6 am – 10 pm,None,https://www.cornwall.ca/en/play-here/parks-and-trails.aspx,"https://www.google.com/maps/place/King+George+Park/@45.0378701,-74.7908664,13z/data=!4m10!1m2!2m1!1sdog+park+near+Cornwall,+ON!3m6!1s0x4ccc17581fafde17:0x658d313a8941a340!8m2!3d45.0252662!4d-74.7365935!15sChpkb2cgcGFyayBuZWFyIENvcm53YWxsLCBPTlobIhlkb2cgcGFyayBuZWFyIGNvcm53YWxsIG9ukgEEcGFya5oBI0NoWkRTVWhOTUc5blMwVkpRMEZuU1VRMmFVMVRWMVZSRUFFqgFbCgkvbS8wYnQ5bHIQASoMIghkb2cgcGFyaygAMh8QASIbpLB7CccCaPTxbfX6QzpbXl8eyopliQX39QpOMh0QAiIZZG9nIHBhcmsgbmVhciBjb3Jud2FsbCBvbuABAPoBBAgAEDc!16s%2Fg%2F1w4vjk5b!5m1!1e1?entry=ttu&g_ep=EgoyMDI1MDcwNy4wIKXMDSoASAFQAw%3D%3D","dogs-allowed,grass,community",,<p>King George Park in Cornwall is a neighborhood green space where leashed dogs are welcome for walks and fresh air.</p>,,,,
King Road,king-road,683758b0a3f8a696dfc417b0,683758b09dd1e3ac2e4e9809,684095d927c9ea85d4851f6f,false,false,Wed Jun 04 2025 18:52:09 GMT+0000 (Coordinated Universal Time),Wed Jun 04 2025 18:55:50 GMT+0000 (Coordinated Universal Time),Wed Jun 04 2025 18:56:59 GMT+0000 (Coordinated Universal Time),King Road Leash-Free Dog Park (Bayview Park),Leash Free,"<p>King Road Leash-Free Dog Park, situated within Bayview Park in Burlington, offers a spacious and fully fenced environment for dogs to play off-leash. The park features two separate enclosures: one for small dogs and another for larger or more social dogs, ensuring a safe and enjoyable experience for all sizes. Amenities include shaded areas, seating, a gazebo, and ample parking. Visitors can also enjoy scenic views of Burlington and the Burlington Bridge. Additional features of Bayview Park include a baseball diamond and a model airplane clubhouse with an airstrip.</p>",1800 King Road,43.33343546786165,-79.85579419922256,Burlington,Ontario,L7P 5A5,Yes,Yes,Grass and Wood Chips,Unknown,Unknown,Yes,Yes,Yes,Unknown,Yes,Unknown,Daily: 8:00 AM – 8:00 PM,None,https://www.burlington.ca/en/by-laws-and-animal-services/leash-free-dog-parks.aspx,"https://www.google.com/maps/place/King+Road+Leash+Free+Dog+Park/@43.3327995,-79.8549573,17z/data=!4m15!1m8!3m7!1s0x882c9d8c4d29ad19:0x5706277f00797dc!2sKing+Road+Dog+Park,+1800+King+Rd,+Burlington,+ON+L7P+5A5!3b1!8m2!3d43.3329562!4d-79.8550574!16s%2Fg%2F11bzrnybmx!3m5!1s0x882c9d8c4c4336c9:0xc915cd225d17f98e!8m2!3d43.3332918!4d-79.8557913!16s%2Fg%2F11c1nsxplh!5m1!1e1?entry=ttu&g_ep=EgoyMDI1MDYwMS4wIKXMDSoASAFQAw%3D%3D","fenced, separate small dog area, shaded, scenic views, parking",<p>Visitors have noted the park's scenic views and the presence of a gazebo and seating areas.</p>,"<p>King Road Leash-Free Dog Park, located within Bayview Park in Burlington, provides a secure and welcoming environment for dogs of all sizes to play off-leash. With its separate enclosures, shaded areas, and scenic surroundings, it's a favorite spot for local dog owners seeking a pleasant outdoor experience with their pets.</p>",https://cdn.prod.website-files.com/683758b09dd1e3ac2e4e980a/684096b18e8413c507ae722d_King%20Road%20Leash-Free%20Dog%20Park.jpg,,,
King's Mill Park,kings-mill-park,683758b0a3f8a696dfc417b0,683758b09dd1e3ac2e4e9809,684cb802a1b33334ebf4194e,false,false,Fri Jun 13 2025 23:45:06 GMT+0000 (Coordinated Universal Time),Sat Jun 14 2025 00:00:38 GMT+0000 (Coordinated Universal Time),Sat Jun 14 2025 00:09:21 GMT+0000 (Coordinated Universal Time),"King's Mill Park Dog Park in Toronto, Ontario",Dogs Allowed,"<p>King's Mill Park is a scenic, wooded park located along the Humber River Trail. Dogs are welcome on-leash throughout the park's network of walking trails and grassy open areas.</p>",105 Riverwood Parkway,43.647139375282876,-79.49734036569039,Toronto,Ontario,M8Y 4E9,No,No,Wooded trails and grass,Approx. 8 acres,Yes,Yes,Yes,Yes,No,Yes,No,7:00 AM – 9:00 PM,None,https://www.toronto.ca/explore-enjoy/parks-recreation/places-spaces/parks-and-recreation-facilities/location/?id=1080,"https://www.google.com/maps/place/King's+Mill+Park/@43.6464251,-79.4973779,17z/data=!4m6!3m5!1s0x882b365fa55cfeaf:0x112bfdf453378568!8m2!3d43.6470075!4d-79.4972116!16s%2Fg%2F1tr18601!5m1!1e1?entry=ttu&g_ep=EgoyMDI1MDYxMS4wIKXMDSoASAFQAw%3D%3D","on-leash, wooded trails, shaded, nature",<p>Popular for scenic walks with dogs on-leash.</p>,<p>King's Mill Park offers wooded trails and open green space along the Humber River for peaceful on-leash dog walks.</p>,,,,
King's Mill Park,kings-mill-park-etobicoke,683758b0a3f8a696dfc417b0,683758b09dd1e3ac2e4e9809,685a037e891b71d22975d9bc,false,false,Tue Jun 24 2025 01:46:38 GMT+0000 (Coordinated Universal Time),Tue Jun 24 2025 20:33:25 GMT+0000 (Coordinated Universal Time),Tue Jun 24 2025 21:21:34 GMT+0000 (Coordinated Universal Time),King's Mill Park Leash-Free Dog Park,Leash Free,"<p id="""">Wooded river valley park with off-leash permission and trails</p>",King's Mill Rd & Bloor St W,43.647283072885905,-79.49734035002312,Etobicoke,Ontario,,No,No,wooded trails,Large,No,Unknown,Yes,Yes,Yes,Yes,Unknown,5 am–11 pm,None,,"https://www.google.com/maps/place/King's+Mill+Park/@43.6470114,-79.4997865,16z/data=!3m1!4b1!4m6!3m5!1s0x882b365fa55cfeaf:0x112bfdf453378568!8m2!3d43.6470075!4d-79.4972116!16s%2Fg%2F1tr18601!5m1!1e1?entry=ttu&g_ep=EgoyMDI1MDYxNy4wIKXMDSoASAFQAw%3D%3D","leash-free,woods,trails",<p>Wooded river valley off-leash park with scenic trails.</p>,"<p>King’s Mill Park offers a tranquil off-leash retreat within Toronto’s Humber river valley, perfect for nature-loving dogs.</p>",,,,
Kingcrest Park,kingcrest-dog-park-vancouver,683758b0a3f8a696dfc417b0,683758b09dd1e3ac2e4e9809,6838bee91ab13cbfefdc3d2a,false,false,Thu May 29 2025 20:09:13 GMT+0000 (Coordinated Universal Time),Thu May 29 2025 23:37:10 GMT+0000 (Coordinated Universal Time),Thu May 29 2025 23:38:18 GMT+0000 (Coordinated Universal Time),Kingcrest Park (off-leash dog park),Leash Free,"<p>Kingcrest Park is a fantastic leash-free zone for dogs located in Vancouver, BC. This park spans about 7418 square meters and features grass surfaces ideal for running and play. Kingcrest Park operates 5 AM to 10 AM &amp; 5 PM to 10 PM, where the environment offers wide-open green space, offers shady spots, and has accessible washrooms nearby. Plus, it does not include water access, making it a top destination for canine fun and exercise.</p>",4150 Knight Street Vancouver B,,,Vancouver,BC,,No,,Grass,,No,No,Yes,No,,,Yes,5 AM to 10 AM & 5 PM to 10 PM,,,,,,"<p>Kingcrest Park is a well-loved off-leash dog park in Vancouver. This park features a grass surface and an open space for dogs to roam freely. It provides no water access, minimal shade, and limited seating, making it a great destination for local dog owners to relax and let their pets socialize.</p>",https://cdn.prod.website-files.com/683758b09dd1e3ac2e4e980a/6838bfe87efc310352d3b1de_golden-retriever-in-dog-park-open-field.jpg.png,,,
Kings Park,kings-park,683758b0a3f8a696dfc417b0,683758b09dd1e3ac2e4e9809,6871c419aec5b7f854283292,false,false,Sat Jul 12 2025 02:10:33 GMT+0000 (Coordinated Universal Time),Sat Jul 12 2025 02:12:28 GMT+0000 (Coordinated Universal Time),Sat Jul 12 2025 03:27:49 GMT+0000 (Coordinated Universal Time),Kings Park Leash-Free Dog Park,Leash Free,"<p>Kings Park features a scenic off-leash area near the Red River with trails, grassy fields, and natural shade.</p>",198 King's Dr,49.7962,-97.1162,Winnipeg,Manitoba,R3T 3G1,No,No,"grass, trail",Large,No,Yes,Yes,Yes,Yes,Yes,Yes (Seasonal),7 am – 11 pm,None,https://winnipeg.ca/publicworks/parksOpenSpace/OffLeashAreas/,"https://maps.google.com/?q=Kings+Park,+Winnipeg,+MB","leash-free,trails,scenic",,<p>Kings Park is a scenic off-leash area in Winnipeg offering dogs a chance to run free along riverside trails and grassy open spaces.</p>,,,,
Kingsford Gardens,kingsford-gardens,683758b0a3f8a696dfc417b0,683758b09dd1e3ac2e4e9809,6840588c8db25174ec2f6976,false,false,Wed Jun 04 2025 14:30:36 GMT+0000 (Coordinated Universal Time),Wed Jun 04 2025 14:36:03 GMT+0000 (Coordinated Universal Time),Wed Jun 04 2025 16:30:07 GMT+0000 (Coordinated Universal Time),Kingsford Gardens (Leash-Free Dog Area),,"<p>Kingsford Gardens is a well-maintained, fully fenced leash-free dog park located in Oakville. The park offers a safe and spacious environment for dogs to play and socialize off-leash. The surface consists of grass and wood chips, providing a comfortable terrain for dogs. Shaded areas and benches are available for owners to relax while their pets enjoy the park. Additionally, there are walking trails nearby for extended walks.</p>",2480 Sherwood Heights Drive,,,Oakville,Ontario,L6J 7E3,Yes,No,Grass and Wood Chips,Unknown,Yes,Yes,Yes,Unknown,,Yes,No,8:00 AM – 11:00 PM,,https://www.oakville.ca/parks-recreation-culture/parks-gardens-trails/parks/dog-parks/,"https://www.google.com/maps/place/Dog+Park/@43.4967655,-79.667974,17z/data=!4m15!1m8!3m7!1s0x882b436a30ee2337:0x70aec25173778491!2s2480+Sherwood+Heights+Dr,+Oakville,+ON+L6J+7E3!3b1!8m2!3d43.4965139!4d-79.6679276!16s%2Fg%2F11b8vgfqqw!3m5!1s0x882b4369df876e49:0xd676736ff61e05a!8m2!3d43.4946587!4d-79.6655017!16s%2Fg%2F11f351f5lj!5m1!1e1?entry=ttu&g_ep=EgoyMDI1MDYwMS4wIKXMDSoASAFQAw%3D%3D","fenced, shaded, grass surface, walking trails, parking",<p>The park is situated on a slight hill and offers a peaceful environment for dogs and their owners.</p>,"<p>Kingsford Gardens provides Oakville residents with a secure and tranquil leash-free area for their dogs. Its combination of natural shade, comfortable surfaces, and nearby walking trails makes it an ideal spot for both dogs and their owners to enjoy some quality outdoor time.</p>",https://cdn.prod.website-files.com/683758b09dd1e3ac2e4e980a/6840599c74e4cc86ef8305ff_Kingsford%20Gardens%20(Leash-Free%20Dog%20Area).jpg,,,
Kinsmen Dog Park,kinsmen-dog-park-quinte-west,683758b0a3f8a696dfc417b0,683758b09dd1e3ac2e4e9809,68706c92185f343f3a76f06c,false,false,Fri Jul 11 2025 01:44:50 GMT+0000 (Coordinated Universal Time),Fri Jul 11 2025 01:46:58 GMT+0000 (Coordinated Universal Time),Fri Jul 11 2025 12:18:36 GMT+0000 (Coordinated Universal Time),Kinsmen Dog Park Leash-Free Dog Park,Leash Free,"<p>Kinsmen Dog Park in Quinte West is a fully fenced, leash-free dog park featuring grassy terrain, shade trees, and seating areas.</p>",80 Bay St,44.09409877421423,-77.5843706289224,Quinte West,Ontario,K8V 1H4,Yes,No,grass,Medium,No,Yes,Partial,Yes,Yes,Yes,No,6 am – 10 pm,None,https://www.quintewest.ca/tourism-events/parks-recreation/dog-parks/,"https://www.google.com/maps/place/Kinsmen+Dog+Park/@44.0938522,-77.5887373,17z/data=!4m10!1m2!2m1!1sdog+park+in+trenton!3m6!1s0x89d615e0a26cb33b:0x736b678d71041dca!8m2!3d44.0938522!4d-77.5843599!15sChNkb2cgcGFyayBpbiB0cmVudG9ukgEIZG9nX3BhcmuqAVUKCS9tLzBidDlschABKgwiCGRvZyBwYXJrKAAyHxABIhtpa7m1D2J6Rt1ZmWMcUO8ChgiZelqgILoMU8cyFxACIhNkb2cgcGFyayBpbiB0cmVudG9u4AEA!16s%2Fg%2F11f3jx12vs!5m1!1e1?entry=ttu&g_ep=EgoyMDI1MDcwOC4wIKXMDSoASAFQAw%3D%3D","leash-free,fenced,grass,benches",,"<p>Kinsmen Dog Park is a popular leash-free space in Quinte West, offering dogs a safe, fenced-in area to run and play.</p>",,,,
Kinsmen Park,kinsmen-park-chilliwack,683758b0a3f8a696dfc417b0,683758b09dd1e3ac2e4e9809,6871083c4b0fa8a88ef1a603,false,false,Fri Jul 11 2025 12:49:00 GMT+0000 (Coordinated Universal Time),Fri Jul 11 2025 14:20:06 GMT+0000 (Coordinated Universal Time),Fri Jul 11 2025 17:00:43 GMT+0000 (Coordinated Universal Time),Kinsmen Park on Portage | Chilliwack Park Guide,Neighbourhood park,"<p>Kinsmen Park on Portage is a Chilliwack neighbourhood park with open grass, playgrounds, tennis courts, washrooms, and a paved walking loop, but it is not listed by the city as an official off-leash dog park.</p>",46490 Portage Avenue,49.1866,-121.9319,Chilliwack,British Columbia,V2P 3G3,No,No,"Grass lawn, paved walking path, and hard-surface tennis courts",Neighbourhood park,Yes,Yes - verify exact placement on arrival,Some mature tree cover,Yes - verify exact placement on arrival,No city-confirmed dog dispensers noted,Street parking or nearby access - verify on arrival,Yes,Verify posted park hours on arrival,Check posted city notices and field conditions,https://www.chilliwack.com/main/page.cfm?dowhat=typeView&id=1754&ptID=1,https://www.google.com/maps/search/?api=1&query=46490+Portage+Avenue+Chilliwack+BC,"park-guide,chilliwack,neighbourhood-park,kinsmen-park-on-portage","<p>Primary sources: https://www.chilliwack.com/main/page.cfm?dowhat=typeView&id=1754&ptID=1, https://www.chilliwack.com/main/page.cfm?id=2579, and related City of Chilliwack park amenity pages for open grass area, playgrounds, tennis, washrooms, and drinking water. Reviewed on August 2, 2026.</p>","<p>Kinsmen Park on Portage is a Chilliwack neighbourhood park with <strong>open grass</strong>, a <strong>looping paved path</strong>, <strong>playground space</strong>, <strong>tennis courts</strong>, and local day-use amenities.</p>",,2026-08-02,Kinsmen Park on Portage | Chilliwack Park Guide | LeashFree.ca,"Source-backed guide to Kinsmen Park on Portage in Chilliwack, including current city park amenities and confirmation that it is not listed as an official off-leash dog park."
Kinsmen Park & Playground,kinsmen-park-playground-ladysmith,683758b0a3f8a696dfc417b0,683758b09dd1e3ac2e4e9809,6871a1948ed21f3e317b98ab,false,false,Fri Jul 11 2025 23:43:16 GMT+0000 (Coordinated Universal Time),Fri Jul 11 2025 23:48:01 GMT+0000 (Coordinated Universal Time),Sat Jul 12 2025 01:27:16 GMT+0000 (Coordinated Universal Time),Kinsmen Park & Playground | Ladysmith Park Guide,Neighbourhood park,"<p>Kinsmen Park &amp; Playground is a Ladysmith family park centered on a community playground and neighbourhood green space, but it should not be treated as an official off-leash dog park.</p>",6th Avenue and Methuen Street,48.9924,-123.8360,Ladysmith,British Columbia,V9G 1S3,Partial,No,Grass lawn and playground surface,Neighbourhood park,Unknown - verify on arrival,Yes,Some tree cover,Yes - verify exact placement on arrival,No official dog-park dispensers confirmed,Street or nearby park access - verify on arrival,Unknown - verify on arrival,Verify posted hours on arrival,Check current town notices,https://www.ladysmith.ca/our-services/parks-recreation/parks/,https://www.google.com/maps/search/?api=1&query=6th+Avenue+and+Methuen+Street+Ladysmith+BC,"park-guide,ladysmith,playground,family-park,kinsmen-park","<p>Primary source: https://www.ladysmith.ca/our-services/parks-recreation/parks/. Supporting local context from Ladysmith Kinsmen Club material about Brown Drive Park / Kinsmen Park and community playground history. Reviewed on August 2, 2026.</p>","<p>Kinsmen Park &amp; Playground is a <strong>Ladysmith neighbourhood family park</strong> centered on a large community playground, open grass space, and day-use park seating rather than any official off-leash dog function.</p>",,2026-08-02,Kinsmen Park & Playground | Ladysmith Park Guide | LeashFree.ca,"Source-backed guide to Kinsmen Park & Playground in Ladysmith, including its community playground role, neighbourhood park setting, and why it should not be treated as an official off-leash dog park."
Kiwanis Park,kiwanis-park,683758b0a3f8a696dfc417b0,683758b09dd1e3ac2e4e9809,68560f78ab4c5795d5645812,false,false,Sat Jun 21 2025 01:48:40 GMT+0000 (Coordinated Universal Time),Sat Jun 21 2025 01:50:47 GMT+0000 (Coordinated Universal Time),Sat Jun 21 2025 01:54:30 GMT+0000 (Coordinated Universal Time),Kiwanis Park (Leash-Free Dog Area),Leash Free,"<p>Kiwanis Park includes a spacious off-leash dog area near the Grand River, ideal for active dogs who enjoy open running space and nature-filled surroundings. Be cautious during winter due to unmaintained parking.</p>",1000 Kiwanis Park Drive,43.504638644907494,-80.47351357535766,Kitchener,Ontario,,Yes,Yes,Grass,Large,Yes (seasonal),Yes,Yes,Yes,Yes,Yes,Yes,6am - 11pm,No maintained parking in winter,https://www.kitchener.ca/en/things-to-do/dog-parks.aspx,"https://www.google.com/maps/place/Kiwanis+Dog+Park/@43.5028916,-80.4748064,17z/data=!4m14!1m7!3m6!1s0x882bf323eee4c8fd:0xe7bbadc409560d39!2sKiwanis+Park!8m2!3d43.5031741!4d-80.4719449!16s%2Fg%2F1vc6f0ry!3m5!1s0x882bf3266899709d:0x52fe1e89be33fa7d!8m2!3d43.50441!4d-80.4735506!16s%2Fg%2F11c0vxj014!5m1!1e1?entry=ttu&g_ep=EgoyMDI1MDYxNy4wIKXMDSoASAFQAw%3D%3D","off-leash, riverside, large",<p>Ample space and amenities; be cautious during snow season.</p>,"<p>Kiwanis Park is a riverside gem in Kitchener offering a large, secure off-leash space with amenities for both dogs and their humans.</p>",,,,
Klarvatten Off-Leash Area,klarvatten-off-leash-area,683758b0a3f8a696dfc417b0,683758b09dd1e3ac2e4e9809,6871bd788d2edf24f49031ad,false,false,Sat Jul 12 2025 01:42:16 GMT+0000 (Coordinated Universal Time),Sat Jul 12 2025 01:42:31 GMT+0000 (Coordinated Universal Time),Sat Jul 12 2025 03:27:49 GMT+0000 (Coordinated Universal Time),Klarvatten Off-Leash Area | Edmonton,Leash Free,<p>Klarvatten Off-Leash Area is a north Edmonton neighbourhood dog area best treated as an unfenced open-field off-leash site with exact boundaries to verify on arrival.</p>,17335 85 Street NW,53.6272,-113.4738,Edmonton,Alberta,T5Z 3A5,No,No,Open grass field and neighbourhood park landscape,Neighbourhood off-leash area,Unknown - verify on arrival,Unknown - verify on arrival,Minimal to moderate tree cover,Reported by recent local listings - verify on arrival,Unknown - verify on arrival,Street or neighbourhood access - verify on arrival,No city-confirmed washrooms noted,Verify posted park hours on arrival,Check current city notices,https://www.edmonton.ca/activities_parks_recreation/parks_rivervalley/off-leash-sites,https://www.google.com/maps/search/?api=1&query=17335+85+Street+NW+Edmonton+AB,"off-leash,edmonton,north-edmonton,open-field,klarvatten","<p>Primary source: https://www.edmonton.ca/activities_parks_recreation/parks_rivervalley/off-leash-sites for official City of Edmonton off-leash rules and network confirmation. Secondary context cross-checked on August 4, 2026, from recent Edmonton dog-park roundups at Durapaw and WoofCrate, which consistently describe Klarvatten as an unfenced open field near Klarvatten Road with waste bins. Treat exact amenities and boundaries as verify-on-arrival details unless confirmed by current city signage.</p>","<p>Klarvatten Off-Leash Area is a <strong>north Edmonton neighbourhood off-leash site</strong> in the city&apos;s designated dog-area network, generally identified around <strong>Klarvatten Road / 17335 85 Street NW</strong>.</p>",,2026-08-04,Klarvatten Off-Leash Area | Edmonton | LeashFree.ca,"Conservative, source-backed guide to Klarvatten Off-Leash Area in Edmonton, including official city rules, north Edmonton neighbourhood context, and on-arrival verification notes for exact boundaries and amenities."
Knox Mountain Dog Park,knox-mountain-dog-park-kelowna,683758b0a3f8a696dfc417b0,683758b09dd1e3ac2e4e9809,6871b27fffd0df9b314b0e89,false,false,Sat Jul 12 2025 00:55:27 GMT+0000 (Coordinated Universal Time),Sat Jul 12 2025 00:56:39 GMT+0000 (Coordinated Universal Time),Sat Jul 12 2025 01:27:16 GMT+0000 (Coordinated Universal Time),Knox Mountain Park Leash-Free Area,Leash Free,"<p>Knox Mountain Park features trails and natural terrain, with designated leash-optional zones for adventurous dogs.</p>",450 Knox Mountain Dr,49.9054,-119.5001,Kelowna,British Columbia,V1Y 9X6,No,No,"trail, forest, dirt",Large,,Yes,Yes,Yes,Yes,Yes,Yes,6 am – 11 pm,None,https://www.kelowna.ca/parks-recreation,"https://maps.google.com/?q=Knox+Mountain+Dog+Park,+Kelowna,+BC","leash-free,trails,natural",<p>Be mindful of wildlife in the area.</p>,<p>Knox Mountain Park offers an off-leash trail network for active dogs and owners who love nature in the heart of Kelowna.</p>,,,,
Kortright Hills Park,kortright-hills-park,683758b0a3f8a696dfc417b0,683758b09dd1e3ac2e4e9809,68560660d5a802515d60c7af,false,false,Sat Jun 21 2025 01:09:52 GMT+0000 (Coordinated Universal Time),Sat Jun 21 2025 01:15:24 GMT+0000 (Coordinated Universal Time),Sat Jun 21 2025 01:54:30 GMT+0000 (Coordinated Universal Time),Kortright Hills Park (Leash-Free Dog Park),Leash Free,"<p>Kortright Hills Park offers a peaceful off-leash space for dogs in Guelph's west end. Surrounded by wooded areas and trails, it’s a great spot for pets and their owners to explore nature while socializing with other dogs.</p>",23 Ptarmigan Dr,43.49923724555378,-80.23021298024912,Guelph,Ontario,N1C 1B5,No,No,"Grass, Dirt",Unknown,No,Yes,Yes,Yes,Yes,Yes,No,6:00 AM – 11:00 PM,None,https://guelph.ca/living/recreation/parks/leash-free-zones-for-dogs/,"https://www.google.com/maps/place/Kortright+Hills+Park,+165+Milson+Crescent,+Guelph,+ON+N1C+1G5/@43.4992417,-80.2313767,18.82z/data=!4m6!3m5!1s0x882b84e2f6d91d91:0x56a4502e4c215bb3!8m2!3d43.4992172!4d-80.2302143!16s%2Fg%2F11b8td8mt9!5m1!1e1?entry=ttu&g_ep=EgoyMDI1MDYxNy4wIKXMDSoASAFQAw%3D%3D","off-leash, natural setting, wooded trails, benches",<p>The leash-free zone is not fully fenced but is popular with locals for quiet nature walks.</p>,<p>Kortright Hills Park in Guelph offers dog owners a serene and wooded environment for off-leash adventures. This natural setting provides a great space for dogs to explore under their owner’s supervision.</p>,,,,
L'Amoreaux North Park,lamoreaux-north-park,683758b0a3f8a696dfc417b0,683758b09dd1e3ac2e4e9809,68434db135b7f7bac7d55706,false,false,Fri Jun 06 2025 20:21:05 GMT+0000 (Coordinated Universal Time),Fri Jun 13 2025 23:08:23 GMT+0000 (Coordinated Universal Time),Sat Jun 14 2025 00:09:21 GMT+0000 (Coordinated Universal Time),L'Amoreaux North Park (Leash-Free Dog Area),Leash Free,"<p>L'Amoreaux North Park features a designated leash-free dog area located near the eastern portion of the park. The site includes grassy terrain, ample room for running, and is popular with local dog owners for its peaceful setting.</p>",2900 Warden Ave,43.81012124475882,-79.30503422969804,Toronto,Ontario,M1W 2S8,Yes,No,Grass,Approx. 1.5 acres,No,Yes,Partial,Yes,Yes,Yes,Yes,7:00 AM – 9:00 PM,None,,"https://www.google.com/maps/place/L%E2%80%99Amoreaux+Off-Leash+Dog+Park/@43.8101466,-79.3051227,21z/data=!4m14!1m7!3m6!1s0x89d4d3ed8ee6a44f:0x1dfaca55b96d7213!2sL'Amoreaux+North+Park!8m2!3d43.8121274!4d-79.307824!16s%2Fg%2F1td26f73!3m5!1s0x89d4d3eef63b3277:0xda7b8e60c47815!8m2!3d43.8101105!4d-79.3050379!16s%2Fg%2F11b7ttkksk!5m1!1e1?entry=ttu&g_ep=EgoyMDI1MDYxMS4wIKXMDSoASAFQAw%3D%3D","leash-free, grass, benches, fenced",<p>Popular with local residents; adjacent to trails.</p>,"<p>L'Amoreaux North Park provides a secure, grassy leash-free space in Scarborough, ideal for dogs who enjoy room to roam.</p>",,,,
L.A. Barkman Kinsmen Park Dog Park,la-barkman-park-off-leash-area,683758b0a3f8a696dfc417b0,683758b09dd1e3ac2e4e9809,6871c56c7b204f0514d2c17f,false,false,Sat Jul 12 2025 02:16:12 GMT+0000 (Coordinated Universal Time),Sat Jul 25 2026 12:00:00 GMT+0000 (Coordinated Universal Time),Sat Jul 25 2026 12:00:00 GMT+0000 (Coordinated Universal Time),L.A. Barkman Kinsmen Park Dog Park,Leash Free,"<p>The City of Steinbach's current official notices do not publish a full standalone park profile, but they do confirm an active dog park in L.A. Barkman Kinsmen Park. On May 22, 2026, the city said the water fountains at the dog park in L.A. Barkman Kinsmen Park were turned on for the season. On November 28, 2025, the city said those same fountains were turned off for the season. That is enough to confirm the city's dog-park use and seasonal servicing at this location.</p><p>The official source set is narrower than the older version of this record, which claimed a specific fenced layout, separate small-dog space, washrooms, and posted hours using a third-party page rather than Steinbach's own site. Based on the city sources reviewed on July 25, 2026, those details should not be treated as confirmed. This updated record keeps the official facts and removes unsupported amenity precision.</p><p>The broader visit rules come from Steinbach's animal-control page. The city says pets in public places must be kept on a leash not more than 2.5 metres in length, pets are not permitted to run at large in the city, owners must clean up after their pets, and Steinbach residents with dogs over six months old need a dog licence. That gives dog owners the key compliance context even where the city has not published a full dedicated dog-park detail page.</p>",L.A. Barkman Kinsmen Park,49.5221,-96.6766,Steinbach,Manitoba,,"Unknown - city notices reviewed July 25, 2026 do not clearly confirm fencing",Unknown,Unknown,Unknown,Seasonal - city notices say the dog-park fountains are turned on and off by season,Unknown,Unknown,Unknown,Unknown,Unknown,"Unknown - city notice references seasonal park washrooms elsewhere, not specifically this dog park",Unknown - verify posted hours on arrival,City notices confirm dog-park fountains are turned on and off by season,https://www.steinbach.ca/notices-and-announcements/park-washrooms-and-dog-park-fountains-open-for-2026-season/,https://maps.google.com/?q=L.A.+Barkman+Kinsmen+Park+Steinbach+MB,"leash-free, Steinbach, Manitoba, municipal dog park","<p>Primary official sources reviewed July 25, 2026: https://www.steinbach.ca/notices-and-announcements/park-washrooms-and-dog-park-fountains-open-for-2026-season/, https://www.steinbach.ca/notices-and-announcements/outdoor-facilities-closed-for-2025/, https://www.steinbach.ca/residents/bylaw-enforcement/animal-control/?PageSpeed=noscript, and https://www.steinbach.ca/departments-and-services/parks-and-rec/. This record intentionally removes unsupported legacy claims about exact hours, separate small-dog areas, and washrooms because the official city pages reviewed do not clearly confirm them.</p>",<p>The City of Steinbach's official notices confirm a dog park in L.A. Barkman Kinsmen Park and show that its dog-park fountains are managed seasonally.</p>,,Sat Jul 25 2026 12:00:00 GMT+0000 (Coordinated Universal Time),"L.A. Barkman Kinsmen Park Dog Park | Steinbach, Manitoba","Source-backed guide to the dog park in L.A. Barkman Kinsmen Park in Steinbach, Manitoba, including official seasonal fountain notices plus Steinbach's leash and dog-licensing rules."
Lacombe Lake Dog Park,lacombe-lake-dog-park,683758b0a3f8a696dfc417b0,683758b09dd1e3ac2e4e9809,6871c0397d0489bf5018e82f,false,false,Sat Jul 12 2025 01:54:01 GMT+0000 (Coordinated Universal Time),Sat Jul 12 2025 02:02:11 GMT+0000 (Coordinated Universal Time),Sat Jul 12 2025 03:27:49 GMT+0000 (Coordinated Universal Time),Lacombe Lake Dog Park,Leash Free,"<p>Lacombe Lake Dog Park in St. Albert is a fully fenced, spacious off-leash park with a separate area for small dogs and scenic lake views.</p>",Lacombe Dr & Sir Winston Churchill Ave,53.6517,-113.6389,St. Albert,Alberta,T8N 3N3,Yes,Yes,"grass, gravel",Large,Yes,Yes,Partial,Yes,Yes,Yes,No,5 am – 11 pm,None,https://stalbert.ca/rec/parks/dog-parks/,"https://maps.google.com/?q=Lacombe+Lake+Dog+Park,+St.+Albert,+AB","leash-free,fenced,small-dog-area,scenic",,"<p>Lacombe Lake Dog Park is a popular fenced dog park in St. Albert featuring lake views, a small dog area, and plenty of space for play.</p>",,,,
Ladysmith Leash-Free Dog Park,ladysmith-leash-free-dog-park,683758b0a3f8a696dfc417b0,683758b09dd1e3ac2e4e9809,68719f7110e7a80652152cff,false,false,Fri Jul 11 2025 23:34:09 GMT+0000 (Coordinated Universal Time),Thu Jun 11 2026 17:30:00 GMT+0000 (Coordinated Universal Time),Sat Jul 12 2025 01:27:16 GMT+0000 (Coordinated Universal Time),Ladysmith Leash-Free Dog Park,Leash Free,"<p>The official Ladysmith Leash-Free Dog Park provides a large, fenced area for dogs to run freely and safely.</p>",6th Ave & Methuen St,48.9864131,-123.8199402,Ladysmith,British Columbia,V9G 1S3,Yes,No,"grass, dirt",Large,No,Yes,Minimal,Yes,Yes,Yes,No,6 am – 10 pm,None,https://www.ladysmith.ca/our-services/parks-recreation/parks/,https://www.google.com/maps/search/?api=1&query=6th%20Ave%20%26%20Methuen%20St%2C%20Ladysmith%2C%20BC%20V9G%201S3,"leash-free,fenced,community",,"<p>Ladysmith Leash-Free Dog Park is the town’s primary fenced dog park, offering a safe and open space for off-leash fun.</p>",,,,
Lake Bonavista Off-Leash Area,lake-bonavista,683758b0a3f8a696dfc417b0,683758b09dd1e3ac2e4e9809,683b1760bcfc50b6b6e45054,false,false,Sat May 31 2025 14:51:12 GMT+0000 (Coordinated Universal Time),Sun Jun 01 2025 13:05:06 GMT+0000 (Coordinated Universal Time),Mon Jun 02 2025 15:12:34 GMT+0000 (Coordinated Universal Time),Lake Bonavista (Off-Leash Area),Leash Free,"<p>This off-leash area is tucked beside the established Lake Bonavista neighborhood and provides a calm, natural space for off-leash walks. While not fenced, it remains a valued space among locals.</p>",Lake Huron Crescent SE,,,Calgary,Alberta,T2J 5H6,No,No,Grass and Trees,Unknown,No,Yes,Unknown,Yes,,Street Parking,No,5:00 AM to 11:00 PM,,https://www.calgary.ca/parks/off-leash-locations.html,https://www.google.com/maps/place/Lake+Bonavista+Off+Leash+Area/,"established neighborhood, trees, peaceful",<p>Best for dogs with good recall due to open boundaries.</p>,"<p>Lake Bonavista Off-Leash Area is a peaceful green space nestled in one of Calgary’s most iconic neighborhoods, great for quiet strolls with your dog.</p>",https://cdn.prod.website-files.com/683758b09dd1e3ac2e4e980a/683b1b8891ec2f6888a679d6_lake-bonavista-off-leash-area-calgary-leash-free-dog-park.jpg,,,
Lakefront Walkway Dog Park,lakefront-walkway-dog-park-nelson,683758b0a3f8a696dfc417b0,683758b09dd1e3ac2e4e9809,6871b41f6ac49eb5cacd495a,false,false,Sat Jul 12 2025 01:02:23 GMT+0000 (Coordinated Universal Time),Sat Jul 12 2025 01:05:07 GMT+0000 (Coordinated Universal Time),Sat Jul 12 2025 01:27:16 GMT+0000 (Coordinated Universal Time),Lakefront Walkway Dog Park Leash-Free Area,Leash Free,<p>Lakefront Walkway Dog Park in Nelson offers a designated off-leash section along the scenic waterfront path near the Prestige Lakeside Resort.</p>,701 Lakeside Dr,49.4934,-117.2815,Nelson,British Columbia,V1L 6G3,Partial,No,"gravel, grass",Medium,Yes,Yes,Partial,Yes,Yes,Yes,Yes,6 am – 11 pm,None,https://www.nelson.ca,"https://maps.google.com/?q=701+Lakeside+Dr,+Nelson,+BC","leash-free,waterfront,scenic",,"<p>Lakefront Walkway Dog Park in Nelson is a scenic off-leash area along the lake, perfect for relaxed walks and social pups.</p>",,,,
Lakeland Neighbourhood Off-Leash Area,lakeland-neighbourhood-off-leash-area,683758b0a3f8a696dfc417b0,683758b09dd1e3ac2e4e9809,6871c209fcda72dd712c99c2,false,false,Sat Jul 12 2025 02:01:45 GMT+0000 (Coordinated Universal Time),Sat Jul 12 2025 02:02:11 GMT+0000 (Coordinated Universal Time),Sat Jul 12 2025 03:27:49 GMT+0000 (Coordinated Universal Time),Lakeland Neighbourhood Off-Leash Area,Leash Free,"<p>Lakeland Off-Leash Area in Grande Prairie provides a community-accessible green space for dog walking, though currently under advisory.</p>",Lakeland Dr & 92 St,55.1907,-118.7598,Grande Prairie,Alberta,T8X 0G7,No,No,grass,Medium,No,No,Minimal,Yes,Yes,Street parking,No,6 am – 11 pm,Advisory in effect,https://www.cityofgp.com/culture-recreation/parks-trails/dog-parks,"https://maps.google.com/?q=Lakeland+Off-Leash+Area,+Grande+Prairie,+AB","leash-free,neighbourhood,unfenced",<p>Use caution; temporary advisories may apply.</p>,"<p>Lakeland Neighbourhood Off-Leash Area is a designated green space in Grande Prairie where dogs can play freely, though advisories may be posted.</p>",,,,
Lakeside Park,lakeside-park,683758b0a3f8a696dfc417b0,683758b09dd1e3ac2e4e9809,6840af14278a46fd56474dcc,false,false,Wed Jun 04 2025 20:39:48 GMT+0000 (Coordinated Universal Time),Wed Jun 04 2025 20:41:51 GMT+0000 (Coordinated Universal Time),Thu Jun 05 2025 00:31:39 GMT+0000 (Coordinated Universal Time),Lakeside Park (Leash-Free Dog Park),Leash Free,"<p>Located near the waterfront, Lakeside Park offers a peaceful and scenic leash-free zone with a fully fenced area that’s ideal for both large and small dogs. The terrain includes grass and dirt surfaces, shaded spaces, and benches for pet owners. It’s a quieter alternative to the nearby Jack Darling Park, while still offering direct views of Lake Ontario.</p>",2268 Lakeshore Rd W,43.49509302,-79.6140144,Mississauga,Ontario,L5J 1K4,Yes,No,Grass and dirt,Approx. 1 acre,No,Yes,Yes,Yes,Yes,Yes,Yes,7:00 AM – 9:00 PM,None,https://leashfreemississauga.ca/?park=lakeside,"https://www.google.com/maps/place/Lakeside+Dog+Park/@43.4949802,-79.6165893,17z/data=!3m1!4b1!4m6!3m5!1s0x882b44e5d4103d9f:0x2d17d0b76383b93e!8m2!3d43.4949763!4d-79.6140144!16s%2Fg%2F11f3t_7qzf?entry=ttu&g_ep=EgoyMDI1MDYwMi4wIKXMDSoASAFQAw%3D%3D","fenced, waterfront, shaded, benches, quiet","<p>The park offers a more tranquil environment for leash-free play, ideal for older dogs or those who prefer less stimulation.</p>","<p>Tucked beside the shores of Lake Ontario, Lakeside Park’s leash-free area is a hidden gem. It’s fully fenced, shaded, and perfect for dogs that enjoy a quieter, scenic setting.</p>",,,,
Larkspur Off-Leash Dog Park,larkspur-off-leash-dog-park,683758b0a3f8a696dfc417b0,683758b09dd1e3ac2e4e9809,6871bcd98068d3ac5c7588ea,false,false,Sat Jul 12 2025 01:39:37 GMT+0000 (Coordinated Universal Time),Sat Jul 12 2025 01:42:31 GMT+0000 (Coordinated Universal Time),Sat Jul 12 2025 03:27:49 GMT+0000 (Coordinated Universal Time),Larkspur Off-Leash Dog Park,Leash Free,"<p>Larkspur Off-Leash Dog Park features rolling hills, grassy terrain, and a fenced perimeter for worry-free play.</p>",2845 44 Ave NW,53.4607,-113.3927,Edmonton,Alberta,T6T 1L9,Yes,No,grass,Large,No,Yes,Minimal,Yes,Yes,Yes,No,5 am – 11 pm,None,https://www.edmonton.ca/activities_parks_recreation/parks_dog_off_leash,"https://maps.google.com/?q=Larkspur+Dog+Park,+Edmonton,+AB","leash-free,fenced,hilly",,<p>Larkspur Off-Leash Dog Park in Edmonton is a spacious fenced park with grassy hills that provide plenty of exercise and fun for dogs.</p>,,,,
Lauderdale Dog Park,lauderdale-dog-park,683758b0a3f8a696dfc417b0,683758b09dd1e3ac2e4e9809,6871bc0deb458e70a833a78f,false,false,Sat Jul 12 2025 01:36:13 GMT+0000 (Coordinated Universal Time),Sat Jul 12 2025 01:37:56 GMT+0000 (Coordinated Universal Time),Sat Jul 12 2025 03:27:49 GMT+0000 (Coordinated Universal Time),Lauderdale Dog Park,Leash Free,"<p>Lauderdale Dog Park is a fully fenced urban off-leash area with benches, shade, and convenient access for local pet owners.</p>",12928 113A St NW,53.5875,-113.5232,Edmonton,Alberta,T5E 5B6,Yes,No,grass,Small,No,Yes,Partial,Yes,Yes,Street parking,No,5 am – 11 pm,None,https://www.edmonton.ca/activities_parks_recreation/parks_dog_off_leash,"https://maps.google.com/?q=Lauderdale+Dog+Park,+Edmonton,+AB","leash-free,fenced,urban",,"<p>Lauderdale Dog Park in Edmonton is a small, secure off-leash area perfect for local pet owners looking for an easy-access dog run.</p>",,,,
Lee Street Park,lee-street-park,683758b0a3f8a696dfc417b0,683758b09dd1e3ac2e4e9809,6855fa4ab6b2514f80cb3bd6,false,false,Sat Jun 21 2025 00:18:18 GMT+0000 (Coordinated Universal Time),Fri Jul 17 2026 00:00:00 GMT+0000 (Coordinated Universal Time),Sat Jun 21 2025 01:54:30 GMT+0000 (Coordinated Universal Time),Lee Street Park Dog Park,Leash Free,"<p>Lee Street Park is a designated unfenced leash-free area at 71 Lee Street in Guelph. The City park listing identifies asphalt trails, a basketball court, a picnic table, and play equipment as part of the broader park, while the leash-free program confirms that dogs may use the designated off-leash area at this location.</p><p>Because the dog area is unfenced and sits inside a shared neighbourhood park, this site is a better choice for dogs with reliable recall and handlers who are comfortable managing transitions around other park users. Guelph's current leash-free policy lists Lee Street Park as available from dawn to dusk.</p>",71 Lee Street,43.56513531822163,-80.22004137495615,Guelph,Ontario,N1E 7E6,No,No,Grass and asphalt paths,Unknown,Unknown,Unknown,Unknown,Unknown,Unknown,Unknown,Unknown,Dawn to dusk,Confirm current boundaries on site,https://guelph.ca/park/lee-street-park/,"https://www.google.com/maps/place/Lee+Street+Park/@43.5649678,-80.2207214,18.82z/data=!4m6!3m5!1s0x882b9ba7b9fa56b7:0x2cddc985724a736d!8m2!3d43.5650959!4d-80.2200742!16s%2Fg%2F1tks6yzr!5m1!1e1?entry=ttu&g_ep=EgoyMDI1MDYxNy4wIKXMDSoASAFQAw%3D%3D","unfenced, asphalt trails, picnic table, Guelph","<p>The City's leash-free map should be used to confirm the exact area before letting your dog off leash, since this is not a fully enclosed dog run. Expect a shared neighbourhood setting and keep dogs under voice control near paths, play spaces, and other park activity.</p>","<p>Lee Street Park offers an unfenced leash-free area in Guelph's Ward 1. It is a shared neighbourhood park with asphalt trails and other recreation features, so keep your dog under control and follow the marked area and posted rules.</p>",/images/dog-parks/lee-street-park-guelph-original.png,Fri Jul 17 2026 00:00:00 GMT+0000 (Coordinated Universal Time),Lee Street Park Dog Park Guelph | Off-Leash Guide,"Research-backed guide to Lee Street Park's unfenced leash-free area in Guelph, with City-verified address, hours, shared-park context, and visit tips."
Lee Street Park,lee-street-park-202b1,683758b0a3f8a696dfc417b0,683758b09dd1e3ac2e4e9809,6856066068b9445fd19f6370,false,false,Sat Jun 21 2025 01:09:52 GMT+0000 (Coordinated Universal Time),Sat Jun 21 2025 01:10:48 GMT+0000 (Coordinated Universal Time),Sat Jun 21 2025 01:54:30 GMT+0000 (Coordinated Universal Time),Lee Street Park (Leash-Free Dog Area),Leash Free,"<p>Lee Street Park provides a smaller, community-based leash-free zone ideal for local dog walkers. While modest in scale, it’s a reliable spot for off-leash play within Guelph’s east side.</p>",20 Lee Street,43.56515382870256,-80.22007336244504,Guelph,Ontario,N1E 5P6,Yes,No,Grass,Unknown,No,Yes,Yes,Yes,Yes,Street Parking,No,6:00 AM – 11:00 PM,None,https://guelph.ca/living/recreation/parks/leash-free-zones-for-dogs/,"https://www.google.com/maps/place/Lee+Street+Park/@43.5648849,-80.2201084,18.82z/data=!4m14!1m7!3m6!1s0x882b9ba7b9fa56b7:0x2cddc985724a736d!2sLee+Street+Park!8m2!3d43.5650959!4d-80.2200742!16s%2Fg%2F1tks6yzr!3m5!1s0x882b9ba7b9fa56b7:0x2cddc985724a736d!8m2!3d43.5650959!4d-80.2200742!16s%2Fg%2F1tks6yzr!5m1!1e1?entry=ttu&g_ep=EgoyMDI1MDYxNy4wIKXMDSoASAFQAw%3D%3D","leash-free, fenced, grass, residential",<p>Tucked in a residential area. Offers benches and waste stations for convenience.</p>,"<p>Lee Street Park serves Guelph’s east end as a neighborhood leash-free area, providing a welcoming space for dogs and their owners to enjoy off-leash time in a calm setting.</p>",,,,
Legacy Park,legacy-park,683758b0a3f8a696dfc417b0,683758b09dd1e3ac2e4e9809,683b176000277777e67c3c7f,false,false,Sat May 31 2025 14:51:12 GMT+0000 (Coordinated Universal Time),Sat May 31 2025 15:15:06 GMT+0000 (Coordinated Universal Time),Sun Jun 01 2025 00:16:54 GMT+0000 (Coordinated Universal Time),Legacy Park (Off-Leash Area),Leash Free,"<p>Legacy Off-Leash Area is a quiet green space located in one of Calgary’s newer neighborhoods. Featuring wide-open fields and easy access from nearby residential areas, it's an ideal spot for dog walking and casual play.</p>",Legacy View SE & Legacy Blvd SE,,,Calgary,Alberta,T2X 4H9,No,No,Grass,Unknown,No,No,,Yes,,Street Parking,No,5:00 AM to 11:00 PM,,https://www.calgary.ca/parks/off-leash-locations.html,https://www.google.com/maps/place/Legacy+Off+Leash+Dog+Park/,"new community, green space, south Calgary","<p>Still being developed, but a popular location for nearby dog owners.</p>","<p>Legacy Off-Leash Area offers a peaceful, open field for dog lovers in one of Calgary’s fastest-growing communities.</p>",https://cdn.prod.website-files.com/683758b09dd1e3ac2e4e980a/683b1cf499d4134a28d42944_legacy-off-leash-area-calgary-leash-free-dog-park.jpg,,,
Leigh Park,leigh-park,683758b0a3f8a696dfc417b0,683758b09dd1e3ac2e4e9809,687153c9c5d5262ff031a25b,false,false,Fri Jul 11 2025 18:11:21 GMT+0000 (Coordinated Universal Time),Fri Jul 11 2025 18:28:05 GMT+0000 (Coordinated Universal Time),Fri Jul 11 2025 19:47:06 GMT+0000 (Coordinated Universal Time),Leigh Park Dog Off-Leash Area | Coquitlam,Leash Free,<p>Leigh Park is an official Coquitlam dog off-leash location at 1254 Soball Street with designated space for both large and small dogs inside a broader neighbourhood park.</p>,1254 Soball Street,49.2901,-122.7499,Coquitlam,British Columbia,V3B 3H7,Yes,Yes,Designated dog area within a broader park setting - verify exact footing on arrival,Neighbourhood park with designated off-leash area,Unknown - verify on arrival,Park seating likely - verify on arrival,Some mature tree cover,Yes - verify exact placement on arrival,Unknown - verify on arrival,Street or nearby park access - verify on arrival,No city-confirmed washrooms noted,"Open daily, dawn to dusk",Check posted signs and city notices,https://www.coquitlam.ca/facilities/facility/details/Leigh-Park-49,https://www.google.com/maps/search/?api=1&query=1254+Soball+Street+Coquitlam+BC,"off-leash,coquitlam,large-dogs,small-dogs,leigh-park","<p>Primary sources: https://coquitlam.ca/527/Leashed-Off-Leash-Dog-Areas and https://www.coquitlam.ca/facilities/facility/details/Leigh-Park-49. Reviewed on August 2, 2026.</p>","<p>Leigh Park is one of Coquitlam&apos;s official dog off-leash locations at <strong>1254 Soball Street</strong>, with a designated area for <strong>both large and small dogs</strong> inside a broader passive neighbourhood park.</p>",,2026-08-02,Leigh Park Dog Off-Leash Area | Coquitlam | LeashFree.ca,"Source-backed guide to Leigh Park in Coquitlam, including the official 1254 Soball Street location, large- and small-dog off-leash use, dawn-to-dusk hours, and nearby park amenities."
Linkwood Lane Park,linkwood-lane-park,683758b0a3f8a696dfc417b0,683758b09dd1e3ac2e4e9809,6841f0da1596425fbb25c0bd,false,false,Thu Jun 05 2025 19:32:42 GMT+0000 (Coordinated Universal Time),Thu Jun 05 2025 19:37:27 GMT+0000 (Coordinated Universal Time),Thu Jun 05 2025 19:50:19 GMT+0000 (Coordinated Universal Time),Linkwood Lane Park (Leash-Free Dog Area),Leash Free,"<p>Linkwood Lane Park offers a modest fenced leash-free zone tucked within a quiet North York neighborhood. While small in size, the park provides local dog owners a convenient and safe area for off-leash exercise. The space features open grass, a few shade trees, and nearby walking paths that connect to the surrounding park system.</p>",10 Linkwood Ln,43.71284928756471,-79.3248311538491,Toronto,Ontario,M3C 1B1,Yes,No,Grass,Approx. 0.2 acres,No,Yes,Partial,Yes,Unknown,Street parking only,No,7:00 AM – 9:00 PM,None,https://www.toronto.ca/explore-enjoy/parks-recreation/places-spaces/parks-and-recreation-facilities/location/?id=2443,"https://www.google.com/maps/place/Linkwood+Lane+Dog+Park/@43.714629,-79.3262044,17z/data=!4m14!1m7!3m6!1s0x89d4cdb1e25cec4f:0x6608982493d4aeed!2sLinkwood+Lane+Park!8m2!3d43.7155945!4d-79.3239192!16s%2Fg%2F11cjkm_qn3!3m5!1s0x89d4cd0e7ab0754d:0x1029866560bd98c8!8m2!3d43.7126235!4d-79.3248427!16s%2Fg%2F11gxmv3bbn?entry=ttu&g_ep=EgoyMDI1MDYwMy4wIKXMDSoASAFQAw%3D%3D","fenced, grass, benches, shaded, local park",<p>Best suited for local residents due to its compact layout.</p>,<p>Linkwood Lane Park in Toronto provides a small but secure leash-free area perfect for neighborhood dog owners seeking a quick and quiet spot for their dogs to stretch their legs off-leash.</p>,https://cdn.prod.website-files.com/683758b09dd1e3ac2e4e980a/6841f1f136731e2cd913c20a_Linkwood%20Lane%20Park%20(Leash-Free%20Dog%20Area).jpg,,,
Lion's Park,lions-park-belleville,683758b0a3f8a696dfc417b0,683758b09dd1e3ac2e4e9809,68657bf124333f15ee55ce0c,false,false,Wed Jul 02 2025 18:35:29 GMT+0000 (Coordinated Universal Time),Wed Jul 02 2025 18:41:26 GMT+0000 (Coordinated Universal Time),Wed Jul 02 2025 18:53:15 GMT+0000 (Coordinated Universal Time),Lion's Park Leash Free Dog Park,Leash Free,<p>Neighborhood park in Belleville with green space and a designated dog-friendly zone.</p>,379 Moira St E,44.17246639169333,-77.38247574864117,Belleville,Ontario,K8P2S9,No,No,grass,Medium,No,Limited,Minimal,Yes,No,Street parking,No,6 am – 10 pm,None,,"https://www.google.com/maps/place/Lion's+Park,+Belleville,+ON./@44.1720585,-77.3872608,16z/data=!3m1!4b1!4m6!3m5!1s0x89d62561173b4fed:0x358502e69407d9c9!8m2!3d44.1720548!4d-77.3823899!16s%2Fg%2F11dxlcw9zy!5m1!1e1?entry=ttu&g_ep=EgoyMDI1MDYzMC4wIKXMDSoASAFQAw%3D%3D","leash-free,neighbourhood,green space",<p>Unofficial off-leash area; not fenced.</p>,<p>Lion's Park in Belleville offers green space with a casual leash-free area for nearby residents and their dogs.</p>,,,,
Lion's Park,lions-park,683758b0a3f8a696dfc417b0,683758b09dd1e3ac2e4e9809,68700bdc813f2b3d55752f81,false,false,Thu Jul 10 2025 18:52:12 GMT+0000 (Coordinated Universal Time),Thu Jul 10 2025 23:37:51 GMT+0000 (Coordinated Universal Time),Fri Jul 11 2025 12:18:36 GMT+0000 (Coordinated Universal Time),Lion's Park Leash-Free Dog Park,Leash Free,<p>Community park in Ajax with green space where leashed and unleashed dogs can explore in designated areas.</p>,400 Clements Rd W,43.83568231050478,-79.0350536006926,Ajax,Ontario,L1S 6C9,No,No,grass,Small,No,Limited,Partial,Yes,No,Yes,No,Dawn to Dusk,None,https://www.ajax.ca/en/play/parks-and-trails.aspx,"https://www.google.com/maps/place/Lion's+Park+(fenced,+off-leash+dog+park)/@43.8341964,-79.0700725,14z/data=!4m10!1m2!2m1!1sAjax+Dog+Parks!3m6!1s0x89d4df8a00ec8e67:0xe9ca3641f80b6b26!8m2!3d43.8341964!4d-79.0350536!15sCg5BamF4IERvZyBQYXJrc1oQIg5hamF4IGRvZyBwYXJrc5IBCGRvZ19wYXJrmgEjQ2haRFNVaE5NRzluUzBWSlEwRm5TVU5hTWw5bFkxbEJFQUWqAVEKCS9tLzBidDlschABKg0iCWRvZyBwYXJrcygAMh8QASIbKUVW_IgNBen3KmJFY0z3Dig2VFpI89LdWjuUMhIQAiIOYWpheCBkb2cgcGFya3PgAQD6AQQIJxBI!16s%2Fg%2F11jn_t2wzr!5m1!1e1?entry=ttu&g_ep=EgoyMDI1MDcwNy4wIKXMDSoASAFQAw%3D%3D","leash-free,community,grass",,<p>Lion's Park in Ajax is a smaller green space that offers dogs and their owners an open area for on- and off-leash enjoyment.</p>,,,,
Little Mountain Park,little-mountain-park,683758b0a3f8a696dfc417b0,683758b09dd1e3ac2e4e9809,6871c46f988c1e63d1d9b692,false,false,Sat Jul 12 2025 02:11:59 GMT+0000 (Coordinated Universal Time),Sat Jul 12 2025 02:12:28 GMT+0000 (Coordinated Universal Time),Sat Jul 12 2025 03:27:49 GMT+0000 (Coordinated Universal Time),Little Mountain Park Leash-Free Dog Park,Leash Free,"<p>Little Mountain Park in Winnipeg is a scenic off-leash area with limestone trails, grassy fields, and a quarry pond.</p>","Box 11, RR 5",49.9482,-97.3251,Winnipeg,Manitoba,R2C 2Z2,No,No,"grass, limestone trail",Large,Yes (seasonal),Yes,Yes,Yes,Yes,Yes,Yes (Seasonal),7 am – 11 pm,None,https://winnipeg.ca/publicworks/parksOpenSpace/OffLeashAreas/,"https://maps.google.com/?q=Little+Mountain+Park,+Winnipeg,+MB","leash-free,quarry,trails,nature",<p>One of Winnipeg’s most scenic and well-loved dog parks.</p>,"<p>Little Mountain Park is a beautiful natural dog park in Winnipeg, offering off-leash trails, quarry ponds, and serene wooded paths.</p>",,,,
Locarno Beach Park,locarno-beach-dog-park-vancouver,683758b0a3f8a696dfc417b0,683758b09dd1e3ac2e4e9809,6838bee960e2fd13e997f729,false,false,Thu May 29 2025 20:09:13 GMT+0000 (Coordinated Universal Time),Thu May 29 2025 23:37:10 GMT+0000 (Coordinated Universal Time),Thu May 29 2025 23:38:18 GMT+0000 (Coordinated Universal Time),Locarno Beach Park (off-leash dog park),Leash Free,"<p>Locarno Beach Park is a fantastic leash-free zone for dogs located in Vancouver, BC. Covering 11389 square meters, it has a grass base that supports active dog activities. Dog owners will appreciate the parks 6 AM to 10 PM access and how it offers wide-open green space, offers shady spots, and is close to limited facilities. Plus, it does not include water access, making it a top destination for canine fun and exercise.</p>",NW Marine Drive and Trimble St,,,Vancouver,BC,,No,,Grass,,No,No,Yes,No,,,No,6 AM to 10 PM,,,,,,"<p>Locarno Beach Park is a well-loved off-leash dog park in Vancouver. This park features a grass surface and an open space for dogs to roam freely. It provides no water access, minimal shade, and limited seating, making it a great destination for local dog owners to relax and let their pets socialize.</p>",https://cdn.prod.website-files.com/683758b09dd1e3ac2e4e980a/6838bfdbc135317971c008bc_dog-park-urban-setting-with-people-and-dogs.jpg.png,,,
Long Lake Provincial Park,long-lake-provincial-park,683758b0a3f8a696dfc417b0,683758b09dd1e3ac2e4e9809,68b855520d4ea200bfbb58df,false,false,Wed Sep 03 2025 14:48:50 GMT+0000 (Coordinated Universal Time),Wed Sep 03 2025 19:49:10 GMT+0000 (Coordinated Universal Time),Sat Sep 06 2025 19:21:07 GMT+0000 (Coordinated Universal Time),Long Lake Provincial Park Leash-Free Dog Park,Dogs Allowed,"<p>Large provincial park with popular hiking trails and lakes, widely used by dog walkers though provincial regulations prohibit off-leash use.</p>","Spryfield Access, Old Sambro Rd",44.61014,-63.629747,Halifax,NS,,No,No,"forest trails, lake shore",Very Large,No,Limited,Yes,Yes,No,Parking Lot,No,5:00 a.m. - 10:00 p.m.,Off-leash not officially permitted,https://en.wikipedia.org/wiki/Long_Lake_Provincial_Park_(Nova_Scotia),https://www.google.com/maps?q=Long+Lake+Provincial+Park+NS,"dogs-allowed, trails, lake, wooded",<p>Dogs must technically remain leashed under provincial rules; community use varies. Very popular with local dog owners.</p>,"<p>Long Lake Provincial Park is a popular destination in Halifax for dog owners, offering vast trails and lakeside views. While dogs are welcome, official rules require leashes despite frequent off-leash use.</p>",,,,
Love Park,love-park,683758b0a3f8a696dfc417b0,683758b09dd1e3ac2e4e9809,68434c368a589f99267e4a45,false,false,Fri Jun 06 2025 20:14:46 GMT+0000 (Coordinated Universal Time),Fri Jun 13 2025 19:39:59 GMT+0000 (Coordinated Universal Time),Sat Jun 14 2025 00:09:21 GMT+0000 (Coordinated Universal Time),Love Park (Dogs Allowed Area),Dogs Allowed,"<p>Love Park is a newly revitalized downtown greenspace in Toronto’s waterfront area. While it doesn't have a designated off-leash section, it welcomes leashed dogs and offers scenic walkways, benches, and a central heart-shaped pond.</p>",96 Queens Quay W,43.64076345334252,-79.3798426079816,Toronto,Ontario,M5J 2V3,No,No,Grass and paved paths,Approx. 2 acres,No,Yes,Yes,Yes,No,Street parking and nearby lots,No,7:00 AM – 11:00 PM,None,https://www.toronto.ca/explore-enjoy/parks-recreation/places-spaces/parks-and-recreation-facilities/location/?id=3799,"https://www.google.com/maps/place/96+Queens+Quay+W,+Toronto,+ON+M5J+0C3/@43.6407285,-79.3800911,19.96z/data=!4m14!1m7!3m6!1s0x882b35272d384993:0x547b33e7815f20d7!2sCityPlace+Dog+Park!8m2!3d43.6390255!4d-79.3970058!16s%2Fg%2F11gd_75vn1!3m5!1s0x89d4cb2ac9b141a1:0x62bced33518cffcf!8m2!3d43.6407338!4d-79.3798434!16s%2Fg%2F11vyptrfmj!5m1!1e1?entry=ttu&g_ep=EgoyMDI1MDYxMS4wIKXMDSoASAFQAw%3D%3D","dogs allowed, downtown, waterfront, benches, shade",<p>Great for relaxing walks with dogs; no leash-free section.</p>,"<p>Love Park is a dog-friendly public space near the waterfront, offering lush greenery and modern design for peaceful on-leash strolls.</p>",,,,
Maccaud Park,maccaud-park,683758b0a3f8a696dfc417b0,683758b09dd1e3ac2e4e9809,6871a5436ac49eb5cac93b4c,false,false,Fri Jul 11 2025 23:58:59 GMT+0000 (Coordinated Universal Time),Sat Jul 12 2025 00:16:55 GMT+0000 (Coordinated Universal Time),Sat Jul 12 2025 01:27:16 GMT+0000 (Coordinated Universal Time),Maccaud Park | White Rock Park Rules,Neighbourhood park,<p>Maccaud Park is a small White Rock neighbourhood park on Kent Street where dogs are generally on-leash; White Rock&apos;s official off-leash dog park is at Ruth Johnson Park.</p>,1475 Kent Street,49.0287,-122.8018,White Rock,British Columbia,V4B 2S1,No,No,"Grass, paved walking paths, and landscaped park space",Small neighbourhood park,No city-confirmed dog water source,Yes,Yes,Unknown - verify on arrival,No city-confirmed dog dispensers noted,Street parking likely - verify on arrival,No city-confirmed washrooms noted,Verify posted park hours on arrival,Check posted city park signage,https://www.whiterockcity.ca/398/Parks-Trails,https://www.google.com/maps/search/?api=1&query=1475+Kent+Street+White+Rock+BC,"park-rules,white-rock,kent-street,poetry-in-motion","<p>Primary sources: https://www.whiterockcity.ca/799/Dogs-in-White-Rock, https://www.whiterockcity.ca/398/Parks-Trails, and https://www.whiterockcity.ca/1167/Poetry-in-Motion. Supporting source: https://www.whiterockcity.ca/1106/Off-Leash-Dog-Park. Reviewed on July 31, 2026.</p>","<p>Maccaud Park is a small White Rock neighbourhood park at <strong>1475 Kent Street</strong>, known as part of the city&apos;s <strong>Poetry in Motion</strong> walking route rather than as an official off-leash dog park.</p>",,2026-07-31,Maccaud Park | White Rock Park Rules | LeashFree.ca,"Source-backed guide to Maccaud Park in White Rock, including current park details, Kent Street location, Poetry in Motion context, and White Rock’s rule that dogs are on-leash in most parks with off-leash use only at Ruth Johnson Park."
Mahogany Wetlands Off-Leash Area,mahogany-wetlands-off-leash-area,683758b0a3f8a696dfc417b0,683758b09dd1e3ac2e4e9809,683b175f55ff6da7f9a9df22,false,false,Sat May 31 2025 14:51:11 GMT+0000 (Coordinated Universal Time),Sat May 31 2025 14:51:11 GMT+0000 (Coordinated Universal Time),Sun Jun 01 2025 00:16:54 GMT+0000 (Coordinated Universal Time),Mahogany Wetlands (Off-Leash Trails & Views),Leash Free,<p>Mahogany Wetlands offers natural trails and open areas where dogs can roam off-leash while owners enjoy scenic views of ponds and wildlife habitat.</p>,Mahogany Blvd SE & Mahogany Gate SE,,,Calgary,Alberta,T3M 2V7,No,No,Grass and Gravel Trails,Unknown,No,Yes,,Yes,,Street Parking,No,5:00 AM to 11:00 PM,,https://www.calgary.ca/parks/off-leash-locations.html,https://www.google.com/maps/place/Mahogany+Wetlands+Path/,"wetlands, trails, natural, southeast",<p>Wildlife in the area makes for a scenic but sensitive environment.</p>,<p>The Mahogany Wetlands Off-Leash Area provides a scenic and natural trail setting for dog owners seeking a relaxing stroll with their pets.</p>,,,,
Mainland Common Dedicated Off-Leash Park,mainland-common-dedicated-off-leash-park,683758b0a3f8a696dfc417b0,683758b09dd1e3ac2e4e9809,68b852f41ae22f52701648ce,false,false,Wed Sep 03 2025 14:38:44 GMT+0000 (Coordinated Universal Time),Wed Sep 03 2025 19:49:10 GMT+0000 (Coordinated Universal Time),Sat Sep 06 2025 19:21:07 GMT+0000 (Coordinated Universal Time),Mainland Common Dedicated Off-Leash Park Leash-Free Dog Park,Leash Free,"<p>Fully fenced double-field dog park with separate areas for large and small dogs, crusher-dust surface, seating, and convenient parking.</p>",69 Westridge Drive,44.666063,-63.665769,Halifax,NS,,Yes,Yes,"crusher dust, gravel",Large,Yes (seasonal),Yes,Limited,Yes,Yes,Yes,Unknown,5:00 a.m. - 10:00 p.m.,,https://www.halifax.ca/parks-recreation/parks-trails-gardens/parks-outdoor-spaces/leash-dog-parks,https://www.google.com/maps?q=69+Westridge+Drive+Halifax,"leash-free, fenced, small-dog-area, benches, parking",<p>Two fully fenced fields separated by dog size; agility features and rain barrels reported. Sources: HRM off-leash list; Halifax Trails guide.</p>,"<p>Mainland Common Dedicated Off-Leash Park is a favorite leash-free dog park in Halifax, featuring two fenced fields with separate areas for large and small dogs. It is an easy, accessible place for safe play with seating and parking on site.</p>",,,,
Malvern Park,malvern-park-burnaby,683758b0a3f8a696dfc417b0,683758b09dd1e3ac2e4e9809,6871b849e8c17297c0e6e541,false,false,Sat Jul 12 2025 01:20:09 GMT+0000 (Coordinated Universal Time),Sat Jul 12 2025 01:20:32 GMT+0000 (Coordinated Universal Time),Sat Jul 12 2025 01:27:16 GMT+0000 (Coordinated Universal Time),Malvern Park Leash-Free Area,Leash Free,<p>Malvern Park in Burnaby includes a fenced off-leash area with open grassy terrain in a quiet residential setting.</p>,7410 Morley St,49.2261,-122.9635,Burnaby,British Columbia,V5E 3X9,Yes,No,grass,Medium,No,Yes,Partial,Yes,Yes,Street parking,No,6 am – 10 pm,None,https://www.burnaby.ca,"https://maps.google.com/?q=Malvern+Park,+Burnaby,+BC","leash-free,fenced,grass",,"<p>Malvern Park in Burnaby offers a fenced leash-free area in a peaceful residential neighborhood, ideal for dog exercise and socialization.</p>",,,,
Maple Grove Park,maple-grove-park,683758b0a3f8a696dfc417b0,683758b09dd1e3ac2e4e9809,6871c46fd85cfa3fef5ea98d,false,false,Sat Jul 12 2025 02:11:59 GMT+0000 (Coordinated Universal Time),Sat Jul 12 2025 02:12:28 GMT+0000 (Coordinated Universal Time),Sat Jul 12 2025 03:27:49 GMT+0000 (Coordinated Universal Time),Maple Grove Park Leash-Free Dog Park,Leash Free,"<p>Maple Grove Park offers a large off-leash area with fields, wooded sections, and trails for dogs to roam freely.</p>",475 St. Mary's Rd,49.8084,-97.1278,Winnipeg,Manitoba,R2M 3K5,No,No,"grass, trail",Large,Yes (seasonal),Yes,Yes,Yes,Yes,Yes,Yes (Seasonal),7 am – 11 pm,None,https://winnipeg.ca/publicworks/parksOpenSpace/OffLeashAreas/,"https://maps.google.com/?q=Maple+Grove+Park,+Winnipeg,+MB","leash-free,trails,wooded,grass",,"<p>Maple Grove Park in Winnipeg is a spacious off-leash area with trails and wooded paths, perfect for dogs to explore and socialize.</p>",,,,
Maple Ridge Upper Park,maple-ridge-upper-park,683758b0a3f8a696dfc417b0,683758b09dd1e3ac2e4e9809,6871b92f7d4d1c7903016463,false,false,Sat Jul 12 2025 01:23:59 GMT+0000 (Coordinated Universal Time),Sat Jul 12 2025 01:26:10 GMT+0000 (Coordinated Universal Time),Sat Jul 12 2025 01:27:16 GMT+0000 (Coordinated Universal Time),Maple Ridge Upper Park Leash-Free Dog Park,Leash Free,<p>Maple Ridge Upper Park features an open off-leash area with plenty of room to roam in a scenic community park setting.</p>,22500 116 Ave,49.2211,-122.6012,Maple Ridge,British Columbia,V2X 0S4,Partial,No,grass,Medium,No,Limited,Minimal,Yes,Yes,Yes,Yes (Seasonal),6 am – 10 pm,None,https://www.mapleridge.ca/1502/Dog-Parks,"https://maps.google.com/?q=Maple+Ridge+Upper+Park,+Maple+Ridge,+BC","leash-free,open,partial-fence",,<p>Maple Ridge Upper Park features an off-leash area with wide green space for dogs to play and enjoy the outdoors freely.</p>,,,,
Margaret Greene Park,margaret-greene-park,683758b0a3f8a696dfc417b0,683758b09dd1e3ac2e4e9809,68560660b4074bbe01181360,false,false,Sat Jun 21 2025 01:09:52 GMT+0000 (Coordinated Universal Time),Sat Jun 21 2025 01:11:38 GMT+0000 (Coordinated Universal Time),Sat Jun 21 2025 01:54:30 GMT+0000 (Coordinated Universal Time),Margaret Greene Park (Leash-Free Dog Area),Leash Free,<p>Margaret Greene Park features a designated leash-free area within its expansive park grounds. The off-leash area is popular among west-end dog owners for its convenience and access to other park amenities.</p>,80 Westwood Road,43.53098822877058,-80.28161512737405,Guelph,Ontario,N1H 7X3,Yes,No,Grass,Unknown,No,Yes,No,Yes,Yes,Yes,Yes,6:00 AM – 11:00 PM,None,https://guelph.ca/living/recreation/parks/leash-free-zones-for-dogs/,"https://www.google.com/maps/place/Margaret+Greene+Park,+80+Westwood+Rd,+Guelph,+ON+N1H+7X7/@43.5304282,-80.2846728,16z/data=!4m6!3m5!1s0x882b9001ef6628b3:0x2fe0f998525c6ba7!8m2!3d43.530586!4d-80.2816096!16s%2Fg%2F11bvthvpz0!5m1!1e1?entry=ttu&g_ep=EgoyMDI1MDYxNy4wIKXMDSoASAFQAw%3D%3D","leash-free, fenced, west-end, dog-friendly",<p>Fenced area located within a larger park complex. Great for families and dogs.</p>,"<p>Margaret Greene Park offers a convenient leash-free space in Guelph's west end. With dedicated fencing and nearby park amenities, it's a go-to destination for dog owners seeking space to let their dogs run.</p>",,,,
Marie Curtis Park,marie-curtis-park,683758b0a3f8a696dfc417b0,683758b09dd1e3ac2e4e9809,684cb80205f48f13be1095fc,false,false,Fri Jun 13 2025 23:45:06 GMT+0000 (Coordinated Universal Time),Fri Jun 13 2025 23:46:47 GMT+0000 (Coordinated Universal Time),Sat Jun 14 2025 00:09:21 GMT+0000 (Coordinated Universal Time),Marie Curtis Park Leash-Free Dog Park on Toronto Waterfront,Leash Free,"<p>Marie Curtis Park includes a spacious fenced leash-free area near Toronto's western border. The dog park features trails, open grass, and beach access along Lake Ontario.</p>",2 Forty Second St,43.58684420244859,-79.54258678145136,Toronto,Ontario,M8W 3P2,Yes,No,"Grass, dirt, and beach",Approx. 3 acres,Yes,Yes,Yes,Yes,Yes,Yes,Yes,7:00 AM – 11:00 PM,None,https://www.toronto.ca/explore-enjoy/parks-recreation/places-spaces/parks-and-recreation-facilities/location/?id=6,"https://www.google.com/maps/place/Marie+Curtis+Park/@43.5868137,-79.542812,18.73z/data=!4m14!1m7!3m6!1s0x882b486508cb5fc1:0xf4131938be05e938!2sMarie+Curtis+Park!8m2!3d43.5867787!4d-79.5425693!16s%2Fm%2F0wj60_p!3m5!1s0x882b486508cb5fc1:0xf4131938be05e938!8m2!3d43.5867787!4d-79.5425693!16s%2Fm%2F0wj60_p!5m1!1e1?entry=ttu&g_ep=EgoyMDI1MDYxMS4wIKXMDSoASAFQAw%3D%3D","leash-free, waterfront, fenced, beach access",<p>Popular leash-free destination with lake access.</p>,"<p>Marie Curtis Park offers a large fenced leash-free zone with access to the beach, making it a destination for off-leash fun along Lake Ontario.</p>",,,,
Marie Curtis Park,marie-curtis-park-etobicoke,683758b0a3f8a696dfc417b0,683758b09dd1e3ac2e4e9809,685a037e2547ab39d64fc78c,false,false,Tue Jun 24 2025 01:46:38 GMT+0000 (Coordinated Universal Time),Tue Jun 24 2025 20:39:32 GMT+0000 (Coordinated Universal Time),Tue Jun 24 2025 21:21:34 GMT+0000 (Coordinated Universal Time),Marie Curtis Park Leash-Free Dog Park,Leash Free,<p>Large riverside park with off-leash zones and picnic areas</p>,80 Marie Curtis Dr,43.58711671858595,-79.54271950769768,Etobicoke,Ontario,M9C4J4,No,No,grass/trails,Large,Yes,Yes,Yes,Yes,Yes,Yes,Yes,5 am–11 pm,None,,"https://www.google.com/maps/place/Marie+Curtis+Park/@43.5867826,-79.5451442,16z/data=!3m1!4b1!4m6!3m5!1s0x882b486508cb5fc1:0xf4131938be05e938!8m2!3d43.5867787!4d-79.5425693!16s%2Fm%2F0wj60_p!5m1!1e1?entry=ttu&g_ep=EgoyMDI1MDYxNy4wIKXMDSoASAFQAw%3D%3D","leash-free,riverside,large",<p>Riverside off-leash park with trails and picnic spots.</p>,"<p>Marie Curtis Park is a scenic off-leash riverside destination with trails, open spaces, and family amenities.</p>",,,,
Marshview Dog Park,marshview-dog-park-kentville,683758b0a3f8a696dfc417b0,683758b09dd1e3ac2e4e9809,68b8a296c29d3beb520bb9d4,false,false,Wed Sep 03 2025 20:18:30 GMT+0000 (Coordinated Universal Time),Wed Sep 03 2025 20:18:52 GMT+0000 (Coordinated Universal Time),Sat Sep 06 2025 19:21:07 GMT+0000 (Coordinated Universal Time),Marshview Dog Park Leash-Free Dog Park,Leash Free,"<p>Dedicated fenced dog park in Kentville with separate large and small dog sections, open daily with posted rules for safe play.</p>",125 Gary Pearl Drive,45.077,-64.498,Kentville,NS,,Yes,Yes,grass,Medium,Unknown,Yes,Partial,Yes,Yes,Yes,No,6:00 a.m. - 9:00 p.m.,,https://kentville.ca/dogpark,https://www.google.com/maps?q=Marshview+Dog+Park+Kentville+NS,"leash-free, fenced, small-dog-area, benches, parking","<p>Opened July 7, 2023. Includes posted rules: no treats, supervision required, separate areas by dog size.</p>","<p>Marshview Dog Park in Kentville is a newly established fenced dog park with separate areas for large and small dogs. It offers a safe, structured environment for dogs to socialize.</p>",,,,
Martindale Off-Leash Area,martindale-off-leash-area,683758b0a3f8a696dfc417b0,683758b09dd1e3ac2e4e9809,683b175dc3b49d5f0510a92a,false,false,Sat May 31 2025 14:51:09 GMT+0000 (Coordinated Universal Time),Sat May 31 2025 14:51:09 GMT+0000 (Coordinated Universal Time),Sun Jun 01 2025 00:16:54 GMT+0000 (Coordinated Universal Time),Martindale Off-Leash Area (NE Calgary),Leash Free,"<p>Martindale Off-Leash Area is a fully fenced park featuring flat grass fields with gentle slopes. The park includes gravel paths and multiple entry gates, providing a secure environment for dogs to run and play.</p>",703 Martindale Blvd NE,,,Calgary,Alberta,T3J 3W3,Yes,No,"Natural grass, gravel paths",Approximately 3.5 acres,No,Yes,,Yes,,Street parking along Martindale Blvd NE,No,5:00 AM to 11:00 PM,,https://www.calgary.ca/parks/off-leash-locations.html,"https://www.google.com/maps/place/703+Martindale+Blvd+NE,+Calgary,+AB+T3J+3W3","off-leash, fenced park, NE Calgary",<p>The park's full fencing and open layout make it a safe and popular spot for dog owners in the community.</p>,<p>Martindale Off-Leash Area offers a secure and spacious environment for dogs to enjoy off-leash activities in Calgary's northeast.</p>,,,,
Mattamy Sports Park,mattamy-sports-park,683758b0a3f8a696dfc417b0,683758b09dd1e3ac2e4e9809,6840af14d9ee839b1c9de0e3,false,false,Wed Jun 04 2025 20:39:48 GMT+0000 (Coordinated Universal Time),Wed Jun 04 2025 20:47:42 GMT+0000 (Coordinated Universal Time),Thu Jun 05 2025 00:31:39 GMT+0000 (Coordinated Universal Time),Mattamy Sports Park (Leash-Free Dog Park),Leash Free,"<p id="""">Situated in the Churchill Meadows area, Mattamy Sports Park features a modern leash-free zone within a larger sports complex. The park offers a spacious, fully fenced area with natural grass surfaces, suitable for dogs of all sizes to play and exercise.</p>",5320 Ninth Line,43.54005559,-79.74192296,Mississauga,Ontario,L5M 0R5,Yes,No,Grass,Approx. 1.5 acres,No,Yes,Minimal,Yes,Yes,Yes,Yes,7:00 AM – 9:00 PM,None,"https://www.google.com/maps/place/5320+Ninth+Line,+Mississauga,+ON+L5M+0R5","https://www.google.com/maps/place/Churchill+Meadows+Leash-Free+Dog+Park/@43.5407983,-79.7455171,17z/data=!4m10!1m2!2m1!1sMattamy+Sports+Park+dog+park!3m6!1s0x882b692f1844d483:0xacfbb41c0ff2153f!8m2!3d43.5398251!4d-79.7418487!15sChxNYXR0YW15IFNwb3J0cyBQYXJrIGRvZyBwYXJrWh4iHG1hdHRhbXkgc3BvcnRzIHBhcmsgZG9nIHBhcmuSAQhkb2dfcGFya5oBJENoZERTVWhOTUc5blMwVkpRMEZuU1VORU1HSjVUM0JSUlJBQqoBbQoNL2cvMTFxZ3lxY2drbAoJL20vMGJ0OWxyEAEqDCIIZG9nIHBhcmsoADIfEAEiGzDsbo6dLDWiNSiHY-sv0PO8qrP-66H0UE0PKjIgEAIiHG1hdHRhbXkgc3BvcnRzIHBhcmsgZG9nIHBhcmvgAQD6AQQIZRBC!16s%2Fg%2F11l6tbvkyn?entry=ttu&g_ep=EgoyMDI1MDYwMi4wIKXMDSoASAFQAw%3D%3D","fenced, grass, sports complex, benches","<p>Part of a larger recreational area, offering ample space and facilities for both dogs and their owners.</p>","<p>Mattamy Sports Park's leash-free zone provides a spacious and secure environment for dogs to play, set within a vibrant community sports complex.</p>",https://cdn.prod.website-files.com/683758b09dd1e3ac2e4e980a/6840b0e999bdaee7108faf58_Mattamy%20Sports%20Park%27s%20.jpg,,,
Mayland Heights Off-Leash Area,mayland-heights-off-leash-area,683758b0a3f8a696dfc417b0,683758b09dd1e3ac2e4e9809,683b175c1b3190fc20bfc362,false,false,Sat May 31 2025 14:51:08 GMT+0000 (Coordinated Universal Time),Sat May 31 2025 14:51:08 GMT+0000 (Coordinated Universal Time),Sun Jun 01 2025 00:16:54 GMT+0000 (Coordinated Universal Time),Mayland Heights Off-Leash Area (NE Calgary),Leash Free,"<p>Mayland Heights Off-Leash Area features a partially fenced space with natural grass and gravel pathways. The park is situated in a residential neighborhood, providing a convenient location for local dog owners.</p>",1919 Matheson Dr NE,,,Calgary,Alberta,T2E 5V5,Partially,No,"Natural grass, gravel pathways",Approximately 2 hectares,No,Yes,,Yes,,Street parking on Matheson Dr NE,No,5:00 AM to 11:00 PM,,https://www.calgary.ca/parks/off-leash-locations.html,"https://www.google.com/maps/place/1919+Matheson+Dr+NE,+Calgary,+AB+T2E+5V5","off-leash, residential park, NE Calgary",<p>The park's location within a residential area makes it a convenient spot for neighborhood dog owners.</p>,"<p>Nestled in Calgary's Mayland Heights neighborhood, this off-leash area provides a local space for dogs to play and socialize.</p>",,,,
Mazenod Park,mazenod-park,683758b0a3f8a696dfc417b0,683758b09dd1e3ac2e4e9809,6871c46f169399105de5a7db,false,false,Sat Jul 12 2025 02:11:59 GMT+0000 (Coordinated Universal Time),Sat Jul 12 2025 02:12:27 GMT+0000 (Coordinated Universal Time),Sat Jul 12 2025 03:27:49 GMT+0000 (Coordinated Universal Time),Mazenod Park Dog Off-Leash Area | Winnipeg,Leash Free,"<p>Mazenod Park is an official Winnipeg off-leash area surrounding a retention pond, offering an unfenced neighbourhood dog-walking space near 2015 Mazenod Road.</p>",2015 Mazenod Road,49.8726,-97.0652,Winnipeg,Manitoba,R2C 5M9,No,No,"Grass, retention pond edge, and shared pathway",Neighbourhood off-leash area,No dedicated dog fountain confirmed,Some park seating may be present - verify on arrival,Minimal to moderate tree cover - verify on arrival,Unknown - verify on arrival,Unknown - verify on arrival,Street or nearby neighbourhood access - verify on arrival,No city-confirmed washrooms noted,7:00 a.m. to 11:00 p.m.,Check current city notices,https://legacy.winnipeg.ca/publicworks/parksopenspace/OffLeashAreas/default.stm,https://www.google.com/maps/search/?api=1&query=2015+Mazenod+Road+Winnipeg+MB,"off-leash,winnipeg,retention-pond,transcona,mazenod-park","<p>Primary source: City of Winnipeg off-leash areas directory at https://legacy.winnipeg.ca/publicworks/parksopenspace/OffLeashAreas/default.stm. Current city materials describe Mazenod as an unfenced off-leash area around the retention pond next to 2015 Mazenod Road and list hours of 7:00 a.m. to 11:00 p.m. Reviewed on August 4, 2026.</p>",<p>Mazenod Park is an official <strong>Winnipeg dog off-leash area</strong> built around a <strong>retention pond</strong> beside <strong>2015 Mazenod Road</strong> in Transcona.</p>,,2026-08-04,Mazenod Park Dog Off-Leash Area | Winnipeg | LeashFree.ca,"Source-backed guide to Mazenod Park in Winnipeg, including the official off-leash retention-pond layout near 2015 Mazenod Road and the city's posted hours and rules."
McCall Lake Off-Leash Area,mccall-lake-off-leash-area,683758b0a3f8a696dfc417b0,683758b09dd1e3ac2e4e9809,683b175d3d46fbe843541271,false,false,Sat May 31 2025 14:51:09 GMT+0000 (Coordinated Universal Time),Sat May 31 2025 14:51:09 GMT+0000 (Coordinated Universal Time),Sun Jun 01 2025 00:16:54 GMT+0000 (Coordinated Universal Time),McCall Lake Off-Leash Area (NE Calgary),Leash Free,"<p>Located near the McCall Lake Golf Course, this off-leash area features flat, open terrain bordered by tall trees and walking paths. It is a convenient option for local residents looking for an accessible off-leash zone.</p>",1440 32 Ave NE,,,Calgary,Alberta,T2E 6V3,No,No,Grass,Approx. 3 acres,No,Yes,,Yes,,Lot adjacent to golf course,Yes,5:00 AM to 11:00 PM,,https://www.calgary.ca/parks/off-leash-locations.html,"https://www.google.com/maps/place/1440+32+Ave+NE,+Calgary,+AB+T2E+6V3","off-leash, McCall Lake, open terrain, NE Calgary",<p>Located adjacent to the golf course. Minimal amenities but peaceful setting.</p>,<p>McCall Lake Off-Leash Area provides a convenient green space near the golf course for dogs to enjoy some freedom in northeast Calgary.</p>,,,,
McCowan Park,mccowan-park,683758b0a3f8a696dfc417b0,683758b09dd1e3ac2e4e9809,684343e1dfc489a4894b6d64,false,false,Fri Jun 06 2025 19:39:13 GMT+0000 (Coordinated Universal Time),Fri Jun 06 2025 19:42:05 GMT+0000 (Coordinated Universal Time),Sat Jun 14 2025 00:09:21 GMT+0000 (Coordinated Universal Time),McCowan Park (Leash-Free Dog Area),Leash Free,"<p>McCowan Park in Scarborough includes a large, open leash-free zone for dogs to run and socialize. This fully fenced area features grassy terrain, natural shade, and benches, providing a comfortable space for both dogs and their owners.</p>",150 McCowan Road,43.74478710387903,-79.24009443397648,Toronto,Ontario,M1J 1J5,Yes,No,Grass,Approx. 0.5 acres,No,Yes,Yes,Yes,Yes,Yes (lot and street),Yes,7:00 AM – 9:00 PM,None,https://www.toronto.ca/explore-enjoy/parks-recreation/places-spaces/parks-and-recreation-facilities/location/?id=707,"https://www.google.com/maps/place/Off-Leash+Dog+Park/@43.7444809,-79.2431414,17z/data=!4m15!1m8!3m7!1s0x89d4d02bf3e69bf3:0x6d7782a4de0656be!2s475+McCowan+Rd,+Toronto,+ON+M1J+1N8!3b1!8m2!3d43.7444771!4d-79.2405665!16s%2Fg%2F11kpppyhgh!3m5!1s0x89d4d1b44d52aaad:0x78628a9673959493!8m2!3d43.7446389!4d-79.240049!16s%2Fg%2F11s76ygd9n?entry=ttu&g_ep=EgoyMDI1MDYwMy4wIKXMDSoASAFQAw%3D%3D","fenced, shaded, Scarborough, large park",<p>Offers a peaceful off-leash experience with surrounding trails for extended walks.</p>,"<p>McCowan Park provides Scarborough residents with a well-maintained fenced dog area, offering plenty of space and shade for relaxed off-leash time.</p>",,,,
McIntosh Run Off-Leash Dog Park,mcintosh-run-off-leash-dog-park,683758b0a3f8a696dfc417b0,683758b09dd1e3ac2e4e9809,68b855522ce58290ea48f76e,false,false,Wed Sep 03 2025 14:48:50 GMT+0000 (Coordinated Universal Time),Wed Sep 03 2025 19:49:10 GMT+0000 (Coordinated Universal Time),Sat Sep 06 2025 19:21:07 GMT+0000 (Coordinated Universal Time),McIntosh Run Off-Leash Dog Park Leash-Free Dog Park,Leash Free,"<p>Spryfield’s dedicated fenced dog park located near McIntosh Run trails, offering safe enclosed play areas for local dogs.</p>",610 Herring Cove Rd,44.60648,-63.603385,Halifax,NS,,Yes,Unknown,"grass, gravel",Medium,No,Yes,Minimal,Yes,No,Yes,No,5:00 a.m. - 10:00 p.m.,,https://www.halifax.ca/parks-recreation/parks-trails-gardens/parks-outdoor-spaces/leash-dog-parks,https://www.google.com/maps?q=610+Herring+Cove+Road+Halifax+NS,"leash-free, fenced, community",<p>Small but fenced facility; conveniently located for Spryfield residents with access to nearby trails.</p>,"<p>McIntosh Run Off-Leash Dog Park is a community leash-free dog park in Halifax, featuring a fenced play space for dogs to socialize safely near Spryfield.</p>",,,,
McKnight-Falconridge Off-Leash Area,mcknight-falconridge-off-leash-area,683758b0a3f8a696dfc417b0,683758b09dd1e3ac2e4e9809,683b175dcc58f93d54c95468,false,false,Sat May 31 2025 14:51:09 GMT+0000 (Coordinated Universal Time),Sat May 31 2025 14:51:09 GMT+0000 (Coordinated Universal Time),Sun Jun 01 2025 00:16:54 GMT+0000 (Coordinated Universal Time),McKnight-Falconridge Off-Leash Area (NE Calgary),Leash Free,"<p>This open space along 68 Street NE serves as a designated off-leash area with a mix of grassy terrain and footpaths. While unfenced, it offers generous space for dogs to roam.</p>",68 St NE & McKnight Blvd NE,,,Calgary,Alberta,T3J 3J6,No,No,Grass and Dirt,Approx. 3 acres,No,No,,Yes,,Street parking nearby,No,5:00 AM to 11:00 PM,,https://www.calgary.ca/parks/off-leash-locations.html,"https://www.google.com/maps/place/68+St+NE+%26+McKnight+Blvd+NE,+Calgary,+AB+T3J+3J6","off-leash, NE Calgary, open field","<p>Open, unfenced area; use caution near roads.</p>",<p>The McKnight-Falconridge Off-Leash Area offers a wide open space with grassy fields for dogs to stretch their legs and enjoy off-leash freedom in northeast Calgary.</p>,,,,
McLaren Park,mclaren-park,683758b0a3f8a696dfc417b0,683758b09dd1e3ac2e4e9809,684dea54813ffc6a400374f2,false,false,Sat Jun 14 2025 21:32:04 GMT+0000 (Coordinated Universal Time),Sat Jun 14 2025 21:33:29 GMT+0000 (Coordinated Universal Time),Sat Jun 14 2025 23:55:34 GMT+0000 (Coordinated Universal Time),"McLaren Park Dog Park in Hamilton, Ontario",Dogs Allowed,<p>McLaren Park is a small downtown green space with open grass and a playground. Dogs are welcome on-leash for short walks within this compact urban park.</p>,160 John St N,43.260677339244744,-79.86394453836046,Hamilton,Ontario,L8L 4P1,No,No,Grass,Approx. 0.5 acres,No,Yes,Partial,Yes,No,Street parking,No,7:00 AM – 9:00 PM,None,,"https://www.google.com/maps/place/McLaren+Park/@43.260586,-79.8642609,19.27z/data=!4m10!1m2!2m1!1sMcLaren+Park!3m6!1s0x882c9b1b8534bc39:0x39c1bf7244ae5fa8!8m2!3d43.2606454!4d-79.8639552!15sCgxNY0xhcmVuIFBhcmtaDiIMbWNsYXJlbiBwYXJrkgEJY2l0eV9wYXJrmgEkQ2hkRFNVaE5NRzluUzBWSlEwRm5TVU4xTXpoRVV6ZEJSUkFCqgFGEAEqECIMbWNsYXJlbiBwYXJrKAAyHhABIhoseDJs6cYJ1pOFxPUhQkmjasEBMdta_LwvRTIQEAIiDG1jbGFyZW4gcGFya-ABAPoBBQjwBBAy!16s%2Fg%2F11fmvcv7tc!5m1!1e1?entry=ttu&g_ep=EgoyMDI1MDYxMS4wIKXMDSoASAFQAw%3D%3D","on-leash, small park, benches",<p>Small urban park for quick on-leash visits downtown.</p>,<p>McLaren Park offers a compact green space downtown with grass and benches for short on-leash dog walks in Hamilton.</p>,,,,
McLennan Park,mclennan-park,683758b0a3f8a696dfc417b0,683758b09dd1e3ac2e4e9809,68560f78b4074bbe011a12a0,false,false,Sat Jun 21 2025 01:48:40 GMT+0000 (Coordinated Universal Time),Sat Jun 21 2025 01:52:09 GMT+0000 (Coordinated Universal Time),Sat Jun 21 2025 01:54:30 GMT+0000 (Coordinated Universal Time),McLennan Park (Leash-Free Dog Area),Leash Free,<p>McLennan Park offers a popular and fully fenced off-leash area for dogs to exercise safely. Located in a family-friendly recreational area with parking and other amenities.</p>,901 Ottawa Street South,43.418627462825555,-80.48521028999055,Kitchener,Ontario,,Yes,No,Grass and mulch,Moderate,Yes,Yes,Limited,Yes,Yes,Yes,Yes,6am - 11pm,None,https://www.kitchener.ca/en/things-to-do/dog-parks.aspx,"https://www.google.com/maps/place/McLennan+Park+Gated+Dog+Park/@43.4183664,-80.4876511,17.78z/data=!4m5!3m4!1s0x882bf5118dddd55d:0xe31efb07322eeb02!8m2!3d43.4184716!4d-80.4852789?shorturl=1","off-leash, fenced, central park",<p>Busy during evenings and weekends.</p>,"<p>Located near Ottawa Street, McLennan Park’s leash-free area is a convenient and well-maintained space for dogs to burn off energy.</p>",,,,
McMaster Forest Nature Preserve,mcmaster-forest-nature-preserve,683758b0a3f8a696dfc417b0,683758b09dd1e3ac2e4e9809,684dea541c52bdf38cedb0f7,false,false,Sat Jun 14 2025 21:32:04 GMT+0000 (Coordinated Universal Time),Sat Jun 14 2025 21:37:09 GMT+0000 (Coordinated Universal Time),Sat Jun 14 2025 23:55:34 GMT+0000 (Coordinated Universal Time),"McMaster Forest Nature Preserve Dog Park in Hamilton, Ontario",Dogs Allowed,<p>McMaster Forest Nature Preserve is a conservation area with wooded trails where dogs are permitted strictly on-leash to protect sensitive wildlife habitat. It's popular for peaceful nature walks.</p>,1105 Lower Lions Club Rd,43.24486686018925,-79.95247551635984,Hamilton,Ontario,L9H 5E3,No,No,"Wooded trails, dirt, grass",Approx. 115 acres,Yes,Yes,Yes,No,No,Small lot,No,Dawn to dusk,None,,"https://www.google.com/maps/place/McMaster+Forest+Nature+Preserve/@43.2439173,-79.9549378,17z/data=!4m6!3m5!1s0x882c85ff57e0a6b9:0xf714702eb4a8cfdd!8m2!3d43.2447746!4d-79.952459!16s%2Fg%2F11h7kpxfn7!5m1!1e1?entry=ttu&g_ep=EgoyMDI1MDYxMS4wIKXMDSoASAFQAw%3D%3D","on-leash, conservation, nature trails, shaded",<p>Strictly on-leash to protect wildlife habitat.</p>,"<p>McMaster Forest Nature Preserve offers extensive wooded trails perfect for peaceful, strictly on-leash walks with your dog through protected habitat.</p>",,,,
Melville Off-Leash Dog Park,melville-dog-park,683758b0a3f8a696dfc417b0,683758b09dd1e3ac2e4e9809,6871cbbeaa48a044cd7fdbcd,false,false,Sat Jul 12 2025 02:43:10 GMT+0000 (Coordinated Universal Time),Sat Jul 25 2026 12:00:00 GMT+0000 (Coordinated Universal Time),Sat Jul 25 2026 12:00:00 GMT+0000 (Coordinated Universal Time),Melville Off-Leash Dog Park,Leash Free,"<p>Melville Off-Leash Dog Park is the City of Melville's official fenced dog park within Melville Regional Park. The city's animal-control page says it is located east of the tennis courts, while the official dog-park page says the park includes 6-foot chain-link fencing, a secure double-gated entrance, sturdy picnic tables, a 1,200-foot or 0.336 km walking track around the perimeter, and 2 acres of open green grass.</p><p>That makes this page significantly stronger than the older thin draft. Instead of depending on generic claims and unsupported amenities like a water fountain, the current source set gives an explicit city-published layout, rules, and park context. The city's tourism and parks pages also reinforce that this is a recognized recreation feature within the broader park system.</p><p>The official rules are unusually useful. The city says dogs must be properly licensed, vaccinated, and wearing a collar and ID tag; dogs must be leashed before entering and leaving; owners must remain in verbal control; dogs in heat are not allowed; dogs must be at least four months old; waste must be cleaned up; and park hours are from dawn until dusk. The bylaw contact for unattended dogs is also published directly on the dog-park page.</p>","Within Melville Regional Park, east of the tennis courts",,,Melville,Saskatchewan,,Yes - 6-foot chain-link fence,Unknown,Grass,2 acres,Unknown,Picnic tables,Yes - mature and new-growth trees nearby,Unknown,Unknown,Unknown - verify on arrival,Unknown,Dawn to dusk,None published on the city page,https://melville.ca/dog-park,https://www.google.com/maps/search/?api=1&query=Melville+Dog+Park+Melville+Regional+Park+SK,"leash-free, Melville, Saskatchewan, Melville Regional Park","<p>Primary official park source: https://melville.ca/dog-park. Supporting park source: https://melville.ca/parks-and-playgrounds. Animal-control and licensing source: https://melville.ca/animal-control. This pass removes unsupported fountain claims and keeps parking, washrooms, and waste amenities conservative where the city does not clearly publish them.</p>","<p>Melville Off-Leash Dog Park is the City's official fenced off-leash space in Melville Regional Park, with a double-gated entrance, perimeter walking track, and 2 acres of open grass.</p>",,Sat Jul 25 2026 12:00:00 GMT+0000 (Coordinated Universal Time),"Melville Off-Leash Dog Park | Melville, Saskatchewan","Source-backed guide to Melville Off-Leash Dog Park, including the city-published regional-park location, fenced 2-acre layout, dawn-to-dusk hours, and official rules."
Memorial Park,memorial-park,683758b0a3f8a696dfc417b0,683758b09dd1e3ac2e4e9809,68405a70a95fb01a6c957297,false,false,Wed Jun 04 2025 14:38:40 GMT+0000 (Coordinated Universal Time),Wed Jun 04 2025 14:43:04 GMT+0000 (Coordinated Universal Time),Wed Jun 04 2025 16:30:07 GMT+0000 (Coordinated Universal Time),Memorial Park (Leash-Free Dog Area),Leash Free,"<p>Memorial Park features a fully fenced, leash-free area divided into two sections: one for large dogs and another for small breeds under 25 lbs. Each section includes picnic tables, providing a comfortable spot for owners to relax while their dogs play. The park also boasts two large ponds, an active playground, and a community space, making it a versatile destination for families and their canine companions.</p>",120 Oak Park Boulevard,,,Oakville,Ontario,L6H 7S8,Yes,Yes,Grass,,Unknown,Yes,Yes,Yes,,Yes,Unknown,"Open 24 hours, 7 days a week",,https://www.oakville.ca/parks-recreation-culture/parks-gardens-trails/parks/dog-parks/,"https://www.google.com/maps/place/Oak+Park+Dog+Park/@43.4797153,-79.7226547,17z/data=!4m15!1m8!3m7!1s0x882b42b4c5184447:0xf583b8785e007533!2s120+Oak+Park+Blvd,+Oakville,+ON+L6H+0J2!3b1!8m2!3d43.4813657!4d-79.7211527!16s%2Fg%2F11gnnj95l6!3m5!1s0x882b5df0a269dcdd:0x22f01693c10f0232!8m2!3d43.4785234!4d-79.7242964!16s%2Fg%2F11fs2y4tv5!5m1!1e1?entry=ttu&g_ep=EgoyMDI1MDYwMS4wIKXMDSoASAFQAw%3D%3D","fenced, separate small dog area, family-friendly, ponds, playground",<p>The park's division into separate areas for large and small dogs ensures a safe and enjoyable experience for all sizes. The additional amenities like ponds and playgrounds make it a great spot for the whole family.</p>,"<p>Memorial Park in Oakville offers a spacious and secure environment for dogs of all sizes to play off-leash. With its divided areas catering to both large and small breeds, along with family-friendly amenities, it's a perfect destination for pet owners seeking a comprehensive outdoor experience.</p>",https://cdn.prod.website-files.com/683758b09dd1e3ac2e4e980a/68405b6ebe714937906fc5bf_Memorial%20Park.jpg,,,
Memorial Park,memorial-park-white-rock,683758b0a3f8a696dfc417b0,683758b09dd1e3ac2e4e9809,6871a7886a7b909538cdf021,false,false,Sat Jul 12 2025 00:08:40 GMT+0000 (Coordinated Universal Time),Sat Jul 12 2025 00:12:58 GMT+0000 (Coordinated Universal Time),Sat Jul 12 2025 01:27:16 GMT+0000 (Coordinated Universal Time),Memorial Park Leash-Free Area,Leash Free,<p>Memorial Park in White Rock offers scenic oceanfront views and limited off-leash access for dogs during designated hours.</p>,15300 Marine Dr,49.02349328817894,-122.80570327863806,White Rock,British Columbia,V4B 1C7,No,No,"paved, grass",Small,No,Yes,Limited,Yes,Yes,Yes,Yes,6 am – 10 pm (leash-free before 10 am only),Yes (summer restrictions apply),https://www.whiterockcity.ca,"https://www.google.com/maps/place/Memorial+Park/@49.0212419,-122.8760844,13z/data=!4m10!1m2!2m1!1sdog+park+in+White+Rock,+BC!3m6!1s0x5485c39d63c00001:0x67f8bd1d5aad1b8f!8m2!3d49.0212419!4d-122.8060466!15sChpkb2cgcGFyayBpbiBXaGl0ZSBSb2NrLCBCQ1obIhlkb2cgcGFyayBpbiB3aGl0ZSByb2NrIGJjkgENbWVtb3JpYWxfcGFya6oBWwoJL20vMGJ0OWxyEAEqDCIIZG9nIHBhcmsoADIfEAEiG6SwdVWrRUe4P7nKpbI1cENcHO--Ltow776cZDIdEAIiGWRvZyBwYXJrIGluIHdoaXRlIHJvY2sgYmPgAQA!16s%2Fg%2F11ck89sfpq!5m1!1e1?entry=ttu&g_ep=EgoyMDI1MDcwOC4wIKXMDSoASAFQAw%3D%3D","leash-free,oceanfront,limited-hours",<p>Off-leash hours typically only early mornings.</p>,<p>Memorial Park in White Rock offers stunning waterfront views and limited leash-free access for dogs in the early morning hours.</p>,,,,
Merrill Bridge Road Park,merrill-bridge-road-park,683758b0a3f8a696dfc417b0,683758b09dd1e3ac2e4e9809,6842d94a804ca8b3bdfd71c6,false,false,Fri Jun 06 2025 12:04:26 GMT+0000 (Coordinated Universal Time),Fri Jun 06 2025 12:08:30 GMT+0000 (Coordinated Universal Time),Fri Jun 06 2025 12:14:48 GMT+0000 (Coordinated Universal Time),Merrill Bridge Road Park (Leash-Free Dog Area),Leash Free,"<p>Merrill Bridge Road Park features a long, narrow, fenced leash-free area located along the subway line in Toronto’s East End. The park includes a gravel surface, benches, and shaded tree coverage, making it a comfortable option for dog owners. It's a popular neighborhood spot for daily off-leash dog walks.</p>",1 East Lynn Ave,43.68146672088793,-79.31503704984205,Toronto,Ontario,M4C 3W3,Yes,No,Gravel and dirt,Approx. 0.3 acres,No,Yes,Yes,Yes,Yes,Street parking,No,7:00 AM – 9:00 PM,None,https://www.toronto.ca/explore-enjoy/parks-recreation/places-spaces/parks-and-recreation-facilities/location/?id=134,"https://www.google.com/maps/place/Merrill+dog+park/@43.6807413,-79.318599,17z/data=!4m14!1m7!3m6!1s0x89d4cc72791ee35f:0x16b91e0e78bf3b6c!2sMerrill+Bridge+Road+Park!8m2!3d43.6807374!4d-79.3160241!16s%2Fg%2F11cjkpqm54!3m5!1s0x89d4cd9fd9e9c6a5:0xe1f021eb0b2fa209!8m2!3d43.6813218!4d-79.3150154!16s%2Fg%2F11q1kb_v1j?entry=ttu&g_ep=EgoyMDI1MDYwMy4wIKXMDSoASAFQAw%3D%3D","fenced, gravel surface, shaded, benches, community park",<p>The long layout is great for fetch and walking laps; busy during peak dog-walking hours.</p>,"<p>Merrill Bridge Road Park provides a well-used leash-free zone in Toronto’s East End, complete with fencing, shaded areas, and community charm—perfect for daily dog walks and socializing.</p>",https://cdn.prod.website-files.com/683758b09dd1e3ac2e4e980a/6842da39f643bafba72e5f9b_Dogs%20off-leash%20area%20at%20Merrill%20Bridge%20Road%20Park.jpg,,,
Mill Creek Ravine South Off-Leash Area,mill-creek-ravine-south-off-leash,683758b0a3f8a696dfc417b0,683758b09dd1e3ac2e4e9809,6871bb6ae0ecd5fc9ebeb0b2,false,false,Sat Jul 12 2025 01:33:30 GMT+0000 (Coordinated Universal Time),Sat Jul 12 2025 01:37:56 GMT+0000 (Coordinated Universal Time),Sat Jul 12 2025 03:27:49 GMT+0000 (Coordinated Universal Time),Mill Creek Ravine South Off-Leash Area | Edmonton Dog Park,Park,"<p>Mill Creek Ravine South Off-Leash Area is part of Edmonton&apos;s larger Mill Creek Ravine Park, with natural trails, shared pathways, and broad off-leash walking space.</p>",9116 68 Avenue NW,53.5049,-113.4740,Edmonton,Alberta,T6C 1V2,No,No,"Paved and granular shared pathways, plus natural ravine trails",Large ravine corridor,Unknown - verify on arrival,Picnic and rest areas may be available - verify on arrival,Yes,Expected at major access points - verify on arrival,Unknown - verify on arrival,Parking at 95A Street and 82 Avenue,Unknown - verify on arrival,5am to 11pm,"Check trail conditions, wildlife activity, and posted city notices",https://www.edmonton.ca/activities_parks_recreation/parks_rivervalley/mill-creek-ravine,https://www.google.com/maps/search/?api=1&query=Mill+Creek+Ravine+Park+9116+68+Avenue+NW+Edmonton+AB,"off-leash,ravine-trails,shared-use-park,edmonton","<p>Primary source: https://www.edmonton.ca/activities_parks_recreation/parks_rivervalley/mill-creek-ravine. Supporting source: https://www.edmonton.ca/activities_parks_recreation/parks_rivervalley/off-leash-sites. Additional park listing source: https://www.edmonton.ca/activities_parks_recreation/parks_rivervalley/neighbourhood-parks-alphabetical-listing. Reviewed on July 30, 2026.</p>","<p>Mill Creek Ravine South Off-Leash Area is best understood as part of <strong>Mill Creek Ravine Park</strong>, a large City of Edmonton ravine park with a published <strong>off-leash area</strong>, shared pathways, and park hours of <strong>5am to 11pm</strong>.</p>",,2026-07-30,Mill Creek Ravine South Off-Leash Area | Edmonton Dog Park | LeashFree.ca,"Source-backed guide to Mill Creek Ravine South Off-Leash Area in Edmonton, based on the City of Edmonton’s Mill Creek Ravine Park page with park hours, official location, parking access, pathways, and off-leash rules."
Miller Park,miller-park,683758b0a3f8a696dfc417b0,683758b09dd1e3ac2e4e9809,687153c980a73ac9d30670ca,false,false,Fri Jul 11 2025 18:11:21 GMT+0000 (Coordinated Universal Time),Fri Jul 11 2025 18:28:13 GMT+0000 (Coordinated Universal Time),Fri Jul 11 2025 19:47:06 GMT+0000 (Coordinated Universal Time),Miller Park Off Leash Dog Park,Leash Free,<p>Miller Park in Coquitlam provides a partially fenced forested off-leash area perfect for nature-loving pups.</p>,825 Gauthier Ave,49.269647297693936,-122.8702905535278,Coquitlam,British Columbia,V3J 4V9,Partial,No,"forest floor, trails",Large,No,Limited,Yes,Yes,Yes,Street parking,No,6 am – 10 pm,None,https://www.coquitlam.ca/385/Dog-Parks,"https://www.google.com/maps/place/Miller+Park+Offleash+Dog+Park/@49.266903,-122.9418733,13z/data=!4m10!1m2!2m1!1sdog+park+in+Coquitlam,+BC!3m6!1s0x5486795a1227b619:0x9536a29108d7ee5c!8m2!3d49.266903!4d-122.8718355!15sChlkb2cgcGFyayBpbiBDb3F1aXRsYW0sIEJDWhoiGGRvZyBwYXJrIGluIGNvcXVpdGxhbSBiY5IBCGRvZ19wYXJrmgEjQ2haRFNVaE5NRzluUzBWSlEwRm5TVU55Tm5BdFQyRkJFQUWqAVoKCS9tLzBidDlschABKgwiCGRvZyBwYXJrKAAyHxABIhun-dqxp36rNrxv_iZxXnoDh62Dwk3QFlswZv0yHBACIhhkb2cgcGFyayBpbiBjb3F1aXRsYW0gYmPgAQD6AQQIABAz!16s%2Fg%2F11l2lzmjpl!5m1!1e1?entry=ttu&g_ep=EgoyMDI1MDcwOC4wIKXMDSoASAFQAw%3D%3D","leash-free,forest,trails,partially-fenced",,<p>Miller Park is a wooded off-leash dog park in Coquitlam with scenic trails and a natural forested environment for dogs to explore.</p>,,,,
Millers Creek Park,millers-creek-park,683758b0a3f8a696dfc417b0,683758b09dd1e3ac2e4e9809,68700bddf01aa42d4fd952a4,false,false,Thu Jul 10 2025 18:52:13 GMT+0000 (Coordinated Universal Time),Thu Jul 10 2025 23:42:19 GMT+0000 (Coordinated Universal Time),Fri Jul 11 2025 12:18:36 GMT+0000 (Coordinated Universal Time),Millers Creek Park Leash-Free Dog Park,Leash Free,<p>Wooded park with creekside trails in Ajax where dogs are welcome on- or off-leash in select areas.</p>,Near Delaney Dr & Church St,43.86656385296356,-79.03521378910072,Ajax,Ontario,L1T 3C1,No,No,"grass, dirt trail",Medium,No,Limited,Yes,Yes,No,Street Parking,No,Dawn to Dusk,None,,"https://www.google.com/maps/place/Millers+Creek+Leash-Free+Dog+Area/@43.863346,-79.0741809,14z/data=!4m10!1m2!2m1!1sAjax+Dog+Parks!3m6!1s0x89d4df004a3e2297:0x69f493ad6c31dc29!8m2!3d43.8656659!4d-79.0379569!15sCg5BamF4IERvZyBQYXJrc5IBBHBhcmuqAVEKCS9tLzBidDlschABKg0iCWRvZyBwYXJrcygAMh8QASIbKUVW_IgNBen3KmJFY0z3Dig2VFpI89LdWjuUMhIQAiIOYWpheCBkb2cgcGFya3PgAQA!16s%2Fg%2F11w566fxh7!5m1!1e1?entry=ttu&g_ep=EgoyMDI1MDcwNy4wIKXMDSoASAFQAw%3D%3D","leash-free,trails,creek",<p>Natural area with informal off-leash access.</p>,<p>Millers Creek Park in Ajax is a nature-filled retreat for dogs with wooded trails and informal leash-free spaces by the creek.</p>,,,,
Mission Recreation Park,mission-recreation-park-kelowna,683758b0a3f8a696dfc417b0,683758b09dd1e3ac2e4e9809,6871b1bda06d3acaee89568d,false,false,Sat Jul 12 2025 00:52:13 GMT+0000 (Coordinated Universal Time),Sat Jul 12 2025 00:53:01 GMT+0000 (Coordinated Universal Time),Sat Jul 12 2025 01:27:16 GMT+0000 (Coordinated Universal Time),Mission Recreation Park Leash-Free Area,Leash Free,"<p>Mission Recreation Park in Kelowna includes a large, fully fenced off-leash dog area with trails and open play zones.</p>",4105 Gordon Dr,49.8253,-119.4596,Kelowna,British Columbia,V1W 4Z1,Yes,Yes,"gravel, grass",Large,Yes,Yes,Yes,Yes,Yes,Yes,Yes,6 am – 11 pm,None,https://www.kelowna.ca/parks-recreation,"https://maps.google.com/?q=Mission+Recreation+Park,+Kelowna,+BC","leash-free,fenced,trails,large",,"<p>Mission Recreation Park is one of Kelowna's premier off-leash dog destinations, featuring fenced areas and trail access for safe, active play.</p>",,,,
Monarch Park,monarch-park,683758b0a3f8a696dfc417b0,683758b09dd1e3ac2e4e9809,6842dfc51f5bbaa63bc23158,false,false,Fri Jun 06 2025 12:32:05 GMT+0000 (Coordinated Universal Time),Fri Jun 06 2025 12:34:25 GMT+0000 (Coordinated Universal Time),Fri Jun 06 2025 13:46:10 GMT+0000 (Coordinated Universal Time),Monarch Park (Leash-Free Dog Area),Leash Free,"<p id="""">Located just west of Coxwell Avenue, Monarch Park features a designated fenced leash-free dog area within a larger community park that also offers a pool, playground, and sports facilities. The dog area includes benches, shaded areas, and waste disposal amenities, making it a comfortable option for daily visits.</p>",115 Felstead Ave,43.67832394673226,-79.32579182083306,Toronto,Ontario,M4J 1G4,Yes,No,Dirt and woodchips,Approx. 0.25 acres,No,Yes,Yes,Yes,Yes,Street parking,Yes,7:00 AM – 9:00 PM,None,https://www.toronto.ca/explore-enjoy/parks-recreation/places-spaces/parks-and-recreation-facilities/location/?id=145,"https://www.google.com/maps/place/Monarch+Park/@43.6781338,-79.3300726,17z/data=!4m10!1m2!2m1!1sMonarch+Park!3m6!1s0x89d4cc7a3c488c8b:0x5dd1cecb41c6f477!8m2!3d43.6781338!4d-79.3256953!15sCgxNb25hcmNoIFBhcmtaDiIMbW9uYXJjaCBwYXJrkgEEcGFya6oBRhABKhAiDG1vbmFyY2ggcGFyaygAMh4QASIab_yzQcfZSVriBAYaQNNwRgDL5ioWki9UCKcyEBACIgxtb25hcmNoIHBhcmvgAQA!16s%2Fg%2F12qhjmhj4?entry=ttu&g_ep=EgoyMDI1MDYwMy4wIKXMDSoASAFQAw%3D%3D","fenced, shaded, woodchip surface, benches, community park","<p>Located within a vibrant, family-friendly park with other amenities nearby.</p>","<p id="""">Monarch Park’s fenced dog area offers a shaded, secure space for off-leash fun right in the heart of Toronto’s east end. It’s a favorite for local residents combining park time with pet play.</p>",,,,
Montgomery Park,montgomery-park,683758b0a3f8a696dfc417b0,683758b09dd1e3ac2e4e9809,684dea54d11156b5cbf02bb9,false,false,Sat Jun 14 2025 21:32:04 GMT+0000 (Coordinated Universal Time),Sat Jun 14 2025 21:38:23 GMT+0000 (Coordinated Universal Time),Sat Jun 14 2025 23:55:34 GMT+0000 (Coordinated Universal Time),"Montgomery Park Dog Park in Hamilton, Ontario",Dogs Allowed,"<p>Montgomery Park features open fields, paved trails, and play areas for on-leash dog walking. The park is popular with local residents for its well-maintained grounds and family-friendly amenities.</p>",1570 Main St E,43.23703309337183,-79.8035225033315,Hamilton,Ontario,L8H 1C4,No,No,Grass and paved trails,Approx. 4 acres,No,Yes,Yes,Yes,No,Street parking,No,7:00 AM – 9:00 PM,None,,"https://www.google.com/maps/place/Montgomery+Park/@43.2370159,-79.8051446,17.18z/data=!4m10!1m2!2m1!1sMontgomery+Park!3m6!1s0x882c9915e991642b:0xc8b12b4bd222f1b6!8m2!3d43.236921!4d-79.8034735!15sCg9Nb250Z29tZXJ5IFBhcmuSAQljaXR5X3BhcmuqAUsQASoTIg9tb250Z29tZXJ5IHBhcmsoADIdEAEiGSYS4joAFSeYk-bZP_hWZ7_kdLKST_AiUBYyExACIg9tb250Z29tZXJ5IHBhcmvgAQA!16s%2Fg%2F11clrymwjy!5m1!1e1?entry=ttu&g_ep=EgoyMDI1MDYxMS4wIKXMDSoASAFQAw%3D%3D","on-leash, paved trails, benches, family park",<p>Popular community park with open space and paved walking trails.</p>,<p>Montgomery Park provides open fields and paved trails for relaxing on-leash dog walks in Hamilton’s east end.</p>,,,,
Moody Park,moody-park-new-westminster,683758b0a3f8a696dfc417b0,683758b09dd1e3ac2e4e9809,68714dbe94cbbe40fde1aca1,false,false,Fri Jul 11 2025 17:45:34 GMT+0000 (Coordinated Universal Time),Fri Jul 11 2025 17:52:54 GMT+0000 (Coordinated Universal Time),Fri Jul 11 2025 19:47:06 GMT+0000 (Coordinated Universal Time),Moody Park Leash Free Dog Park,Leash Free,<p>Moody Park in New Westminster includes a compact fenced dog park with gravel surface and basic amenities.</p>,600 8th St,49.21084949515264,-122.92554164671687,New Westminster,British Columbia,V3M 2B6,Yes,No,gravel,Small,No,Yes,Minimal,Yes,Yes,Yes,Yes,6 am – 10 pm,None,https://www.newwestcity.ca/parks-and-recreation/parks/dog-off-leash-areas,"https://www.google.com/maps/place/Moody+Park+Off-Leash+Dog+Areas/@49.2110282,-122.9282695,18z/data=!4m10!1m2!2m1!1sdog+park+in+New+Westminster,+BC!3m6!1s0x548677d415948fbf:0x2ba2ea947e6676a3!8m2!3d49.2107943!4d-122.9255336!15sCh9kb2cgcGFyayBpbiBOZXcgV2VzdG1pbnN0ZXIsIEJDWiAiHmRvZyBwYXJrIGluIG5ldyB3ZXN0bWluc3RlciBiY5IBCGRvZ19wYXJrmgEjQ2haRFNVaE5NRzluUzBWTFZIYzFXbGd6ZDNKVGRGZEJFQUWqAWAKCS9tLzBidDlschABKgwiCGRvZyBwYXJrKAAyHxABIhtpa6Q5nf4IYzxY65mIYQIlU_heREkPwuLl-GIyIhACIh5kb2cgcGFyayBpbiBuZXcgd2VzdG1pbnN0ZXIgYmPgAQD6AQQIABBF!16s%2Fg%2F11rghcmgxz!5m1!1e1?entry=ttu&g_ep=EgoyMDI1MDcwOC4wIKXMDSoASAFQAw%3D%3D","leash-free,fenced,gravel",,<p>Moody Park is a central off-leash dog park in New Westminster with gravel terrain and a fenced area for safe play.</p>,,,,
Moose Jaw Dog Park,moose-jaw-dog-park,683758b0a3f8a696dfc417b0,683758b09dd1e3ac2e4e9809,6871cbbe36e4676afd1a5f29,false,false,Sat Jul 12 2025 02:43:10 GMT+0000 (Coordinated Universal Time),Sat Jul 12 2025 02:47:34 GMT+0000 (Coordinated Universal Time),Sat Jul 12 2025 03:27:49 GMT+0000 (Coordinated Universal Time),Moose Jaw Dog Park,Leash Free,"<p>The City of Moose Jaw currently lists its dog parks at 1500 High Street West and describes two adjacent fenced enclosures: one for small dogs and one for large dogs. The city's specialty parks page says the site is open year-round, with running water usually available from late May to late September, weather dependent. As of Tuesday, July 28, 2026, the same city listing also shows a closure notice link, so visitors should verify current status before heading over.</p>",1500 block High St W,50.3871,-105.5515,Moose Jaw,Saskatchewan,S6H 1N1,Yes,Yes,grass,Large,,Yes,Minimal,Yes,Yes,Yes,No,Open year-round (confirm current closure status),"Running water is typically available from late May to late September, weather dependent.",https://moosejaw.ca/parks-recreation-culture/parks-trails/specialty-parks/,https://maps.google.com/?q=moose+jaw+dog+park,"leash-free,fenced,small-dog-area,water","City listing says there are two adjacent dog parks with one small-dog and one large-dog enclosure. As of July 28, 2026, the official listing also shows a closure notice link.","<p>Source-backed guide to Moose Jaw Dog Park, with the current city-listed High Street West location, two adjacent fenced enclosures, and seasonal water details.</p>",,Tue Jul 28 2026 14:30:00 GMT+0000 (Coordinated Universal Time),Moose Jaw Dog Park | Off-Leash Guide,"Source-backed guide to Moose Jaw Dog Park, covering the current official 1500 High Street West location, separate small- and large-dog enclosures, year-round access, and seasonal water service."
Morden Dog Park,morden-dog-park,683758b0a3f8a696dfc417b0,683758b09dd1e3ac2e4e9809,6871c5d2f9092a9827cbabad,false,false,Sat Jul 12 2025 02:17:54 GMT+0000 (Coordinated Universal Time),Sat Jul 25 2026 12:00:00 GMT+0000 (Coordinated Universal Time),Sat Jul 25 2026 12:00:00 GMT+0000 (Coordinated Universal Time),Morden Dog Park,Leash Free,"<p>Morden Dog Park is the City of Morden's designated off-leash space. The city's parks page places it at Steppler Park on the corner of 9th Street South and Jefferson Street, and the city's January 28, 2025 leash reminder separately refers to the Morden Dog Park on Jefferson Street as the dedicated area for off-leash activity.</p><p>The most important operating rule comes from Morden's animal-control page: dogs are not allowed to be loose unless they are on your property or in a designated off-leash area like Steppler Park. Outside that designated area, dogs off your property must be on a leash no longer than 2 metres (6 feet) when fully extended. The city also says dogs are not allowed on school grounds, sports fields, playgrounds, or golf courses, and it publishes a $150 fine for violating the by-law.</p><p>The city's licensing information is also relevant for visit readiness. Morden explains that dog owners should complete the dog licence application, bring proof of current rabies vaccination, and pay the licence fee at the civic centre. The reviewed official sources clearly support the park's location and off-leash role, but they do not fully confirm a detailed amenity sheet or published operating hours, so this record stays conservative on those points.</p>","Steppler Park, corner of 9th Street South & Jefferson Street",,,Morden,Manitoba,,Official pages confirm designated off-leash status; fencing is not clearly confirmed on reviewed city pages,Unknown,Grass park setting,Unknown,Unknown - bring your own water,Unknown,Unknown,Unknown,Unknown,Unknown - verify on arrival,Unknown,Unknown - verify posted hours on arrival,Check posted local conditions before entering,https://morden.ca/parks-urban-forestry/parks,https://www.google.com/maps/search/?api=1&query=Steppler+Park+Morden+MB,"leash-free, Morden, Manitoba, municipal dog park","<p>Primary official sources reviewed July 25, 2026: https://morden.ca/parks-urban-forestry/parks, https://morden.ca/animal-control, https://morden.ca/reminder-keep-your-pets-leashed, https://morden.ca/by-laws-policies, and https://morden.ca/applications-permits-licences. This record replaces older unsupported claims tied to Colert Beach and unverified amenity details.</p>",<p>Morden Dog Park is the City of Morden's designated off-leash area at Steppler Park on Jefferson Street.</p>,,Sat Jul 25 2026 12:00:00 GMT+0000 (Coordinated Universal Time),"Morden Dog Park | Morden, Manitoba","Source-backed guide to Morden Dog Park at Steppler Park on Jefferson Street, including Morden's leash rules, dog licensing context, and official off-leash location details."
Morgan Crossing Dog Park,morgan-crossing-dog-park,683758b0a3f8a696dfc417b0,683758b09dd1e3ac2e4e9809,6871a7886331fbbb51d6a300,false,false,Sat Jul 12 2025 00:08:40 GMT+0000 (Coordinated Universal Time),Sat Jul 12 2025 00:10:24 GMT+0000 (Coordinated Universal Time),Sat Jul 12 2025 01:27:16 GMT+0000 (Coordinated Universal Time),Morgan Crossing Dog Park Leash-Free Area,Leash Free,"<p>Morgan Crossing Dog Park in South Surrey is a fenced, wood-chipped off-leash area within walking distance of local shops.</p>",15765 Croydon Dr,49.05125162712466,-122.78528964001167,Surrey,British Columbia,V3Z 2L6,Yes,No,wood chips,Small,No,Yes,No,Yes,Yes,Yes,No,6 am – 10 pm,None,https://www.surrey.ca,"https://www.google.com/maps/place/Morgan+Crossing+Dog+Park/@49.0165883,-122.8554991,13z/data=!4m10!1m2!2m1!1sdog+park+in+White+Rock,+BC!3m6!1s0x5485c515378bfebb:0x4b59b98631c26b0d!8m2!3d49.0491998!4d-122.7852865!15sChpkb2cgcGFyayBpbiBXaGl0ZSBSb2NrLCBCQ1obIhlkb2cgcGFyayBpbiB3aGl0ZSByb2NrIGJjkgEIZG9nX3BhcmuaASNDaFpEU1VoTk1HOW5TMFZKUTBGblNVUnRiVWxwZVdObkVBRaoBWwoJL20vMGJ0OWxyEAEqDCIIZG9nIHBhcmsoADIfEAEiG6SwdVWrRUe4P7nKpbI1cENcHO--Ltow776cZDIdEAIiGWRvZyBwYXJrIGluIHdoaXRlIHJvY2sgYmPgAQD6AQQIABAn!16s%2Fg%2F11lkg7w6x1!5m1!1e1?entry=ttu&g_ep=EgoyMDI1MDcwOC4wIKXMDSoASAFQAw%3D%3D","leash-free,fenced,urban",,"<p>Morgan Crossing Dog Park is a convenient fenced off-leash area in South Surrey, great for quick exercise breaks near shops.</p>",,,,
Mount Pleasant Off-Leash Dog Park,mount-pleasant-off-leash-dog-park,683758b0a3f8a696dfc417b0,683758b09dd1e3ac2e4e9809,6871c737aa48a044cd7ed2a2,false,false,Sat Jul 12 2025 02:23:51 GMT+0000 (Coordinated Universal Time),Sat Jul 12 2025 02:38:51 GMT+0000 (Coordinated Universal Time),Sat Jul 12 2025 03:27:49 GMT+0000 (Coordinated Universal Time),Mount Pleasant Off-Leash Dog Park Leash-Free Dog Park,Leash Free,"<p>Mount Pleasant Off-Leash Dog Park in Regina is fully fenced and includes a separate small-dog area, making it ideal for dogs of all sizes.</p>",751 N Winnipeg St,50.4862,-104.6062,Regina,Saskatchewan,S4R 8P2,Yes,Yes,grass,Large,No,Yes,Minimal,Yes,Yes,Yes,No,6 am – 11 pm,None,https://www.bringfido.com/attraction/47441,"https://maps.google.com/?q=Mount+Pleasant+Dog+Park,+Regina,+SK","leash-free,fenced,small-dog-area",,"<p>Mount Pleasant Off-Leash Dog Park in Regina is a secure space with separate areas for small and large dogs, ideal for safe play.</p>",,,,
Musqueam Park,musqueam-dog-park-vancouver,683758b0a3f8a696dfc417b0,683758b09dd1e3ac2e4e9809,6838bee9ab8de0b43cd8e7c4,false,false,Thu May 29 2025 20:09:13 GMT+0000 (Coordinated Universal Time),Thu May 29 2025 23:37:11 GMT+0000 (Coordinated Universal Time),Thu May 29 2025 23:38:18 GMT+0000 (Coordinated Universal Time),Musqueam Park (off-leash dog park),Leash Free,"<p>If you're in Vancouver, BC, and looking for a great off-leash dog park, check out Musqueam Park. Covering 33292 square meters, it has a natural terrain base that supports active dog activities. Musqueam Park operates 6 AM to 10 PM, where the environment offers wide-open green space, offers shady spots, and is close to limited facilities. Does not include water access, so bring your furry friend for a refreshing outdoor experience.</p>",4000 SW Marine Drive Vancouver,,,Vancouver,BC,,No,,Various surfaces,,No,No,Yes,No,,,No,6 AM to 10 PM,,,,,,"<p>Musqueam Park is a well-loved off-leash dog park in Vancouver. This park features a various surfaces surface and an open space for dogs to roam freely. It provides no water access, minimal shade, and limited seating, making it a great destination for local dog owners to relax and let their pets socialize.</p>",https://cdn.prod.website-files.com/683758b09dd1e3ac2e4e980a/6838bfb0649f9ed0a87de7c1_dog-park-daytime-with-dog-and-grassy-field.png,,,
Māmowimīwēyitamōwin Park Off-Leash Area,mamowimiweyitamowin-park-off-leash-area,683758b0a3f8a696dfc417b0,683758b09dd1e3ac2e4e9809,6871c79d51e99e17839cf60c,false,false,Sat Jul 12 2025 02:25:33 GMT+0000 (Coordinated Universal Time),Sat Jul 12 2025 02:38:51 GMT+0000 (Coordinated Universal Time),Sat Jul 12 2025 03:27:49 GMT+0000 (Coordinated Universal Time),Māmowimīwēyitamōwin Park Off-Leash Area Leash-Free Dog Park,Leash Free,"<p>Māmowimīwēyitamōwin Park in Regina features a fully fenced neighbourhood off-leash dog area, perfect for nearby residents to let their dogs run safely.</p>",625 Elphinstone St,50.4481,-104.6272,Regina,Saskatchewan,S4T 3L3,Yes,No,grass,Small,No,Limited,Minimal,Yes,Yes,Street Parking,No,6 am – 11 pm,None,https://www.regina.ca/parks-recreation-culture/dog-parks/,"https://maps.google.com/?q=625+Elphinstone+St,+Regina,+SK","leash-free,fenced,neighbourhood",<p>Newly developed urban park.</p>,"<p>Māmowimīwēyitamōwin Park is a local off-leash dog area in Regina, offering a secure environment for neighbourhood dogs to roam freely.</p>",,,,
Nat Bailey Stadium Park,nat-bailey-stadium-dog-park,683758b0a3f8a696dfc417b0,683758b09dd1e3ac2e4e9809,6838bee6959daf711b632aaf,false,false,Thu May 29 2025 20:09:10 GMT+0000 (Coordinated Universal Time),Thu May 29 2025 23:37:10 GMT+0000 (Coordinated Universal Time),Thu May 29 2025 23:38:18 GMT+0000 (Coordinated Universal Time),Nat Bailey Stadium Park (off-leash dog park),Leash Free,"<p>Nat Bailey Stadium Park is a fantastic leash-free zone for dogs located in Vancouver, BC. This park spans about 6584 square meters and features gravel and asphalt surfaces ideal for running and play. Dog owners will appreciate the park’s Temporary Closure Due to Construction access and how it offers wide-open green space, is primarily sun-exposed, and is close to limited facilities. Plus, it does not include water access, making it a top destination for canine fun and exercise.</p>",4601 Ontario Street Vancouver,,,Vancouver,BC,,No,,Gravel and Asphalt,,No,No,No,No,,,No,Temporary Closure Due to Construction,,,,,,"<p>Nat Bailey Stadium Park is a well-loved off-leash dog park in Vancouver. This park features a gravel and asphalt surface and an open space for dogs to roam freely. It provides no water access, minimal shade, and limited seating, making it a great destination for local dog owners to relax and let their pets socialize.</p>",https://cdn.prod.website-files.com/683758b09dd1e3ac2e4e980a/6838bfb0649f9ed0a87de7c1_dog-park-daytime-with-dog-and-grassy-field.png,,,
Nelson Dog Walk,nelson-dog-walk-lakeside-path,683758b0a3f8a696dfc417b0,683758b09dd1e3ac2e4e9809,6871b41fa70e0c3b40baa030,false,false,Sat Jul 12 2025 01:02:23 GMT+0000 (Coordinated Universal Time),Sat Jul 12 2025 01:05:07 GMT+0000 (Coordinated Universal Time),Sat Jul 12 2025 01:27:16 GMT+0000 (Coordinated Universal Time),Nelson Dog Walk Lakeside Leash-Free Path,Leash Free,"<p>The Nelson Dog Walk follows the lakeside path near Rotary Lakeside Park, offering off-leash privileges in designated sections.</p>",200 Lakeside Dr,49.4931,-117.2871,Nelson,British Columbia,V1L 6B9,No,No,"paved, gravel",Long trail,Yes,Yes,Yes,Yes,Yes,Yes,Yes,6 am – 11 pm,May be restricted during festivals,https://www.nelson.ca,"https://maps.google.com/?q=Rotary+Lakeside+Park,+Nelson,+BC","leash-free,trail,waterfront",<p>Watch for events that may temporarily restrict dog access.</p>,<p>Nelson's lakeside trail offers dogs the chance to roam leash-free along a stunning waterfront path near the downtown core.</p>,,,,
Nelson Park,nelson-dog-park,683758b0a3f8a696dfc417b0,683758b09dd1e3ac2e4e9809,6838bee785c76e101e87e2fa,false,false,Thu May 29 2025 20:09:11 GMT+0000 (Coordinated Universal Time),Thu May 29 2025 23:37:11 GMT+0000 (Coordinated Universal Time),Thu May 29 2025 23:38:18 GMT+0000 (Coordinated Universal Time),Nelson Park (off-leash dog park),Leash Free,"<p>Nelson Park stands out as one of Vancouver's designated off-leash parks in BC. With an area of approximately 2074 square meters, this park offers a gravel environment for pets to explore. Nelson Park operates 7 AM to 9 PM, where the environment includes comfortable benches, offers shady spots, and has accessible washrooms nearby. Does not include water access. It’s a great space to let your pup roam and meet other dogs.</p>",1030 Bute Street Vancouver BC,,,Vancouver,BC,,Yes,,Gravel,,No,Yes,Yes,No,,,Yes,7 AM to 9 PM,,,,,,"<p>Nelson Park is a well-loved off-leash dog park in Vancouver. This park features a gravel surface and an open space for dogs to roam freely. It provides no water access, minimal shade, and limited seating, making it a great destination for local dog owners to relax and let their pets socialize.</p>",https://cdn.prod.website-files.com/683758b09dd1e3ac2e4e980a/6838bfcb959daf711b63b8f2_spacious-dog-park-with-trees-and-grass.jpg.png,,,
New Brighton Park,new-brighton-dog-park-vancouver,683758b0a3f8a696dfc417b0,683758b09dd1e3ac2e4e9809,6838bee97b86fb0b5ac7c7f0,false,false,Thu May 29 2025 20:09:13 GMT+0000 (Coordinated Universal Time),Thu May 29 2025 23:37:10 GMT+0000 (Coordinated Universal Time),Thu May 29 2025 23:38:18 GMT+0000 (Coordinated Universal Time),New Brighton Park (off-leash dog park),Leash Free,"<p>New Brighton Park is a fantastic leash-free zone for dogs located in Vancouver, BC. The parks sand surface and 901 square meters make it a wonderful space for dogs to burn energy. Visitors can enjoy October 1 to April 30: 5AM to 10 PM access, and the park includes comfortable benches, is primarily sun-exposed, and has accessible washrooms nearby. Has on-site water access for pets, so bring your furry friend for a refreshing outdoor experience.</p>",3201 New Brighton Road Vancouv,,,Vancouver,BC,,No,,Sand,,Yes,Yes,No,No,,,Yes,October 1 to April 30: 5AM to 10 PM,,,,,,"<p>New Brighton Park is a well-loved off-leash dog park in Vancouver. This park features a sand surface and an open space for dogs to roam freely. It provides no water access, minimal shade, and limited seating, making it a great destination for local dog owners to relax and let their pets socialize.</p>",https://cdn.prod.website-files.com/683758b09dd1e3ac2e4e980a/6838bfcb959daf711b63b8f2_spacious-dog-park-with-trees-and-grass.jpg.png,,,
New Brighton Park ,new-brighton-dog-park-vancouver-65262,683758b0a3f8a696dfc417b0,683758b09dd1e3ac2e4e9809,6838bee9c6506381a06525f6,false,false,Thu May 29 2025 20:09:13 GMT+0000 (Coordinated Universal Time),Thu May 29 2025 23:37:11 GMT+0000 (Coordinated Universal Time),Thu May 29 2025 23:38:18 GMT+0000 (Coordinated Universal Time),New Brighton Park (off-leash dog park),Leash Free,"<p>New Brighton Park stands out as one of Vancouver's designated off-leash parks in BC. Covering 7004 square meters, it has a grass base that supports active dog activities. Its open from 5AM to 10 PM, and includes comfortable benches, is primarily sun-exposed, and has accessible washrooms nearby. Does not include water access, so bring your furry friend for a refreshing outdoor experience.</p>",3201 New Brighton Road Vancouv,,,Vancouver,BC,,Yes,,Grass,,No,Yes,No,No,,,Yes,5AM to 10 PM,,,,,,"<p>New Brighton Park is a well-loved off-leash dog park in Vancouver. This park features a grass surface and an open space for dogs to roam freely. It provides no water access, minimal shade, and limited seating, making it a great destination for local dog owners to relax and let their pets socialize.</p>",https://cdn.prod.website-files.com/683758b09dd1e3ac2e4e980a/6838bf6130c1a241f2ffa462_weimaraners-in-sunny-dog-park-grassy-field.png,,,
Niagara Falls Bark Park,niagara-falls-bark-park,683758b0a3f8a696dfc417b0,683758b09dd1e3ac2e4e9809,686583ae42522a9ff072475e,false,false,Wed Jul 02 2025 19:08:30 GMT+0000 (Coordinated Universal Time),Wed Jul 02 2025 19:12:35 GMT+0000 (Coordinated Universal Time),Thu Jul 03 2025 19:00:11 GMT+0000 (Coordinated Universal Time),Niagara Falls Bark Park Leash-Free Dog Park,Leash Free,<p>Community-supported dog park offering open grassy space and basic pet amenities for Niagara residents.</p>,6855 Kalar Rd,43.05588837975031,-79.0950907154824,Niagara Falls,Ontario,L2H 2T3,Yes,No,grass,Medium,No,Limited,Minimal,Yes,Yes,Yes,No,Dawn to Dusk,None,,"https://www.google.com/maps/place/Niagara+Falls+Bark+Park/@43.0507455,-79.1768015,12z/data=!4m10!1m2!2m1!1sNiagara+Falls+Dog+Parks!3m6!1s0x89d343bfe22c36ed:0xbb6457a6f918d254!8m2!3d43.0499227!4d-79.0925216!15sChdOaWFnYXJhIEZhbGxzIERvZyBQYXJrc1oZIhduaWFnYXJhIGZhbGxzIGRvZyBwYXJrc5IBCGRvZ19wYXJrmgEjQ2haRFNVaE5NRzluUzBWSlEwRm5TVU5oZFZCTFZFeDNFQUWqAVoKCS9tLzBidDlschABKg0iCWRvZyBwYXJrcygAMh8QASIbbz0nYCJ6xHqraYBYzxLpG-MyZp2eqmo_n4wDMhsQAiIXbmlhZ2FyYSBmYWxscyBkb2cgcGFya3PgAQD6AQQIABA_!16s%2Fg%2F11j6ywjkf4!5m1!1e1?entry=ttu&g_ep=EgoyMDI1MDYzMC4wIKXMDSoASAFQAw%3D%3D","leash-free,fenced,community",<p>Informally known as Bark Park; located near sports fields.</p>,"<p>Niagara Falls Bark Park is a neighborhood leash-free space with fenced grassy areas, great for socializing dogs in a quiet setting.</p>",,,,
Niagara Falls Dog Park,niagara-falls-dog-park,683758b0a3f8a696dfc417b0,683758b09dd1e3ac2e4e9809,686583ae5b4de40610fa3bd9,false,false,Wed Jul 02 2025 19:08:30 GMT+0000 (Coordinated Universal Time),Wed Jul 02 2025 19:10:15 GMT+0000 (Coordinated Universal Time),Thu Jul 03 2025 19:00:11 GMT+0000 (Coordinated Universal Time),Niagara Falls Dog Park Leash-Free Dog Park,Leash Free,"<p>Fully fenced leash-free park in Niagara Falls with benches, waste bins, and a separate small dog area.</p>",2275 Dorchester Rd,43.144629167119675,-79.11775001750863,Niagara Falls,Ontario,L2E 6S4,Yes,Yes,grass,Large,No,Yes,Partial,Yes,Yes,Yes,No,Dawn to Dusk,None,https://niagarafalls.ca/living/parks-trails/dog-park.aspx,"https://www.google.com/maps/place/Niagara+Falls+Dog+Park/@43.0507455,-79.1768015,12z/data=!4m10!1m2!2m1!1sNiagara+Falls+Dog+Parks!3m6!1s0x89d35b673bf23c51:0xdb064c20115a3636!8m2!3d43.1393154!4d-79.1158097!15sChdOaWFnYXJhIEZhbGxzIERvZyBQYXJrc1oZIhduaWFnYXJhIGZhbGxzIGRvZyBwYXJrc5IBCGRvZ19wYXJrmgEkQ2hkRFNVaE5NRzluUzBWSlEwRm5TVVJ1TnpSTWFqZG5SUkFCqgFaCgkvbS8wYnQ5bHIQASoNIglkb2cgcGFya3MoADIfEAEiG289J2AiesR6q2mAWM8S6RvjMmadnqpqP5-MAzIbEAIiF25pYWdhcmEgZmFsbHMgZG9nIHBhcmtz4AEA-gEECAAQOw!16s%2Fg%2F1q64kw4lb!5m1!1e1?entry=ttu&g_ep=EgoyMDI1MDYzMC4wIKXMDSoASAFQAw%3D%3D","leash-free,fenced,benches,small dog area",<p>Official city-operated dog park near the Gale Centre.</p>,"<p>Niagara Falls Dog Park is a fully fenced, leash-free destination featuring a small dog area and open space for off-leash fun.</p>",,,,
Nicomekl Dog Off-Leash Area,nicomekl-dog-area,683758b0a3f8a696dfc417b0,683758b09dd1e3ac2e4e9809,6871a788a71840d162b0c4d4,false,false,Sat Jul 12 2025 00:08:40 GMT+0000 (Coordinated Universal Time),Sat Jul 12 2025 00:11:30 GMT+0000 (Coordinated Universal Time),Sat Jul 12 2025 01:27:16 GMT+0000 (Coordinated Universal Time),Nicomekl Dog Off-Leash Area | Surrey Dog Park Guide,Leash Free,"<p>Nicomekl Dog Off-Leash Area is an official Surrey dog park with about 1 acre of fenced open space, pathway access at 3435 150 Street, no on-site parking, and current city-source inconsistency about whether a separate small-dog area is active yet.</p>",3435 150 Street,49.06684427459814,-122.80670677863807,Surrey,British Columbia,V3S 0T5,No,No,Fenced open grass and natural park surface,About 1 acre,Unknown - verify on arrival,Unknown - verify on arrival,Limited to moderate depending on edge planting,Unknown - verify on arrival,Unknown - verify on arrival,No,No city-confirmed washrooms noted,Dawn to dusk,Check current project and on-site signage for small-dog-area status,https://www.surrey.ca/parks-recreation/parks/nicomekl-riverfront-park,https://www.google.com/maps/search/?api=1&query=3435+150+Street+Surrey+BC,"off-leash,surrey,fenced,path-access,south-surrey","<p>Primary sources: https://www.surrey.ca/parks-recreation/parks/park-features-amenities/dog-off-leash-areas and https://www.surrey.ca/parks-recreation/parks/nicomekl-riverfront-park. Supporting source: https://engage.surrey.ca/nicomekl-riverfront-park. Reviewed on July 31, 2026.</p>","<p>Nicomekl Dog Off-Leash Area is one of Surrey&apos;s designated dog parks, with about <strong>1 acre of fenced open space</strong> at <strong>3435 150 Street</strong> and access from the <strong>multi-use pathway</strong> through Nicomekl Riverfront Park.</p>",,2026-07-31,Nicomekl Dog Off-Leash Area | Surrey Dog Park Guide | LeashFree.ca,"Source-backed guide to Nicomekl Dog Off-Leash Area in Surrey, including the official 3435 150 Street location, fenced one-acre layout, pathway-only access, no on-site parking, and the current city-source mismatch about a separate small-dog area."
Nipawin Dog Park,nipawin-dog-park,683758b0a3f8a696dfc417b0,683758b09dd1e3ac2e4e9809,6871cbfc8f3b51d80bb28181,false,false,Sat Jul 12 2025 02:44:12 GMT+0000 (Coordinated Universal Time),Wed Jul 22 2026 12:00:00 GMT+0000 (Coordinated Universal Time),Wed Jul 22 2026 12:00:00 GMT+0000 (Coordinated Universal Time),Nipawin Dog Park,Leash Free,"<p>Nipawin Dog Park is the town-listed off-leash dog park in Nipawin, Saskatchewan. The Town of Nipawin's current leisure-services page includes Nipawin Dog Park in its official parks and open-spaces inventory, while the town's programs page refers to the same space as The Lions Nipawin Dog Park.</p><p>That combination gives this record a stronger municipal footing than the older version, which depended on a third-party listing and a specific map point the official town pages did not confirm. The current town sources support the park's existence and local recognition, but they do not clearly publish a full civic address, coordinate pair, or detailed amenity sheet.</p><p>Nipawin's current animal-control page adds the practical local rule context. The town says all resident dogs and cats must be licensed and provides current animal-control contact information. For visitors, that means this page can confidently describe the town-recognized off-leash space while staying conservative about location precision and unconfirmed amenities.</p>",Town-listed Nipawin Dog Park / The Lions Nipawin Dog Park,,,Nipawin,Saskatchewan,S0E 1E0,Unknown - verify on arrival,Unknown,Grass,Unknown,Unknown,Unknown,Unknown,Unknown,Unknown,Unknown - verify on arrival,Unknown,Unknown - check posted signage,None confirmed in current source set,https://nipawin.com/leisure-recreation/leisure-services/,https://www.google.com/maps/search/?api=1&query=Nipawin+Dog+Park+Nipawin+SK,"leash-free, Nipawin, Saskatchewan, Lions Nipawin Dog Park","<p>Primary municipal recreation sources: https://nipawin.com/leisure-recreation/leisure-services/ and https://nipawin.com/leisure-recreation/programs/. Rule and licensing source: https://nipawin.com/animal-control/. The official town pages confirm the park exists but do not clearly publish a full civic address or coordinates, so location precision and amenities were kept conservative.</p>","<p>Nipawin Dog Park is the town-listed off-leash dog space in Nipawin, with municipal support from the town's recreation pages and local rule support from the animal-control page.</p>",,Wed Jul 22 2026 12:00:00 GMT+0000 (Coordinated Universal Time),"Nipawin Dog Park | Nipawin, Saskatchewan","Source-backed guide to Nipawin Dog Park in Nipawin, Saskatchewan, based on the town's recreation pages, listed dog-park inventory, and current animal-control licensing rules."
No. 3 Road Dog Off-Leash Park,no-3-road-dog-off-leash-park,683758b0a3f8a696dfc417b0,683758b09dd1e3ac2e4e9809,68708507ac0efd3286516473,false,false,Fri Jul 11 2025 03:29:11 GMT+0000 (Coordinated Universal Time),Fri Jul 11 2025 03:30:53 GMT+0000 (Coordinated Universal Time),Fri Jul 11 2025 12:18:36 GMT+0000 (Coordinated Universal Time),No. 3 Road Dog Off-Leash Park Leash-Free Dog Park,Leash Free,"<p>No. 3 Road Dog Off-Leash Park is a fenced dog park in Chilliwack with flat, open terrain and ample parking nearby.</p>",No. 3 Rd,49.09685689524864,-122.05857422132644,Chilliwack,British Columbia,V2P 6H4,Yes,No,grass,Medium,No,Yes,Minimal,Yes,Yes,Yes,No,7 am – 9 pm,None,https://www.chilliwack.com/main/page.cfm?id=945,"https://www.google.com/maps/place/No.3+Rd+Dog+Off-Leash+Park/@49.1467378,-122.1238055,11z/data=!4m10!1m2!2m1!1sdog+park+near+Chilliwack,+BC!3m6!1s0x5484470005620bcd:0x1dafa49d8cac178e!8m2!3d49.089462!4d-122.066316!15sChxkb2cgcGFyayBuZWFyIENoaWxsaXdhY2ssIEJDkgEIZG9nX3BhcmuqAV0KCS9tLzBidDlschABKgwiCGRvZyBwYXJrKAAyHxABIhtwGVQWP1tFZyPvUNPgPq8VeUC5cqCsdO1wPHcyHxACIhtkb2cgcGFyayBuZWFyIGNoaWxsaXdhY2sgYmPgAQA!16s%2Fg%2F11md7mlnwb!5m1!1e1?entry=ttu&g_ep=EgoyMDI1MDcwOC4wIKXMDSoASAFQAw%3D%3D","leash-free,fenced,open,grass",,"<p>No. 3 Road Dog Off-Leash Park is a convenient fenced dog area in Chilliwack where dogs can run freely in a safe, open space.</p>",,,,
North Battleford Off-Leash Dog Park,north-battleford-off-leash-dog-park,683758b0a3f8a696dfc417b0,683758b09dd1e3ac2e4e9809,6871cc6bd00430c3f050f9e8,false,false,Sat Jul 12 2025 02:46:03 GMT+0000 (Coordinated Universal Time),Sat Jul 25 2026 12:00:00 GMT+0000 (Coordinated Universal Time),Sat Jul 25 2026 12:00:00 GMT+0000 (Coordinated Universal Time),North Battleford Off-Leash Dog Park,Leash Free,"<p>North Battleford Off-Leash Dog Park is the City of North Battleford's official public off-leash dog park. The city says it is the only area where a dog can be off leash in public, places it just off Airport Road by Cameron McIntosh Airport, and confirms that the park is fully fenced and open all year round.</p><p>That immediately makes this page more trustworthy than the older draft, which leaned on a third-party listing and unsupported amenity specifics. The official city page gives stronger location context, confirms the park's fencing and year-round status, and publishes the operating rules that owners actually need before visiting.</p><p>The same municipal source set says no dogs in heat are allowed, dangerous dogs prohibited by Bylaw 1888 are not allowed, dogs must have a valid pet licence and up-to-date vaccinations, owners must clean up waste, nuisance dogs must be leashed and removed immediately, handlers must accompany their dog and carry a leash no longer than 1.5 metres, and motorized vehicles are not permitted in the park. The city's pet-licences page also says dogs and cats owned within North Battleford must be licensed and wear a city-issued tag.</p>",Just off Airport Road by Cameron McIntosh Airport,,,North Battleford,Saskatchewan,,Yes,Unknown,Grass,Unknown,Unknown,Unknown,Unknown,Unknown,Unknown,Unknown - verify on arrival,Unknown,Open all year round,None published on the city page,https://www.cityofnb.ca/community-safety-support/animal-services/dog-park/,https://www.google.com/maps/search/?api=1&query=North+Battleford+Dog+Park+Airport+Road+North+Battleford+SK,"leash-free, North Battleford, Saskatchewan, municipal dog park","<p>Primary official park source: https://www.cityofnb.ca/community-safety-support/animal-services/dog-park/. Supporting city context: https://www.cityofnb.ca/community-safety-support/animal-services/ and https://www.cityofnb.ca/parks-recreation-culture/parks-trails-and-sports-fields/. Licensing source: https://www.cityofnb.ca/community-safety-support/animal-services/pet-licences/. The city publishes strong location context, rules, fencing, and year-round status, but this pass leaves coordinates and unconfirmed amenities conservative.</p>","<p>North Battleford Off-Leash Dog Park is the city's official fenced public off-leash space, located just off Airport Road by Cameron McIntosh Airport and open all year round.</p>",,Sat Jul 25 2026 12:00:00 GMT+0000 (Coordinated Universal Time),"North Battleford Off-Leash Dog Park | North Battleford, Saskatchewan","Source-backed guide to North Battleford Off-Leash Dog Park, including the city-published Airport Road location context, fenced status, year-round access, and official rules."
North Whitby Off-Leash Dog Park,north-whitby-off-leash-dog-park,683758b0a3f8a696dfc417b0,683758b09dd1e3ac2e4e9809,687052fbd92261d2a6af9503,false,false,Thu Jul 10 2025 23:55:39 GMT+0000 (Coordinated Universal Time),Thu Jul 10 2025 23:57:49 GMT+0000 (Coordinated Universal Time),Fri Jul 11 2025 12:18:36 GMT+0000 (Coordinated Universal Time),North Whitby Off-Leash Dog Park Leash-Free Dog Park,Leash Free,<p>Grassy fenced dog park in north Whitby with plenty of room for dogs to run and socialize.</p>,570 Taunton Rd E,43.94344869415716,-78.97876357827714,Whitby,Ontario,L1R 2L3,Yes,No,grass,Medium,No,Yes,Minimal,Yes,Yes,Yes,No,Dawn to Dusk,None,https://www.whitby.ca/en/play/parks-trails-and-sports-fields.aspx,"https://www.google.com/maps/place/North+Whitby+Off-Leash+Dog+Park/@43.8999254,-79.149395,12z/data=!4m10!1m2!2m1!1sWhitby+Dog+Parks!3m6!1s0x89d51f2b44e6902b:0x6b442e7360e2e035!8m2!3d43.9398929!4d-78.9791492!15sChBXaGl0YnkgRG9nIFBhcmtzWhIiEHdoaXRieSBkb2cgcGFya3OSAQhkb2dfcGFya5oBJENoZERTVWhOTUc5blMwVkpRMEZuU1VOMWN6aExiWGgzUlJBQqoBUwoJL20vMGJ0OWxyEAEqDSIJZG9nIHBhcmtzKAAyHxABIhsot9sRYlZRbA1TFGQ3_08Iq6JXICyjXQIwsA4yFBACIhB3aGl0YnkgZG9nIHBhcmtz4AEA-gEECAAQPg!16s%2Fg%2F11b6p_v7xf!5m1!1e1?entry=ttu&g_ep=EgoyMDI1MDcwNy4wIKXMDSoASAFQAw%3D%3D","leash-free,fenced,grass",,<p>North Whitby Off-Leash Dog Park is a fenced green space where local dogs can enjoy off-leash fun and make furry friends.</p>,,,,
Norton Park,norton-park,683758b0a3f8a696dfc417b0,683758b09dd1e3ac2e4e9809,683a043b08c0a3e77ac1ff7f,false,false,Fri May 30 2025 19:17:15 GMT+0000 (Coordinated Universal Time),Fri May 30 2025 19:21:33 GMT+0000 (Coordinated Universal Time),Fri May 30 2025 19:40:19 GMT+0000 (Coordinated Universal Time),Norton Park (Leash-Free Dog Area),Leash Free,"<p>Norton Park, located in Burlington's Alton Village, offers a spacious and secure leash-free area for dogs. The park features separate enclosures for large and small dogs, both fully fenced with double-gated entries. Amenities include seating areas for pet owners, waste bins, and ample parking. The park is part of a larger community space that includes artificial turf fields, a basketball court, a skateboard park, and a playground with a splash pad.</p>",3035 Tim Dobbie Drive,,,Burlington,Ontario,L7M 0M3,Yes,Yes,Grass,,No,Yes,No,Yes,,,Yes,7:00 AM – 10:00 PM,,https://www.burlington.ca/en/by-laws-and-animal-services/leash-free-dog-parks.aspx,"https://www.google.com/maps/place/3035+Tim+Dobbie+Dr,+Burlington,+ON+L7M+0M3","fenced, small dog area, grass surface, benches, parking, playground, splash pad",,"<p>Norton Park provides a well-equipped and secure environment for dogs to enjoy off-leash play in Burlington's Alton Village. With separate areas for different dog sizes and a range of amenities, it's a popular destination for local dog owners.</p>",https://cdn.prod.website-files.com/683758b09dd1e3ac2e4e980a/683a0441047625cebdeaa6de_Norton%20Park%20%E2%80%93%20Leash-Free%20Dog%20Area.png,,,
Norwood Park,norwood-park,683758b0a3f8a696dfc417b0,683758b09dd1e3ac2e4e9809,6842dd7129f25565707dc42e,false,false,Fri Jun 06 2025 12:22:09 GMT+0000 (Coordinated Universal Time),Fri Jun 06 2025 12:25:17 GMT+0000 (Coordinated Universal Time),Fri Jun 06 2025 13:46:10 GMT+0000 (Coordinated Universal Time),Norwood Park (Leash-Free Dog Area),Leash Free,"<p>Norwood Park features a compact, fenced off-leash area located within a quiet residential neighborhood in the Upper Beaches area. The surface is covered in woodchips and offers a couple of benches for dog owners. Though small in size, it’s a convenient and secure space for local residents to let their dogs play freely.</p>",16 Norwood Rd,43.68837647448529,-79.30313755282472,Toronto,Ontario,M4E 2S4,Yes,No,Woodchips,Approx. 0.15 acres,No,Yes,Minimal,Yes,Yes,Street parking,No,7:00 AM – 9:00 PM,None,https://www.toronto.ca/explore-enjoy/parks-recreation/places-spaces/parks-and-recreation-facilities/location/?id=228,"https://www.google.com/maps/place/Norwood+Dog+Park/@43.6825421,-79.4438999,12z/data=!4m10!1m2!2m1!1sNorwood+Park+!3m6!1s0x89d4cdea5254c7a7:0x8e0abbcc26ae0a5a!8m2!3d43.6825421!4d-79.3038242!15sCgxOb3J3b29kIFBhcmuSAQhkb2dfcGFya6oBRhABKhAiDG5vcndvb2QgcGFyaygAMh4QASIaCezHo-NHeQabsGV6pViTSkQhynOCDjK2JIsyEBACIgxub3J3b29kIHBhcmvgAQA!16s%2Fg%2F11flfk9776?entry=ttu&g_ep=EgoyMDI1MDYwMy4wIKXMDSoASAFQAw%3D%3D","fenced, woodchip surface, neighborhood park, benches",<p>Small but functional; best for nearby residents and short off-leash visits.</p>,"<p id="""">Norwood Park offers a tidy, enclosed leash-free area in Toronto’s Upper Beaches, providing local dog owners with a safe and practical space for everyday dog exercise.</p>",,,,
Nose Hill Park,nose-hill-park,683758b0a3f8a696dfc417b0,683758b09dd1e3ac2e4e9809,683a5575774ed8e1340a2d88,false,false,Sat May 31 2025 01:03:49 GMT+0000 (Coordinated Universal Time),Sat May 31 2025 01:31:54 GMT+0000 (Coordinated Universal Time),Sat May 31 2025 02:01:43 GMT+0000 (Coordinated Universal Time),Nose Hill Park (Leash-Free Dog Area),,"<p>Nose Hill Park is one of Calgary’s largest natural environment parks, with extensive off-leash areas that span across open prairie and scenic trails. Dogs can explore freely through multiple access points while enjoying sweeping views of the city.</p>",5620 14 St NW,,,Calgary,Alberta,T3B 1K2,No,,Grass and Dirt Trails,,No,Yes,Yes,Yes,,,Yes,5:00 AM – 11:00 PM,,https://www.calgary.ca/parks/nose-hill.html,https://www.google.com/maps/place/Nose+Hill+Park/,"off-leash, natural park, trails, large space, city views",<p>Off-leash areas are not fenced but span much of the park’s northwest section.</p>,<p>Nose Hill Park offers Calgary dog owners a vast open space to roam. Its leash-free zones stretch across prairie grasslands and winding trails with views of the Rockies and city skyline.</p>,https://cdn.prod.website-files.com/683758b09dd1e3ac2e4e980a/683a5bfde0b90cfb6b0ce67e_nose-hill-park.png,,,
Oak Meadows Park,oak-meadows-dog-park,683758b0a3f8a696dfc417b0,683758b09dd1e3ac2e4e9809,6838bee8acb49bfb680d2a93,false,false,Thu May 29 2025 20:09:12 GMT+0000 (Coordinated Universal Time),Thu May 29 2025 23:37:11 GMT+0000 (Coordinated Universal Time),Thu May 29 2025 23:38:18 GMT+0000 (Coordinated Universal Time),Oak Meadows Park (off-leash dog park),Leash Free,"<p>Oak Meadows Park stands out as one of Vancouver's designated off-leash parks in BC. The park’s grass surface and 4743 square meters make it a wonderful space for dogs to burn energy. Visitors can enjoy 6 AM to 10 PM access, and the park includes comfortable benches, offers shady spots, and is close to limited facilities. Does not include water access, so bring your furry friend for a refreshing outdoor experience.</p>",W 37th Avenue & Oak Street Van,,,Vancouver,BC,,No,,Grass,,No,Yes,Yes,No,,,No,6 AM to 10 PM,,,,,,"<p>Oak Meadows Park is a well-loved off-leash dog park in Vancouver. This park features a grass surface and an open space for dogs to roam freely. It provides no water access, minimal shade, and limited seating, making it a great destination for local dog owners to relax and let their pets socialize.</p>",https://cdn.prod.website-files.com/683758b09dd1e3ac2e4e980a/6838bf6130c1a241f2ffa462_weimaraners-in-sunny-dog-park-grassy-field.png,,,
Oakcrest Parkette,oakcrest-parkette,683758b0a3f8a696dfc417b0,683758b09dd1e3ac2e4e9809,6842d6ff0ef847cacf4fcad3,false,false,Fri Jun 06 2025 11:54:39 GMT+0000 (Coordinated Universal Time),Fri Jun 06 2025 11:59:25 GMT+0000 (Coordinated Universal Time),Fri Jun 06 2025 12:03:11 GMT+0000 (Coordinated Universal Time),Oakcrest Parkette (Leash-Free Dog Area),Leash Free,"<p>Oakcrest Parkette offers a small, fenced leash-free area conveniently located in Toronto’s East Danforth neighborhood. While compact, the space is fully enclosed with a woodchip surface, providing a safe and practical off-leash spot for local dog owners. Its central location makes it ideal for quick outings.</p>",30 Oakcrest Ave,43.68357159818642,-79.3112074316073,Toronto,Ontario,M4C 1B4,Yes,No,Woodchips,Approx. 0.1 acres,No,Yes,Partial,Yes,Yes,Street parking,No,7:00 AM – 9:00 PM,None,https://www.toronto.ca/explore-enjoy/parks-recreation/places-spaces/parks-and-recreation-facilities/location/?id=236,"https://www.google.com/maps/place/Oakcrest+Park/@43.6833738,-79.3137716,17z/data=!3m1!4b1!4m6!3m5!1s0x89d4cc1322563b4b:0x37c92d81955305f9!8m2!3d43.6833699!4d-79.3111967!16s%2Fg%2F1hm4wzydg?entry=ttu&g_ep=EgoyMDI1MDYwMy4wIKXMDSoASAFQAw%3D%3D","fenced, woodchip surface, benches, small park, local access","<p>Due to its small size, the park is best for quick exercise and neighborhood visits.</p>","<p>Oakcrest Parkette is a quaint, fenced off-leash area nestled in East Danforth, offering a low-key, safe space for nearby residents to let their dogs play and socialize.</p>",https://cdn.prod.website-files.com/683758b09dd1e3ac2e4e980a/6842d8165d5745ba279835ba_Oakcrest%20Parkette.jpg,,,
Oakes Road Dog Run,oakes-road-dog-run,683758b0a3f8a696dfc417b0,683758b09dd1e3ac2e4e9809,684e04d34db92f4d07e3b4c9,false,false,Sat Jun 14 2025 23:25:07 GMT+0000 (Coordinated Universal Time),Sat Jun 14 2025 23:26:34 GMT+0000 (Coordinated Universal Time),Sat Jun 14 2025 23:55:34 GMT+0000 (Coordinated Universal Time),"Oakes Road Dog Run Leash-Free Dog Park in Grimsby, Ontario",Leash Free,"<p>Oakes Road Dog Run offers a long, narrow, fully fenced leash-free dog park located along Oakes Road. The park provides lots of room for dogs to run while remaining secure and well-maintained.</p>",177 Oakes Rd N,43.21385986326137,-79.61134218683121,Grimsby,Ontario,L3M 4E7,Yes,No,Grass,Approx. 1 acre (long narrow run),No,Limited,Minimal,Yes,Yes,Street parking,No,7:00 AM – 9:00 PM,None,https://www.grimsby.ca/parks-recreation-and-culture/parks-sports-fields-and-trails/leash-free-dog-parks/,"https://www.google.com/maps/place/Oakes+Road+North+Leash-Free+Dog+Park/@43.2137856,-79.6140351,17z/data=!3m1!4b1!4m6!3m5!1s0x882ca44e1b04359d:0xac95f6c31be7fd89!8m2!3d43.2137817!4d-79.6114602!16s%2Fg%2F11b_3gkg0n!5m1!1e1?entry=ttu&g_ep=EgoyMDI1MDYxMS4wIKXMDSoASAFQAw%3D%3D","leash-free, fenced, grass, dog run",<p>Long and narrow layout ideal for running dogs.</p>,"<p>Oakes Road Dog Run features a long, secure, fully fenced dog run perfect for off-leash play in Grimsby.</p>",,,,
Oakes Road North Leash-Free Dog Park,oakes-road-north,683758b0a3f8a696dfc417b0,683758b09dd1e3ac2e4e9809,687056ee789f1d099e3659b3,false,false,Fri Jul 11 2025 00:12:30 GMT+0000 (Coordinated Universal Time),Fri Jul 11 2025 00:24:07 GMT+0000 (Coordinated Universal Time),Fri Jul 11 2025 12:18:36 GMT+0000 (Coordinated Universal Time),Oakes Road North Leash-Free Dog Park Leash-Free Dog Park,Leash Free,<p>Oakes Road North Leash-Free Dog Park in Grimsby offers a fenced-in space for off-leash dog fun with a scenic natural backdrop.</p>,Oakes Rd N,43.21503276203556,-79.61163186206619,Grimsby,Ontario,L3M 4E7,Yes,No,grass,Medium,No,Yes,Minimal,Yes,Yes,Yes,No,6 am – 10 pm,None,https://www.grimsby.ca/en/explore-and-play/dog-parks.aspx,"https://www.google.com/maps/place/Oakes+Road+North+Leash-Free+Dog+Park/@43.2137817,-79.6464791,14z/data=!4m10!1m2!2m1!1sdog+park+near+Grimsby,+ON!3m6!1s0x882ca44e1b04359d:0xac95f6c31be7fd89!8m2!3d43.2137817!4d-79.6114602!15sChlkb2cgcGFyayBuZWFyIEdyaW1zYnksIE9OkgEIZG9nX3BhcmuqAVkKCS9tLzBidDlschABKgwiCGRvZyBwYXJrKAAyHhABIhpsh7QVxRrd11w5xGPolOiQXDI7hQWHcvT4SjIcEAIiGGRvZyBwYXJrIG5lYXIgZ3JpbXNieSBvbuABAA!16s%2Fg%2F11b_3gkg0n!5m1!1e1?entry=ttu&g_ep=EgoyMDI1MDcwNy4wIKXMDSoASAFQAw%3D%3D","leash-free,fenced,natural",,"<p>Oakes Road North Leash-Free Dog Park is a fenced grassy area in Grimsby, perfect for safe off-leash playtime and exercise.</p>",,,,
Off-Leash Recreation Area Sutherland,sutherland-off-leash-dog-park,683758b0a3f8a696dfc417b0,683758b09dd1e3ac2e4e9809,6871ca3713c4bcf0612b7a76,false,false,Sat Jul 12 2025 02:36:39 GMT+0000 (Coordinated Universal Time),Sat Jul 12 2025 02:38:51 GMT+0000 (Coordinated Universal Time),Sat Jul 12 2025 03:27:49 GMT+0000 (Coordinated Universal Time),Off-Leash Recreation Area Sutherland Leash-Free Dog Park,Leash Free,<p>Sutherland Off-Leash Area is a natural riverside space for off-leash recreation with rustic trails and wide open areas for dogs to explore.</p>,Saskatchewan Crescent E,52.1532,-106.6151,Saskatoon,Saskatchewan,S7N 0X9,No,No,"dirt, natural trails",Large,No,No,Yes,Limited,No,Yes,No,5 am – 11 pm,None,https://www.saskatoon.ca/parks-recreation-attractions/parks/dog-parks,"https://maps.google.com/?q=Saskatchewan+Crescent+E,+Saskatoon,+SK","leash-free,natural,trails",,<p>Sutherland's Off-Leash Area in Saskatoon is a rustic riverside park perfect for dogs that enjoy exploring natural trails.</p>,,,,
Orphan's Green,orphans-green,683758b0a3f8a696dfc417b0,683758b09dd1e3ac2e4e9809,6843463f067b38e53f7eaff2,false,false,Fri Jun 06 2025 19:49:19 GMT+0000 (Coordinated Universal Time),Fri Jun 06 2025 19:53:26 GMT+0000 (Coordinated Universal Time),Sat Jun 14 2025 00:09:21 GMT+0000 (Coordinated Universal Time),Orphan's Green (Leash-Free Dog Area),Leash Free,"<p>Located in Corktown, Orphan's Green offers a small fenced dog area popular with locals. Though amenities are limited, the off-leash space provides gravel footing, a few trees for shade, and nearby walking paths for added exercise.</p>",500 King Street East,43.65464192189206,-79.36248494272375,Toronto,Ontario,M5A 1M1,Yes,No,Gravel,Approx. 0.2 acres,No,Yes,Partial,Yes,Yes,Street parking,No,7:00 AM – 9:00 PM,None,https://www.toronto.ca/explore-enjoy/parks-recreation/places-spaces/parks-and-recreation-facilities/location/?id=3641,"https://www.google.com/maps/place/Orphan's+Green+Off+Leash+Dog+Park/@43.6546759,-79.3630482,19z/data=!4m6!3m5!1s0x89d4cb3ed8886e7d:0x272b96c89d47e506!8m2!3d43.6545909!4d-79.3624608!16s%2Fg%2F11bwpzz48j?entry=ttu&g_ep=EgoyMDI1MDYwMy4wIKXMDSoASAFQAw%3D%3D","urban, small, gravel, shaded",<p>Gravel may not be ideal for dogs with sensitive paws.</p>,"<p>Orphan's Green in Corktown offers a basic but functional leash-free area, ideal for quick dog breaks in the city.</p>",,,,
Oswald Park,oswald-park-victoria,683758b0a3f8a696dfc417b0,683758b09dd1e3ac2e4e9809,6871ad75016248a31a33272c,false,false,Sat Jul 12 2025 00:33:57 GMT+0000 (Coordinated Universal Time),Sat Jul 12 2025 00:53:01 GMT+0000 (Coordinated Universal Time),Sat Jul 12 2025 01:27:16 GMT+0000 (Coordinated Universal Time),Oswald Park | Victoria Leash-Optional Area,Park,"<p>Oswald Park is a Victoria neighbourhood park in Oaklands with designated leash-optional areas alongside play equipment, a ball diamond, and other shared park amenities.</p>",3031 Cedar Hill Road,48.4433,-123.3396,Victoria,British Columbia,V8T 3J3,No,No,Grass park lawn and sports-field landscape,Small neighbourhood park,Unknown - verify on arrival,Park seating likely - verify on arrival,Some mature tree cover,Yes - verify exact placement on arrival,Unknown - verify on arrival,Street parking,No city-confirmed washrooms noted,Verify posted hours on arrival,Check current city notices and posted dog-area rules,https://www.victoria.ca/parks-recreation/parks-trails/our-parks/oswald-park,https://www.google.com/maps/search/?api=1&query=3031+Cedar+Hill+Road+Victoria+BC,"leash-optional,victoria,oaklands,playground,ball-diamond,oswald-park","<p>Primary sources: City of Victoria park directory and the City of Victoria dogs-in-parks guidance page. Reviewed on August 2, 2026.</p>","<p>Oswald Park is a small <strong>Oaklands neighbourhood park</strong> in Victoria with <strong>leash-optional areas</strong>, plus everyday park features like <strong>play equipment</strong> and a <strong>ball diamond</strong>.</p>",,2026-08-02,Oswald Park | Victoria Leash-Optional Area | LeashFree.ca,"Source-backed guide to Oswald Park in Victoria, including the official Oaklands location, leash-optional designation, play equipment, ball diamond, and city dog-rule context."
Oxbows Off Leash Dog Park,oxbows-off-leash-dog-park,683758b0a3f8a696dfc417b0,683758b09dd1e3ac2e4e9809,6871be8db45f51e3542f71cd,false,false,Sat Jul 12 2025 01:46:53 GMT+0000 (Coordinated Universal Time),Sat Jul 12 2025 02:02:11 GMT+0000 (Coordinated Universal Time),Sat Jul 12 2025 03:27:49 GMT+0000 (Coordinated Universal Time),Oxbows Off Leash Dog Park,Leash Free,"<p>Oxbows Off Leash Dog Park in Red Deer features fenced areas, agility equipment, and varied terrain for dogs to explore and play safely.</p>",19 St & 32 Ave,52.2436,-113.8196,Red Deer,Alberta,T4R 2T1,Yes,Yes,"grass, gravel, trails",Large,Yes (seasonal),Yes,Partial,Yes,Yes,Yes,Yes (Seasonal),6 am – 11 pm,None,https://www.reddeer.ca/recreation-and-culture/parks-and-trails/parks/oxbows-off-leash-dog-park/,"https://maps.google.com/?q=Oxbows+Off+Leash+Dog+Park,+Red+Deer,+AB","leash-free,fenced,agility,trails,seasonal-water",,"<p>Oxbows Off Leash Dog Park is Red Deer's premier fenced dog park, offering agility features, multiple trails, and ample space for dogs of all sizes.</p>",,,,
Paisley Dog Park,paisley-dog-park,683758b0a3f8a696dfc417b0,683758b09dd1e3ac2e4e9809,6871bc5ef9092a9827c9632a,false,false,Sat Jul 12 2025 01:37:34 GMT+0000 (Coordinated Universal Time),Sat Jul 12 2025 01:37:56 GMT+0000 (Coordinated Universal Time),Sat Jul 12 2025 03:27:49 GMT+0000 (Coordinated Universal Time),Paisley Dog Park,Leash Free,"<p>Paisley Dog Park features a fully fenced off-leash area with open terrain and a separate small dog section, perfect for all breeds.</p>",3204 Paisley Green SW,53.4046,-113.6247,Edmonton,Alberta,T6W 3E5,Yes,Yes,grass,Large,No,Yes,Minimal,Yes,Yes,Yes,No,5 am – 11 pm,None,https://www.edmonton.ca/activities_parks_recreation/parks_dog_off_leash,"https://maps.google.com/?q=Paisley+Dog+Park,+Edmonton,+AB","leash-free,fenced,separate-small-dog-area,neighbourhood",,"<p>Paisley Dog Park in Edmonton is a large, fully enclosed dog park that includes a small dog area and plenty of room for exercise.</p>",,,,
Palermo Park,palermo-park,683758b0a3f8a696dfc417b0,683758b09dd1e3ac2e4e9809,684075eb210eb0c78be7b07e,false,false,Wed Jun 04 2025 16:35:55 GMT+0000 (Coordinated Universal Time),Wed Jun 04 2025 16:40:09 GMT+0000 (Coordinated Universal Time),Wed Jun 04 2025 18:22:29 GMT+0000 (Coordinated Universal Time),Palermo Park (Leash-Free Dog Area),Leash Free,"<p>Palermo Park is a spacious 18-acre community park in Oakville featuring a fully fenced, leash-free dog area. The off-leash zone includes a double-gated entrance for added safety and ample seating for owners. While the park lacks shaded areas and a water fountain, it offers a walking trail that surrounds the park, providing additional exercise opportunities for both dogs and their owners. The park also features two baseball/softball diamonds and is known for its beautiful sunsets.</p>",2345 Dundas Street West,,,Oakville,Ontario,L6M 4J3,Yes,No,Grass,18 acres,No,Yes,No,Yes,,Yes,Unknown,Daily: 8:00 AM – 11:00 PM,,https://www.oakville.ca/parks-recreation-culture/parks-gardens-trails/parks/dog-parks/,"https://www.google.com/maps/place/Palermo+Park/@43.4417627,-79.775147,18z/data=!3m1!4b1!4m6!3m5!1s0x882b670f4501c0c9:0x93e22cfded453fde!8m2!3d43.4417613!4d-79.7742366!16s%2Fg%2F11clqx3q_1!5m1!1e1?entry=ttu&g_ep=EgoyMDI1MDYwMS4wIKXMDSoASAFQAw%3D%3D","fenced, large park, walking trails, benches, sports fields","<p>The park is less crowded, making it ideal for dogs that prefer quieter environments. However, visitors have noted maintenance issues such as bent gates and muddy areas after rain. There is no water fountain, so bringing your own water is recommended.</p>","<p>Palermo Park offers Oakville residents a generous off-leash area within a larger multi-use park. With its expansive space, safety features, and surrounding walking trails, it's a great spot for dogs to exercise and socialize. While amenities are basic, the park's natural setting and additional recreational facilities make it a valuable community asset.</p>",https://cdn.prod.website-files.com/683758b09dd1e3ac2e4e980a/684076d71ab44f790a326243_Palermo%20Park.jpg,,,
Pandora Park,pandora-dog-park-vancouver,683758b0a3f8a696dfc417b0,683758b09dd1e3ac2e4e9809,6838bee968b0ef7f9732bfda,false,false,Thu May 29 2025 20:09:13 GMT+0000 (Coordinated Universal Time),Thu May 29 2025 23:37:11 GMT+0000 (Coordinated Universal Time),Thu May 29 2025 23:38:18 GMT+0000 (Coordinated Universal Time),Pandora Park (off-leash dog park),Leash Free,"<p>Pet lovers in Vancouver love spending time at Pandora Park, an off-leash area perfect for daily visits. Covering 2673 square meters, it has a grass base that supports active dog activities. It is open from 6 am to 10 pm (full park hours), and includes comfortable benches, offers shady spots, and has accessible washrooms nearby. Do not forget that it does not include water access, which is ideal for dogs on warmer days.</p>",2325 Franklin Street,,,Vancouver,BC,,Yes,,Grass,,No,Yes,Yes,No,,,Yes,6 am to 10 pm (full park hours),,,,,,"<p>Pandora Park is a well-loved off-leash dog park in Vancouver. This park features a grass surface and an open space for dogs to roam freely. It provides no water access, minimal shade, and limited seating, making it a great destination for local dog owners to relax and let their pets socialize.</p>",https://cdn.prod.website-files.com/683758b09dd1e3ac2e4e980a/6838bf6da378932f0d55bef8_border-collie-in-open-grassy-dog-park.png,,,
Parc Jeanne-Mance Dog Park,parc-jeanne-mance-dog-park,683758b0a3f8a696dfc417b0,683758b09dd1e3ac2e4e9809,6873cc71ac218a4976881e9b,false,false,Sun Jul 13 2025 15:10:41 GMT+0000 (Coordinated Universal Time),Tue Jul 15 2025 23:49:28 GMT+0000 (Coordinated Universal Time),Wed Jul 16 2025 00:26:21 GMT+0000 (Coordinated Universal Time),Parc Jeanne-Mance Dog Park Leash-Free Dog Park,Leash Free,"<p>Parc Jeanne-Mance Dog Park is a spacious off-leash area in downtown Montreal with trees, benches, and gravel surface for dogs to roam freely.</p>",4422 Av de l'Esplanade,45.5193,-73.5861,Montreal,Quebec,H2W 1S3,Yes,No,gravel,Large,Yes (seasonal),Yes,Yes,Yes,Yes,No,Yes,6am–11pm,,https://montreal.ca/en/articles/where-are-dog-parks-montreal-34251,"https://maps.google.com/?q=45.5193,-73.5861","leash-free,fenced,downtown,water",,"<p>Parc Jeanne-Mance Dog Park is a popular off-leash space in Montreal, loved for its downtown convenience and shaded spots. Dogs can roam freely while owners relax nearby.</p>",,,,
Parc Laurier Dog Run,parc-laurier-dog-run,683758b0a3f8a696dfc417b0,683758b09dd1e3ac2e4e9809,6873cc715da735d72bd1dbdd,false,false,Sun Jul 13 2025 15:10:41 GMT+0000 (Coordinated Universal Time),Tue Jul 15 2025 23:49:23 GMT+0000 (Coordinated Universal Time),Wed Jul 16 2025 00:26:21 GMT+0000 (Coordinated Universal Time),Parc Laurier Dog Run Leash-Free Dog Park,Leash Free,"<p>Parc Laurier Dog Run in Montreal is a popular fenced dog area in the heart of the Plateau, ideal for dogs to exercise and socialize.</p>",1115 Rue Laurier E,45.5278,-73.5769,Montreal,Quebec,H2J 1C1,Yes,No,gravel,Medium,No,Yes,Partial,Yes,Yes,No,No,6am–11pm,,https://montreal.ca/en/articles/where-are-dog-parks-montreal-34251,"https://maps.google.com/?q=45.5278,-73.5769","leash-free,fenced,urban",,"<p>Parc Laurier Dog Run is a beloved leash-free dog park in Montreal, known for its lively atmosphere and central location. It’s a great place for dogs to play and socialize year-round.</p>",,,,
Parc Sir-Wilfrid-Laurier Dog Park,parc-sir-wilfrid-laurier-dog-park,683758b0a3f8a696dfc417b0,683758b09dd1e3ac2e4e9809,6873cdbcfb2b23c0989b51b3,false,false,Sun Jul 13 2025 15:16:12 GMT+0000 (Coordinated Universal Time),Tue Jul 15 2025 23:49:17 GMT+0000 (Coordinated Universal Time),Wed Jul 16 2025 00:26:21 GMT+0000 (Coordinated Universal Time),Parc Sir-Wilfrid-Laurier Dog Park,Leash Free,<p>Parc Sir-Wilfrid-Laurier Dog Park is a popular fenced off-leash area in Montreal offering a safe and social environment for dogs to run and play.</p>,Avenue Laurier E & Rue de Mentana,45.5278,-73.5784,Montreal,Quebec,H2J 3N8,Yes,No,gravel,Medium,No,Yes,Partial,Yes,Yes,No,No,6am–11pm,,https://www.bringfido.com/attraction/16746,https://goo.gl/maps/b1FZafkmTezVLdLj6,"leash-free,fenced,gravel",,"<p>Parc Sir-Wilfrid-Laurier Dog Park is a popular leash-free dog park in Montreal, known for its vibrant atmosphere and convenient Plateau location. It’s a great spot for dogs to run, socialize, and enjoy the outdoors safely.</p>",,,,
Parc canin Saint-Augustin-de-Desmaures,parc-canin-saint-augustin-de-desmaures,683758b0a3f8a696dfc417b0,683758b09dd1e3ac2e4e9809,6873cb132d7c87c9eda465c7,false,false,Sun Jul 13 2025 15:04:51 GMT+0000 (Coordinated Universal Time),Tue Jul 15 2025 23:49:33 GMT+0000 (Coordinated Universal Time),Wed Jul 16 2025 00:26:21 GMT+0000 (Coordinated Universal Time),Parc canin Saint-Augustin-de-Desmaures Leash-Free Dog Park,Leash Free,"<p>Located just outside Quebec City, this off-leash park offers a peaceful natural setting for dogs to play and explore.</p>",200 Rue Jean-Juneau,46.7498,-71.4138,Saint-Augustin-de-Desmaures,Quebec,G3A 1W9,Yes,No,grass,Large,Unknown,Yes,Yes,Yes,Yes,Yes,No,6am–10pm,None,https://www.bringfido.com/attraction/25951,"https://www.google.com/maps/place/200+Rue+Jean-Juneau,+Saint-Augustin-de-Desmaures","leash-free, fenced, grass",<p>Located west of Quebec City; serene and less busy.</p>,"<p>Parc canin Saint-Augustin-de-Desmaures is a large off-leash dog park near Quebec City, known for its calm surroundings and open space. It’s a great retreat for dogs and their owners seeking a quieter park experience.</p>",,,,
Parc canin de la Pente-Douce,parc-canin-de-la-pente-douce,683758b0a3f8a696dfc417b0,683758b09dd1e3ac2e4e9809,6873cb1319560dc19e9d2ed5,false,false,Sun Jul 13 2025 15:04:51 GMT+0000 (Coordinated Universal Time),Tue Jul 15 2025 23:49:39 GMT+0000 (Coordinated Universal Time),Wed Jul 16 2025 00:26:21 GMT+0000 (Coordinated Universal Time),Parc canin de la Pente-Douce Leash-Free Dog Park,Leash Free,<p>Parc canin de la Pente-Douce is a popular leash-free dog park in Quebec City with a large fenced area and social atmosphere for dogs and owners alike.</p>,3500 Avenue Chauveau,46.8702,-71.2656,Quebec City,Quebec,G2C 1A5,Yes,Unknown,grass,Large,Yes (seasonal),Yes,Partial,Yes,Yes,Yes,Unknown,6am–10pm,None,https://www.bringfido.com/attraction/25950,"https://www.google.com/maps/place/Parc+canin+de+la+Pente-Douce/@46.8702,-71.2656","leash-free, fenced, grass, seasonal water",<p>Very popular with locals; can be busy during peak hours.</p>,"<p>Parc canin de la Pente-Douce is a popular leash-free dog park in Quebec City, known for its spacious green area and friendly community. It’s a great spot for dogs to socialize and play off-leash.</p>",,,,
Parc de Duberger,parc-de-duberger,683758b0a3f8a696dfc417b0,683758b09dd1e3ac2e4e9809,6873cb1346cd1912f3878834,false,false,Sun Jul 13 2025 15:04:51 GMT+0000 (Coordinated Universal Time),Tue Jul 15 2025 23:49:51 GMT+0000 (Coordinated Universal Time),Wed Jul 16 2025 00:26:21 GMT+0000 (Coordinated Universal Time),Parc de Duberger Leash-Free Dog Park,Leash Free,<p>Parc de Duberger features a designated off-leash zone surrounded by a wooded landscape and nearby walking trails in Quebec City.</p>,2350 Boulevard Père-Lelièvre,46.8211,-71.2967,Quebec City,Quebec,G1P 2X4,Partial,No,"grass, dirt",Medium,No,Limited,Yes,Yes,Yes,Yes,No,6am–10pm,None,https://www.ville.quebec.qc.ca,"https://www.google.com/maps/place/Parc+de+Duberger/@46.8211,-71.2967","leash-free, trails, partial fence",<p>Wooded park with informal off-leash trails.</p>,"<p>Parc de Duberger is a designated off-leash dog park in Quebec City, known for its mix of wooded areas and open zones. Dogs can enjoy off-leash play while exploring nearby trails.</p>",,,,
Parc de la Louisianne Dog Park,parc-de-la-louisianne-dog-park,683758b0a3f8a696dfc417b0,683758b09dd1e3ac2e4e9809,6873cdbcc61183291ac77051,false,false,Sun Jul 13 2025 15:16:12 GMT+0000 (Coordinated Universal Time),Tue Jul 15 2025 23:49:11 GMT+0000 (Coordinated Universal Time),Wed Jul 16 2025 00:26:21 GMT+0000 (Coordinated Universal Time),Parc de la Louisianne Dog Park,Leash Free,<p>Parc de la Louisianne Dog Park is a well-known off-leash space in Montreal with shaded seating and ample space for dog play and socialization.</p>,3135 Rue de Louvain E,45.5609,-73.6289,Montreal,Quebec,H1Z 1J5,Yes,No,grass,Large,No,Yes,Yes,Yes,Yes,Yes,No,6am–11pm,,https://www.bringfido.com/attraction/16743,https://goo.gl/maps/buzy6RzF88evhZ7j9,"leash-free,fenced,grass",,"<p>Parc de la Louisianne Dog Park is a large leash-free area in Montreal, known for its green space and relaxed vibe. It’s ideal for energetic dogs looking to burn off steam.</p>",,,,
Parc du Sault-au-Récollet Dog Park,parc-du-sault-au-recollet-dog-park,683758b0a3f8a696dfc417b0,683758b09dd1e3ac2e4e9809,6873cdbdbf1558c7cfde6898,false,false,Sun Jul 13 2025 15:16:13 GMT+0000 (Coordinated Universal Time),Tue Jul 15 2025 23:49:02 GMT+0000 (Coordinated Universal Time),Wed Jul 16 2025 00:26:21 GMT+0000 (Coordinated Universal Time),Parc du Sault-au-Récollet Dog Park,Leash Free,"<p>Located in a scenic riverside setting, Parc du Sault-au-Récollet Dog Park offers a peaceful off-leash experience with urban charm.</p>",10500 Rue Chambord,45.5646,-73.6703,Montreal,Quebec,H2C 2R6,Yes,No,grass,Medium,Unknown,Yes,Limited,Yes,Yes,Yes,Unknown,6am–11pm,,https://www.rockymountaindog.ca/blogs/news/montreal-dog-parks,https://goo.gl/maps/YZKYZVDtX6sW7dUu7,"leash-free,fenced,grass,scenic",,"<p>Parc du Sault-au-Récollet Dog Park is a charming leash-free area in Montreal, known for its tranquil setting near the river. It’s a hidden gem for dog lovers seeking peace and space.</p>",,,,
Park ’n’ Bark Off-Leash Dog Area,park-n-bark-off-leash-dog-area,683758b0a3f8a696dfc417b0,683758b09dd1e3ac2e4e9809,6871bf9776a02631e1d622ce,false,false,Sat Jul 12 2025 01:51:19 GMT+0000 (Coordinated Universal Time),Sat Jul 12 2025 02:02:11 GMT+0000 (Coordinated Universal Time),Sat Jul 12 2025 03:27:49 GMT+0000 (Coordinated Universal Time),Park ’n’ Bark Off-Leash Dog Area,Leash Free,"<p>Park ’n’ Bark in North Lethbridge is a small, fully fenced off-leash park with lighting, seating, and secure gates for safe dog play.</p>",St Edward Blvd N & 13 Ave N,49.7206,-112.8057,Lethbridge,Alberta,T1H 4K4,Yes,No,"gravel, dirt",Small,No,Yes,Minimal,Yes,Yes,Street parking,No,6 am – 10 pm,None,https://www.lethbridge.ca/Things-To-Do/Parks/Pages/Dog-Parks.aspx,"https://maps.google.com/?q=Park+’n’+Bark,+Lethbridge,+AB","leash-free,fenced,urban",,"<p>Park ’n’ Bark Off-Leash Dog Area in North Lethbridge is a compact, fenced space where dogs can safely exercise and socialize.</p>",,,,
Parkway Belt Park,parkway-belt-dog-park,683758b0a3f8a696dfc417b0,683758b09dd1e3ac2e4e9809,6840af13d8aa75b35de822cd,false,false,Wed Jun 04 2025 20:39:47 GMT+0000 (Coordinated Universal Time),Wed Jun 04 2025 21:04:34 GMT+0000 (Coordinated Universal Time),Thu Jun 05 2025 00:31:39 GMT+0000 (Coordinated Universal Time),Parkway Belt Park (Leash-Free Dog Area),Leash Free,"<p>Located near Eglinton Avenue and Mavis Road, Parkway Belt Leash-Free Dog Park is a large open field designed for dogs to run freely and safely. It’s fully fenced and includes both open areas and some light tree cover. The park is popular with local residents due to its accessibility and ample parking space.</p>",655 Matheson Blvd W,43.62126306,-79.6400626,Mississauga,Ontario,L5R 3T1,Yes,Unknown,Grass,,No,Unknown,Partial,Yes,Yes,Yes,Unknown,7:00 AM – 9:00 PM,,,"https://www.google.com/maps/place/Parkway+Belt+Dog+Park/@43.6208827,-79.6786871,13z/data=!4m10!1m2!2m1!1sPaul+Coffey+Park+dog+park!3m6!1s0x882b4750ab949c8d:0x5f3129c8d8a9d454!8m2!3d43.6208165!4d-79.6400626!15sChlQYXVsIENvZmZleSBQYXJrIGRvZyBwYXJrWhsiGXBhdWwgY29mZmV5IHBhcmsgZG9nIHBhcmuSAQhkb2dfcGFya5oBI0NoWkRTVWhOTUc5blMwVkpRMEZuU1VRMmJVazNNa2QzRUFFqgFsCgkvbS8wYnQ5bHIQASodIhlwYXVsIGNvZmZleSBwYXJrIGRvZyBwYXJrKAAyHxABIhtpUFbEl-14eGJ2aMj3h-byry2FkezoxYuKS2EyHRACIhlwYXVsIGNvZmZleSBwYXJrIGRvZyBwYXJr4AEA-gEECAAQOw!16s%2Fg%2F11b69r7fdg?entry=ttu&g_ep=EgoyMDI1MDYwMi4wIKXMDSoASAFQAw%3D%3D","fenced, grass, benches, parking",<p>Easy access from multiple directions and ample parking make this a go-to spot for many locals.</p>,"<p>Parkway Belt Leash-Free Dog Park offers a large, grassy space where dogs can run and socialize off-leash. Conveniently located near major roads, it’s a great option for both short visits and extended playtime.</p>",,,,
Pathfinder Park,pathfinder-park,683758b0a3f8a696dfc417b0,683758b09dd1e3ac2e4e9809,683a0551cdb3c7607634553e,false,false,Fri May 30 2025 19:21:53 GMT+0000 (Coordinated Universal Time),Fri May 30 2025 19:24:07 GMT+0000 (Coordinated Universal Time),Fri May 30 2025 19:40:19 GMT+0000 (Coordinated Universal Time),Pathfinder Park (Leash-Free Dog Area),Leash Free,"<p>Pathfinder Park, located in Burlington's Orchard neighborhood, features a compact yet secure leash-free area for dogs. The 0.05-hectare space is fully enclosed with a six-foot-high chain-link fence and includes a double-gated entry/exit enclosure for added safety. An accessible park bench is available for pet owners to relax while their dogs play.</p>",3365 Pathfinder Drive,,,Burlington,Ontario,L7L 7B6,Yes,No,Grass,,No,Yes,No,Yes,,,No,8:00 AM – 11:00 PM,,https://www.burlington.ca/en/news/current-city-projects-and-construction/pathfinder-park-leash-free-area-construction.aspx,"https://www.google.com/maps/place/3365+Pathfinder+Dr,+Burlington,+ON+L7L+7B6","fenced, grass surface, benches, parking",,"<p>Pathfinder Park offers a dedicated leash-free area in Burlington's Orchard neighborhood, providing a safe and convenient space for dogs to enjoy off-leash play. With its secure fencing and accessible amenities, it's a welcome addition for local dog owners.</p>",https://cdn.prod.website-files.com/683758b09dd1e3ac2e4e980a/683a055df5ba14b9bfccd231_Pathfinder%20Park.png,,,
Paul Coffey Park,paul-coffey-park,683758b0a3f8a696dfc417b0,683758b09dd1e3ac2e4e9809,6840af136c20aedff3c76c1d,false,false,Wed Jun 04 2025 20:39:47 GMT+0000 (Coordinated Universal Time),Wed Jun 04 2025 21:03:41 GMT+0000 (Coordinated Universal Time),Thu Jun 05 2025 00:31:39 GMT+0000 (Coordinated Universal Time),Paul Coffey Park (Leash-Free Dog Park),Leash Free,<p>Paul Coffey Park’s leash-free zone is part of a large community park located in Malton. The off-leash area is fully fenced and offers open grass space with a few trees along the edges. It’s an ideal location for dog owners in the north Mississauga area.</p>,3430 Derry Rd E,43.62243609,-79.63971999,Mississauga,Ontario,L4T 1A9,Yes,No,Grass,Approx. 1.5 acres,No,,Partial,Yes,Yes,Yes,Yes,7:00 AM – 9:00 PM,None,,"https://www.google.com/maps/place/3430+Derry+Rd+E,+Mississauga,+ON+L4T+1A9","fenced, grass, community park, benches","<p>Located near the airplane display and children’s play area, the dog park is part of a vibrant community hub.</p>","<p>Set within the dynamic Paul Coffey Park in Malton, the leash-free area provides a secure environment for dogs to roam and play while owners relax and connect with fellow pet lovers.</p>",,,,
Paul Mostoway Dog Park,paul-mostoway-dog-park,683758b0a3f8a696dfc417b0,683758b09dd1e3ac2e4e9809,6871caa3e1c1fed237a49051,false,false,Sat Jul 12 2025 02:38:27 GMT+0000 (Coordinated Universal Time),Sat Jul 12 2025 02:38:51 GMT+0000 (Coordinated Universal Time),Sat Jul 12 2025 03:27:49 GMT+0000 (Coordinated Universal Time),Paul Mostoway Dog Park Leash-Free Dog Park,Leash Free,"<p>Paul Mostoway Dog Park is an off-leash park in Saskatoon named after a community advocate, offering open play areas for dogs.</p>",Mostoway Walk,52.1047,-106.6203,Saskatoon,Saskatchewan,S7N 4Y9,No,No,grass,Medium,No,No,Minimal,Yes,No,Street Parking,No,5 am – 11 pm,None,https://www.saskatoon.ca/parks-recreation-attractions/parks/dog-parks,"https://maps.google.com/?q=Mostoway+Walk,+Saskatoon,+SK","leash-free,neighbourhood",,"<p>Paul Mostoway Dog Park in Saskatoon provides an open off-leash area in a peaceful suburban setting, great for regular dog walks.</p>",,,,
Peach Park,peach-park-chilliwack,683758b0a3f8a696dfc417b0,683758b09dd1e3ac2e4e9809,6871083c4acbeaff1c06c0b1,false,false,Fri Jul 11 2025 12:49:00 GMT+0000 (Coordinated Universal Time),Fri Jul 11 2025 14:20:55 GMT+0000 (Coordinated Universal Time),Fri Jul 11 2025 17:00:43 GMT+0000 (Coordinated Universal Time),Peach Park Leash-Free Dog Park,Leash Free,"<p>Peach Park in Chilliwack offers a grassy, fenced area where dogs can enjoy off-leash playtime in a quiet neighbourhood setting.</p>",Rotary Trail,49.10752273652283,-121.98682929568284,Chilliwack,British Columbia,V2R 0Z6,Yes,No,grass,Small,No,Limited,Minimal,Yes,Yes,Street parking,No,6 am – 10 pm,None,https://www.chilliwack.com/main/page.cfm?id=945,"https://www.google.com/maps/place/Peach+Park/@49.1894899,-122.2250953,11z/data=!4m10!1m2!2m1!1sdog+parks+in+Chilliwack+ON!3m6!1s0x548447f7a5dd43a1:0xef61ba844b14e650!8m2!3d49.0983347!4d-121.9867975!15sChpkb2cgcGFya3MgaW4gQ2hpbGxpd2FjayBPTlocIhpkb2cgcGFya3MgaW4gY2hpbGxpd2FjayBvbpIBBHBhcmuaASRDaGREU1VoTk1HOW5TMFZKUTBGblNVUjRPR0Z0VURsUlJSQUKqAV0KCS9tLzBidDlschABKg0iCWRvZyBwYXJrcygAMh8QASIbbz9nDNfpb7ukb9UorWVQq0N4RUsMi162kpIdMh4QAiIaZG9nIHBhcmtzIGluIGNoaWxsaXdhY2sgb27gAQD6AQQIABA7!16s%2Fg%2F11hdh94w21!5m1!1e1?entry=ttu&g_ep=EgoyMDI1MDcwOC4wIKXMDSoASAFQAw%3D%3D","leash-free,fenced,grass",,"<p>Peach Park is a cozy neighborhood leash-free dog park in Chilliwack, ideal for dogs to stretch their legs and play.</p>",,,,
Pearce Estate Park Off-Leash Area,pearce-estate-park-off-leash-area,683758b0a3f8a696dfc417b0,683758b09dd1e3ac2e4e9809,683b175f9266cccd39792333,false,false,Sat May 31 2025 14:51:11 GMT+0000 (Coordinated Universal Time),Sat May 31 2025 14:51:11 GMT+0000 (Coordinated Universal Time),Sun Jun 01 2025 00:16:54 GMT+0000 (Coordinated Universal Time),Pearce Estate Park (Leash-Free Riverside Nature),Leash Free,"<p>Pearce Estate Park is a riverside park with walking trails, wetlands, and open green space. The off-leash area lies along the adjacent pathway network with access to grassy clearings and the riverbank.</p>",1440 17A St SE,,,Calgary,Alberta,T2G 4T9,No,No,Grass and Riverbank,21 hectares (51 acres),Yes,Yes,,Yes,,Yes,Yes,5:00 AM to 11:00 PM,,https://www.calgary.ca/parks/off-leash-locations.html,"https://www.google.com/maps/place/Pearce+Estate+Park/@51.0402021,-114.021875","wetlands, riverside, trails, wildlife, nature","<p>Popular with families and joggers, so off-leash awareness is important.</p>",<p>Pearce Estate Park provides a beautiful riverside setting for dogs and owners to enjoy nature walks and off-leash time amid wetlands and trails.</p>,,,,
Pearson Park,pearson-park-chilliwack,683758b0a3f8a696dfc417b0,683758b09dd1e3ac2e4e9809,6871083c89431aaee5d4658a,false,false,Fri Jul 11 2025 12:49:00 GMT+0000 (Coordinated Universal Time),Fri Jul 11 2025 14:14:07 GMT+0000 (Coordinated Universal Time),Fri Jul 11 2025 17:00:43 GMT+0000 (Coordinated Universal Time),Pearson Park | Chilliwack Park Guide,Sub-neighbourhood park,"<p>Pearson Park is a small Urban Core neighbourhood green space in Chilliwack, but it is not listed by the city as an official off-leash dog park.</p>",46480 Hurndall Crescent,49.1715,-121.9374,Chilliwack,British Columbia,V2P 1E9,No,No,Grass lawn and neighbourhood park landscape,Small sub-neighbourhood park,Unknown - verify on arrival,Unknown - verify on arrival,Some tree cover - verify on arrival,Unknown - verify on arrival,No official dog-park dispensers confirmed,Street parking,No city-confirmed washrooms noted,Verify posted park hours on arrival,Check current city notices,https://www.chilliwack.com/main/page.cfm?id=945,https://www.google.com/maps/search/?api=1&query=46480+Hurndall+Crescent+Chilliwack+BC,"park-guide,chilliwack,urban-core,sub-neighbourhood-park,pearson-park","<p>Primary sources: City of Chilliwack parks inventory and the current City of Chilliwack dog off-leash areas page. Reviewed on August 2, 2026.</p>","<p>Pearson Park is a small <strong>Urban Core sub-neighbourhood park</strong> in Chilliwack, serving nearby residents as a modest local green space rather than an official dog off-leash destination.</p>",,2026-08-02,Pearson Park | Chilliwack Park Guide | LeashFree.ca,"Source-backed guide to Pearson Park in Chilliwack, including its Urban Core sub-neighbourhood park classification and why it should not be treated as an official off-leash dog park."
Peenaquim Park Off-Leash Area,peenaquim-park-off-leash-area,683758b0a3f8a696dfc417b0,683758b09dd1e3ac2e4e9809,6871bf411eff7225bee9a71e,false,false,Sat Jul 12 2025 01:49:53 GMT+0000 (Coordinated Universal Time),Sat Jul 12 2025 02:02:10 GMT+0000 (Coordinated Universal Time),Sat Jul 12 2025 03:27:49 GMT+0000 (Coordinated Universal Time),Peenaquim Park Off-Leash Area,Leash Free,"<p>Peenaquim Park is Lethbridge’s largest off-leash dog area, featuring open fields, river views, and natural trails for adventure-loving dogs.</p>",North Parkside Dr & Stafford Dr N,49.7085,-112.8161,Lethbridge,Alberta,T1H 5G7,No,No,"grass, natural trail",Very Large,Yes (river),Yes,Yes,Yes,Yes,Yes,No,6 am – 10 pm,None,https://www.lethbridge.ca/Things-To-Do/Parks/Pages/Dog-Parks.aspx,"https://maps.google.com/?q=Peenaquim+Park,+Lethbridge,+AB","leash-free,river,trails,natural,scenic",,"<p>Peenaquim Park Off-Leash Area is the largest dog park in Lethbridge, offering wide-open space and scenic trails along the river valley.</p>",,,,
Pemberton Park,pemberton-park-victoria,683758b0a3f8a696dfc417b0,683758b09dd1e3ac2e4e9809,6871ad75a0edf1a9dde714b2,false,false,Sat Jul 12 2025 00:33:57 GMT+0000 (Coordinated Universal Time),Sat Jul 12 2025 00:53:01 GMT+0000 (Coordinated Universal Time),Sat Jul 12 2025 01:27:16 GMT+0000 (Coordinated Universal Time),Pemberton Park Leash-Optional Area | Victoria,Leash Free,"<p>Pemberton Park is an official Victoria leash-optional park in Gonzales with mature trees, open lawns, sports-field use, and washrooms.</p>",Pemberton Road,48.4248,-123.3428,Victoria,British Columbia,V8S 1A4,No,No,"Open lawn, sports field grass, and shaded park landscape",Neighbourhood park,Unknown - verify on arrival,Unknown - verify on arrival,Yes - mature trees,Unknown - verify on arrival,Unknown - verify on arrival,Neighbourhood access - verify on arrival,Yes,Verify posted park hours on arrival,Follow Victoria dogs-in-parks rules and posted signs,https://www.victoria.ca/parks-recreation/parks-trails/our-parks/pemberton-park,https://www.google.com/maps/search/?api=1&query=Pemberton+Park+Victoria+BC,"leash-optional,victoria,gonzales,mature-trees,pemberton-park","<p>Primary sources: https://www.victoria.ca/parks-recreation/parks-trails/dogs-in-parks for leash-optional park status, and https://www.victoria.ca/parks-recreation/parks-trails/our-parks/pemberton-park for the park profile. Current city materials describe Pemberton Park as a Gonzales neighbourhood park with mature trees, open lawn, sports-field use, washrooms, and a playground replacement project. Reviewed on August 4, 2026.</p>","<p>Pemberton Park is one of Victoria&apos;s official <strong>leash-optional parks</strong>, a larger neighbourhood green space in <strong>Gonzales</strong> with mature trees, open lawns, and shared family recreation areas.</p>",,2026-08-04,Pemberton Park Leash-Optional Area | Victoria | LeashFree.ca,"Source-backed guide to Pemberton Park in Victoria, including its leash-optional designation, Gonzales neighbourhood setting, mature trees, sports field, washrooms, and current playground replacement context."
Peter Misersky Park,peter-misersky-park,683758b0a3f8a696dfc417b0,683758b09dd1e3ac2e4e9809,6855fa4a84d3cdf9f89f3fd3,false,false,Sat Jun 21 2025 00:18:18 GMT+0000 (Coordinated Universal Time),Sat Jun 21 2025 01:16:16 GMT+0000 (Coordinated Universal Time),Sat Jun 21 2025 01:54:30 GMT+0000 (Coordinated Universal Time),Peter Misersky Park (Leash-Free Dog Area),Leash Free,<p>Peter Misersky Park provides a dedicated leash-free dog area with plenty of open field space and nearby trails. The leash-free zone is unfenced and requires dogs to be under effective control.</p>,80 Victoria Rd N,43.564933396569245,-80.23158183385486,Guelph,Ontario,N1E 5H7,No,No,"Grass, Natural",Unknown,No,No,Partial,Yes,No,Yes,No,5:00 AM – 11:00 PM,None,https://guelph.ca/living/recreation/parks/leash-free-zones-for-dogs/,"https://www.google.com/maps/place/Peter+Misersky+Park/@43.5647313,-80.2340763,17z/data=!3m1!4b1!4m6!3m5!1s0x882b9baab360368f:0x38f6d89b2a336e9b!8m2!3d43.5647313!4d-80.231496!16s%2Fg%2F1wbrydz3!5m1!1e1?entry=ttu&g_ep=EgoyMDI1MDYxNy4wIKXMDSoASAFQAw%3D%3D","unfenced, open-space, natural, parking",<p>The park includes a nearby trail system and sports facilities.</p>,"<p>Peter Misersky Park in Guelph is a popular destination for dog owners looking to let their pets roam in a large, leash-free environment. While unfenced, the area is surrounded by natural space perfect for active dogs.</p>",,,,
Pickering Dog Park,pickering-dog-park,683758b0a3f8a696dfc417b0,683758b09dd1e3ac2e4e9809,687057e810138608534fbfa0,false,false,Fri Jul 11 2025 00:16:40 GMT+0000 (Coordinated Universal Time),Fri Jul 11 2025 00:21:21 GMT+0000 (Coordinated Universal Time),Fri Jul 11 2025 12:18:36 GMT+0000 (Coordinated Universal Time),Pickering Dog Park Leash-Free Dog Park,Leash Free,"<p>Pickering Dog Park is a local fenced off-leash area with space for dogs to run, play, and socialize freely.</p>",1805 Walnut Ln,43.86497105401944,-79.0823754606906,Pickering,Ontario,L1V 6K7,Yes,No,grass,Small,No,Yes,Minimal,Yes,Yes,Yes,No,6 am – 10 pm,None,https://www.pickering.ca/en/discovering/parks.aspx,"https://www.google.com/maps/place/Pickering+Dog+Park/@43.8605154,-79.2427072,12z/data=!4m10!1m2!2m1!1sdog+park+near+Pickering,+ON!3m6!1s0x89d4df4967a44b8d:0xb7ada5afd7e7dc6e!8m2!3d43.8621947!4d-79.0988897!15sChtkb2cgcGFyayBuZWFyIFBpY2tlcmluZywgT05aHCIaZG9nIHBhcmsgbmVhciBwaWNrZXJpbmcgb26SAQhkb2dfcGFya5oBI0NoWkRTVWhOTUc5blMwVkpRMEZuU1VNMk1tUkVWbVpSRUFFqgFcCgkvbS8wYnQ5bHIQASoMIghkb2cgcGFyaygAMh8QASIbaWu0NRoqOgQZSpVBCG_HYKXMyV1wDcjEzFjXMh4QAiIaZG9nIHBhcmsgbmVhciBwaWNrZXJpbmcgb27gAQD6AQQIABA5!16s%2Fg%2F11cjp8s9n7!5m1!1e1?entry=ttu&g_ep=EgoyMDI1MDcwNy4wIKXMDSoASAFQAw%3D%3D","leash-free,fenced,community",,"<p>Pickering Dog Park is a friendly, fenced-in area for local dog owners to enjoy off-leash fun with their pets.</p>",,,,
Pocket Designated Off-Leash Area,pocket-designated-off-leash-area,683758b0a3f8a696dfc417b0,683758b09dd1e3ac2e4e9809,6842e0988f6b6629ee7f75b5,false,false,Fri Jun 06 2025 12:35:36 GMT+0000 (Coordinated Universal Time),Fri Jun 06 2025 12:38:04 GMT+0000 (Coordinated Universal Time),Fri Jun 06 2025 13:46:10 GMT+0000 (Coordinated Universal Time),The Pocket – Phin Avenue Parkette (Leash-Free Dog Area),Leash Free,"<p id="""">Tucked away in the quiet “Pocket” neighborhood, this small parkette offers a fenced leash-free dog area that feels intimate and community-driven. While the space is compact, it includes essential amenities like benches, shade, and waste stations, making it a neighborhood favorite.</p>",400 Greenwood Ave,43.67745700746072,-79.33425580573987,Toronto,Ontario,M4J 3T3,Yes,No,Woodchips,Approx. 0.1 acres,No,Yes,Yes,Yes,Yes,Street parking,No,7:00 AM – 9:00 PM,None,https://www.toronto.ca/explore-enjoy/parks-recreation/places-spaces/parks-and-recreation-facilities/,"https://www.google.com/maps/place/Pocket+Designated+Off-Leash+Area/@43.6762582,-79.3338159,17z/data=!4m15!1m8!3m7!1s0x89d4cc7eeb5a1ddb:0x7262d48343185faf!2s400+Greenwood+Ave,+Toronto,+ON+M4J+4Y5!3b1!8m2!3d43.6762543!4d-79.331241!16s%2Fg%2F1wj_v7v1!3m5!1s0x89d4cd16e549c775:0x8eba45ca3e2a0d27!8m2!3d43.677271!4d-79.3343088!16s%2Fg%2F11gl4j_bhc?entry=ttu&g_ep=EgoyMDI1MDYwMy4wIKXMDSoASAFQAw%3D%3D","fenced, shaded, community space, benches, woodchip surface","<p>A cozy, well-loved dog area for locals in one of Toronto’s quieter enclave</p>","<p id="""">The Pocket’s Phin Avenue Parkette offers a charming, neighborhood-centric leash-free zone with just the right amount of space and shade for relaxed, off-leash outings.</p>",,,,
Point Pleasant Park,point-pleasant-park,683758b0a3f8a696dfc417b0,683758b09dd1e3ac2e4e9809,68b852f4765dfeec8929b341,false,false,Wed Sep 03 2025 14:38:44 GMT+0000 (Coordinated Universal Time),Wed Sep 03 2025 19:49:10 GMT+0000 (Coordinated Universal Time),Sat Sep 06 2025 19:21:07 GMT+0000 (Coordinated Universal Time),Point Pleasant Park Leash-Free Dog Park,Leash Free,"<p>Historic coastal park with extensive signed off-leash trail sections, ocean views, and wide paths for relaxed walks with your dog.</p>",5530 Point Pleasant Dr,44.627915,-63.566794,Halifax,NS,,No,No,"gravel trails, forest paths",Large,No,Yes,Yes,Yes,Unknown,Yes,Yes (Seasonal),5:00 a.m. - 10:00 p.m.,Some routes have time-based or leash restrictions; check posted maps and signs,https://www.halifax.ca/parks-recreation/parks-trails-gardens/parks-outdoor-spaces/point-pleasant-park,https://www.google.com/maps?q=Point+Pleasant+Park+Halifax,"leash-free, trails, coastal, historic, shaded",<p>Off-leash areas are designated; dogs not allowed after 10 a.m. on Sailors Memorial Way per posted rules. Sources: HRM PPP page; PPP off-leash map notice.</p>,"<p>Point Pleasant Park is a beloved leash-free dog park in Halifax, known for coastal scenery and well-marked off-leash trails. It is a great place for dogs to explore wide paths and shady forested routes.</p>",,,,
Popson Park Off-Leash Area,popson-park-off-leash-area,683758b0a3f8a696dfc417b0,683758b09dd1e3ac2e4e9809,6871bf41c1c58f84513afd5c,false,false,Sat Jul 12 2025 01:49:53 GMT+0000 (Coordinated Universal Time),Sat Jul 12 2025 02:02:11 GMT+0000 (Coordinated Universal Time),Sat Jul 12 2025 03:27:49 GMT+0000 (Coordinated Universal Time),Popson Park Off-Leash Area | Lethbridge,Leash Free,"<p>Popson Park is a large Lethbridge river valley dog park with a signed off-leash section, 2 km of limestone pathways, river access, and destination-style walking terrain.</p>",880 River Ridge Road West,49.6624,-112.8831,Lethbridge,Alberta,T1K 7Y2,No,No,"Limestone pathways, grassland, natural river valley terrain",50+ acres,Yes - river access,Yes,Minimal to moderate natural cover,Yes,Yes - dog-waste bags provided,Yes,No city-confirmed washrooms noted,Verify posted park hours on arrival,Check current city notices,https://www.lethbridge.ca/Things-To-Do/Parks/Pages/Dog-Parks.aspx,https://www.google.com/maps/search/?api=1&query=880+River+Ridge+Road+West+Lethbridge+AB,"off-leash,lethbridge,river-valley,limestone-pathways,popson-park","<p>Primary source: https://www.lethbridge.ca/Things-To-Do/Parks/Pages/Dog-Parks.aspx. Current city materials describe Popson Park as a 50+ acre river valley park with 2 km of limestone pathways, river access, benches, dog-waste bags, waste bins, and a signed off-leash section running from the boat launch to the picnic shelter. The city also notes that the access road is close to the off-leash area. Reviewed on August 4, 2026.</p>","<p>Popson Park is one of Lethbridge&apos;s destination-style dog parks, with a <strong>signed off-leash section</strong> inside a <strong>50+ acre river valley park</strong> featuring limestone pathways, river access, and broad natural coulee scenery.</p>",,2026-08-04,Popson Park Off-Leash Area | Lethbridge | LeashFree.ca,"Source-backed guide to Popson Park in Lethbridge, including the signed off-leash zone, more than 50 acres of river valley parkland, 2 km of limestone pathways, river access, and on-site safety notes."
Post Park,post-park,683758b0a3f8a696dfc417b0,683758b09dd1e3ac2e4e9809,68407860580e01daf7171373,false,false,Wed Jun 04 2025 16:46:24 GMT+0000 (Coordinated Universal Time),Fri Jun 06 2025 18:12:55 GMT+0000 (Coordinated Universal Time),Sat Jun 14 2025 00:09:21 GMT+0000 (Coordinated Universal Time),Post Park (Leash-Free Dog Area),Leash Free,"<p>Post Park is a family-friendly, fully fenced leash-free dog park nestled among mature trees in Oakville. The park features separate sections for large and small dogs, providing a safe environment for all sizes to play and socialize. Amenities include benches, picnic tables, waste bins, and a water station. The surrounding area offers additional recreational facilities such as a children's playground, soccer field, and walking trails, making it an ideal spot for the entire family.</p>",512 Macdonald Road,,,Oakville,Ontario,L6J 2B7,Yes,Yes,Grass,Unknown,Unknown,Yes,Yes,Yes,Unknown,Yes,Unknown,Daily: 8:00 AM – 11:00 PM,None,https://www.oakville.ca/parks-recreation-culture/parks-gardens-trails/parks/dog-parks/,"https://www.google.com/maps/place/512+MacDonald+Rd/@43.4594199,-79.668904,20z/data=!4m7!3m6!1s0x882b5cbef055fa65:0x6092556386896b4d!4b1!8m2!3d43.4596859!4d-79.6689993!16s%2Fg%2F11c266wv5f!5m1!1e1?entry=ttu&g_ep=EgoyMDI1MDYwMS4wIKXMDSoASAFQAw%3D%3D","fenced, separate small dog area, shaded, family-friendly, water station","<p>In July 2024, a new fenced area for smaller dogs was constructed to enhance safety and enjoyment for all visitors.</p>","<p>Post Park offers Oakville residents a serene and secure environment for off-leash dog play. With its shaded areas, separate sections for different dog sizes, and additional family-friendly amenities, it's a perfect destination for both dogs and their owners to enjoy quality outdoor time.</p>",https://cdn.prod.website-files.com/683758b09dd1e3ac2e4e980a/684079a0afaf0bcbff6abae8_post-park.jpg,,,
Pottersburg-FIDO Off-Leash Dog Area,pottersburg-fido-off-leash-dog-area,683758b0a3f8a696dfc417b0,683758b09dd1e3ac2e4e9809,68e56a6f2462bcbf46884b3c,false,false,Tue Oct 07 2025 19:30:55 GMT+0000 (Coordinated Universal Time),Tue Oct 07 2025 19:32:17 GMT+0000 (Coordinated Universal Time),Fri Oct 10 2025 18:55:59 GMT+0000 (Coordinated Universal Time),Pottersburg-FIDO Off-Leash Dog Area,Leash Free,"<p>Spacious off-leash park located within Pottersburg Park, offering large grassy fields, wooded areas, and separate zones for different dog sizes.</p>",Hamilton Road & Gore Road,42.9808,-81.1682,London,ON,,Yes,Yes,"grass, dirt, wooded",Large,Yes,Yes,Yes,Yes,Yes,Yes,Yes,6:00 a.m. - 10:00 p.m.,,https://london.ca/living-london/parks-facilities/parks/leash-dog-parks,https://www.google.com/maps?q=Pottersburg+Park+London+ON,"leash-free, fenced, small-dog-area, trails, parking","<p>Maintained by the FIDO volunteer group, this park is a local favourite for its large off-leash space and friendly community atmosphere.</p>","<p>Pottersburg-FIDO Off-Leash Dog Area in London is a large, well-maintained park with shaded trails and separate spaces for small and large dogs. It’s ideal for safe play and community connection among pet owners.</p>",,,,
Powell Park,powell-park,683758b0a3f8a696dfc417b0,683758b09dd1e3ac2e4e9809,684dea54be67fd361e2ae646,false,false,Sat Jun 14 2025 21:32:04 GMT+0000 (Coordinated Universal Time),Sat Jun 14 2025 21:35:35 GMT+0000 (Coordinated Universal Time),Sat Jun 14 2025 23:55:34 GMT+0000 (Coordinated Universal Time),"Powell Park Dog Park in Hamilton, Ontario",Dogs Allowed,"<p>Powell Park is a small neighborhood park offering open grass, paved paths, and a children's playground. Dogs are permitted on-leash for short casual walks.</p>",130 Birch Ave,43.2558070102968,-79.84107476378334,Hamilton,Ontario,L8L 6H7,No,No,Grass and paved paths,Approx. 1 acre,No,Yes,Partial,Yes,No,Street parking,No,7:00 AM – 9:00 PM,None,,"https://www.google.com/maps/place/Powell+Park,+53+Birch+Ave,+Hamilton,+ON+L8L+6H8/@43.2550934,-79.8424945,17.91z/data=!4m6!3m5!1s0x882c9bf083514a57:0xbaaa9715cae9aa37!8m2!3d43.2557576!4d-79.8410538!16s%2Fg%2F11bvt7zpqj!5m1!1e1?entry=ttu&g_ep=EgoyMDI1MDYxMS4wIKXMDSoASAFQAw%3D%3D","on-leash, neighborhood park, paved paths",<p>Simple neighborhood park for short on-leash visits.</p>,<p>Powell Park provides a small neighborhood green space with paved walking paths for quick on-leash dog walks in Hamilton.</p>,,,,
Primrose Park,primrose-park,683758b0a3f8a696dfc417b0,683758b09dd1e3ac2e4e9809,6859f1a2b276c9346ef8b773,false,false,Tue Jun 24 2025 00:30:26 GMT+0000 (Coordinated Universal Time),Tue Jun 24 2025 20:54:58 GMT+0000 (Coordinated Universal Time),Tue Jun 24 2025 21:21:34 GMT+0000 (Coordinated Universal Time),Primrose Park Leash-Free Dog Park,Leash Free,<p>Small green space in Centretown West with partial fencing</p>,179 Primrose Ave,45.41111741603756,-75.71337726767742,Ottawa,Ontario,K1R6L9,Partial,No,grass,Small,No,Yes,Minimal,Yes,Yes,Street parking,No,6 am – 11 pm,None,,"https://www.google.com/maps/place/Primrose+Park/@45.411093,-75.7139346,19.73z/data=!4m6!3m5!1s0x4cce044f5a6cc1f7:0x3ce9f4cf7cf06e80!8m2!3d45.4110903!4d-75.713384!16s%2Fm%2F051rkhb!5m1!1e1?entry=ttu&g_ep=EgoyMDI1MDYxNy4wIKXMDSoASAFQAw%3D%3D","leash-free,partial-fence,urban",<p>Inner city park with limited leash-free space</p>,"<p>Primrose Park offers a compact leash-free space for downtown Ottawa residents, perfect for quick dog play breaks.</p>",,,,
Prospect Park,prospect-park-halton-hills,683758b0a3f8a696dfc417b0,683758b09dd1e3ac2e4e9809,684cbf9beb2aa0db501eb871,false,false,Sat Jun 14 2025 00:17:31 GMT+0000 (Coordinated Universal Time),Sat Jun 14 2025 13:14:17 GMT+0000 (Coordinated Universal Time),Sat Jun 14 2025 20:44:56 GMT+0000 (Coordinated Universal Time),"Prospect Park Leash Free Dog Park in Halton Hills, Ontario",Leash Free,"<p id="""">Prospect Park features a fenced off leash dog area located near the Acton Arena and sports fields. It offers grass surface, benches, and bags for convenient cleanup while dogs play off leash.</p>",30 Park Ave,43.62948788719811,-80.04592371103995,Halton Hills,Ontario,L7J 1Y5,Yes,Unknown,Grass,Approx. 1 acre,No,Yes,Minimal,Yes,Yes,Yes,Yes,7:00 AM – 9:00 PM,None,https://www.haltonhills.ca/en/explore-and-play/leash-free-dog-parks.aspx,"https://www.google.ca/maps/place/Prospect+Park/@43.6277182,-80.0462124,16.25z/data=!4m14!1m7!3m6!1s0x882b74fbdb96c20b:0xa3acb9e153e2ee8b!2sProspect+Park!8m2!3d43.6291667!4d-80.0458333!16s%2Fg%2F1tk689tn!3m5!1s0x882b74fbdb96c20b:0xa3acb9e153e2ee8b!8m2!3d43.6291667!4d-80.0458333!16s%2Fg%2F1tk689tn?entry=ttu&g_ep=EgoyMDI1MDYxMS4wIKXMDSoASAFQAw%3D%3D","leash-free, fenced, grass, benches, Acton",<p>Conveniently located near Acton Arena and community facilities.</p>,<p>Prospect Park provides a fully fenced off-leash dog park with grass surface and easy access for Acton and Halton Hills residents.</p>,,,,
Pump Hill Off-Leash Area,pump-hill-off-leash-area,683758b0a3f8a696dfc417b0,683758b09dd1e3ac2e4e9809,683b175eae45c6b7332c5a07,false,false,Sat May 31 2025 14:51:10 GMT+0000 (Coordinated Universal Time),Sat May 31 2025 14:51:10 GMT+0000 (Coordinated Universal Time),Sun Jun 01 2025 00:16:54 GMT+0000 (Coordinated Universal Time),Pump Hill Off-Leash Area (Quiet Residential Trail),Leash Free,<p>Pump Hill features a linear off-leash trail tucked into a quiet residential area. This tree-lined path offers a relaxed setting for casual walks with your dog.</p>,Pump Hill Landing SW & Pump Hill Crescent SW,,,Calgary,Alberta,T2V 4L8,No,No,Grass and Dirt Path,Approx. 1.5 acres (linear trail),No,No,,Yes,,Street Parking Only,No,5:00 AM to 11:00 PM,,https://www.calgary.ca/parks/off-leash-locations.html,"https://www.google.com/maps/place/Pump+Hill+Landing+SW+%26+Pump+Hill+Crescent+SW,+Calgary,+AB+T2V+4L8","quiet, residential, shaded, walking trail","<p>This path is less busy, ideal for dogs that need a calmer environment.</p>","<p>The Pump Hill Off-Leash Area offers a peaceful tree-lined walking path in a quiet residential neighborhood, perfect for dogs that enjoy a relaxed stroll.</p>",,,,
Qoqó:lem Park,qoqolem-park-chilliwack,683758b0a3f8a696dfc417b0,683758b09dd1e3ac2e4e9809,6871098a9670d516b2efefa6,false,false,Fri Jul 11 2025 12:54:34 GMT+0000 (Coordinated Universal Time),Mon Jul 21 2025 20:21:10 GMT+0000 (Coordinated Universal Time),Wed Jul 23 2025 03:08:06 GMT+0000 (Coordinated Universal Time),Qoqó:lem Park Leash-Free Dog Park,Leash Free,"<p id="""">Qoqólem Park in Chilliwack offers a scenic off-leash adventure with a 3 km loop trail featuring river valley views, natural terrain, and dog-friendly paths. Ideal for energetic pups and nature-loving owners seeking a peaceful mountain-side experience.</p>",45076 Vedder Mountain Rd,49.105050388175854,-121.96966314333316,Chilliwack,British Columbia,V2R 4C3,No,No,"gravel, dirt, forest floor",~3 km trail loop (~1.5 km each direction),No,Limited,Partial,Limited,No,Yes,Yes,6 am – 10 pm,Best accessed May–October; trail may be icy during rain or snow,https://www.chilliwack.com/main/page.cfm?dowhat=locationView&id=1754&plID=199,"https://www.google.com/maps/place/Qoq%C3%B3:lem+Park/@49.1894899,-122.2250953,11z/data=!4m10!1m2!2m1!1sdog+parks+in+Chilliwack+ON!3m6!1s0x548447621de69b53:0x202fdf4f3e29b5f5!8m2!3d49.0941283!4d-121.9754793!15sChpkb2cgcGFya3MgaW4gQ2hpbGxpd2FjayBPTlocIhpkb2cgcGFya3MgaW4gY2hpbGxpd2FjayBvbpIBBHBhcmuaASNDaFpEU1VoTk1HOW5TMFZKUTBGblNVTnVNWFZYTUZaM0VBRaoBXQoJL20vMGJ0OWxyEAEqDSIJZG9nIHBhcmtzKAAyHxABIhtvP2cM1-lvu6Rv1SitZVCrQ3hFSwyLXraSkh0yHhACIhpkb2cgcGFya3MgaW4gY2hpbGxpd2FjayBvbuABAPoBBAghEBA!16s%2Fg%2F11stjhvhwh!5m1!1e1?entry=ttu&g_ep=EgoyMDI1MDcwOC4wIKXMDSoASAFQAw%3D%3D","off-leash, trail, unfenced, scenic, natural","<p id="""">Trail can get muddy in early spring or after rainfall; ticks and bear activity possible — take precautions. Leash dogs near trailheads and ridgelines.</p><p id=""""><strong>Wahsrooms</strong>: Yes (seasonal portable toilet at parking)</p><p id=""""><strong id="""">Seasonal Restrictions:</strong> Best accessed May–October; trail may be icy during rain or snow</p><p id="""">‍</p>","<p id="""">Qoqólem Park is a scenic leash-free dog park in Chilliwack featuring a 3 km gravel trail loop with sweeping views of the Vedder River Valley. It’s a local favorite for hiking with dogs, offering natural terrain, shade, and a peaceful escape into nature.</p>",,,,
Queen Elizabeth Park,queen-elizabeth-dog-park,683758b0a3f8a696dfc417b0,683758b09dd1e3ac2e4e9809,6838bee8d70d732ac3fec3c9,false,false,Thu May 29 2025 20:09:12 GMT+0000 (Coordinated Universal Time),Thu May 29 2025 23:37:10 GMT+0000 (Coordinated Universal Time),Thu May 29 2025 23:38:18 GMT+0000 (Coordinated Universal Time),Queen Elizabeth Park (off-leash dog park),Leash Free,"<p>Queen Elizabeth Park is a fantastic leash-free zone for dogs located in Vancouver, BC. With an area of approximately 16484 square meters, this park offers a grass environment for pets to explore. Visitors can enjoy 6 AM to 10 PM access, and the park offers wide-open green space, is primarily sun-exposed, and has accessible washrooms nearby. Does not include water access, so bring your furry friend for a refreshing outdoor experience.</p>",4600 Cambie Street Vancouver B,,,Vancouver,BC,,No,,Grass,,No,No,No,No,,,Yes,6 AM to 10 PM,,,,,,"<p>Queen Elizabeth Park is a well-loved off-leash dog park in Vancouver. This park features a grass surface and an open space for dogs to roam freely. It provides no water access, minimal shade, and limited seating, making it a great destination for local dog owners to relax and let their pets socialize.</p>",https://cdn.prod.website-files.com/683758b09dd1e3ac2e4e980a/6838bf6da378932f0d55bef8_border-collie-in-open-grassy-dog-park.png,,,
Queen's Park,queens-park-new-westminster,683758b0a3f8a696dfc417b0,683758b09dd1e3ac2e4e9809,68714da91e25fbafd51c5a00,false,false,Fri Jul 11 2025 17:45:13 GMT+0000 (Coordinated Universal Time),Fri Jul 11 2025 17:53:48 GMT+0000 (Coordinated Universal Time),Fri Jul 11 2025 19:47:06 GMT+0000 (Coordinated Universal Time),Queen's Park Leash Free Dog Park,Leash Free,"<p>Queen's Park in New Westminster offers a large, fenced leash-free dog area with shaded trails and open grassy sections.</p>",3rd Ave,49.21674036104484,-122.90727140018102,New Westminster,British Columbia,V3M 1V2,Yes,Yes,"grass, dirt",Large,Yes,Yes,Yes,Yes,Yes,Yes,Yes,6 am – 10 pm,None,https://www.newwestcity.ca/parks-and-recreation/parks/dog-off-leash-areas,"https://www.google.com/maps/place/Queen's+Park/@49.216644,-122.9094601,18z/data=!4m10!1m2!2m1!1sdog+park+in+New+Westminster,+BC!3m6!1s0x5485d80a02493b1d:0x203f74168a6ffcd5!8m2!3d49.216644!4d-122.9072714!15sCh9kb2cgcGFyayBpbiBOZXcgV2VzdG1pbnN0ZXIsIEJDWiAiHmRvZyBwYXJrIGluIG5ldyB3ZXN0bWluc3RlciBiY5IBBHBhcmuaASNDaFpEU1VoTk1HOW5TMFZKUTBGblNVTmllVjlMUWtOM0VBRaoBYAoJL20vMGJ0OWxyEAEqDCIIZG9nIHBhcmsoADIfEAEiG2lrpDmd_ghjPFjrmYhhAiVT-F5ESQ_C4uX4YjIiEAIiHmRvZyBwYXJrIGluIG5ldyB3ZXN0bWluc3RlciBiY-ABAPoBBAg0ECk!16s%2Fm%2F043ll4t!5m1!1e1?entry=ttu&g_ep=EgoyMDI1MDcwOC4wIKXMDSoASAFQAw%3D%3D","leash-free,fenced,trails,shaded",,"<p>Queen's Park is a popular off-leash dog park in New Westminster, known for its spacious layout and shaded walking trails.</p>",,,,
Queens Park,queens-park,683758b0a3f8a696dfc417b0,683758b09dd1e3ac2e4e9809,68715b6884327d8aed7d9d47,false,false,Fri Jul 11 2025 18:43:52 GMT+0000 (Coordinated Universal Time),Fri Jul 11 2025 23:29:22 GMT+0000 (Coordinated Universal Time),Sat Jul 12 2025 01:27:16 GMT+0000 (Coordinated Universal Time),Queens Park | Ladysmith Park Guide,Neighbourhood park,"<p>Queens Park is a small Ladysmith neighbourhood green space, but it should not be treated as an official off-leash dog park.</p>",Queens Road and 5th Avenue,48.9918,-123.8156,Ladysmith,British Columbia,V9G 1A5,No,No,Grass lawn and neighbourhood park landscape,Small neighbourhood park,Unknown - verify on arrival,Unknown - verify on arrival,Some tree cover - verify on arrival,Unknown - verify on arrival,No official dog-park dispensers confirmed,Street parking,No city-confirmed washrooms noted,Verify posted park hours on arrival,Check current town notices,https://www.ladysmith.ca/our-services/parks-recreation/parks/,https://www.google.com/maps/search/?api=1&query=Queens+Road+and+5th+Avenue+Ladysmith+BC,"park-guide,ladysmith,neighbourhood-park,queens-park","<p>Primary source: Town of Ladysmith parks source URL previously used for this record. That town parks page currently returns a 404 when fetched directly, so this update stays conservative and avoids unsupported amenity claims while removing the false off-leash framing. Reviewed on August 2, 2026.</p>",<p>Queens Park is a small <strong>Ladysmith neighbourhood park</strong> with open grass and a local community green-space role rather than any official off-leash dog designation.</p>,,2026-08-02,Queens Park | Ladysmith Park Guide | LeashFree.ca,"Source-backed guide to Queens Park in Ladysmith, including its neighbourhood park role and why it should not be treated as an official off-leash dog park."
Queensborough,queensborough-new-westminster,683758b0a3f8a696dfc417b0,683758b09dd1e3ac2e4e9809,68714dc0e59645f676c46966,false,false,Fri Jul 11 2025 17:45:36 GMT+0000 (Coordinated Universal Time),Fri Jul 11 2025 18:28:33 GMT+0000 (Coordinated Universal Time),Fri Jul 11 2025 19:47:06 GMT+0000 (Coordinated Universal Time),Queensborough Dog Off-Leash Area | New Westminster,Leash Free,"<p>Queensborough is an official fenced New Westminster off-leash area in Ryall Park, relocated in 2018 and equipped with double safety gates, a drinking fountain, waste receptacles, and bag-recycling dispensers.</p>","Ryall Park, between Boro All Wheel Park and Ewen Avenue",49.1873,-122.9428,New Westminster,British Columbia,V3M 5C8,Yes,No,Wood chips and grass,933 square metres,Yes - drinking fountain,Unknown - verify on arrival,Some tree cover - verify on arrival,Yes - waste receptacles,Yes - bag-recycling dispensers,Nearby park access - verify on arrival,Unknown - verify on arrival,Verify posted hours on arrival,Check posted city notices and park rules,https://www.newwestcity.ca/parks-and-recreation/parks/dog-off-leash-areas,https://www.google.com/maps/search/?api=1&query=Ryall+Park+Ewen+Avenue+New+Westminster+BC,"off-leash,new-westminster,queensborough,ryall-park,fenced","<p>Primary source: https://www.newwestcity.ca/parks-and-recreation/parks/dog-off-leash-areas. Reviewed on August 2, 2026.</p>","<p>The Queensborough dog off-leash area is one of New Westminster&apos;s official fenced dog parks, located in <strong>Ryall Park</strong> between the <strong>Boro All Wheel Park</strong> and <strong>Ewen Avenue</strong>.</p>",,2026-08-02,Queensborough Dog Off-Leash Area | New Westminster | LeashFree.ca,"Source-backed guide to the Queensborough off-leash area in New Westminster, including its Ryall Park location, 2018 relocation, 933-square-metre size, fencing, gates, fountain, and city rules."
Queensland Off-Leash Area,queensland-off-leash-area,683758b0a3f8a696dfc417b0,683758b09dd1e3ac2e4e9809,683b176000277777e67c3c9e,false,false,Sat May 31 2025 14:51:12 GMT+0000 (Coordinated Universal Time),Sat May 31 2025 15:10:52 GMT+0000 (Coordinated Universal Time),Sun Jun 01 2025 00:16:54 GMT+0000 (Coordinated Universal Time),Queensland Off-Leash Area | Calgary Areas 1-3 Guide,Leash Free,"<p>Queensland Off-Leash Area is a three-site Calgary off-leash cluster, with the City of Calgary currently listing Areas 1, 2, and 3 in southeast Calgary.</p>","Queensland, Areas 1-3, southeast Calgary",50.9443,-114.0125,Calgary,Alberta,T2J 6E7,No,No,"Grass, open parkland, and paved pathway connections",Multiple city-mapped areas - verify each site on arrival,Unknown - bring your own water,Varies by area,Varies by area,Yes,Unknown - verify on arrival,Parking-lot symbols appear on city maps; verify nearest access point on arrival,Unknown,5:00 AM to 11:00 PM,Standard Calgary park and off-leash rules apply,https://www.calgary.ca/parks/off-leash-locations.html,https://www.google.com/maps/search/?api=1&query=Queensland+Off-Leash+Area+Calgary,"multi-area, off-leash, southeast-calgary, grass-and-pathways","<p>Primary source: https://www.calgary.ca/parks/off-leash-locations.html. Supporting official maps reviewed July 29, 2026: https://www.calgary.ca/content/dam/www/corporate-communications/locations/queensland-off-leash-area1.pdf, https://www.calgary.ca/content/dam/www/corporate-communications/locations/queensland-off-leash-area2.pdf, and https://www.calgary.ca/content/dam/www/corporate-communications/locations/queensland-off-leash-area3.pdf. Coordinates below are an approximate profile centroid for mapping support because the city currently publishes Queensland as three separate mapped areas rather than one single point.</p>","<p>Queensland Off-Leash Area is not a single simple dog park. The City of Calgary currently lists <strong>three separate Queensland off-leash sites</strong> in southeast Calgary: Area 1, Area 2, and Area 3.</p>",https://cdn.prod.website-files.com/683758b09dd1e3ac2e4e980a/683b1bf500277777e67e6c35_queensland-off-leash-area-calgary-leash-free-dog-park.jpg,2026-07-29,Queensland Off-Leash Area | Calgary Areas 1-3 Guide | LeashFree.ca,"Source-backed guide to Queensland Off-Leash Area in Calgary, covering the City of Calgary’s three mapped Queensland off-leash sites, multi-use rules, pathway leash requirement, and practical visit context for southeast Calgary dog owners."
Quenippenon Meadows Leash Free Park,quenippenon-park,683758b0a3f8a696dfc417b0,683758b09dd1e3ac2e4e9809,6840af134445e34d5198765a,false,false,Wed Jun 04 2025 20:39:47 GMT+0000 (Coordinated Universal Time),Wed Jun 04 2025 21:00:52 GMT+0000 (Coordinated Universal Time),Thu Jun 05 2025 00:31:39 GMT+0000 (Coordinated Universal Time),Quenippenon Park (Leash-Free Dog Park),Leash Free,"<p>Located near Erin Mills and Eglinton, Quenippenon Park includes a modest leash-free area suitable for casual play. It’s fully fenced with basic amenities, making it a convenient choice for nearby residents. The surrounding park includes sports fields and walking trails.</p>",2625 Erin Centre Blvd,43.56359592,-79.71398157,Mississauga,Ontario,L5M 5P5,Yes,No,Grass,Approx. 1.2 acres,No,Yes,Minimal,Yes,Yes,Yes,No,7:00 AM – 9:00 PM,None,,"https://www.google.com/maps/place/Quenippenon+Meadows+Leash+Free+Park,+5210+Erin+Mills+Pkwy,+Mississauga,+ON+L5M+5E7/@43.5643306,-79.7183375,17z/data=!4m14!1m7!3m6!1s0x882b418c9085c5bf:0x6b4ba21b7cc2ebb4!2sQuenippenon+Meadows+Community+Park!8m2!3d43.5637652!4d-79.7179633!16s%2Fg%2F1tfgdwgk!3m5!1s0x882b418daab0bdb5:0x6a7be9b993fa833b!8m2!3d43.5633935!4d-79.7139579!16s%2Fg%2F11b8tfnr8j?entry=ttu&g_ep=EgoyMDI1MDYwMi4wIKXMDSoASAFQAw%3D%3D","fenced, grass, family-friendly, benches","<p>Small but well-maintained, this park is often visited by local residents for short play sessions.</p>","<p>Tucked inside the busy Quenippenon Park, this leash-free area is a favorite among nearby dog owners for its convenience and secure play space.</p>",https://cdn.prod.website-files.com/683758b09dd1e3ac2e4e980a/6840b3fd55f51e1e45c6ab08_Quenippenon%20Meadows%20Leash-Free%20Zone.jpg,,,
Quilchena Park,quilchena-dog-park,683758b0a3f8a696dfc417b0,683758b09dd1e3ac2e4e9809,6838bee854755163e14db8cc,false,false,Thu May 29 2025 20:09:12 GMT+0000 (Coordinated Universal Time),Thu May 29 2025 23:37:11 GMT+0000 (Coordinated Universal Time),Thu May 29 2025 23:38:18 GMT+0000 (Coordinated Universal Time),Quilchena Park (off-leash dog park),Leash Free,"<p>Quilchena Park stands out as one of Vancouver's designated off-leash parks in BC. The parks grass surface and 9208 square meters make it a wonderful space for dogs to burn energy. Visitors can enjoy 6 AM to 10 PM access, and the park includes comfortable benches, offers shady spots, and has accessible washrooms nearby. Do not forget that it does not include water access, which is ideal for dogs on warmer days.</p>",4590 Magnolia Street Vancouver,,,Vancouver,BC,,No,,Grass,,No,Yes,Yes,No,,,Yes,6 AM to 10 PM,,,,,,"<p>Quilchena Park is a well-loved off-leash dog park in Vancouver. This park features a grass surface and an open space for dogs to roam freely. It provides no water access, minimal shade, and limited seating, making it a great destination for local dog owners to relax and let their pets socialize.</p>",https://cdn.prod.website-files.com/683758b09dd1e3ac2e4e980a/6838bf905e0c4fbbb9bdd02a_dog-park-pathway-with-dog-and-trees.png,,,
Quinte Dog Park,quinte-dog-park,683758b0a3f8a696dfc417b0,683758b09dd1e3ac2e4e9809,68657bf1b329f79a9b074122,false,false,Wed Jul 02 2025 18:35:29 GMT+0000 (Coordinated Universal Time),Wed Jul 02 2025 18:39:09 GMT+0000 (Coordinated Universal Time),Wed Jul 02 2025 18:53:15 GMT+0000 (Coordinated Universal Time),Quinte Dog Park Leash Free Dog Park,Leash Free,"<p>Fully fenced, volunteer-maintained dog park in Belleville with shaded areas and open space.</p>",550 Harmony Rd,44.154540605767544,-77.38773754507946,Belleville,Ontario,K8N5J1,Yes,Yes,grass,Large,No,Yes,Yes,Yes,Yes,Yes,No,Dawn to Dusk,None,https://www.quintedogpark.com/,"https://www.google.com/maps/place/Quinte+Dog+Park/@44.1541788,-77.3903339,16z/data=!3m1!4b1!4m6!3m5!1s0x89d62ff65f7e78bb:0x3a9af01a63249db!8m2!3d44.154175!4d-77.387759!16s%2Fg%2F1tfjgjb8!5m1!1e1?entry=ttu&g_ep=EgoyMDI1MDYzMC4wIKXMDSoASAFQAw%3D%3D","leash-free,fenced,volunteer-run,grass",<p>Maintained by Quinte Dog Park Association; memberships encouraged.</p>,"<p>Quinte Dog Park is a beloved fenced dog park in Belleville, offering shaded areas and open grassy fields for dogs to run and socialize.</p>",,,,
R.J. Gidluck Park,rj-gidluck-park,683758b0a3f8a696dfc417b0,683758b09dd1e3ac2e4e9809,6871cbfcdd17df7b00bf6758,false,false,Sat Jul 12 2025 02:44:12 GMT+0000 (Coordinated Universal Time),Sat Jul 12 2025 02:47:34 GMT+0000 (Coordinated Universal Time),Sat Jul 12 2025 03:27:49 GMT+0000 (Coordinated Universal Time),R.J. Gidluck Park Leash-Free Dog Park,Dogs Allowed,"<p>R.J. Gidluck Park in Warman, SK is a community park with seating and a water fountain where dogs are allowed, though off-leash status is unclear.</p>",2 Ave S & 3 St W,52.3193,-106.5795,Warman,Saskatchewan,S0K 4S0,Unknown,Unknown,grass,Not specified,Yes,Yes,Minimal,Unknown,Unknown,Yes,No,Dawn to Dusk,None,https://www.dogpackapp.com/parks/canada/saskatchewan/warman/r-j-gidluck-park,https://maps.google.com/?q=R.J.+Gidluck+Park+Warman,"dogs-allowed,park",<p>Off-leash status not confirmed.</p>,"<p>R.J. Gidluck Park is a dog-friendly space in Warman featuring seating and a fountain, though leash rules are not clearly posted.</p>",,,,
Ramsay Off-Leash Area,ramsay-off-leash-area,683758b0a3f8a696dfc417b0,683758b09dd1e3ac2e4e9809,683b175f2a09ea9e8fa3dd40,false,false,Sat May 31 2025 14:51:11 GMT+0000 (Coordinated Universal Time),Sat May 31 2025 14:51:11 GMT+0000 (Coordinated Universal Time),Sun Jun 01 2025 00:16:54 GMT+0000 (Coordinated Universal Time),Ramsay Off-Leash Area (Community Hilltop Zone),Leash Free,"<p>Located near Ramsay Street and Spiller Road, this open off-leash area is set on a sloping hill with city views. While unfenced, the natural elevation and space make it a popular spot for off-leash play.</p>",Spiller Rd SE & Ramsay St SE,,,Calgary,Alberta,T2G 4G9,No,No,Grass and Dirt,Approx. 1 acre,No,Yes,,Yes,,Street Parking,No,5:00 AM to 11:00 PM,,https://www.calgary.ca/parks/off-leash-locations.html,"https://www.google.com/maps/place/Spiller+Rd+SE+%26+Ramsay+St+SE,+Calgary,+AB+T2G+4G9","hilltop, open space, urban, grass, views",<p>Best for well-trained dogs due to lack of fencing.</p>,"<p>Set atop a gentle hill, Ramsay’s off-leash zone provides panoramic views and open space for dog owners seeking a natural city escape.</p>",,,,
Ramsden Park,ramsden-park,683758b0a3f8a696dfc417b0,683758b09dd1e3ac2e4e9809,6843463f35b7f7bac7cfdb27,false,false,Fri Jun 06 2025 19:49:19 GMT+0000 (Coordinated Universal Time),Fri Jun 06 2025 19:52:30 GMT+0000 (Coordinated Universal Time),Sat Jun 14 2025 00:09:21 GMT+0000 (Coordinated Universal Time),Ramsden Park (Leash-Free Dog Area),Leash Free,"<p>Ramsden Park features a large, well-maintained leash-free zone with separate enclosures for large and small dogs. The park is fully fenced and includes gravel surfaces, shade structures, benches, and bag dispensers, making it a favorite among locals.</p>",1020 Yonge Street,43.676376614100356,-79.39605047226108,Toronto,Ontario,M4W 1P9,Yes,Yes,Gravel,Approx. 0.5 acres,No,Yes,Yes,Yes,Yes,Limited street parking,Yes,7:00 AM – 9:00 PM,None,https://www.toronto.ca/explore-enjoy/parks-recreation/places-spaces/parks-and-recreation-facilities/location/?id=167,"https://www.google.com/maps/place/Ramsden+Dog+Park/@43.6759557,-79.3940549,18z/data=!4m14!1m7!3m6!1s0x882b34a7ca663fe1:0xd228e0ad1461bd80!2sRamsden+Park!8m2!3d43.6764426!4d-79.3932114!16s%2Fm%2F05zpnbv!3m5!1s0x882b35f7386e5341:0xd8818a6dde9fde1c!8m2!3d43.6763088!4d-79.3960547!16s%2Fg%2F11fs8r_v2r?entry=ttu&g_ep=EgoyMDI1MDYwMy4wIKXMDSoASAFQAw%3D%3D","fenced, gravel, large-dog-area, benches, shaded",<p>Recently revitalized with updated dog park amenities.</p>,"<p>Ramsden Park offers a feature-rich leash-free dog area with separate zones for small and large dogs, all within a central downtown green space.</p>",,,,
Raven Park,raven-park-ladysmith,683758b0a3f8a696dfc417b0,683758b09dd1e3ac2e4e9809,6871a36a5d49c85e13f11cfe,false,false,Fri Jul 11 2025 23:51:06 GMT+0000 (Coordinated Universal Time),Fri Jul 11 2025 23:53:59 GMT+0000 (Coordinated Universal Time),Sat Jul 12 2025 01:27:16 GMT+0000 (Coordinated Universal Time),Raven Park | Ladysmith Park Guide,Neighbourhood park,"<p>Raven Park is a Ladysmith neighbourhood green space, but it should not be treated as an official off-leash dog park.</p>",Verify exact access on arrival,49.03357742939997,-123.80805337818818,Ladysmith,British Columbia,V9G 1M8,No,No,Grass lawn and neighbourhood park landscape,Neighbourhood park,Unknown - verify on arrival,Unknown - verify on arrival,Some tree cover - verify on arrival,Unknown - verify on arrival,No official dog-park dispensers confirmed,Street or neighbourhood access - verify on arrival,No city-confirmed washrooms noted,Verify posted park hours on arrival,Check current town notices,https://www.ladysmith.ca/our-services/parks-recreation/parks/,https://www.google.com/maps/search/?api=1&query=Raven+Park+Ladysmith+BC,"park-guide,ladysmith,neighbourhood-park,raven-park","<p>Primary source context: the Town of Ladysmith parks source previously associated with this record. That source set has not yielded a current, park-specific off-leash designation for Raven Park, so this update stays conservative and removes the false dog-park framing. Reviewed on August 4, 2026.</p>",<p>Raven Park appears to function as a <strong>Ladysmith neighbourhood green space</strong> rather than an officially designated off-leash dog area.</p>,,2026-08-04,Raven Park | Ladysmith Park Guide | LeashFree.ca,"Source-backed guide to Raven Park in Ladysmith, including its neighbourhood green-space role and why it should not be treated as an official off-leash dog park."
Raymore Park,raymore-park,683758b0a3f8a696dfc417b0,683758b09dd1e3ac2e4e9809,685a037e448e57fac7bc7570,false,false,Tue Jun 24 2025 01:46:38 GMT+0000 (Coordinated Universal Time),Mon Nov 03 2025 20:25:29 GMT+0000 (Coordinated Universal Time),Mon Nov 03 2025 20:34:30 GMT+0000 (Coordinated Universal Time),Raymore Park Leash-Free Dog Park,Leash Free,<p>Neighborhood park with open grassy areas allowing off-leash play</p>,"Raymore Park, 93 Raymore Dr, Etobicoke, ON M9P 1V8",43.69682546630906,-79.51274692698681,Toronto,Ontario,,No,No,grass,Medium,No,Yes,Yes,Yes,Yes,No,No,5 am–11 pm,None,,"https://www.google.com/maps/place/Raymore+Park/@43.6964764,-79.5128113,16z/data=!3m1!4b1!4m6!3m5!1s0x882b312af1c3e38b:0x82b063c91b3870a9!8m2!3d43.6964764!4d-79.5128113!16s%2Fg%2F116bxlclm!5m1!1e1?entry=ttu&g_ep=EgoyMDI1MDYxNy4wIKXMDSoASAFQAw%3D%3D","leash-free,neighbourhood",<p>Simple neighbourhood off-leash grassy park.</p>,"<p>Raymore Park is a modest community off-leash park in Etobicoke, offering open grassy areas for dogs to play.</p>",,,,
Regent Park,regent-park,683758b0a3f8a696dfc417b0,683758b09dd1e3ac2e4e9809,684343e1a9fd2c8c5dbdfb26,false,false,Fri Jun 06 2025 19:39:13 GMT+0000 (Coordinated Universal Time),Fri Jun 06 2025 19:40:57 GMT+0000 (Coordinated Universal Time),Sat Jun 14 2025 00:09:21 GMT+0000 (Coordinated Universal Time),Regent Park (Leash-Free Dog Area),Leash Free,"<p>Located in downtown Toronto, Regent Park’s revitalized greenspace includes a small urban dog park. The area is fully fenced with gravel surface, surrounded by community gardens and seating areas, making it an accessible option for city dwellers.</p>",620 Dundas Street East,,,Toronto,Ontario,M5A 3S4,Yes,No,Gravel,Approx. 0.2 acres,No,Yes,Minimal,Yes,Yes,Paid street parking,No,7:00 AM – 9:00 PM,None,https://www.toronto.ca/explore-enjoy/parks-recreation/places-spaces/parks-and-recreation-facilities/location/?id=2788,,"urban, fenced, downtown, gravel",<p>Small and convenient for residents of nearby condos.</p>,"<p>Regent Park features a compact, fully fenced dog park in the heart of downtown Toronto, ideal for quick visits and city pup socialization.</p>",,,,
Renfrew Community Park,renfrew-community-dog-park,683758b0a3f8a696dfc417b0,683758b09dd1e3ac2e4e9809,6838bee7e23046dcd79b0918,false,false,Thu May 29 2025 20:09:11 GMT+0000 (Coordinated Universal Time),Thu May 29 2025 23:37:11 GMT+0000 (Coordinated Universal Time),Thu May 29 2025 23:38:18 GMT+0000 (Coordinated Universal Time),Renfrew Community Park (off-leash dog park),Leash Free,"<p>Renfrew Community Park stands out as one of Vancouver's designated off-leash parks in BC. This park spans about 1392 square meters and features grass,sand, wood surfaces ideal for running and play. Dog owners will appreciate the park’s 6 AM to 10 PM access and how it includes comfortable benches, offers shady spots, and has accessible washrooms nearby. Plus, it does not include water access, making it a top destination for canine fun and exercise.</p>","2929 E 22nd Ave, Vancouver, BC",,,Vancouver,BC,,Yes,,"Grass,Sand, Wood",,No,Yes,Yes,No,,,Yes,6 AM to 10 PM,,,,,,"<p>Renfrew Community Park is a well-loved off-leash dog park in Vancouver. This park features a grass,sand, wood surface and an open space for dogs to roam freely. It provides no water access, minimal shade, and limited seating, making it a great destination for local dog owners to relax and let their pets socialize.</p>",https://cdn.prod.website-files.com/683758b09dd1e3ac2e4e980a/6838bfdbc135317971c008bc_dog-park-urban-setting-with-people-and-dogs.jpg.png,,,
Renfrew Off-Leash Park,renfrew-off-leash-park,683758b0a3f8a696dfc417b0,683758b09dd1e3ac2e4e9809,683b175cf5908465c85c20f5,false,false,Sat May 31 2025 14:51:08 GMT+0000 (Coordinated Universal Time),Sat May 31 2025 14:51:08 GMT+0000 (Coordinated Universal Time),Sun Jun 01 2025 00:16:54 GMT+0000 (Coordinated Universal Time),Renfrew Off-Leash Park (NE Calgary),Leash Free,"<p>Renfrew Off-Leash Park offers a spacious, gently sloped terrain with natural grass and maintained pathways. The park provides mountain views and mature trees, creating a pleasant environment for dogs and their owners.</p>",712 St. George's Dr NE,,,Calgary,Alberta,T2E 4S4,Partially,No,"Natural grass, maintained pathways",Approximately 4 acres,No,Yes,,Yes,,Street parking on Renfrew Drive NE,No,5:00 AM to 11:00 PM,,https://www.calgary.ca/parks/off-leash-locations.html,"https://www.google.com/maps/place/712+St+George's+Dr+NE,+Calgary,+AB+T2E+4S4","off-leash, natural grass, mountain views, NE Calgary",<p>The park's gentle slopes and mature trees provide a serene setting for off-leash activities.</p>,"<p>Renfrew Off-Leash Park is a spacious area in Calgary's northeast, offering natural terrain and scenic views for dogs and their owners to enjoy.</p>",,,,
Reservoir Park,reservoir-park-wolfville,683758b0a3f8a696dfc417b0,683758b09dd1e3ac2e4e9809,68b8a1f48e2eba0cd5aed9ff,false,false,Wed Sep 03 2025 20:15:48 GMT+0000 (Coordinated Universal Time),Wed Sep 03 2025 20:16:17 GMT+0000 (Coordinated Universal Time),Sat Sep 06 2025 19:21:07 GMT+0000 (Coordinated Universal Time),Reservoir Park Leash-Free Dog Park,Leash Free,"<p>Scenic park in Wolfville with an off-leash dog-friendly beach area, as well as walking and biking trails for outdoor recreation.</p>",80 Pleasant Street,45.089,-64.367,Wolfville,NS,,No,No,"sand, grass, trails",Large,Yes,Yes,Yes,Yes,Not specified,Yes,Unknown,Dawn - Dusk,,https://www.bringfido.com/attraction/16295/,https://www.google.com/maps?q=Reservoir+Park+Wolfville+NS,"leash-free, trails, beach, lake",<p>Dogs can swim at the beach area; trails are shared-use. Off-leash is informally accepted but widely used.</p>,"<p>Reservoir Park in Wolfville is a scenic leash-free destination with a dog-friendly beach and surrounding trails. It’s a great spot for dogs to swim, explore, and socialize.</p>",,,,
Restoule Provincial Park,restoule-provincial-park,683758b0a3f8a696dfc417b0,683758b09dd1e3ac2e4e9809,68705bd0e641cbfdd7e8d79b,false,false,Fri Jul 11 2025 00:33:20 GMT+0000 (Coordinated Universal Time),Fri Jul 11 2025 00:33:54 GMT+0000 (Coordinated Universal Time),Fri Jul 11 2025 12:18:36 GMT+0000 (Coordinated Universal Time),Restoule Provincial Park Leash-Free Dog Park,Leash Free,"<p>Restoule Provincial Park offers a designated leash-free dog beach and trails, making it a great outdoor destination for pet-friendly recreation.</p>",8818 ON-524,46.073345043952365,-79.78316888655084,Restoule,Ontario,P0H 2R0,No,No,"grass, sand, trail",Large,Yes,Yes,Yes,Yes,No,Yes,Yes (Seasonal),8 am – 10 pm,Park access may vary by season,https://www.ontarioparks.com/park/restoule,"https://www.google.com/maps/place/Restoule+Provincial+Park/@46.0732855,-79.7853254,18z/data=!4m10!1m2!2m1!1sdog+park+near+Restoule,+ON!3m6!1s0x4d2912c6e207567d:0x3e4baee3acc1b1fd!8m2!3d46.0732855!4d-79.7831367!15sChpkb2cgcGFyayBuZWFyIFJlc3RvdWxlLCBPTlobIhlkb2cgcGFyayBuZWFyIHJlc3RvdWxlIG9ukgEPcHJvdmluY2lhbF9wYXJrmgEkQ2hkRFNVaE5NRzluUzBWSlEwRm5TVU5ZY21aNlZXbG5SUkFCqgFbCgkvbS8wYnQ5bHIQASoMIghkb2cgcGFyaygAMh8QASIbdXJIw45fuomvF2PJAmoettv9pSiS9TnIctRbMh0QAiIZZG9nIHBhcmsgbmVhciByZXN0b3VsZSBvbuABAPoBBQj_AhA7!16zL20vMDZrZ3kz!5m1!1e1?entry=ttu&g_ep=EgoyMDI1MDcwNy4wIKXMDSoASAFQAw%3D%3D","leash-free,dog-beach,trails,provincial-park",<p>Includes off-leash beach and hiking trails. Dogs must be leashed outside designated areas.</p>,"<p>Restoule Provincial Park features an off-leash beach and scenic hiking trails, making it an ideal spot for adventurous dogs and their owners.</p>",,,,
River Park Off-Leash Area,river-park-off-leash-area,683758b0a3f8a696dfc417b0,683758b09dd1e3ac2e4e9809,683b175d78bfb92194459e51,false,false,Sat May 31 2025 14:51:09 GMT+0000 (Coordinated Universal Time),Sat May 31 2025 14:51:09 GMT+0000 (Coordinated Universal Time),Sun Jun 01 2025 00:16:54 GMT+0000 (Coordinated Universal Time),River Park Off-Leash Area (SW Calgary),Leash Free,"<p>One of Calgary’s most popular off-leash parks, River Park features open fields and scenic walking paths along the Elbow River. The park is well-maintained and loved by locals for its mix of nature and community.</p>",4500 14a St SW,,,Calgary,Alberta,T2T 3Y6,No,No,Grass and Pathways,Approximately 8 acres,Yes,Yes,,Yes,,Yes (street and lot nearby),No,5:00 AM to 11:00 PM,,https://www.calgary.ca/parks/off-leash-locations.html,"https://www.google.com/maps/place/4500+14a+St+SW,+Calgary,+AB+T2T+3Y6","off-leash, river park, Elbow River, community park, SW Calgary","<p>Very popular location, expect crowds during peak hours.</p>","<p>River Park Off-Leash Area is a vibrant community space along the Elbow River, offering lush grass and scenic pathways for dogs and owners alike.</p>",,,,
RiverStone Dog Park,riverstone-dog-park,683758b0a3f8a696dfc417b0,683758b09dd1e3ac2e4e9809,6871bf410d320ac983f8e9e8,false,false,Sat Jul 12 2025 01:49:53 GMT+0000 (Coordinated Universal Time),Sat Jul 12 2025 02:02:11 GMT+0000 (Coordinated Universal Time),Sat Jul 12 2025 03:27:49 GMT+0000 (Coordinated Universal Time),RiverStone Dog Park,Leash Free,"<p>RiverStone Dog Park in Lethbridge is a fully fenced area with grassy terrain, shade, and amenities ideal for neighborhood dog play.</p>",RiverStone Blvd W & Aquitania Blvd W,49.6757,-112.8943,Lethbridge,Alberta,T1K 8C4,Yes,No,grass,Medium,No,Yes,Partial,Yes,Yes,Yes,No,6 am – 10 pm,None,https://www.lethbridge.ca/Things-To-Do/Parks/Pages/Dog-Parks.aspx,"https://maps.google.com/?q=RiverStone+Dog+Park,+Lethbridge,+AB","leash-free,fenced,neighbourhood",,"<p>RiverStone Dog Park is a fenced neighborhood park in Lethbridge where dogs can safely run and play in a grassy, welcoming setting.</p>",,,,
Riverain Fenced Dog Park,riverain-fenced-dog-park,683758b0a3f8a696dfc417b0,683758b09dd1e3ac2e4e9809,6859f1a1ba1ef01dbaba6ee2,false,false,Tue Jun 24 2025 00:30:25 GMT+0000 (Coordinated Universal Time),Tue Jun 24 2025 21:10:33 GMT+0000 (Coordinated Universal Time),Tue Jun 24 2025 21:21:34 GMT+0000 (Coordinated Universal Time),Riverain Fenced Dog Park,Leash Free,"<p>Riverain Fenced Dog Park offers a secure, fenced-in area for dogs to run freely and socialize in central Ottawa, just steps from the Rideau River.</p>",400 N River Rd,45.42988020528723,-75.66896370953546,Ottawa,ON,K1L 1C2,Yes,No,Grass,Medium,No,Yes,Limited,Yes,Yes,Street Parking,No,6am–11pm,None,,"https://www.google.com/maps/place/Riverain+Fenced+Dog+Park/@45.4296506,-75.6738775,17z/data=!3m1!4b1!4m6!3m5!1s0x4cce05452fd4aa95:0x63ca0bf8e4a78aa7!8m2!3d45.4296469!4d-75.6690066!16s%2Fg%2F11q21hl8b5!5m1!1e1?entry=ttu&g_ep=EgoyMDI1MDYxNy4wIKXMDSoASAFQAw%3D%3D","fenced,grass,urban",,"<p>Located along the Rideau River, Riverain Fenced Dog Park provides a convenient leash-free space for local dogs and their owners to enjoy fresh air and social time.</p>",,,,
Riverdale Off-Leash Area,riverdale-off-leash-area,683758b0a3f8a696dfc417b0,683758b09dd1e3ac2e4e9809,683b175f0111645bd1467b76,false,false,Sat May 31 2025 14:51:11 GMT+0000 (Coordinated Universal Time),Sat May 31 2025 14:51:11 GMT+0000 (Coordinated Universal Time),Sun Jun 01 2025 00:16:54 GMT+0000 (Coordinated Universal Time),Riverdale Off-Leash Area (Riverside Greenway),Leash Free,"<p>Located along the Bow River Pathway near Riverdale Avenue, this informal off-leash area offers a scenic natural setting with tree cover and open grassy patches. It is unfenced but widely used.</p>",Riverdale Ave SW & 5 St SW,,,Calgary,Alberta,T2S 0X5,No,No,Grass and Gravel,Approx. 1.2 acres,No,Yes,,Yes,,Limited street parking,No,5:00 AM to 11:00 PM,,https://www.calgary.ca/parks/off-leash-locations.html,"https://www.google.com/maps/place/Riverdale+Ave+SW+%26+5+St+SW,+Calgary,+AB+T2S+0X5","riverfront, shady, natural, informal, grass",<p>Part of the wider Bow River pathway network.</p>,"<p>Riverdale’s off-leash area merges nature and city with riverside trails, trees, and open space for an immersive dog-walking experience.</p>",,,,
Riverdale Park East,riverdale-park-east,683758b0a3f8a696dfc417b0,683758b09dd1e3ac2e4e9809,6842eb5836c592c43b90c492,false,false,Fri Jun 06 2025 13:21:28 GMT+0000 (Coordinated Universal Time),Fri Jun 06 2025 13:26:44 GMT+0000 (Coordinated Universal Time),Fri Jun 06 2025 13:46:10 GMT+0000 (Coordinated Universal Time),Riverdale Park East (Leash-Free Dog Area),Leash Free,"<p id="""">Riverdale Park East hosts a large, fully fenced leash-free dog area with panoramic views of downtown Toronto. The surface is a mix of grass and dirt, and the area includes benches, trees for shade, and convenient waste stations. Popular among locals, it’s ideal for social pups.</p>",550 Broadview Ave,43.67210435897199,-79.35492012975448,Toronto,Ontario,M4K 2N6,Yes,No,Grass and dirt,Approx. 0.6 acres,No,Yes,,Yes,Yes,Street and lot parking nearby,Yes,7:00 AM – 11:00 PM,None,https://www.toronto.ca/explore-enjoy/parks-recreation/places-spaces/parks-and-recreation-facilities/location/?id=343,"https://www.google.com/maps/place/Riverdale+Park+East/@43.6718328,-79.3575594,16z/data=!3m1!4b1!4m6!3m5!1s0x89d4cb6736419deb:0x54ff7965f96e6e4f!8m2!3d43.6718289!4d-79.3549845!16s%2Fg%2F1tqtyvzr?entry=ttu&g_ep=EgoyMDI1MDYwMy4wIKXMDSoASAFQAw%3D%3D","fenced, scenic, grass surface, benches, popular",<p>Offers some of the best skyline views from a leash-free zone in the city.</p>,"<p id="""">Riverdale Park East’s off-leash dog area provides generous space, downtown views, and a welcoming environment for both dogs and owners. A must-visit for Toronto’s east end pet lovers.</p>",,,,
Riverdale Park West,riverdale-park-west,683758b0a3f8a696dfc417b0,683758b09dd1e3ac2e4e9809,6843408a01cb9358315d94de,false,false,Fri Jun 06 2025 19:24:58 GMT+0000 (Coordinated Universal Time),Fri Jun 06 2025 19:29:22 GMT+0000 (Coordinated Universal Time),Sat Jun 14 2025 00:09:21 GMT+0000 (Coordinated Universal Time),Riverdale Park West (Leash-Free Dog Area),Dogs Allowed,"<p id="""">Located across from Riverdale Farm, Riverdale Park West provides a friendly, social leash-free zone with fencing, benches, and shade. It's ideal for dog owners in the Cabbagetown area and offers views of downtown Toronto and nearby trails for post-play walks.</p>",375 Sumach Street,43.66592809904869,-79.35893120464272,Toronto,Ontario,M5A 3K3,Yes,No,Grass and dirt,Approx. 0.25 acres,No,Yes,Yes,Yes,Yes,Street parking,Yes,7:00 AM – 9:00 PM,None,https://www.toronto.ca/explore-enjoy/parks-recreation/places-spaces/parks-and-recreation-facilities/location/?id=344,"https://www.google.com/maps/place/Riverdale+Park+West/@43.6656759,-79.358663,17z/data=!4m6!3m5!1s0x89d4cb434ece8101:0xed2e48789ff4f85d!8m2!3d43.6657147!4d-79.3588561!16zL20vMDViYjg1?entry=ttu&g_ep=EgoyMDI1MDYwMy4wIKXMDSoASAFQAw%3D%3D","fenced, benches, downtown views, shaded",<p>Conveniently located near Riverdale Farm and pedestrian trails.</p>,"<p id="""">Riverdale Park West combines city views and community charm, offering a fenced dog park with shaded seating just steps away from Riverdale Farm.</p>",,,,
Riverside Park,riverside-park-guelph,683758b0a3f8a696dfc417b0,683758b09dd1e3ac2e4e9809,685606601aed581e241d2148,false,false,Sat Jun 21 2025 01:09:52 GMT+0000 (Coordinated Universal Time),Sat Jun 21 2025 01:14:50 GMT+0000 (Coordinated Universal Time),Sat Jun 21 2025 01:54:30 GMT+0000 (Coordinated Universal Time),Riverside Park (Dogs Allowed Area),Dogs Allowed,"<p>Riverside Park is a large, multi-use park in Guelph where dogs are welcome on-leash. While there is no dedicated leash-free zone, it's an excellent destination for walks and play along the Speed River trails.</p>",709 Woolwich St,43.565409321348795,-80.27045871262,Guelph,Ontario,N1H 3Z1,No,No,"Grass, Trails",80+ acres,Yes,Yes,Yes,Yes,Yes,Yes,Yes,5:00 AM – 11:00 PM,None,https://guelph.ca/living/recreation/parks/riverside-park/,"https://www.google.com/maps/place/Riverside+Park/@43.5653241,-80.2722469,18.55z/data=!4m10!1m2!2m1!1sRiverside+Park!3m6!1s0x882b9a80d86c4223:0x9252bd4ac67fc109!8m2!3d43.5653599!4d-80.2704621!15sCg5SaXZlcnNpZGUgUGFya1oQIg5yaXZlcnNpZGUgcGFya5IBBHBhcmuqAUoQASoSIg5yaXZlcnNpZGUgcGFyaygAMh4QASIaCbG1XB6Jb8d7aOtYmu8k-MSGpM9vYyHdAIUyEhACIg5yaXZlcnNpZGUgcGFya-ABAA!16s%2Fm%2F0h3srfz!5m1!1e1?entry=ttu&g_ep=EgoyMDI1MDYxNy4wIKXMDSoASAFQAw%3D%3D","on-leash, riverside trails, large park, dog-friendly",<p>Dog owners should keep pets leashed and clean up after them while using shared trails and green spaces.</p>,"<p>Riverside Park in Guelph is a beautiful green space where dogs are welcome on-leash. With expansive walking trails and riverside paths, it’s perfect for daily strolls and exercise.</p>",,,,
Robert Burnaby Park,robert-burnaby-park,683758b0a3f8a696dfc417b0,683758b09dd1e3ac2e4e9809,6871b849fcda72dd712a3381,false,false,Sat Jul 12 2025 01:20:09 GMT+0000 (Coordinated Universal Time),Sat Jul 12 2025 01:20:32 GMT+0000 (Coordinated Universal Time),Sat Jul 12 2025 01:27:16 GMT+0000 (Coordinated Universal Time),Robert Burnaby Park | Burnaby Dog Off-Leash Area,Park,"<p>Robert Burnaby Park is an official Burnaby off-leash site with a long hydro-corridor trail, a lawn area west of Ramsay Creek, and active ecosystem restoration work that requires visitors to stay on sanctioned trails and out of fenced restoration areas.</p>",8155 Wedgewood Street,49.2383,-122.9318,Burnaby,British Columbia,V3N 3S7,No,No,"Grass lawn, hydro corridor trail, and natural park trails",Large,No dedicated dog water source confirmed,Yes,Yes,Yes - verify exact placement on arrival,Unknown - verify on arrival,Yes - 4 parking lots plus perimeter street parking,Yes - wheelchair accessible washrooms available,Dawn to dusk year-round,Check current restoration fencing and trail-maintenance notices,https://www.burnaby.ca/explore-outdoors/parks/robert-burnaby-park,https://www.google.com/maps/search/?api=1&query=8155+Wedgewood+Street+Burnaby+BC,"off-leash,burnaby,hydro-corridor,ramsay-creek,year-round","<p>Primary sources: https://www.burnaby.ca/explore-outdoors/dog-off-leash-areas and https://www.burnaby.ca/explore-outdoors/parks/robert-burnaby-park. Reviewed on July 31, 2026.</p>","<p>Robert Burnaby Park is one of Burnaby&apos;s official dog off-leash sites, with a <strong>long hydro-corridor trail</strong> and a <strong>large lawn area west of Ramsay Creek</strong> inside one of the city&apos;s most natural neighbourhood parks.</p>",,2026-07-31,Robert Burnaby Park | Burnaby Dog Off-Leash Area | LeashFree.ca,"Source-backed guide to Robert Burnaby Park in Burnaby, including the official hydro-corridor off-leash trail and lawn area west of Ramsay Creek, year-round dawn-to-dusk access, parking, washrooms, and current 2026 ecosystem restoration work."
Roly Bird Park,roly-bird-park,683758b0a3f8a696dfc417b0,683758b09dd1e3ac2e4e9809,683a0631692b0387d93f0c70,false,false,Fri May 30 2025 19:25:37 GMT+0000 (Coordinated Universal Time),Sat Jun 07 2025 20:37:03 GMT+0000 (Coordinated Universal Time),Sat Jun 14 2025 00:09:21 GMT+0000 (Coordinated Universal Time),Roly Bird Park (Leash-Free Dog Area),Leash Free,"<p>Roly Bird Park, named after Burlington’s longest-serving mayor, offers a medium-sized, fully fenced leash-free area with a double-gated entry system. The park features a wood chip surface to keep dogs clean, and amenities include benches, picnic tables, and mature trees providing shade. Additional facilities in the park include a baseball diamond, two sports fields, a playground, and ample parking.</p>",2203 Industrial Street,,,Burlington,Ontario,L7P 1A1,Yes,No,Wood Chips,,Unknown,Yes,Yes,Yes,,,Unknown,24 hours,,https://www.burlington.ca/en/by-laws-and-animal-services/leash-free-dog-parks.aspx,"https://www.google.com/maps/place/Roly+Bird+Park/@43.3469561,-79.8182539,17z/data=!4m15!1m8!3m7!1s0x882b61efe421efa5:0x2b9c032256b9648f!2s2203+Industrial+St,+Burlington,+ON+L7P+1A1!3b1!8m2!3d43.3470634!4d-79.8174178!16s%2Fg%2F11bw3h5923!3m5!1s0x882b61efe421efa5:0x4d4555c58bc69c87!8m2!3d43.3460573!4d-79.8199148!16s%2Fg%2F11h0dqlvc?entry=ttu&g_ep=EgoyMDI1MDYwNC4wIKXMDSoASAFQAw%3D%3D","fenced, wood chip surface, shaded areas, benches, parking, playground",,"<p>Roly Bird Park provides a welcoming leash-free environment for dogs in Burlington. With its secure fencing, wood chip surface, and shaded seating areas, it's an ideal spot for dogs to play and for families to enjoy the park's additional amenities.</p>",https://cdn.prod.website-files.com/683758b09dd1e3ac2e4e980a/683a06353c1b5af014f731c6_Roly%20Bird%20Park%20%E2%80%93%20Leash-Free%20Dog%20Area.png,,,
Root Street Park,root-street-park-ladysmith,683758b0a3f8a696dfc417b0,683758b09dd1e3ac2e4e9809,68719f71a71840d162ae01e2,false,false,Fri Jul 11 2025 23:34:09 GMT+0000 (Coordinated Universal Time),Fri Jul 11 2025 23:35:49 GMT+0000 (Coordinated Universal Time),Sat Jul 12 2025 01:27:16 GMT+0000 (Coordinated Universal Time),Root Street Park | Ladysmith Park Guide,Neighbourhood park,"<p>Root Street Park is a small Ladysmith neighbourhood green space, but it should not be treated as an official off-leash dog park.</p>",420 Root Street,48.9859,-123.8159,Ladysmith,British Columbia,V9G 2B7,No,No,Grass lawn and neighbourhood park landscape,Small neighbourhood park,Unknown - verify on arrival,Unknown - verify on arrival,Some tree cover - verify on arrival,Unknown - verify on arrival,No official dog-park dispensers confirmed,Street parking,No city-confirmed washrooms noted,Verify posted park hours on arrival,Check current town notices,https://www.ladysmith.ca/our-services/parks-recreation/parks/,https://www.google.com/maps/search/?api=1&query=420+Root+Street+Ladysmith+BC,"park-guide,ladysmith,neighbourhood-park,root-street-park","<p>Primary source: Town of Ladysmith parks source URL previously used for this record. That town parks page currently returns a 404 when fetched directly, so this update stays conservative and avoids unsupported amenity claims while removing the false off-leash framing. Reviewed on August 2, 2026.</p>",<p>Root Street Park is a small <strong>Ladysmith neighbourhood park</strong> that functions as a local residential green space rather than an officially designated off-leash dog area.</p>,,2026-08-02,Root Street Park | Ladysmith Park Guide | LeashFree.ca,"Source-backed guide to Root Street Park in Ladysmith, including its neighbourhood park role and why it should not be treated as an official off-leash dog park."
Ross Industrial Off-Leash Dog Park,ross-industrial-off-leash-dog-park,683758b0a3f8a696dfc417b0,683758b09dd1e3ac2e4e9809,6871c737baa39b659e1ff904,false,false,Sat Jul 12 2025 02:23:51 GMT+0000 (Coordinated Universal Time),Sat Jul 12 2025 02:38:51 GMT+0000 (Coordinated Universal Time),Sat Jul 12 2025 03:27:49 GMT+0000 (Coordinated Universal Time),Ross Industrial Off-Leash Dog Park Leash-Free Dog Park,Leash Free,"<p>Ross Industrial Off-Leash Dog Park is a fully fenced urban dog park with a bowl-shaped landscape, perfect for safe dog exercise.</p>",645 Ross Ave E,50.4613,-104.5747,Regina,Saskatchewan,S4N 7A3,Yes,No,grass,Medium,No,Yes,Minimal,Yes,Yes,Yes,No,6 am – 11 pm,None,https://www.regina.ca/parks-recreation-culture/dog-parks/,"https://maps.google.com/?q=645+Ross+Ave+E,+Regina,+SK","leash-free,fenced,urban",<p>Bowl-shaped layout offers natural visibility.</p>,"<p>Ross Industrial Off-Leash Dog Park is a fenced, bowl-shaped park in Regina that provides a secure and open area for off-leash fun.</p>",,,,
Rotary Park,rotary-park-ajax,683758b0a3f8a696dfc417b0,683758b09dd1e3ac2e4e9809,68700bdcc6f0099d739830cb,false,false,Thu Jul 10 2025 18:52:12 GMT+0000 (Coordinated Universal Time),Thu Jul 10 2025 18:55:51 GMT+0000 (Coordinated Universal Time),Fri Jul 11 2025 12:18:36 GMT+0000 (Coordinated Universal Time),Rotary Park Leash-Free Dog Park,Leash Free,"<p>Waterfront park in Ajax with a large off-leash zone, ideal for dogs that love to run and swim.</p>",177 Lake Driveway W,43.8183250135576,-79.03103716540116,Ajax,Ontario,L1S 7J1,No,No,"grass, sand",Large,Yes (seasonal),Yes,Yes,Yes,Yes,Yes,Yes (Seasonal),Dawn to Dusk,None,https://www.ajax.ca/en/play/parks-and-trails.aspx,"https://www.google.com/maps/place/Rotary+Park/@43.8169935,-79.0670002,14z/data=!4m10!1m2!2m1!1sAjax+Dog+Parks!3m6!1s0x89d4de3cdb1f438d:0xfdd4273553f9af28!8m2!3d43.8169935!4d-79.0319813!15sCg5BamF4IERvZyBQYXJrc1oQIg5hamF4IGRvZyBwYXJrc5IBBHBhcmuqAVEKCS9tLzBidDlschABKg0iCWRvZyBwYXJrcygAMh8QASIbKUVW_IgNBen3KmJFY0z3Dig2VFpI89LdWjuUMhIQAiIOYWpheCBkb2cgcGFya3PgAQA!16s%2Fg%2F1tcxw6qy!5m1!1e1?entry=ttu&g_ep=EgoyMDI1MDcwNy4wIKXMDSoASAFQAw%3D%3D","leash-free,waterfront,grass,sand",<p>Great for dogs that enjoy water access; not fenced.</p>,"<p>Rotary Park in Ajax is a dog-friendly waterfront space where dogs can enjoy off-leash time in nature, with access to trails and Lake Ontario.</p>",,,,
Rotary Park Off-Leash Area,rotary-park-off-leash-area,683758b0a3f8a696dfc417b0,683758b09dd1e3ac2e4e9809,683b175ce9f8fcb3411244b2,false,false,Sat May 31 2025 14:51:08 GMT+0000 (Coordinated Universal Time),Sat May 31 2025 14:51:08 GMT+0000 (Coordinated Universal Time),Sun Jun 01 2025 00:16:54 GMT+0000 (Coordinated Universal Time),Rotary Park Off-Leash Area (NE Calgary),Leash Free,<p>Rotary Park offers a unique hillside off-leash area with terraced levels and historic sandstone steps. The park provides panoramic views of downtown Calgary and features a mix of grassy areas and paved pathways.</p>,617 1 St NE,,,Calgary,Alberta,T2E 6R2,Partially,No,"Mixed grass, paved paths, sandstone steps",5.9 hectares,Yes,Yes,,Yes,,Street parking on 1st Street NE and Centre A Street NE,Yes,5:00 AM to 11:00 PM,,https://www.calgary.ca/parks/rotary-park.html,"https://www.google.com/maps/place/617+1+St+NE,+Calgary,+AB+T2E+6R2","off-leash, hillside, panoramic views, NE Calgary, terraced landscape","<p>The park's elevated position offers stunning city views, and its terraced design provides varied terrain for dogs to explore.</p>","<p>Perched atop a hillside in Calgary's northeast, Rotary Park Off-Leash Area combines scenic vistas with diverse terrains, making it a favorite spot for dog owners seeking both exercise and relaxation.</p>",,,,
Rotary Park Off-Leash Area,rotary-park-off-leash-area-sydney,683758b0a3f8a696dfc417b0,683758b09dd1e3ac2e4e9809,68b8a296617c9bc70c96a36d,false,false,Wed Sep 03 2025 20:18:30 GMT+0000 (Coordinated Universal Time),Wed Sep 03 2025 20:18:52 GMT+0000 (Coordinated Universal Time),Sat Sep 06 2025 19:21:07 GMT+0000 (Coordinated Universal Time),Rotary Park Off-Leash Dog Park,Leash Free,"<p>Unfenced off-leash area in Rotary Park, Sydney, spanning 12 acres with designated dog-friendly zones and trail access.</p>","Rotary Park, Sydney",46.143,-60.178,Sydney,NS,,No,No,"grass, trails, wooded",Large (12 acres),Unknown,Yes,Yes,Yes,Not specified,Yes,Yes (Seasonal),Dawn - Dusk,,https://en.wikipedia.org/wiki/Greenlink_Rotary_Park_Trail_System,https://www.google.com/maps?q=Rotary+Park+Sydney+NS,"leash-free, trails, large-area, wooded",<p>Designated dog area marked with signage. Buffer zones separate residential trails.</p>,<p>Rotary Park Off-Leash Area in Sydney is a large natural space with trails and wooded areas where dogs can explore off-leash in a marked zone.</p>,,,,
Roth Park,roth-park,683758b0a3f8a696dfc417b0,683758b09dd1e3ac2e4e9809,68560b364a6314a46a59b3ba,false,false,Sat Jun 21 2025 01:30:30 GMT+0000 (Coordinated Universal Time),Sat Jun 21 2025 01:31:50 GMT+0000 (Coordinated Universal Time),Sat Jun 21 2025 01:54:30 GMT+0000 (Coordinated Universal Time),Roth Park (Leash-Free Dog Area),Leash Free,"<p>Roth Park, located on the south shore of Pittock Lake in Woodstock, offers a 2.47-acre off-leash area for dogs. The park provides public washrooms during the warmer months and includes ample parking.</p>",680 Highland Drive,43.15028833584424,-80.75256306259668,Woodstock,Ontario,,Unknown,No,Natural Terrain,2.47 acres,Unknown,Unknown,Yes,Unknown,Unknown,Yes,Yes,6:00 AM – 11:00 PM,Washrooms available May 1 – Thanksgiving,https://www.cityofwoodstock.ca/en/live-and-play/dog-parks.aspx,"https://www.google.com/maps/place/Roth+Park/@43.150077,-80.75745,17z/data=!3m1!4b1!4m6!3m5!1s0x882c1ee2f766e90f:0x14b6eded6f67d0e8!8m2!3d43.1500771!4d-80.7525845!16s%2Fg%2F1q5bnbr5d!5m1!1e1?entry=ttu&g_ep=EgoyMDI1MDYxNy4wIKXMDSoASAFQAw%3D%3D","shaded area, parking, washrooms",<p>Located along the south shore of Pittock Lake.</p>,"<p>Roth Park in Woodstock features a 2.47-acre leash-free area by Pittock Lake, offering a scenic environment for dogs and their owners. With seasonal washrooms and convenient parking, it’s a perfect spot for a leisurely visit.</p>",,,,
Rowcliffe Park,rowcliffe-park-kelowna,683758b0a3f8a696dfc417b0,683758b09dd1e3ac2e4e9809,6871b27fffd0df9b314b0e5d,false,false,Sat Jul 12 2025 00:55:27 GMT+0000 (Coordinated Universal Time),Sat Jul 12 2025 00:56:39 GMT+0000 (Coordinated Universal Time),Sat Jul 12 2025 01:27:16 GMT+0000 (Coordinated Universal Time),Rowcliffe Park | Kelowna On-Leash and Off-Leash Dog Park,Park,<p>Rowcliffe Park is a small City of Kelowna park where the official city listing currently shows dog status as both on-leash and off-leash.</p>,536 Rowcliffe Ave,49.8839,-119.4934,Kelowna,British Columbia,V1Y 5Y9,Yes,No,Unknown - verify on arrival,0.12 ha,Unknown,Unknown - verify on arrival,Unknown - verify on arrival,Unknown - verify on arrival,Unknown - verify on arrival,Street parking nearby,Unknown,Check city signage on arrival,Check posted rules and city updates,https://www.kelowna.ca/parks-recreation/parks-beaches/parks-beaches-listing/rowcliffe-park,https://www.google.com/maps/search/?api=1&query=Rowcliffe+Park+536+Rowcliffe+Ave+Kelowna+BC,"on-leash-and-off-leash, small-park, urban, kelowna","<p>Primary source: https://www.kelowna.ca/parks-recreation/parks-beaches/parks-beaches-listing/rowcliffe-park. Supporting source: https://www.kelowna.ca/parks-recreation/parks-beaches/dog-parks. Planning context source: https://www.kelowna.ca/documents/rowcliffe-park-plan. Reviewed on July 30, 2026.</p>",<p>Rowcliffe Park is a small City of Kelowna park at <strong>536 Rowcliffe Ave</strong> where the official city listing currently shows dog status as <strong>on-leash and off-leash</strong>.</p>,,2026-07-30,Rowcliffe Park | Kelowna On-Leash and Off-Leash Dog Park | LeashFree.ca,"Source-backed guide to Rowcliffe Park in Kelowna, including the City of Kelowna’s 536 Rowcliffe Ave listing, on-leash and off-leash dog status, 0.12-hectare size, and current park plan context."
Roxboro Off-Leash Area,roxboro-off-leash-area,683758b0a3f8a696dfc417b0,683758b09dd1e3ac2e4e9809,683b175d7c5267c8b656cd9a,false,false,Sat May 31 2025 14:51:09 GMT+0000 (Coordinated Universal Time),Sat May 31 2025 14:51:09 GMT+0000 (Coordinated Universal Time),Sun Jun 01 2025 00:16:54 GMT+0000 (Coordinated Universal Time),Roxboro Off-Leash Area (Near Elbow River),Leash Free,"<p>Roxboro offers a narrow strip of green space tucked beside the Elbow River pathway, providing an intimate spot for dogs to roam off-leash. It’s ideal for locals looking for a quiet walking loop.</p>",3000 1 St SW,,,Calgary,Alberta,T2S 1R1,No,No,Grass and Pathway,Approx. 1.5 acres,No,Yes,,Yes,,Street parking nearby,No,5:00 AM to 11:00 PM,,https://www.calgary.ca/parks/off-leash-locations.html,"https://www.google.com/maps/place/3000+1+St+SW,+Calgary,+AB+T2S+1R1","off-leash, riverside, quiet, shaded",<p>Ideal for residents of nearby Roxboro and Mission neighborhoods.</p>,"<p>Roxboro Off-Leash Area is a quiet riverside retreat with natural shade, perfect for peaceful walks with your pup just off Calgary’s Elbow River path.</p>",,,,
Royal Oaks Neighbourhood Off-Leash Area,royal-oaks-neighbourhood-off-leash-area,683758b0a3f8a696dfc417b0,683758b09dd1e3ac2e4e9809,6871c209fbcaa166b43e72d0,false,false,Sat Jul 12 2025 02:01:45 GMT+0000 (Coordinated Universal Time),Sat Jul 12 2025 02:02:11 GMT+0000 (Coordinated Universal Time),Sat Jul 12 2025 03:27:49 GMT+0000 (Coordinated Universal Time),Royal Oaks Neighbourhood Off-Leash Area,Leash Free,<p>Royal Oaks Off-Leash Area in Grande Prairie is a designated open green space for dogs to enjoy off-leash activity in a residential neighborhood.</p>,117 Ave & 108 St,55.1911,-118.7992,Grande Prairie,Alberta,T8V 7T4,No,No,grass,Medium,No,No,Minimal,Yes,Yes,Street parking,No,6 am – 11 pm,None,https://www.cityofgp.com/culture-recreation/parks-trails/dog-parks,"https://maps.google.com/?q=Royal+Oaks+Off-Leash+Area,+Grande+Prairie,+AB","leash-free,neighbourhood,unfenced",,"<p>Royal Oaks Neighbourhood Off-Leash Area is a grassy, unfenced dog zone in Grande Prairie designed for relaxed play and socialization.</p>",,,,
Rushdale Park,rushdale-park,683758b0a3f8a696dfc417b0,683758b09dd1e3ac2e4e9809,684dea5324faf4a27efe212d,false,false,Sat Jun 14 2025 21:32:03 GMT+0000 (Coordinated Universal Time),Sat Jun 14 2025 21:44:15 GMT+0000 (Coordinated Universal Time),Sat Jun 14 2025 23:55:34 GMT+0000 (Coordinated Universal Time),Rushdale Park | Dog-Friendly Park in Hamilton,Dogs Allowed,"<p>Rushdale Park is a regular Hamilton neighbourhood park where dogs are welcome on leash, not an official off-leash dog park.</p>",130 Southpark Ave,43.20941,-79.86308,Hamilton,Ontario,L8V 4Z9,No,No,Grass and paved paths,Unknown - verify on arrival,Unknown,Unknown,Unknown,Unknown,Unknown,Unknown - verify on arrival,Unknown,Check City of Hamilton park signage,See City of Hamilton seasonal program and maintenance updates,https://www.hamilton.ca/things-do/recreation/programs/outdoor-programs/supie,https://www.google.com/maps/search/?api=1&query=Rushdale+Park+130+Southpark+Ave+Hamilton+ON,"on-leash, neighbourhood-park, year-round, hamilton","<p>Primary official source used for this refresh: https://www.hamilton.ca/things-do/recreation/programs/outdoor-programs/supie. Supporting official sources: https://www.hamilton.ca/people-programs/public-health/smoking-vaping/smoke-vape-free-spaces, https://www.hamilton.ca/things-do/recreation/programs/outdoor-programs/outdoor-ice, and Hamilton&apos;s dog parks and free running areas page at https://www.hamilton.ca/home-neighbourhood/animals-pets/dogs/dog-parks-and-free-running-areas. Latitude and longitude were added for mapping support because the city sources reviewed did not publish them directly.</p>","<p>Rushdale Park is a regular Hamilton neighbourhood park where dogs are welcome on leash, not one of the City of Hamilton&apos;s published off-leash dog parks or free running areas.</p>",,2026-07-29,"Rushdale Park | Dog-Friendly Park in Hamilton, Ontario | LeashFree.ca","Source-backed guide to Rushdale Park in Hamilton, including the official 130 Southpark Ave location, current city-program context, and why dog owners should treat it as an on-leash neighbourhood park rather than an off-leash dog park."
Ruth Johnson Park,ruth-johnson-park,683758b0a3f8a696dfc417b0,683758b09dd1e3ac2e4e9809,6871a6594a09925467738488,false,false,Sat Jul 12 2025 00:03:37 GMT+0000 (Coordinated Universal Time),Sat Jul 12 2025 00:13:39 GMT+0000 (Coordinated Universal Time),Sat Jul 12 2025 01:27:16 GMT+0000 (Coordinated Universal Time),Ruth Johnson Park Off-Leash Dog Park | White Rock,Leash Free,"<p>Ruth Johnson Park is White Rock&apos;s official fenced off-leash dog park, set within the larger Centennial and Ruth Johnson Park recreation complex at 14600 North Bluff Road.</p>",14600 North Bluff Road,49.03092214655965,-122.81926452714916,White Rock,British Columbia,V4B 3C9,Yes,No,Grass dog park within a larger sports and trails complex,Large fenced city dog park,Unknown - verify on arrival,Unknown - verify on arrival,Some mature tree cover,Unknown - verify on arrival,Unknown - verify on arrival,Yes - park complex access,Verify at park complex on arrival,Dawn to dusk,Follow posted park signage and closure notices,https://www.whiterockcity.ca/facilities/facility/details/Centennial-and-Ruth-Johnson-Park-24,https://www.google.com/maps/search/?api=1&query=14600+North+Bluff+Road+White+Rock+BC,"off-leash,white-rock,fenced,centennial-park,ruth-johnson-park","<p>Primary sources: https://www.whiterockcity.ca/Parks-Trails/Dogs for the city’s rule that off-leash use is only in the off-leash dog park at Ruth Johnson Park; https://www.whiterockcity.ca/facilities/facility/details/Centennial-and-Ruth-Johnson-Park-24 for facility details; https://www.whiterockcity.ca/842/Park-Projects-Updates for Ruth Johnson Park and Coldicutt Ravine project context; and https://www.whiterockcity.ca/m/newsflash/Home/Detail/5115 for the May 11, 2026 Council summary approving stair replacement work. Reviewed on August 4, 2026.</p>","<p>Ruth Johnson Park is home to <strong>White Rock&apos;s official fenced off-leash dog park</strong> at <strong>14600 North Bluff Road</strong>, inside the larger <strong>Centennial and Ruth Johnson Park</strong> recreation complex.</p>",,2026-08-04,Ruth Johnson Park Off-Leash Dog Park | White Rock | LeashFree.ca,"Source-backed guide to White Rock’s fenced off-leash dog park at Ruth Johnson Park, including the 14600 North Bluff Road location, Centennial park context, trails, sports amenities, and current stair-repair note."
Rutland Recreation Park,rutland-recreation-park-kelowna,683758b0a3f8a696dfc417b0,683758b09dd1e3ac2e4e9809,6871b1bd378371896a00b75b,false,false,Sat Jul 12 2025 00:52:13 GMT+0000 (Coordinated Universal Time),Sat Jul 12 2025 00:53:01 GMT+0000 (Coordinated Universal Time),Sat Jul 12 2025 01:27:16 GMT+0000 (Coordinated Universal Time),Rutland Recreation Park Leash-Free Area,Leash Free,<p>Rutland Recreation Park in Kelowna features an off-leash dog area within a large park that also includes sports fields and green space.</p>,180 Rutland Rd N,49.8987,-119.386,Kelowna,British Columbia,V1X 6B1,Yes,No,"grass, gravel",Medium,Yes,Yes,Partial,Yes,Yes,Yes,Yes,6 am – 11 pm,None,https://www.kelowna.ca/parks-recreation,"https://maps.google.com/?q=Rutland+Recreation+Park,+Kelowna,+BC","leash-free,fenced,grassy",,<p>Rutland Recreation Park in Kelowna offers a spacious off-leash area for dogs to socialize and run freely in a well-maintained environment.</p>,,,,
Sackville Lakes Provincial Park,sackville-lakes-provincial-park,683758b0a3f8a696dfc417b0,683758b09dd1e3ac2e4e9809,68b855520bf9dd5bb5277279,false,false,Wed Sep 03 2025 14:48:50 GMT+0000 (Coordinated Universal Time),Wed Sep 03 2025 19:49:10 GMT+0000 (Coordinated Universal Time),Sat Sep 06 2025 19:21:07 GMT+0000 (Coordinated Universal Time),Sackville Lakes Provincial Park Leash-Free Dog Park,Leash Free,"<p>Expansive provincial park with forest trails, lakeside scenery, and areas where dogs are frequently off-leash.</p>",First Lake Dr,44.77188,-63.67023,Lower Sackville,NS,,No,No,"forest trails, gravel, lake shore",Large,No,Limited,Yes,Yes,Yes,Parking Lot,No,5:00 a.m. - 10:00 p.m.,Provincial rules may restrict off-leash; verify on-site,https://www.halifaxtrails.ca/tag/off-leash/,https://www.google.com/maps?q=Sackville+Lakes+Provincial+Park+NS,"leash-free, trails, lake, wooded",<p>Off-leash use is community-practiced but provincial regulations may differ; dogs often swim at lakes.</p>,"<p>Sackville Lakes Provincial Park is a scenic leash-free area in Lower Sackville, popular for its wooded trails and lakeside access. It offers plenty of natural space for dogs to explore and swim.</p>",,,,
Sand Bay County Park,sand-bay-county-park,683758b0a3f8a696dfc417b0,683758b09dd1e3ac2e4e9809,68705ce1b0e99d4de78da2f7,false,false,Fri Jul 11 2025 00:37:53 GMT+0000 (Coordinated Universal Time),Fri Jul 11 2025 00:38:22 GMT+0000 (Coordinated Universal Time),Fri Jul 11 2025 12:18:36 GMT+0000 (Coordinated Universal Time),Sand Bay County Park Leash-Free Dog Park,Leash Free,<p>Sand Bay County Park in Athens provides lakeside access with natural trails and a relaxed environment where dogs can explore freely.</p>,Sand Bay Rd,44.56580407290436,-75.9883870271999,Athens,Ontario,K0E 1B0,No,No,"grass, sand, trail",Medium,Yes,Limited,Partial,No,No,Yes,No,8 am – 8 pm,May not be maintained in winter,https://www.leeds1000islands.ca/en/things-to-do/beaches-and-parks.aspx,"https://www.google.com/maps/place/Sand+Bay+County+Park/@44.5472116,-76.0515584,13z/data=!4m10!1m2!2m1!1sdog+park+near+Charleston+Lake,+ON!3m6!1s0x4ccd6f63439b1421:0x4ddf94333fdcd292!8m2!3d44.5618695!4d-75.9893736!15sCiFkb2cgcGFyayBuZWFyIENoYXJsZXN0b24gTGFrZSwgT05aIiIgZG9nIHBhcmsgbmVhciBjaGFybGVzdG9uIGxha2Ugb26SAQRwYXJrmgEkQ2hkRFNVaE5NRzluUzBWSlEwRm5TVU4xYnkxeU4ydDNSUkFCqgFiCgkvbS8wYnQ5bHIQASoMIghkb2cgcGFyaygAMh8QASIbrdLk8dAHWHjMiS1QEFq73iafpz0sWwS70qJmMiQQAiIgZG9nIHBhcmsgbmVhciBjaGFybGVzdG9uIGxha2Ugb27gAQD6AQUI3wEQNA!16s%2Fg%2F11g22zn4zl!5m1!1e1?entry=ttu&g_ep=EgoyMDI1MDcwNy4wIKXMDSoASAFQAw%3D%3D","lakeside,trails,natural,leash-free","<p>No dedicated dog area, but dogs are allowed off-leash under control.</p>","<p>Sand Bay County Park in Athens is a peaceful, natural lakeside space where dogs can roam off-leash along trails and the shoreline.</p>",,,,
Sandstone Area 1 Off-Leash Dog Park,sandstone-area-1-off-leash-dog-park,683758b0a3f8a696dfc417b0,683758b09dd1e3ac2e4e9809,683b175c278e9155a2efdbf8,false,false,Sat May 31 2025 14:51:08 GMT+0000 (Coordinated Universal Time),Sat May 31 2025 14:51:08 GMT+0000 (Coordinated Universal Time),Sun Jun 01 2025 00:16:54 GMT+0000 (Coordinated Universal Time),Sandstone Area 1 Off-Leash Dog Park (NW Calgary),Leash Free,"<p>This off-leash area in Sandstone Valley offers a mix of open spaces and natural terrain, providing dogs with ample room to play and explore.</p>",28 Sanderling Close NW,,,Calgary,Alberta,T3K 3B6,No,No,Grass and Dirt,Approximately 3 hectares,No,Yes,,Yes,,Street Parking,No,5:00 AM to 11:00 PM,,https://www.calgary.ca/content/dam/www/corporate-communications/locations/sandstone-valley-off-leash-area.pdf?utm_source=chatgpt.com,"https://www.google.com/maps/place/28+Sanderling+Close+NW,+Calgary,+AB+T3K+3B6","off-leash, natural terrain, NW Calgary, community park",<p>The park is situated near residential areas; please respect local residents.</p>,<p>Sandstone Area 1 Off-Leash Dog Park offers a natural environment for dogs to enjoy off-leash freedom in Calgary's northwest.</p>,,,,
Sandy Beach Park Off-Leash Area,sandy-beach-off-leash-area,683758b0a3f8a696dfc417b0,683758b09dd1e3ac2e4e9809,683b175dd6c35f1ddb984fdd,false,false,Sat May 31 2025 14:51:09 GMT+0000 (Coordinated Universal Time),Sat May 31 2025 14:51:09 GMT+0000 (Coordinated Universal Time),Sun Jun 01 2025 00:16:54 GMT+0000 (Coordinated Universal Time),Sandy Beach Off-Leash Area (SW Calgary),Leash Free,"<p>Adjacent to River Park, Sandy Beach Park provides a riverfront off-leash area with water access, trees, and open space. It’s a favorite for dogs that love to swim and explore.</p>",4500 14a St SW,,,Calgary,Alberta,T2T 3Y6,No,No,"Grass, Sand, Water Access",Approx. 6 acres,Yes,Yes,,Yes,,Yes,Yes,5:00 AM to 11:00 PM,,https://www.calgary.ca/parks/off-leash-locations.html,"https://www.google.com/maps/place/4500+14a+St+SW,+Calgary,+AB+T2T+3Y6","off-leash, sandy beach, river access, swim spot, SW Calgary","<p>Shared area with picnickers, water-loving dogs will enjoy this park.</p>","<p>Sandy Beach Park Off-Leash Area is a well-loved riverside destination where dogs can run, play, and splash along the Elbow River in southwest Calgary.</p>",,,,
Sandy Bruce Park,sandy-bruce-park,683758b0a3f8a696dfc417b0,683758b09dd1e3ac2e4e9809,6842e17ce344eb741131fb1b,false,false,Fri Jun 06 2025 12:39:24 GMT+0000 (Coordinated Universal Time),Fri Jun 06 2025 12:42:34 GMT+0000 (Coordinated Universal Time),Fri Jun 06 2025 13:46:10 GMT+0000 (Coordinated Universal Time),Sandy Bruce Park (Leash-Free Dog Area),Leash Free,"<p id="""">Sandy Bruce Park offers a quiet, tucked-away off-leash area in East York, perfect for neighborhood residents looking for a secure and low-traffic space. The fenced area is small but functional, with tree coverage for shade and a mulch surface underfoot.</p>",426 Moore Ave,43.69767613635821,-79.37057735367253,Toronto,Ontario,M4G 1C9,Yes,No,Mulch and dirt,Approx. 0.1 acres,No,Yes,Yes,Yes,Yes,Street parking,No,7:00 AM – 9:00 PM,None,https://www.toronto.ca/explore-enjoy/parks-recreation/places-spaces/parks-and-recreation-facilities/location/?id=439,"https://www.google.com/maps/place/Sandy+Bruce+Park/@43.6976044,-79.3711943,18z/data=!4m6!3m5!1s0x89d4ccc85e5025bd:0x29fa862e4a1bf30a!8m2!3d43.6975754!4d-79.3705827!16s%2Fg%2F11ckd747qd?entry=ttu&g_ep=EgoyMDI1MDYwMy4wIKXMDSoASAFQAw%3D%3D","fenced, shaded, mulch surface, benches, local park",<p>A peaceful option with low foot traffic; perfect for quiet dog time.</p>,"<p id="""">Sandy Bruce Park features a modest fenced dog area with shade and seating, making it a hidden gem for dog owners in East York seeking a relaxed and local off-leash experience.</p>",https://cdn.prod.website-files.com/683758b09dd1e3ac2e4e980a/6842e1d3c55e0c5c2669d752_Sandy%20Bruce%20Park.jpg,,,
Sandy Lake Park,sandy-lake-park,683758b0a3f8a696dfc417b0,683758b09dd1e3ac2e4e9809,68b85552cbceb18dbc5aa07d,false,false,Wed Sep 03 2025 14:48:50 GMT+0000 (Coordinated Universal Time),Wed Sep 03 2025 19:49:10 GMT+0000 (Coordinated Universal Time),Sat Sep 06 2025 19:21:07 GMT+0000 (Coordinated Universal Time),Sandy Lake Park Leash-Free Dog Park,Leash Free,"<p>Expansive natural park with trails and a popular dog-friendly beach area near Bedford, great for swimming and hiking with dogs.</p>",115 Smiths Rd,44.74206,-63.730889,Bedford,NS,,No,No,"forest trails, sand, lake shore",Large,Yes,Limited,Yes,Yes,Yes,Limited,No,5:00 a.m. - 10:00 p.m.,,https://www.halifax.ca/parks-recreation/parks-trails-gardens/parks-outdoor-spaces/leash-dog-parks,https://www.google.com/maps?q=Sandy+Lake+Park+Bedford+NS,"leash-free, trails, beach, swimming",<p>Natural park setting; off-leash use is allowed in designated areas. Popular in summer for swimming dogs.</p>,"<p>Sandy Lake Park is a popular leash-free dog park in Bedford, known for its wooded trails and dog-friendly beach. It’s a perfect destination for dogs who love to hike and swim.</p>",,,,
Saratoga Dog Park,saratoga-dog-park,683758b0a3f8a696dfc417b0,683758b09dd1e3ac2e4e9809,6871c11e5ff815d1a2a8affd,false,false,Sat Jul 12 2025 01:57:50 GMT+0000 (Coordinated Universal Time),Sat Jul 12 2025 02:02:11 GMT+0000 (Coordinated Universal Time),Sat Jul 12 2025 03:27:49 GMT+0000 (Coordinated Universal Time),Saratoga Dog Park,Leash Free,"<p>Saratoga Dog Park in Medicine Hat is a fully fenced, well-equipped off-leash park featuring agility equipment, shade, benches, and water access.</p>","Saratoga Park, 11 St NE",50.0507,-110.6623,Medicine Hat,Alberta,T1C 1R3,Yes,No,grass,Large,Yes,Yes,Yes,Yes,Yes,Yes,No,7 am – 11 pm,None,https://www.medicinehat.ca/en/parks-recreation-and-culture/dog-parks.aspx,"https://maps.google.com/?q=Saratoga+Dog+Park,+Medicine+Hat,+AB","leash-free,fenced,agility,water",,"<p>Saratoga Dog Park in Medicine Hat is a fully fenced off-leash area with agility equipment, potable water, benches, and shade for dogs and owners.</p>",,,,
Scarborough Heights Park,scarborough-heights-park,683758b0a3f8a696dfc417b0,683758b09dd1e3ac2e4e9809,68432dd25a44873c12690754,false,false,Fri Jun 06 2025 18:05:06 GMT+0000 (Coordinated Universal Time),Fri Jun 06 2025 18:12:16 GMT+0000 (Coordinated Universal Time),Sat Jun 14 2025 00:09:21 GMT+0000 (Coordinated Universal Time),Scarborough Heights Park (Leash-Free Dog Area),Leash Free,"<p>Set near the Bluffs, Scarborough Heights Park features a spacious, grassy off-leash area ideal for dogs to stretch their legs. The area isn’t fully fenced but has natural boundaries and offers scenic walking trails, tree cover, and a relaxing vibe.</p>",27 Fishleigh Drive,43.69990401687262,-79.25067196125966,Toronto,Ontario,M1N 1G3,No,No,Grass and dirt,Approx. 1.5 acres,No,Yes,Yes,Yes,Yes,Small lot and street parking,No,7:00 AM – 9:00 PM,None,https://www.toronto.ca/explore-enjoy/parks-recreation/places-spaces/parks-and-recreation-facilities/location/?id=1100,"https://www.google.com/maps/place/Scarborough+Heights+Park+Off+Leash+Dog+Park/@43.6987521,-79.2520345,17z/data=!4m14!1m7!3m6!1s0x89d4cefa3dd80dc3:0xa117a85a897cf467!2sScarborough+Heights+Park!8m2!3d43.6987483!4d-79.2494596!16s%2Fg%2F1v8y4_yt!3m5!1s0x89d4cfe4db6bf963:0x8c02933665bdaaaf!8m2!3d43.699811!4d-79.2506932!16s%2Fg%2F11h6rr2y3f?entry=ttu&g_ep=EgoyMDI1MDYwMy4wIKXMDSoASAFQAw%3D%3D","large open space, natural trails, scenic, grass surface","<p>Ideal for off-leash play with room to run, but caution advised due to lack of fencing.</p>","<p id="""">Scarborough Heights Park offers a beautiful and open leash-free experience just steps from the Bluffs. Though not fenced, it’s perfect for confident off-leash dogs who love to roam and explore.</p>",,,,
Scenic Drive Dog Run,scenic-drive-dog-run,683758b0a3f8a696dfc417b0,683758b09dd1e3ac2e4e9809,6871bf97907dcf5126887045,false,false,Sat Jul 12 2025 01:51:19 GMT+0000 (Coordinated Universal Time),Sat Jul 12 2025 02:02:11 GMT+0000 (Coordinated Universal Time),Sat Jul 12 2025 03:27:49 GMT+0000 (Coordinated Universal Time),Scenic Drive Dog Run,Leash Free,"<p>Scenic Drive Dog Run is a long, narrow off-leash corridor in Lethbridge ideal for walking or running with your dog in an urban setting.</p>",Scenic Dr S & 6 Ave S,49.6849,-112.8205,Lethbridge,Alberta,T1J 1Z9,Yes,No,"gravel, grass",Long and narrow,No,Limited,Minimal,Yes,Yes,Street parking,No,6 am – 10 pm,None,https://www.lethbridge.ca/Things-To-Do/Parks/Pages/Dog-Parks.aspx,"https://maps.google.com/?q=Scenic+Drive+Dog+Run,+Lethbridge,+AB","leash-free,urban,pathway",,<p>Scenic Drive Dog Run in Lethbridge is a convenient off-leash corridor perfect for urban dog walks along a fenced linear path.</p>,,,,
Seasonal Rink Dog Parks (Various Locations),seasonal-rink-dog-parks-regina,683758b0a3f8a696dfc417b0,683758b09dd1e3ac2e4e9809,6871c79d1048141aca348c82,false,false,Sat Jul 12 2025 02:25:33 GMT+0000 (Coordinated Universal Time),Sat Jul 12 2025 02:38:51 GMT+0000 (Coordinated Universal Time),Sat Jul 12 2025 03:27:49 GMT+0000 (Coordinated Universal Time),Seasonal Rink Dog Parks (Various Locations) Leash-Free Dog Park,Leash Free,<p>Regina offers seasonal off-leash dog areas at various boarded rink sites throughout the city from May 1 to September 30.</p>,"Various locations (e.g., M. J. Coldwell, Leslie Park, etc.)",50.4452,-104.6189,Regina,Saskatchewan,,Yes,Unknown,asphalt,Small,No,No,Minimal,Yes,Yes,Street Parking,No,6 am – 11 pm (May 1 – Sept 30),May 1 – Sept 30,https://www.regina.ca/parks-recreation-culture/dog-parks/,"https://maps.google.com/?q=Regina,+SK","leash-free,fenced,seasonal",<p>8 locations available during summer months.</p>,"<p>Regina offers seasonal off-leash dog areas at boarded rink sites across the city from May through September, giving dogs a summer place to play.</p>",,,,
Semiahmoo Park,semiahmoo-park,683758b0a3f8a696dfc417b0,683758b09dd1e3ac2e4e9809,6871a78826f9ec6b9e42b884,false,false,Sat Jul 12 2025 00:08:40 GMT+0000 (Coordinated Universal Time),Sat Jul 12 2025 00:09:51 GMT+0000 (Coordinated Universal Time),Sat Jul 12 2025 01:27:16 GMT+0000 (Coordinated Universal Time),Semiahmoo Park Leash-Free Area,Leash Free,"<p>Semiahmoo Park features oceanside views, scenic walking trails, and limited leash-free access for dogs on parts of the beach.</p>",15782 Marine Dr,49.019177629706654,-122.78580462413233,White Rock,British Columbia,V4B 1E6,No,No,"sand, trail",Large,Yes,Yes,Partial,Yes,Yes,Yes,Yes,6 am – 10 pm,Yes (some restrictions in summer),https://www.whiterockcity.ca,"https://www.google.com/maps/place/Semiahmoo+Park/@49.0165883,-122.8554991,13z/data=!4m10!1m2!2m1!1sdog+park+in+White+Rock,+BC!3m6!1s0x5485c35a1820d441:0xc47b6764ceb735c0!8m2!3d49.0165883!4d-122.7854613!15sChpkb2cgcGFyayBpbiBXaGl0ZSBSb2NrLCBCQ1obIhlkb2cgcGFyayBpbiB3aGl0ZSByb2NrIGJjkgEEcGFya5oBJENoZERTVWhOTUc5blMwVkpRMEZuU1VNdExXTlRiV2QzUlJBQqoBWwoJL20vMGJ0OWxyEAEqDCIIZG9nIHBhcmsoADIfEAEiG6SwdVWrRUe4P7nKpbI1cENcHO--Ltow776cZDIdEAIiGWRvZyBwYXJrIGluIHdoaXRlIHJvY2sgYmPgAQD6AQQIABAf!16s%2Fg%2F11r_cq3th2!5m1!1e1?entry=ttu&g_ep=EgoyMDI1MDcwOC4wIKXMDSoASAFQAw%3D%3D","leash-free,beach,trails",<p>Off-leash access may vary by section.</p>,<p>Semiahmoo Park in White Rock provides a beautiful coastal experience with off-leash access along the beach and trails for dogs.</p>,,,,
Seton Off-Leash Area,seton-off-leash-area,683758b0a3f8a696dfc417b0,683758b09dd1e3ac2e4e9809,683b1760d6c35f1ddb98517b,false,false,Sat May 31 2025 14:51:12 GMT+0000 (Coordinated Universal Time),Sat May 31 2025 15:12:11 GMT+0000 (Coordinated Universal Time),Sun Jun 01 2025 00:16:54 GMT+0000 (Coordinated Universal Time),Seton Off-Leash Area | Calgary Dog Park Guide,Leash Free,"<p>Seton Off-Leash Area is one of Calgary&apos;s listed southeast off-leash locations, serving a newer suburban neighbourhood with shared multi-use park space.</p>",Seton Blvd SE & Seton Crescent SE,50.8806,-113.9588,Calgary,Alberta,T3M 3A5,No,No,Grass and shared pathway-connected parkland,Unknown - verify on arrival,Unknown - bring your own water,Unknown - verify on arrival,Limited,Unknown - verify on arrival,Unknown - verify on arrival,Unknown - verify on arrival,Unknown,5:00 AM to 11:00 PM,Standard Calgary off-leash rules apply,https://www.calgary.ca/parks/off-leash-locations.html,https://www.google.com/maps/search/?api=1&query=Seton+Off-Leash+Area+Calgary,"off-leash, seton, southeast-calgary, developing-neighbourhood","<p>Primary source: https://www.calgary.ca/parks/off-leash-locations.html. Supporting neighbourhood context source: the City of Calgary&apos;s Seton Regional Park project page, which confirms active long-term park development in Seton. Coordinates below are approximate and provided for map support because the reviewed city source set did not publish a direct park-detail page with a single definitive coordinate pin.</p>","<p>Seton Off-Leash Area is one of the City of Calgary&apos;s listed southeast off-leash locations, serving the fast-growing Seton area within Calgary&apos;s larger developing parks and pathway network.</p>",https://cdn.prod.website-files.com/683758b09dd1e3ac2e4e980a/683b1c43a11eceb6869e9282_seton-off-leash-area-calgary-leash-free-dog-park.jpg,2026-07-29,Seton Off-Leash Area | Calgary Dog Park Guide | LeashFree.ca,"Source-backed guide to Seton Off-Leash Area in Calgary, covering its status on the City of Calgary off-leash list, standard off-leash rules, pathway leash requirement, and neighbourhood context near Seton’s expanding park system."
Shaughnessy,shaughnessy,683758b0a3f8a696dfc417b0,683758b09dd1e3ac2e4e9809,687153c939d25e89f3bffaac,false,false,Fri Jul 11 2025 18:11:21 GMT+0000 (Coordinated Universal Time),Fri Jul 11 2025 18:28:19 GMT+0000 (Coordinated Universal Time),Fri Jul 11 2025 19:47:06 GMT+0000 (Coordinated Universal Time),Shaughnessy Dog Park Leash Free Area,Leash Free,<p>Shaughnessy Dog Park is a small fenced dog area in Coquitlam with gravel surface and shade trees.</p>,Shaughnessy St,49.27432698685813,-122.77520868066668,Coquitlam,British Columbia,V3B 1V8,Yes,No,gravel,Small,No,Yes,Partial,Yes,Yes,Yes,No,6 am – 10 pm,None,https://www.coquitlam.ca/385/Dog-Parks,"https://www.google.com/maps/place/Shaughnessy+Park+Off-Leash+Dog+Area/@49.2830061,-122.8206989,13z/data=!4m10!1m2!2m1!1sdog+park+in+Coquitlam,+BC!3m6!1s0x54867f4f15cd23d7:0x15b22c0fc0d381a1!8m2!3d49.2725739!4d-122.7762739!15sChlkb2cgcGFyayBpbiBDb3F1aXRsYW0sIEJDWhoiGGRvZyBwYXJrIGluIGNvcXVpdGxhbSBiY5IBCGRvZ19wYXJrmgEjQ2haRFNVaE5NRzluUzBWSlEwRm5TVVJIYW05RWJrRm5FQUWqAVoKCS9tLzBidDlschABKgwiCGRvZyBwYXJrKAAyHxABIhun-dqxp36rNrxv_iZxXnoDh62Dwk3QFlswZv0yHBACIhhkb2cgcGFyayBpbiBjb3F1aXRsYW0gYmPgAQD6AQUIpAEQOQ!16s%2Fg%2F11h0096cb!5m1!1e1?entry=ttu&g_ep=EgoyMDI1MDcwOC4wIKXMDSoASAFQAw%3D%3D","leash-free,fenced,gravel",,<p>Shaughnessy Dog Park is a cozy off-leash park in Coquitlam with gravel terrain and a fenced space for dogs to play safely.</p>,,,,
Shearwater Flyer Off-Leash Dog Park,shearwater-flyer-off-leash-dog-park,683758b0a3f8a696dfc417b0,683758b09dd1e3ac2e4e9809,68b8a296e044b6abfe7e4e47,false,false,Wed Sep 03 2025 20:18:30 GMT+0000 (Coordinated Universal Time),Wed Sep 03 2025 20:18:52 GMT+0000 (Coordinated Universal Time),Sat Sep 06 2025 19:21:07 GMT+0000 (Coordinated Universal Time),Shearwater Flyer Off-Leash Dog Park,Leash Free,"<p>Fully fenced off-leash park in Eastern Passage with double-gated entry, benches, picnic tables, and access to the Shearwater Flyer Trail.</p>","Shearwater Flyer Trailhead, Eastern Passage",44.635,-63.464,Eastern Passage,NS,,Yes,Unknown,"grass, dirt",Medium,Unknown,Yes,Partial,Yes,Yes,Yes,No,Dawn - Dusk,,https://www.bringfido.com/attraction/parks/state/nova_scotia/,https://www.google.com/maps?q=Shearwater+Flyer+Dog+Park+NS,"leash-free, fenced, benches, parking",<p>Located by Shearwater Flyer Trail. Includes picnic tables and garbage receptacles.</p>,"<p>Shearwater Flyer Off-Leash Dog Park is a convenient leash-free park in Eastern Passage, featuring a fenced space with seating and trail access.</p>",,,,
Sheffield Dog Off Leash Area,sheffield-dog-off-leash-area,683758b0a3f8a696dfc417b0,683758b09dd1e3ac2e4e9809,68708508bcbf85ae43d1f33b,false,false,Fri Jul 11 2025 03:29:12 GMT+0000 (Coordinated Universal Time),Fri Jul 11 2025 03:29:51 GMT+0000 (Coordinated Universal Time),Fri Jul 11 2025 12:18:36 GMT+0000 (Coordinated Universal Time),Sheffield Dog Off Leash Area Leash-Free Dog Park,Leash Free,"<p>Sheffield Dog Off Leash Area in Chilliwack provides a quiet, grassy space for leash-free play with nearby trails and basic amenities.</p>",Sheffield Way & Stevenson Rd,49.14134766640402,-121.9590106246628,Chilliwack,British Columbia,V2R 3W6,Yes,No,grass,Medium,No,Limited,Minimal,Yes,Yes,Yes,No,6 am – 10 pm,None,https://www.chilliwack.com/main/page.cfm?id=945,"https://www.google.com/maps/place/Sheffield+Dog+Off+Leash+Area/@49.1467378,-122.1238055,11z/data=!4m10!1m2!2m1!1sdog+park+near+Chilliwack,+BC!3m6!1s0x548441003344a703:0xe1e92f4f53ac596e!8m2!3d49.1336773!4d-121.955849!15sChxkb2cgcGFyayBuZWFyIENoaWxsaXdhY2ssIEJDkgEIZG9nX3BhcmuqAV0KCS9tLzBidDlschABKgwiCGRvZyBwYXJrKAAyHxABIhtwGVQWP1tFZyPvUNPgPq8VeUC5cqCsdO1wPHcyHxACIhtkb2cgcGFyayBuZWFyIGNoaWxsaXdhY2sgYmPgAQA!16s%2Fg%2F11md4vd1vk!5m1!1e1?entry=ttu&g_ep=EgoyMDI1MDcwOC4wIKXMDSoASAFQAw%3D%3D","leash-free,fenced,grass,neighbourhood",,<p>Sheffield Dog Off Leash Area is a local fenced park in Chilliwack where dogs can play freely on open grassy terrain.</p>,,,,
Shell Dog Park,shell-dog-park,683758b0a3f8a696dfc417b0,683758b09dd1e3ac2e4e9809,68407a35d9f5bdd00cec66ef,false,false,Wed Jun 04 2025 16:54:13 GMT+0000 (Coordinated Universal Time),Wed Jun 04 2025 16:58:00 GMT+0000 (Coordinated Universal Time),Wed Jun 04 2025 18:22:29 GMT+0000 (Coordinated Universal Time),Shell Dog Park (Leash-Free Dog Area),Leash Free,"<p>Shell Dog Park is a fully fenced, leash-free area located within Shell Park in Oakville. The park features separate sections for large and small dogs, ensuring a safe and comfortable environment for all sizes. Amenities include a water fountain, shaded seating areas, picnic tables, waste bins, and doggie bag dispensers. The park's double-gated entrance adds an extra layer of security. Adjacent to the dog park are tennis courts, a playground, a skatepark, and walking trails, making it a versatile destination for families and their canine companions.</p>",3307 Lakeshore Rd W,43.37969994809212,-79.72176239366264,Oakville,Ontario,L6L 6W5,Yes,Yes,Grass,Unknown,Yes,Yes,Yes,Yes,Yes,Yes,Unknown,"Open 24 hours, 7 days a week",None,https://www.oakville.ca/parks-recreation-culture/parks-gardens-trails/parks/dog-parks/,"https://www.google.com/maps/place/Shell+Dog+Park/@43.3809515,-79.7211509,17z/data=!4m15!1m8!3m7!1s0x882b5e3932676c25:0xd1ffa5beac26d508!2s3307+Lakeshore+Rd+W,+Oakville,+ON+L6L+6S6!3b1!8m2!3d43.3810734!4d-79.7210577!16s%2Fg%2F11bw3f6r56!3m5!1s0x882b5e394086eee3:0x15be75ba0198d44!8m2!3d43.3795105!4d-79.7217881!16s%2Fg%2F11fz9jc5z2!5m1!1e1?entry=ttu&g_ep=EgoyMDI1MDYwMS4wIKXMDSoASAFQAw%3D%3D","fenced, separate small dog area, shaded, water fountain, family-friendly",<p>The park is conveniently located near Bronte Harbour and offers easy access to Sheldon Creek Park and the waterfront.</p>,"<p>Shell Dog Park in Oakville provides a secure and welcoming environment for dogs to play off-leash. With its separate areas for different dog sizes, ample amenities, and proximity to other recreational facilities, it's a popular spot for both dogs and their owners to enjoy outdoor activities.</p>",https://cdn.prod.website-files.com/683758b09dd1e3ac2e4e980a/68407b11ec421a44b2fdfbc9_Shell%20Dog%20Park.jpg,,,
Sherwood Park,sherwood-park,683758b0a3f8a696dfc417b0,683758b09dd1e3ac2e4e9809,6842e2896035554727a4d725,false,false,Fri Jun 06 2025 12:43:53 GMT+0000 (Coordinated Universal Time),Fri Jun 06 2025 12:48:46 GMT+0000 (Coordinated Universal Time),Fri Jun 06 2025 13:46:10 GMT+0000 (Coordinated Universal Time),Sherwood Park (Leash-Free Dog Area),Leash Free,"<p id="""">Sherwood Park offers one of the more scenic and expansive leash-free dog areas in midtown Toronto. Set within a wooded ravine system, the off-leash trails are not fully fenced but provide a natural and immersive environment for dogs to roam. Wooded paths, streams, and wildlife make it an adventurous spot.</p>",190 Sherwood Ave,43.716921274048815,-79.38587028362741,Toronto,Ontario,M4P 2A8,Partially,No,"Natural forest floor, dirt trails",Approx. 4 acres,Yes,Yes,Yes,Yes,Yes,Limited street and lot parking,Yes,7:00 AM – 9:00 PM,Caution in winter due to trail conditions,https://www.toronto.ca/explore-enjoy/parks-recreation/places-spaces/parks-and-recreation-facilities/location/?id=149,"https://www.google.com/maps/place/Sherwood+Park/@43.7175494,-79.3866213,16z/data=!4m6!3m5!1s0x882b32d5e1d19e01:0x57d2304bd329309b!8m2!3d43.7166087!4d-79.3859751!16s%2Fg%2F1tfbz2ll?entry=ttu&g_ep=EgoyMDI1MDYwMy4wIKXMDSoASAFQAw%3D%3D","wooded trails, natural terrain, scenic, adventurous, partial fencing",<p>One of the few off-leash trail areas in Toronto; perfect for high-energy dogs.</p>,"<p>Sherwood Park offers a rare off-leash trail experience in the city, with forested paths, scenic beauty, and space for dogs to roam naturally in a peaceful midtown setting.</p>",https://cdn.prod.website-files.com/683758b09dd1e3ac2e4e980a/6842e3a7bb02af480fcc825c_Walking%20trails%20in%20Sherwood%20Park.jpg,,,
Shubie Park,shubie-park,683758b0a3f8a696dfc417b0,683758b09dd1e3ac2e4e9809,68b852f4739c7011911bf2df,false,false,Wed Sep 03 2025 14:38:44 GMT+0000 (Coordinated Universal Time),Wed Sep 03 2025 19:49:10 GMT+0000 (Coordinated Universal Time),Sat Sep 06 2025 19:21:07 GMT+0000 (Coordinated Universal Time),Shubie Park Leash-Free Dog Park,Leash Free,<p>Expansive off-leash trails and a popular dog beach offer plenty of room to roam in wooded lakeside scenery in Dartmouth.</p>,34 Locks Rd,44.708333,-63.553567,Dartmouth,NS,,No,Unknown,"natural trail, sand",Large,Yes,Yes,Yes,Yes,Unknown,Yes,Yes (Seasonal),5:00 a.m. - 10:00 p.m.,Follow posted signs; special note for Sunrise Beach area regarding recall and nearby residents,https://www.halifax.ca/parks-recreation/parks-trails-gardens/parks-outdoor-spaces/leash-dog-parks,https://www.google.com/maps?q=Shubie+Park+Dartmouth+NS,"leash-free, trails, beach, unfenced, wooded",<p>HRM notes complaints near Sunrise Beach; keep dogs within off-leash area and ensure reliable recall. Sources: HRM off-leash list; Shubie Beach page.</p>,"<p>Shubie Park is a popular leash-free dog park in Dartmouth, known for wooded trails and a lakeside dog beach. It is a great spot for dogs to run, swim, and socialize in a natural setting.</p>",,,,
Silvercreek Park,silvercreek-park,683758b0a3f8a696dfc417b0,683758b09dd1e3ac2e4e9809,685606609901919de6f4acfc,false,false,Sat Jun 21 2025 01:09:52 GMT+0000 (Coordinated Universal Time),Sat Jun 21 2025 01:17:37 GMT+0000 (Coordinated Universal Time),Sat Jun 21 2025 01:54:30 GMT+0000 (Coordinated Universal Time),Silvercreek Park (Leash-Free Dog Area),Leash Free,"<p>Silvercreek Park offers a leash-free area along the scenic Silvercreek Trail, providing a natural environment for dogs to run and play. Surrounded by greenery and walking paths, it's a quiet spot perfect for off-leash exploration.</p>",142 Edinburgh Rd N,43.533408908671376,-80.25472738582144,Guelph,Ontario,N1H 7K1,No,No,Natural Surface / Grass,Unknown,No,No,Yes,Yes,Unknown,Street Parking,No,6:00 AM – 11:00 PM,None,https://guelph.ca/living/recreation/parks/leash-free-zones-for-dogs/,"https://www.google.com/maps/search/Silvercreek+Park/@43.5328535,-80.2554202,18.18z/data=!5m1!1e1?entry=ttu&g_ep=EgoyMDI1MDYxNy4wIKXMDSoASAFQAw%3D%3D","natural surface, leash-free, shaded","<p>The leash-free area is not fenced and follows the trail system, so dogs should have strong recall.</p>","<p>Silvercreek Park in Guelph features a tranquil leash-free area along the trail system, ideal for well-trained dogs to roam freely amidst natural surroundings.</p>",,,,
Silverwood Dog Park,silverwood-dog-park,683758b0a3f8a696dfc417b0,683758b09dd1e3ac2e4e9809,6871caa3a088848d0f7060ef,false,false,Sat Jul 12 2025 02:38:27 GMT+0000 (Coordinated Universal Time),Sat Jul 12 2025 02:38:51 GMT+0000 (Coordinated Universal Time),Sat Jul 12 2025 03:27:49 GMT+0000 (Coordinated Universal Time),Silverwood Dog Park Leash-Free Dog Park,Leash Free,<p>Silverwood Dog Park in Saskatoon offers scenic natural terrain and open space for off-leash fun along the riverbank.</p>,"Silverwood Dog Park, Saskatoon",52.1693,-106.6563,Saskatoon,Saskatchewan,S7K 7G4,No,No,"natural, dirt",Large,No,No,Yes,Limited,No,Yes,No,5 am – 11 pm,None,https://www.saskatoon.ca/parks-recreation-attractions/parks/dog-parks,"https://maps.google.com/?q=Silverwood+Dog+Park,+Saskatoon,+SK","leash-free,natural,trails",,<p>Silverwood Dog Park in Saskatoon is a riverside off-leash area with scenic terrain perfect for dogs who love natural adventures.</p>,,,,
Sir Casimir Gzowski Park,sir-casimir-gzowski-park,683758b0a3f8a696dfc417b0,683758b09dd1e3ac2e4e9809,684cb802f7fd9345140622a4,false,false,Fri Jun 13 2025 23:45:06 GMT+0000 (Coordinated Universal Time),Fri Jun 13 2025 23:58:19 GMT+0000 (Coordinated Universal Time),Sat Jun 14 2025 00:09:21 GMT+0000 (Coordinated Universal Time),Sir Casimir Gzowski Park Dog Park on Toronto Waterfront,Dogs Allowed,<p>Sir Casimir Gzowski Park is located along the Lake Ontario waterfront and allows dogs on-leash throughout its walking paths and green areas. It offers stunning lake views and plenty of open space for leashed strolls.</p>,2001 Lake Shore Blvd W,43.63365043561329,-79.4702548229758,Toronto,Ontario,M6S 4V3,No,No,"Grass, beach, paved trails",Approx. 6 acres,Yes,Yes,Partial,Yes,Yes,Yes,Yes,7:00 AM – 11:00 PM,None,https://www.toronto.ca/explore-enjoy/parks-recreation/places-spaces/parks-and-recreation-facilities/location/?id=71,"https://www.google.com/maps/place/Sir+Casimir+Gzowski+Dog+Park/@43.6336685,-79.4697253,17.36z/data=!4m14!1m7!3m6!1s0x882b35d919cae733:0x7b097fbe95810cb7!2sSir+Casimir+Gzowski+Park!8m2!3d43.6352081!4d-79.465828!16s%2Fg%2F1thvyxp6!3m5!1s0x882b35df53586571:0xea3de2f2c260cbdc!8m2!3d43.6334896!4d-79.4702948!16s%2Fg%2F11c59_8p3f!5m1!1e1?entry=ttu&g_ep=EgoyMDI1MDYxMS4wIKXMDSoASAFQAw%3D%3D","on-leash, waterfront, trails, benches, beach",<p>Great lakefront option for scenic on-leash walks.</p>,"<p>Sir Casimir Gzowski Park offers lakefront trails, beaches, and green lawns for relaxing on-leash dog walks along Toronto’s waterfront.</p>",,,,
Sir Casimir Gzowski Park,sir-casimir-gzowski-park-etobicoke,683758b0a3f8a696dfc417b0,683758b09dd1e3ac2e4e9809,685a037e31c2b39c410ea361,false,false,Tue Jun 24 2025 01:46:38 GMT+0000 (Coordinated Universal Time),Tue Jun 24 2025 20:45:26 GMT+0000 (Coordinated Universal Time),Tue Jun 24 2025 21:21:34 GMT+0000 (Coordinated Universal Time),Sir Casimir Gzowski Park Leash-Free Dog Park,Leash Free,<p>Green grassy park with off-leash permission near the waterfront</p>,"Sir Casimir Gzowski Park, Queen's Quay E",43.63531678063253,-79.46587091933957,Etobicoke,Ontario,,No,No,grass,Medium,No,Yes,Yes,Yes,Yes,Unknown,Yes,5 am–11 pm,None,,"https://www.google.com/maps/place/Sir+Casimir+Gzowski+Park/@43.635212,-79.4684029,17z/data=!3m1!4b1!4m6!3m5!1s0x882b35d919cae733:0x7b097fbe95810cb7!8m2!3d43.6352081!4d-79.465828!16s%2Fg%2F1thvyxp6!5m1!1e1?entry=ttu&g_ep=EgoyMDI1MDYxNy4wIKXMDSoASAFQAw%3D%3D","leash-free,waterfront",<p>Scenic off-leash waterfront park with green open spaces.</p>,"<p>Sir Casimir Gzowski Park is a pleasant off-leash green space along Toronto's waterfront, ideal for leisurely dog walks.</p>",,,,
Sixteen Mile Sports Complex,sixteen-mile-sports-complex,683758b0a3f8a696dfc417b0,683758b09dd1e3ac2e4e9809,68405cbb0302b4d4f8162223,false,false,Wed Jun 04 2025 14:48:27 GMT+0000 (Coordinated Universal Time),Wed Jun 04 2025 14:52:47 GMT+0000 (Coordinated Universal Time),Wed Jun 04 2025 16:30:07 GMT+0000 (Coordinated Universal Time),Sixteen Mile Sports Complex (Leash-Free Dog Park),Leash Free,"<p>The Sixteen Mile Sports Complex features a leash-free dog park that provides a spacious, open area for dogs to play and socialize off-leash. The park is fully fenced, ensuring a secure environment for pets. Amenities include benches for owners and waste bins for convenience. The surrounding complex offers additional recreational facilities, making it a versatile destination for families.</p>",3070 Neyagawa Boulevard,,,Oakville,Ontario,L6M 4L6,Yes,No,Grass,Unknown,Unknown,Yes,,Yes,,Yes,,8:00 AM – 11:00 PM,,https://www.oakville.ca/parks-recreation-culture/parks-gardens-trails/parks/park-planning-projects/sixteen-mile-sports-complex/,"https://www.google.com/maps/place/North+Park+Loop/@43.4662653,-79.7533621,17z/data=!4m15!1m8!3m7!1s0x882b67f21a28889d:0x6192ba5c5a485778!2s3070+Neyagawa+Blvd,+Oakville,+ON+L6M+0N7!3b1!8m2!3d43.4694656!4d-79.7512056!16s%2Fg%2F11f4ppyd63!3m5!1s0x882b67001891b997:0x83ae8cbfbc51a572!8m2!3d43.4649385!4d-79.7531914!16s%2Fg%2F11wv2h92_9!5m1!1e1?entry=ttu&g_ep=EgoyMDI1MDYwMS4wIKXMDSoASAFQAw%3D%3D","fenced, family-friendly, grass surface, parking, washrooms",<p>The dog park was temporarily closed in April 2024 for construction and reopened in summer 2024 at a new location within the complex.</p>,"<p>Located within the expansive Sixteen Mile Sports Complex, this leash-free dog park offers a secure and welcoming environment for dogs to enjoy off-leash play. With ample space, convenient amenities, and proximity to other recreational facilities, it's a popular spot for Oakville's dog-owning community.</p>",https://cdn.prod.website-files.com/683758b09dd1e3ac2e4e980a/68405db71d5f8193ff7f7474_Sixteen%20Mile%20Sports%20Complex.jpg,,,
Skyview Ranch Off-Leash Area,skyview-ranch-off-leash-area,683758b0a3f8a696dfc417b0,683758b09dd1e3ac2e4e9809,683b175dde0a388c0c1084af,false,false,Sat May 31 2025 14:51:09 GMT+0000 (Coordinated Universal Time),Sat May 31 2025 14:51:09 GMT+0000 (Coordinated Universal Time),Sun Jun 01 2025 00:16:54 GMT+0000 (Coordinated Universal Time),Skyview Ranch Off-Leash Area (NE Calgary),Leash Free,"<p>Skyview Ranch offers an open off-leash field tucked along the northern edge of the neighborhood. While not fenced, the area is bordered by pathways and greenspace, offering a simple but functional space for off-leash exercise.</p>",100 Skyview Shores Manor NE,,,Calgary,Alberta,T3N 0A6,No,No,Grass,Approx. 2 acres,No,No,,Yes,,Street parking nearby,No,5:00 AM to 11:00 PM,,https://www.calgary.ca/parks/off-leash-locations.html,"https://www.google.com/maps/place/100+Skyview+Shores+Manor+NE,+Calgary,+AB+T3N+0A6","off-leash, NE Calgary, open field",<p>Unfenced area with open grass ideal for dogs with good recall.</p>,"<p>Skyview Ranch Off-Leash Area offers a quiet, grassy space where dogs can roam freely in Calgary’s northeast.</p>",,,,
Snetsinger Park,snetsinger-park-cornwall,683758b0a3f8a696dfc417b0,683758b09dd1e3ac2e4e9809,68705619a327a2d8d06f2ead,false,false,Fri Jul 11 2025 00:08:57 GMT+0000 (Coordinated Universal Time),Fri Jul 11 2025 00:27:48 GMT+0000 (Coordinated Universal Time),Fri Jul 11 2025 12:18:36 GMT+0000 (Coordinated Universal Time),Snetsinger Park | Cornwall Park Rules,Neighbourhood park,"<p>Snetsinger Park is a small Cornwall neighbourhood park in the Blessed Sacrament Drive area, but current city rules do not permit dogs in this park.</p>",Blessed Sacrament Drive area,45.0404,-74.7638,Cornwall,Ontario,K6H 7M2,No,No,Grass and paved neighbourhood park path,Small neighbourhood park,Unknown - verify on arrival,Yes,Some tree cover,Unknown - verify on arrival,No city-confirmed dog dispensers noted,Street parking likely - verify on arrival,No city-confirmed washrooms noted,Verify posted hours on arrival,Check posted city rules and notices,https://www.cornwall.ca/en/play-here/parks-and-trails.aspx,https://www.google.com/maps/search/?api=1&query=Blessed+Sacrament+Drive+Cornwall+ON,"park-rules,cornwall,neighbourhood-park,snetsinger-park","<p>Primary sources: https://www.cornwall.ca/en/property-environment/animals-and-wildlife/ and https://www.cornwall.ca/en/play-here/parks-and-trails.aspx. Reviewed on July 31, 2026.</p>","<p>Snetsinger Park is a small Cornwall neighbourhood park in the <strong>Blessed Sacrament Drive</strong> area, with open green space, a simple walking path, and local residential park character.</p>",,2026-07-31,Snetsinger Park | Cornwall Park Rules | LeashFree.ca,"Source-backed guide to Snetsinger Park in Cornwall, including current city location details and the current municipal rule that dogs are not permitted in this park."
Sorauren Avenue Park,sorauren-avenue-park,683758b0a3f8a696dfc417b0,683758b09dd1e3ac2e4e9809,684cb802e8fdc34ac545850f,false,false,Fri Jun 13 2025 23:45:06 GMT+0000 (Coordinated Universal Time),Fri Jun 13 2025 23:57:36 GMT+0000 (Coordinated Universal Time),Sat Jun 14 2025 00:09:21 GMT+0000 (Coordinated Universal Time),"Sorauren Avenue Park Leash-Free Dog Park in Toronto, Ontario",Leash Free,"<p>Sorauren Avenue Park includes a fully fenced off-leash area in the heart of Roncesvalles. It offers mulch surface, benches, waste bins, and is highly active with neighborhood dog owners.</p>",289 Sorauren Ave,43.648835245419264,-79.44287305819358,Toronto,Ontario,M6R 2G5,Yes,No,Mulch,Approx. 0.3 acres,No,Yes,Partial,Yes,Yes,Street parking,Yes,7:00 AM – 11:00 PM,None,https://www.toronto.ca/explore-enjoy/parks-recreation/places-spaces/parks-and-recreation-facilities/location/?id=348,"https://www.google.com/maps/place/Sorauren+Dog+Park,+W+Toronto+Railpath,+Toronto,+ON+M6R+1N2/@43.6487302,-79.4431896,20.55z/data=!4m14!1m7!3m6!1s0x882b344b92220ed1:0x3ed828a3e3f2c8d1!2sSorauren+Avenue+Park!8m2!3d43.6486215!4d-79.4433349!16s%2Fm%2F080g_lq!3m5!1s0x882b344b8d5f5311:0x6f1a1b73acca03e1!8m2!3d43.6488209!4d-79.4428747!16s%2Fg%2F11bc8yxpgw!5m1!1e1?entry=ttu&g_ep=EgoyMDI1MDYxMS4wIKXMDSoASAFQAw%3D%3D","leash-free, fenced, urban, mulch, benches",<p>Very active local dog community park.</p>,"<p>Sorauren Avenue Park offers a secure, shaded off-leash area popular with Roncesvalles residents and their energetic pups.</p>",,,,
South Bear Creek Off-Leash Dog Park,south-bear-creek-off-leash-dog-park,683758b0a3f8a696dfc417b0,683758b09dd1e3ac2e4e9809,6871c209576deb1775bfaff8,false,false,Sat Jul 12 2025 02:01:45 GMT+0000 (Coordinated Universal Time),Sat Jul 12 2025 02:02:11 GMT+0000 (Coordinated Universal Time),Sat Jul 12 2025 03:27:49 GMT+0000 (Coordinated Universal Time),South Bear Creek Off-Leash Dog Park,Leash Free,"<p>South Bear Creek is Grande Prairie's only fully fenced public off-leash park with areas for small and large dogs, trails, and a picnic pavilion.</p>",100 St & 68 Ave,55.1554,-118.7734,Grande Prairie,Alberta,T8W 2Y1,Yes,Yes,"grass, gravel, trail",Large,No,Yes,Partial,Yes,Yes,Yes,Yes,6 am – 11 pm,None,https://www.cityofgp.com/culture-recreation/parks-trails/dog-parks,"https://maps.google.com/?q=South+Bear+Creek+Off-Leash+Dog+Park,+Grande+Prairie,+AB","leash-free,fenced,small-dog-area,trails",,"<p>South Bear Creek Off-Leash Dog Park in Grande Prairie is a popular, fully fenced dog park featuring designated zones, trails, and shaded spots.</p>",,,,
Courtice Leash-Free Dog Park,south-courtice-dog-park,683758b0a3f8a696dfc417b0,683758b09dd1e3ac2e4e9809,68655ff77f70e24f3efdfde9,false,false,Wed Jul 02 2025 16:36:07 GMT+0000 (Coordinated Universal Time),Sat Jul 25 2026 12:00:00 GMT+0000 (Coordinated Universal Time),Sat Jul 25 2026 12:00:00 GMT+0000 (Coordinated Universal Time),Courtice Leash-Free Dog Park,Leash Free,"<p>Courtice Leash-Free Dog Park is the Municipality of Clarington's official off-leash dog park for Courtice. The municipality says it is a 1.5-acre fenced dog park on the east side of the South Courtice artificial turf field, and the linked facility page gives the formal address as 1595 Prestonvale Road, Courtice. Clarington also says the park has separate areas for large and small dogs.</p><p>That makes this page materially stronger than the older draft, which described a different ""South Courtice Dog Park"" in more generic terms and without tying the page to the official municipal park record. The current source set gives exact location context, confirms the fenced layout, and provides operating hours through the facility record.</p><p>Clarington's leash-free dog park etiquette also provides the rules owners need before visiting: children under six are not allowed to enter, children aged six to 12 must be supervised by an adult, dogs must remain on leash until inside the fenced area and again when leaving, toys and food are not allowed, owners must clean up after their dogs, dogs in heat and unaltered male dogs are not allowed, owners may bring a maximum of three dogs, dogs must be up to date on vaccinations, and if a dog is bullying or being bullied the owner should leave immediately. The municipality's pet licensing page also says dog owners in Clarington must license their pets each year.</p>",1595 Prestonvale Road,43.88928142492009,-78.79032433022415,Courtice,Ontario,,Yes,Yes,Grass,1.5 acres,Unknown,Unknown,Unknown,Unknown,Unknown,Yes,Unknown,Dawn to Dusk,"None published on the official pages reviewed July 25, 2026",https://www.clarington.net/community-and-people/animal-services/leash-free-dog-parks/,https://www.google.com/maps/search/?api=1&query=1595+Prestonvale+Road+Courtice+ON,"leash-free, Courtice, Ontario, municipal dog park","<p>Primary official leash-free park source: https://www.clarington.net/community-and-people/animal-services/leash-free-dog-parks/. Facility detail source: https://facilities.clarington.net/Home/Detail?Id=146b55b7-8c7f-4770-87ca-81a0ae093961. Supporting licensing source: https://www.clarington.net/community-and-people/animal-services/pet-licensing/. This record uses the current municipal Courtice park name and avoids unsupported claims about benches, volunteer support, or on-site water.</p>","<p>Courtice Leash-Free Dog Park is Clarington's official 1.5-acre fenced off-leash park at 1595 Prestonvale Road, with separate areas for large and small dogs and dawn-to-dusk hours.</p>",,Sat Jul 25 2026 12:00:00 GMT+0000 (Coordinated Universal Time),"Courtice Leash-Free Dog Park | Courtice, Ontario","Source-backed guide to Courtice Leash-Free Dog Park, including the official 1595 Prestonvale Road location, 1.5-acre fenced layout, separate dog areas, dawn-to-dusk hours, and Clarington's published rules."
South Shore Vet Dog Zone,south-shore-vet-dog-zone,683758b0a3f8a696dfc417b0,683758b09dd1e3ac2e4e9809,68b8a04bf0aca94ee7134368,false,false,Wed Sep 03 2025 20:08:43 GMT+0000 (Coordinated Universal Time),Wed Sep 03 2025 20:13:05 GMT+0000 (Coordinated Universal Time),Sat Sep 06 2025 19:21:07 GMT+0000 (Coordinated Universal Time),South Shore Vet Dog Zone,Leash Free,<p>Fenced municipal off-leash dog park in Bridgewater tied to the Generations Active Park project.</p>,543 Glen Allan Drive,44.3741,-64.5218,Bridgewater,NS,B4V 0A8,Yes,Unknown,"grass, natural",More than 1 hectare,Unknown,Unknown,Unknown,Unknown,Unknown,Unknown,Unknown,Unknown,Unknown,https://www.bridgewater.ca/facilities/parks-and-trails/south-shore-vet-dog-zone,https://www.google.com/maps?q=South+Shore+Vet+Dog+Zone+543+Glen+Allan+Drive+Bridgewater+NS,"leash-free, fenced","<p>Town of Bridgewater says this fenced dog park grew out of the Generations Active Park master plan and officially opened to the public on July 6, 2017.</p>","<p>South Shore Vet Dog Zone is Bridgewater’s published fenced off-leash dog-park area, located within the broader Generations Active Park project.</p>",,2026-07-29,South Shore Vet Dog Zone | Bridgewater Dog Park | LeashFree.ca,"Source-backed profile for South Shore Vet Dog Zone in Bridgewater, covering its fenced off-leash setting within Generations Active Park, July 6, 2017 opening date, and the town’s published leash rule for other parks."
Southward Community Park,southward-community-park,683758b0a3f8a696dfc417b0,683758b09dd1e3ac2e4e9809,684e04d357705ed5f6c791b8,false,false,Sat Jun 14 2025 23:25:07 GMT+0000 (Coordinated Universal Time),Sat Jun 14 2025 23:25:59 GMT+0000 (Coordinated Universal Time),Sat Jun 14 2025 23:55:34 GMT+0000 (Coordinated Universal Time),"Southward Community Leash-Free Dog Park in Grimsby, Ontario",Leash Free,"<p>Southward Community Park features a fenced leash-free area within the larger sports complex. It offers open grass space, benches, and plenty of room for off-leash play while owners relax.</p>",84 Mud St W,43.15071618716533,-79.58448398465788,Grimsby,Ontario,L3M 4E7,Yes,No,Grass,Approx. 1.5 acres,No,Yes,Minimal,Yes,Yes,Yes,Yes (seasonal),7:00 AM – 9:00 PM,None,https://www.grimsby.ca/parks-recreation-and-culture/parks-sports-fields-and-trails/leash-free-dog-parks/,"https://www.google.com/maps/place/Southward+Community+Park/@43.1505479,-79.5845269,17z/data=!3m1!4b1!4m6!3m5!1s0x882cbac723146fe3:0x2876197db6c7f14!8m2!3d43.1505479!4d-79.5845269!16s%2Fg%2F11c5s4cfgb!5m1!1e1?entry=ttu&g_ep=EgoyMDI1MDYxMS4wIKXMDSoASAFQAw%3D%3D","leash-free, fenced, grass, sports park",<p>Located inside Southward Community Park sports complex.</p>,<p>Southward Community Park includes a fenced leash-free area with plenty of open grass for dogs to run and play off-leash in Grimsby.</p>,,,,
Southwest Dog Park,southwest-dog-park-saskatoon,683758b0a3f8a696dfc417b0,683758b09dd1e3ac2e4e9809,6871ca37d5a705d6ac75da5b,false,false,Sat Jul 12 2025 02:36:39 GMT+0000 (Coordinated Universal Time),Sat Jul 12 2025 02:38:51 GMT+0000 (Coordinated Universal Time),Sat Jul 12 2025 03:27:49 GMT+0000 (Coordinated Universal Time),Southwest Dog Park Leash-Free Dog Park,Leash Free,"<p>Southwest Dog Park in Saskatoon is a fully fenced off-leash park, offering a secure environment with open space for dogs to play and socialize.</p>",3450 Forrester Rd,52.0856,-106.7434,Saskatoon,Saskatchewan,S7V 0A1,Yes,No,grass,Large,No,Limited,Minimal,Yes,Yes,Yes,No,5 am – 11 pm,None,https://www.saskatoon.ca/parks-recreation-attractions/parks/dog-parks,"https://maps.google.com/?q=3450+Forrester+Rd,+Saskatoon,+SK","leash-free,fenced,large",,<p>Southwest Dog Park in Saskatoon is a popular fenced off-leash area where dogs can roam safely and enjoy wide open spaces.</p>,,,,
Spanish Banks Park,spanish-banks-dog-park-vancouver,683758b0a3f8a696dfc417b0,683758b09dd1e3ac2e4e9809,6838bee9a291c181c67f3f00,false,false,Thu May 29 2025 20:09:13 GMT+0000 (Coordinated Universal Time),Thu May 29 2025 23:37:11 GMT+0000 (Coordinated Universal Time),Thu May 29 2025 23:38:18 GMT+0000 (Coordinated Universal Time),Spanish Banks Park (off-leash dog park),Leash Free,"<p>If you're in Vancouver, BC, and looking for a great off-leash dog park, check out Spanish Banks Park. Covering 50374 square meters, it has a grass base that supports active dog activities. It is open from 6 AM to 10 PM, and includes comfortable benches, is primarily sun-exposed, and has accessible washrooms nearby. Has on-site water access for pets. It is a great space to let your pup roam and meet other dogs.</p>",4801 NW Marine Drive Vancouver,,,Vancouver,BC,,No,,Grass,,Yes,Yes,No,No,,,Yes,6 AM to 10 PM,,,,,,"<p>Spanish Banks Park is a well-loved off-leash dog park in Vancouver. This park features a grass surface and an open space for dogs to roam freely. It provides no water access, minimal shade, and limited seating, making it a great destination for local dog owners to relax and let their pets socialize.</p>",https://cdn.prod.website-files.com/683758b09dd1e3ac2e4e980a/6838bf9fe489f2f6a3b7d375_dog-park-open-space-with-dog-on-grass.png,,,
Sparwood Park,sparwood-dog-park-vancouver,683758b0a3f8a696dfc417b0,683758b09dd1e3ac2e4e9809,6838bee9316e08613842d1f9,false,false,Thu May 29 2025 20:09:13 GMT+0000 (Coordinated Universal Time),Thu May 29 2025 23:37:11 GMT+0000 (Coordinated Universal Time),Thu May 29 2025 23:38:18 GMT+0000 (Coordinated Universal Time),Sparwood Park (off-leash dog park),Leash Free,"<p>Sparwood Park is a fantastic leash-free zone for dogs located in Vancouver, BC. With an area of approximately 35233 square meters, this park offers a grass environment for pets to explore. Dog owners will appreciate the parks 5 AM to 10 AM &amp; 5 PM to 10 PM access and how it offers wide-open green space, offers shady spots, and is close to limited facilities. Does not include water access. It is a great space to let your pup roam and meet other dogs.</p>",6998 Arlington Street Vancouve,,,Vancouver,BC,,No,,Grass,,No,No,Yes,No,,,No,5 AM to 10 AM & 5 PM to 10 PM,,,,,,"<p>Sparwood Park is a well-loved off-leash dog park in Vancouver. This park features a grass surface and an open space for dogs to roam freely. It provides no water access, minimal shade, and limited seating, making it a great destination for local dog owners to relax and let their pets socialize.</p>",https://cdn.prod.website-files.com/683758b09dd1e3ac2e4e980a/6838bf8248d43e4eb440ee42_golden-retriever-in-forest-edge-dog-park.png,,,
Spruce Haven Off-Leash Dog Park,spruce-haven-off-leash-dog-park,683758b0a3f8a696dfc417b0,683758b09dd1e3ac2e4e9809,6871cbfc8f3b51d80bb2817c,false,false,Sat Jul 12 2025 02:44:12 GMT+0000 (Coordinated Universal Time),Tue Jul 21 2026 00:00:00 GMT+0000 (Coordinated Universal Time),Tue Jul 21 2026 00:00:00 GMT+0000 (Coordinated Universal Time),Spruce Haven Off-Leash Dog Park,Leash Free,"<p>Spruce Haven Off-Leash Dog Park is Melfort's official fenced off-leash area, located near Spruce Haven Recreation Area with suggested sections for small and large dogs.</p>",Near Spruce Haven Park,52.8606,-104.6189,Melfort,Saskatchewan,S0E 1A0,Yes,Yes,Grass,Not specified,Unknown,Unknown,Unknown,Unknown,Unknown,Yes - via Spruce Haven Recreation Area,Yes - in Spruce Haven Recreation Area,Open year round,None published; check on-site conditions,https://www.melfort.ca/p/dog-park,https://maps.google.com/?q=Shadd+Drive+and+Spruce+Haven+Road+Melfort+SK,"leash-free,fenced,small-dog-area,large-dog-area","<p>Official city sources say the park is near Spruce Haven Park, is fully fenced, open year round, and is the only area in Melfort where dogs may be off leash in public. Spruce Haven Recreation Area is identified by the City at Shadd Drive and Spruce Haven Road.</p>","<p>Spruce Haven Off-Leash Dog Park is the City of Melfort's official off-leash area, with fenced space and suggested sections for smaller and larger dogs.</p>",,Tue Jul 21 2026 00:00:00 GMT+0000 (Coordinated Universal Time),"Spruce Haven Off-Leash Dog Park | Melfort, Saskatchewan","Official-source guide to Spruce Haven Off-Leash Dog Park in Melfort, including fencing, section layout, leash rules, and city licensing context."
St. Andrew's Playground,st-andrews-playground,683758b0a3f8a696dfc417b0,683758b09dd1e3ac2e4e9809,68434c36876e86fb951ab0f8,false,false,Fri Jun 06 2025 20:14:46 GMT+0000 (Coordinated Universal Time),Fri Jun 13 2025 23:08:37 GMT+0000 (Coordinated Universal Time),Sat Jun 14 2025 00:09:21 GMT+0000 (Coordinated Universal Time),St. Andrew's Playground (Leash-Free Dog Area),Leash Free,"<p id="""">St. Andrew's Playground offers a small, fenced-in off-leash area at the west end of the park. It's well-maintained, features shaded benches and mulch terrain, and serves a growing population of downtown dog owners.</p>",450 Adelaide St W,43.646367986268956,-79.39948116961422,Toronto,Ontario,M5V 1T1,Yes,No,Mulch,Approx. 0.3 acres,No,Yes,Yes,Yes,Yes,Street parking,No,7:00 AM – 11:00 PM,None,,"https://www.google.com/maps/place/St.+Andrew's+Playground+Dog+Park/@43.6456368,-79.3997383,18.25z/data=!4m10!1m2!2m1!1sSt.+Andrew's+Playground!3m6!1s0x882b359d71da7a07:0x69459bb3c414b509!8m2!3d43.6462848!4d-79.3994946!15sChdTdC4gQW5kcmV3J3MgUGxheWdyb3VuZJIBCGRvZ19wYXJrqgE_EAEyHxABIhsHxc20zP6IdfuMTntm82M57vdL2kUuA-MuM0kyGhACIhZzdCBhbmRyZXcncyBwbGF5Z3JvdW5k4AEA!16s%2Fg%2F11gvy132js!5m1!1e1?entry=ttu&g_ep=EgoyMDI1MDYxMS4wIKXMDSoASAFQAw%3D%3D","leash-free, shaded, mulch, benches",<p>Very compact but popular with local dog owners.</p>,"<p>St. Andrew's Playground provides a quaint fenced dog park with mulch footing and benches, making it a cozy retreat for urban pups.</p>",,,,
St. Patrick's Island Off-Leash Area,st-patricks-island-off-leash-area,683758b0a3f8a696dfc417b0,683758b09dd1e3ac2e4e9809,683b175ecd8fe3c5bac99aa4,false,false,Sat May 31 2025 14:51:10 GMT+0000 (Coordinated Universal Time),Sat May 31 2025 14:51:10 GMT+0000 (Coordinated Universal Time),Sun Jun 01 2025 00:16:54 GMT+0000 (Coordinated Universal Time),St. Patrick's Island (Riverside Urban Off-Leash Space),Leash Free,"<p>Located near downtown, St. Patrick's Island features a designated off-leash zone with river access, wide pathways, and modern park amenities. It blends nature with urban convenience.</p>",1300 Zoo Road NE,,,Calgary,Alberta,T2E 7V6,No,No,"Grass, Gravel Paths",Approx. 2 acres,Yes,Yes,,Yes,,Yes,Yes,5:00 AM to 11:00 PM,,https://www.calgary.ca/parks/st-patricks-island.html,"https://www.google.com/maps/place/1300+Zoo+Rd+NE,+Calgary,+AB+T2E+7V6","urban, riverside, modern, downtown access",<p>Great views of Bow River; high foot traffic during events.</p>,"<p>St. Patrick's Island offers a downtown off-leash experience with scenic riverfront trails, grassy zones, and all the amenities of a modern urban park.</p>",,,,
Stan Wadlow Park,stan-wadlow-park,683758b0a3f8a696dfc417b0,683758b09dd1e3ac2e4e9809,6841f3b539fd288e15f0f46f,false,false,Thu Jun 05 2025 19:44:53 GMT+0000 (Coordinated Universal Time),Thu Jun 05 2025 19:48:39 GMT+0000 (Coordinated Universal Time),Thu Jun 05 2025 19:50:19 GMT+0000 (Coordinated Universal Time),Stan Wadlow Park (Leash-Free Dog Area),Leash Free,"<p>Stan Wadlow Park includes a designated fenced leash-free dog area located near the parking lot along Cosburn Avenue. This compact space features a gravel and dirt surface with minimal shade. While not large, it's a convenient option for East York residents looking for a secure spot to exercise their dogs off-leash.</p>",888 Cosburn Ave,43.69967266804083,-79.31454577895127,Toronto,Ontario,M4C 4K7,Yes,No,Gravel and dirt,Approx. 0.25 acres,No,Yes,Minimal,Yes,Yes,Yes (onsite lot),Yes,7:00 AM – 9:00 PM,None,https://www.toronto.ca/explore-enjoy/parks-recreation/places-spaces/parks-and-recreation-facilities/location/?id=421,"https://www.google.com/maps/place/Stan+Wadlow+off-leash+dog+park/@43.6986682,-79.3186871,17z/data=!4m14!1m7!3m6!1s0x89d4cc4794dd3145:0xec89b37d6631ed75!2sStan+Wadlow+Park!8m2!3d43.6986644!4d-79.3138162!16s%2Fg%2F1tksjsk5!3m5!1s0x89d4cd65df261609:0x8940f8dfb1751306!8m2!3d43.6995126!4d-79.3144974!16s%2Fg%2F11sx2y7g28?entry=ttu&g_ep=EgoyMDI1MDYwMy4wIKXMDSoASAFQAw%3D%3D","fenced, gravel, benches, parking, small area",<p>Best suited for quick visits or neighborhood dog owners.</p>,"<p>Stan Wadlow Park in East York includes a modest leash-free area where dogs can safely play off-leash. Though small, it’s a handy fenced space with benches and easy parking access.</p>",https://cdn.prod.website-files.com/683758b09dd1e3ac2e4e980a/6841f489e2c5bec6942da7fb_Stan%20Wadlow%20Park%20Leash%20Free.jpg,,,
Stanley Park,stanley-dog-park,683758b0a3f8a696dfc417b0,683758b09dd1e3ac2e4e9809,6838bee74cc7bf0061c4ad23,false,false,Thu May 29 2025 20:09:11 GMT+0000 (Coordinated Universal Time),Thu May 29 2025 23:37:10 GMT+0000 (Coordinated Universal Time),Thu May 29 2025 23:38:18 GMT+0000 (Coordinated Universal Time),Stanley Park (off-leash dog park),Leash Free,"<p>Stanley Park is a fantastic leash-free zone for dogs located in Vancouver, BC. Covering 450 square meters, it has a gravel base that supports active dog activities. Dog owners will appreciate the park’s 7 AM to 9 PM access and how it includes comfortable benches, offers shady spots, and has accessible washrooms nearby. Does not include water access, so bring your furry friend for a refreshing outdoor experience.</p>",2000 W Georgia Street Vancouve,,,Vancouver,BC,,Yes,,Gravel,,No,Yes,Yes,No,,,Yes,7 AM to 9 PM,,,,,,"<p>Stanley Park is a well-loved off-leash dog park in Vancouver. This park features a gravel surface and an open space for dogs to roam freely. It provides no water access, minimal shade, and limited seating, making it a great destination for local dog owners to relax and let their pets socialize.</p>",https://cdn.prod.website-files.com/683758b09dd1e3ac2e4e980a/6838bf905e0c4fbbb9bdd02a_dog-park-pathway-with-dog-and-trees.png,,,
Stanley Park South - Toronto,stanley-park-south-toronto,683758b0a3f8a696dfc417b0,683758b09dd1e3ac2e4e9809,68434db1314914781dd252de,false,false,Fri Jun 06 2025 20:21:05 GMT+0000 (Coordinated Universal Time),Fri Jun 13 2025 19:44:16 GMT+0000 (Coordinated Universal Time),Sat Jun 14 2025 00:09:21 GMT+0000 (Coordinated Universal Time),Stanley Park South (Leash-Free Dog Area),Leash Free,"<p>Stanley Park South features a large, well-maintained leash-free zone that includes lighting, benches, and gravel terrain. It's a convenient off-leash spot for residents in the King West area.</p>",700 Wellington St W,43.641662473260006,-79.40922220040125,Toronto,Ontario,M5V 1G7,Yes,Yes,Gravel,Approx. 1 acre,Yes,Yes,Yes,Yes,Yes,Street parking,No,7:00 AM – 11:00 PM,None,https://www.toronto.ca/explore-enjoy/parks-recreation/places-spaces/parks-and-recreation-facilities/location/?id=2750,"https://www.google.com/maps/place/Stanley+Off+Leash+Dog+Park/@43.6417751,-79.4113143,17z/data=!4m14!1m7!3m6!1s0x882b351e04726235:0xdb6cf17b8317cfa1!2sStanley+Park!8m2!3d43.6417712!4d-79.4087394!16s%2Fg%2F11ckf8q5lp!3m5!1s0x882b351de5086083:0x657ac6f774396818!8m2!3d43.6415103!4d-79.4091475!16s%2Fg%2F12qf504qm?entry=ttu&g_ep=EgoyMDI1MDYwNC4wIKXMDSoASAFQAw%3D%3D","leash-free, gravel, benches, downtown",<p>Well-lit and active into the evening hours.</p>,<p>Stanley Park South offers a reliable downtown leash-free park with great amenities for dogs and their owners.</p>,,,,
Steve McDonnell Leash Free Dog Park,steve-mcdonnell,683758b0a3f8a696dfc417b0,683758b09dd1e3ac2e4e9809,687056ee5005aad257945aee,false,false,Fri Jul 11 2025 00:12:30 GMT+0000 (Coordinated Universal Time),Fri Jul 11 2025 00:23:54 GMT+0000 (Coordinated Universal Time),Fri Jul 11 2025 12:18:36 GMT+0000 (Coordinated Universal Time),Steve McDonnell Leash Free Dog Park Leash-Free Dog Park,Leash Free,<p>Steve McDonnell Leash Free Dog Park in Grimsby is a fully fenced dog park with open green space and convenient amenities.</p>,1 Mud St W,43.19651076924397,-79.5359118779455,Grimsby,Ontario,L3M 4E7,Yes,Yes,grass,Large,No,Yes,Minimal,Yes,Yes,Yes,No,6 am – 10 pm,None,https://www.grimsby.ca/en/explore-and-play/dog-parks.aspx,"https://www.google.com/maps/place/Steve+McDonnell+Leash+Free+Dog+Park/@43.1953219,-79.5712741,14z/data=!4m10!1m2!2m1!1sdog+park+near+Grimsby,+ON!3m6!1s0x882cafa06e780441:0x919d9b24da6a9cb2!8m2!3d43.1953219!4d-79.5362552!15sChlkb2cgcGFyayBuZWFyIEdyaW1zYnksIE9OkgEIZG9nX3BhcmuqAVkKCS9tLzBidDlschABKgwiCGRvZyBwYXJrKAAyHhABIhpsh7QVxRrd11w5xGPolOiQXDI7hQWHcvT4SjIcEAIiGGRvZyBwYXJrIG5lYXIgZ3JpbXNieSBvbuABAA!16s%2Fg%2F11c0rm55kr!5m1!1e1?entry=ttu&g_ep=EgoyMDI1MDcwNy4wIKXMDSoASAFQAw%3D%3D","leash-free,fenced,small-dog-area",,"<p>Steve McDonnell Leash Free Dog Park is a spacious, fenced-in area in Grimsby where dogs can play off-leash in a secure environment.</p>",,,,
Steve McDonnell Park,steve-mcdonnell-park,683758b0a3f8a696dfc417b0,683758b09dd1e3ac2e4e9809,684e04d363b2e649a5123dba,false,false,Sat Jun 14 2025 23:25:07 GMT+0000 (Coordinated Universal Time),Sat Jun 14 2025 23:27:21 GMT+0000 (Coordinated Universal Time),Sat Jun 14 2025 23:55:34 GMT+0000 (Coordinated Universal Time),"Steve McDonnell Leash-Free Dog Park in Grimsby, Ontario",Leash Free,"<p>Steve McDonnell Dog Park offers a fully fenced off-leash area for dogs to socialize and play freely. The park features open grassy space, benches, and waste bins for owner convenience.</p>",424 Ridge Rd W,43.19559590942241,-79.53625163360259,Grimsby,Ontario,L3M 4E7,Yes,No,Grass,Approx. 1 acre,No,Yes,Partial,Yes,Yes,Yes,No,7:00 AM – 9:00 PM,None,https://www.grimsby.ca/parks-recreation-and-culture/parks-sports-fields-and-trails/leash-free-dog-parks/,"https://www.google.com/maps/place/Steve+McDonnell+Leash+Free+Dog+Park/@43.1948255,-79.5376249,17z/data=!4m14!1m7!3m6!1s0x882caf0002207a29:0x4506518e9d9f6770!2sSteve+McDonnell+Park+Playground!8m2!3d43.1948216!4d-79.53505!16s%2Fg%2F11xcflyclr!3m5!1s0x882cafa06e780441:0x919d9b24da6a9cb2!8m2!3d43.1953219!4d-79.5362552!16s%2Fg%2F11c0rm55kr!5m1!1e1?entry=ttu&g_ep=EgoyMDI1MDYxMS4wIKXMDSoASAFQAw%3D%3D","leash-free, fenced, grass, benches",<p>Located near Beamer Memorial Conservation Area.</p>,<p>Steve McDonnell Leash-Free Dog Park offers a fully fenced grassy area for safe off-leash dog play in Grimsby.</p>,,,,
Stocking Creek Park,stocking-creek-park-ladysmith,683758b0a3f8a696dfc417b0,683758b09dd1e3ac2e4e9809,6871a194ccf02a280e1ce0d9,false,false,Fri Jul 11 2025 23:43:16 GMT+0000 (Coordinated Universal Time),Fri Jul 11 2025 23:47:33 GMT+0000 (Coordinated Universal Time),Sat Jul 12 2025 01:27:16 GMT+0000 (Coordinated Universal Time),Stocking Creek Park | CVRD Nature Park Guide,Nature park,"<p>Stocking Creek Park is a CVRD community nature park near Ladysmith with forest trails, a picnic area, viewing platform, parking, and toilet facilities, but it should not be treated as an official off-leash dog park.</p>",Stocking Creek Park trail access near Ladysmith - verify access point on arrival,48.9525,-123.7712,Ladysmith area,British Columbia,V9G 1P3,No,No,"Forest trail, gravel path, and natural creekside terrain",Community nature park,Creek present - not a confirmed pet-water amenity,Yes - picnic area seating,Yes - forest canopy,Unknown - verify on arrival,No official dog-park dispensers confirmed,Yes,Yes - toilet facilities listed by CVRD,Verify posted hours on arrival,Check current trail and park notices,https://cvrd.ca/parks-recreation-culture/parks-trails/find-a-park/stocking-creek-park/,https://www.google.com/maps/search/?api=1&query=Stocking+Creek+Park+Ladysmith+BC,"park-guide,cvrd,nature-park,forest-trails,stocking-creek-park","<p>Primary source: https://cvrd.ca/parks-recreation-culture/parks-trails/find-a-park/stocking-creek-park/. Reviewed on August 2, 2026. The prior backlog source URL incorrectly referenced RDN.</p>","<p>Stocking Creek Park is a <strong>CVRD community nature park</strong> near Ladysmith with <strong>forest trails</strong>, a <strong>picnic area</strong>, creek and waterfall views, and a broader day-use setting for walkers and visitors.</p>",,2026-08-02,Stocking Creek Park | CVRD Nature Park Guide | LeashFree.ca,"Source-backed guide to Stocking Creek Park near Ladysmith, including CVRD trail, picnic, viewing-platform, parking, and toilet details, plus why it should not be treated as an official off-leash dog park."
Stoney Creek Off-Leash Area,stoney-creek-off-leash-area,683758b0a3f8a696dfc417b0,683758b09dd1e3ac2e4e9809,68e56a6fee95deaef8527a00,false,false,Tue Oct 07 2025 19:30:55 GMT+0000 (Coordinated Universal Time),Fri Oct 10 2025 19:03:50 GMT+0000 (Coordinated Universal Time),Fri Oct 10 2025 19:24:01 GMT+0000 (Coordinated Universal Time),Stoney Creek Off-Leash Dog Park,Leash Free,"<p>Modern off-leash dog park in North London featuring open fields, natural trails, and secure fencing for safe play and socialization.</p>",1345 Riverbend Road (near Stoney Creek Community Centre),43.0318,-81.2221,London,ON,,Yes,Yes,"grass, dirt, trails",Large,Yes (seasonal),Yes,Partial,Yes,Yes,Yes (on-site lot),Yes (Community Centre),6:00 a.m. - 10:00 p.m.,Unknown,https://london.ca/living-london/parks-facilities/parks/leash-dog-parks,https://www.google.com/maps?q=Stoney+Creek+Off+Leash+Area+London+ON,"leash-free, fenced, small-dog-area, parking, trails",<p>Popular with local residents for its large play area and proximity to walking trails. Part of London’s official off-leash network.</p>,"<p>Stoney Creek Off-Leash Dog Area in North London offers large fenced fields and separate dog-size zones. It’s a clean, accessible space for dogs to run, explore, and meet new friends.</p>",,,,
Stony Swamp Conservation Area,stony-swamp-conservation-area,683758b0a3f8a696dfc417b0,683758b09dd1e3ac2e4e9809,6859f1a11482d18690ffc28f,false,false,Tue Jun 24 2025 00:30:25 GMT+0000 (Coordinated Universal Time),Tue Jun 24 2025 21:03:27 GMT+0000 (Coordinated Universal Time),Tue Jun 24 2025 21:21:34 GMT+0000 (Coordinated Universal Time),Stony Swamp Conservation Area Leash-Free Dog Park,Leash Free,<p>Scenic network of NCC-managed trails where dogs are permitted off-leash under control</p>,Trailheads off West Hunt Club Rd,45.30669655016533,-75.81660712698681,Ottawa,Ontario,,No,No,woodland trails,Extensive,No,Unknown,Yes,Unknown,No,Yes,No,5 am – 10 pm,None,,"https://www.google.com/maps/place/Stony+Swamp/@45.3065645,-75.8166715,17z/data=!3m1!4b1!4m6!3m5!1s0x4ccdff154f260e4d:0xd36d293b0fb6c8bb!8m2!3d45.3065645!4d-75.8166715!16s%2Fg%2F11hkffzvn7!5m1!1e1?entry=ttu&g_ep=EgoyMDI1MDYxNy4wIKXMDSoASAFQAw%3D%3D","leash-free,trails,NCC",<p>Dogs must be leashed during certain times per trail rules</p>,<p>Stony Swamp Conservation Area is a popular trail system in Ottawa allowing leash-free walking in designated areas under voice control.</p>,,,,
Strathcona Park,strathcona-dog-park,683758b0a3f8a696dfc417b0,683758b09dd1e3ac2e4e9809,6838bee8353fd557c5535480,false,false,Thu May 29 2025 20:09:12 GMT+0000 (Coordinated Universal Time),Thu May 29 2025 23:37:10 GMT+0000 (Coordinated Universal Time),Thu May 29 2025 23:38:18 GMT+0000 (Coordinated Universal Time),Strathcona Park (off-leash dog park),Leash Free,"<p>Pet lovers in Vancouver love spending time at Strathcona Park, an off-leash area perfect for daily visits. With an area of approximately 6255 square meters, this park offers a grass environment for pets to explore. Strathcona Park operates 5 AM to 10 AM &amp; 5 PM to 10 PM, where the environment offers wide-open green space, offers shady spots, and has accessible washrooms nearby. Does not include water access, so bring your furry friend for a refreshing outdoor experience.</p>",857 Malkin Avenue Vancouver BC,,,Vancouver,BC,,No,,Grass,,No,No,Yes,No,,,Yes,5 AM to 10 AM & 5 PM to 10 PM,,,,,,"<p>Strathcona Park is a well-loved off-leash dog park in Vancouver. This park features a grass surface and an open space for dogs to roam freely. It provides no water access, minimal shade, and limited seating, making it a great destination for local dog owners to relax and let their pets socialize.</p>",https://cdn.prod.website-files.com/683758b09dd1e3ac2e4e980a/6838bf8248d43e4eb440ee42_golden-retriever-in-forest-edge-dog-park.png,,,
Strathcona Park Off-Leash Area,strathcona-park-off-leash-area,683758b0a3f8a696dfc417b0,683758b09dd1e3ac2e4e9809,683b175f1b3190fc20bfc3e1,false,false,Sat May 31 2025 14:51:11 GMT+0000 (Coordinated Universal Time),Sat May 31 2025 14:51:11 GMT+0000 (Coordinated Universal Time),Sun Jun 01 2025 00:16:54 GMT+0000 (Coordinated Universal Time),Strathcona Park Off-Leash Area (Woodsy Urban Escape),Leash Free,<p>Strathcona Park features a network of forested walking paths and meadows. The off-leash area is popular among residents who enjoy nature walks with their dogs in a tranquil environment.</p>,Strathcona Dr SW & Strathcona Hill SW,,,Calgary,Alberta,T3H 1S2,No,No,Dirt Trail and Grass,Approx. 3 acres,No,Yes,,Yes,,Yes,No,5:00 AM to 11:00 PM,,https://www.calgary.ca/parks/off-leash-locations.html,"https://www.google.com/maps/place/Strathcona+Dr+SW+%26+Strathcona+Hill+SW,+Calgary,+AB+T3H+1S2","forested, walking trail, shaded, peaceful",<p>Popular with hikers and families; can be muddy after rain.</p>,"<p>Strathcona Park Off-Leash Area is a forested retreat in Calgary's west end, offering tranquil trails and grassy meadows for dogs and their owners to explore.</p>",,,,
Sue Higgins Park,sue-higgins-park,683758b0a3f8a696dfc417b0,683758b09dd1e3ac2e4e9809,683b175f9e48b2425462ffcd,false,false,Sat May 31 2025 14:51:11 GMT+0000 (Coordinated Universal Time),Sat May 31 2025 14:51:11 GMT+0000 (Coordinated Universal Time),Sun Jun 01 2025 00:16:54 GMT+0000 (Coordinated Universal Time),Sue Higgins Park (Calgary’s Largest Leash-Free Zone),Leash Free,"<p>Sue Higgins Park is Calgary’s premier and largest off-leash area. Spanning over 62 hectares along the Bow River, it offers expansive trails, water access, varied terrain, and multiple fenced enclosures for small dogs.</p>",Southland Dr SE & Deerfoot Trail,,,Calgary,Alberta,T2J 5H5,Partially,Yes,"Grass, Dirt, Trails, Riverbank",62 hectares (153 acres),Yes,Yes,,Yes,,Yes (large lot),Yes,5:00 AM to 11:00 PM,,https://www.calgary.ca/parks/off-leash-locations.html,"https://www.google.com/maps/place/Sue+Higgins+Park,+Calgary,+AB/","large, river, trails, water access, fenced, all sizes",<p>Calgary’s most popular off-leash area with diverse features and high traffic.</p>,"<p>Sue Higgins Park offers Calgary’s most expansive off-leash experience, with open space, riverside trails, and dedicated areas for small and large dogs alike.</p>",,,,
Sunalta Off-Leash Area,sunalta-off-leash-area,683758b0a3f8a696dfc417b0,683758b09dd1e3ac2e4e9809,683b175ee9f8fcb34112465e,false,false,Sat May 31 2025 14:51:10 GMT+0000 (Coordinated Universal Time),Sat May 31 2025 14:51:10 GMT+0000 (Coordinated Universal Time),Sun Jun 01 2025 00:16:54 GMT+0000 (Coordinated Universal Time),Sunalta Off-Leash Area (Hillside Green Escape),Leash Free,"<p>The Sunalta Off-Leash Area sits on a sloped green space with wide open grassy areas, offering dogs a great place to roam freely in a natural, unfenced environment.</p>",10 Ave SW & 16 St SW,,,Calgary,Alberta,T3C 0K5,No,No,Grass,Approx. 1.5 acres,No,Yes,,Yes,,Street Parking,No,5:00 AM to 11:00 PM,,https://www.calgary.ca/parks/off-leash-locations.html,"https://www.google.com/maps/place/10+Ave+SW+%26+16+St+SW,+Calgary,+AB+T3C+0K5","open space, grass, hillside, unfenced",<p>Sloped terrain offers exercise challenge; close to Sunalta LRT.</p>,<p>Sunalta Off-Leash Area provides a spacious hillside for dogs to enjoy unstructured play while owners take in views of Calgary’s skyline.</p>,,,,
Sunnidale Park,sunnidale-park,683758b0a3f8a696dfc417b0,683758b09dd1e3ac2e4e9809,68656f9664142ced14249e70,false,false,Wed Jul 02 2025 17:42:46 GMT+0000 (Coordinated Universal Time),Wed Jul 02 2025 17:44:59 GMT+0000 (Coordinated Universal Time),Wed Jul 02 2025 18:53:15 GMT+0000 (Coordinated Universal Time),Sunnidale Park Leash Free Dog Park,Leash Free,<p>Wooded and natural leash-free area within one of Barrie's largest parks.</p>,227 Sunnidale Rd,44.39838473630587,-79.70356454603423,Barrie,Ontario,L4M3B9,No,No,wooded trails,Large,No,Yes,Yes,Yes,Yes,Yes,Yes (seasonal),6 am – 10 pm,None,https://www.barrie.ca/community-recreation-environment/parks-trails-waterfront/dog-leash-recreation-areas,"https://www.google.com/maps/place/Sunnidale+Dog+Off-Leash+Recreation+Area/@44.3981471,-79.7034358,16z/data=!3m1!4b1!4m6!3m5!1s0x882aa2dbdc051433:0x560fb9bc9dc696ec!8m2!3d44.3981471!4d-79.7034358!16s%2Fg%2F11c58pztf1!5m1!1e1?entry=ttu&g_ep=EgoyMDI1MDYyOS4wIKXMDSoASAFQAw%3D%3D","leash-free,natural,trails,wooded",<p>Natural setting with lots of shade and trees; not fenced.</p>,"<p>Sunnidale Park DOLRA is a natural, wooded leash-free dog area in Barrie, perfect for off-leash exploration and relaxed trail walks.</p>",,,,
Sunny Mount Park,sunny-mount-park,683758b0a3f8a696dfc417b0,683758b09dd1e3ac2e4e9809,684d80c8afa40de85e61958c,false,false,Sat Jun 14 2025 14:01:44 GMT+0000 (Coordinated Universal Time),Sat Jun 14 2025 14:04:44 GMT+0000 (Coordinated Universal Time),Sat Jun 14 2025 20:44:56 GMT+0000 (Coordinated Universal Time),"Sunny Mount Park Leash-Free Dog Park in Milton, Ontario",Leash Free,"<p>Sunny Mount Park provides a large fully fenced leash-free dog park with multiple enclosures. It offers plenty of space for dogs to socialize, exercise, and enjoy off-leash play while owners relax on benches.</p>",1055 Costigan Rd,43.49494089216557,-79.86346538413697,Milton,Ontario,L9T 6Y2,Yes,Yes,Grass and dirt,Approx. 1 acre,No,Yes,Partial,Yes,Yes,Yes,Yes,7:00 AM – 9:00 PM,None,https://www.milton.ca/en/parks-recreation/leash-free-dog-parks.aspx,"https://www.google.ca/maps/place/Leash-free+Dog+Park/@43.493968,-79.8629504,16z/data=!4m15!1m8!3m7!1s0x882b6f62a57eb009:0x54a1b652806110be!2s255+Ruhl+Dr,+Milton,+ON+L9T+8C9!3b1!8m2!3d43.4939642!4d-79.8625834!16s%2Fg%2F11byx8q8yv!3m5!1s0x882b6f80e26597bd:0xfc00349aa00a3fa4!8m2!3d43.4946189!4d-79.86348!16s%2Fg%2F11j9jfd0vj?entry=ttu&g_ep=EgoyMDI1MDYxMS4wIKXMDSoASAFQAw%3D%3D","leash-free, fenced, large, small dog area, benches",<p>Main Milton off-leash destination with ample space and amenities.</p>,"<p>Sunny Mount Park features Milton’s largest fenced leash-free dog park, with separate areas for small dogs, plenty of open space, and park amenities for owners.</p>",,,,
Sunnybrook Park,sunnybrook-park,683758b0a3f8a696dfc417b0,683758b09dd1e3ac2e4e9809,6842d62545431355e16c9577,false,false,Fri Jun 06 2025 11:51:01 GMT+0000 (Coordinated Universal Time),Fri Jun 06 2025 11:54:30 GMT+0000 (Coordinated Universal Time),Fri Jun 06 2025 12:03:11 GMT+0000 (Coordinated Universal Time),Sunnybrook Park (Leash-Free Dog Area),Leash Free,"<p>Sunnybrook Park offers one of the largest and most popular leash-free dog areas in Toronto. The off-leash zone is fully fenced and includes wide open space with a mix of grass and dirt, perfect for high-energy dogs. It features benches, shaded areas, and multiple entry points, providing a well-rounded experience for both dogs and their owners.</p>",1132 Leslie St,43.72256055962987,-79.365546416261,Toronto,Ontario,M4G 2S9,Yes,No,Grass and dirt,Approx. 2 acres,No,Yes,Yes,Yes,Yes,Yes (Sunnybrook Park lot),Yes,7:00 AM – 9:00 PM,None,https://www.toronto.ca/explore-enjoy/parks-recreation/places-spaces/parks-and-recreation-facilities/location/?id=28,"https://www.google.com/maps/place/Sunnybrook+Dog+Park/@43.7223783,-79.3681535,17z/data=!3m1!4b1!4m6!3m5!1s0x89d4cd24e607e44d:0xf7dd94e1d1643793!8m2!3d43.7223745!4d-79.3655786!16s%2Fg%2F11bx8htkw_?entry=ttu&g_ep=EgoyMDI1MDYwMy4wIKXMDSoASAFQAw%3D%3D","fenced, large park, grass surface, benches, shaded, parking",<p>This park is a popular hub for dog meetups and off-leash play; tends to be busiest on weekends.</p>,"<p>Sunnybrook Park features a large, securely fenced dog area surrounded by trees and trails. With ample space and convenient amenities, it's a go-to destination for off-leash fun in Toronto.</p>",,,,
Sunrise Park,sunrise-dog-park-vancouver,683758b0a3f8a696dfc417b0,683758b09dd1e3ac2e4e9809,6838bee868b0ef7f9732bf46,false,false,Thu May 29 2025 20:09:12 GMT+0000 (Coordinated Universal Time),Sat Jun 14 2025 20:43:48 GMT+0000 (Coordinated Universal Time),Sat Jun 14 2025 20:44:56 GMT+0000 (Coordinated Universal Time),Sunrise Park (off-leash dog park),Leash Free,"<p>Sunrise Park is a fantastic leash-free zone for dogs located in Vancouver, BC. This park spans about 21215 square meters and features grass surfaces ideal for running and play. Visitors can enjoy 5 AM to 10 AM &amp; 5 PM to 10 PM access, and the park offers wide-open green space, offers shady spots, and has accessible washrooms nearby. Does not include water access, so bring your furry friend for a refreshing outdoor experience.</p>",1950 Windermere Street Vancouv,,,Vancouver,BC,,No,Unknown,Grass,Unknown,No,No,Yes,No,No,Yes,Yes,5 AM to 10 AM & 5 PM to 10 PM,Unknown,,,,,"<p>Sunrise Park is a well-loved off-leash dog park in Vancouver. This park features a grass surface and an open space for dogs to roam freely. It provides no water access, minimal shade, and limited seating, making it a great destination for local dog owners to relax and let their pets socialize.</p>",https://cdn.prod.website-files.com/683758b09dd1e3ac2e4e980a/6838bf6130c1a241f2ffa462_weimaraners-in-sunny-dog-park-grassy-field.png,,,
Sunset Beach,sunset-beach-dog-park,683758b0a3f8a696dfc417b0,683758b09dd1e3ac2e4e9809,6838bee7a0b74e66448a948e,false,false,Thu May 29 2025 20:09:11 GMT+0000 (Coordinated Universal Time),Thu May 29 2025 23:37:10 GMT+0000 (Coordinated Universal Time),Thu May 29 2025 23:38:18 GMT+0000 (Coordinated Universal Time),Sunset Beach (off-leash dog park),Leash Free,"<p>Pet lovers in Vancouver love spending time at Sunset Beach, an off-leash area perfect for daily visits. Covering 1049 square meters, it has a sand base that supports active dog activities. Dog owners will appreciate the park’s 6 AM to 10 PM access and how it offers wide-open green space, offers shady spots, and is close to limited facilities. Don’t forget that it has on-site water access for pets, which is ideal for dogs on warmer days.</p>",1204 Beach Avenue Vancouver BC,,,Vancouver,BC,,No,,Sand,,Yes,No,Yes,No,,,No,6 AM to 10 PM,,,,,,"<p>Sunset Beach is a well-loved off-leash dog park in Vancouver. This park features a sand surface and an open space for dogs to roam freely. It provides no water access, minimal shade, and limited seating, making it a great destination for local dog owners to relax and let their pets socialize.</p>",https://cdn.prod.website-files.com/683758b09dd1e3ac2e4e980a/6838bf905e0c4fbbb9bdd02a_dog-park-pathway-with-dog-and-trees.png,,,
Sunset Park,sunset-dog-park-vancouver,683758b0a3f8a696dfc417b0,683758b09dd1e3ac2e4e9809,6838bee9c46658af5c5f7a05,false,false,Thu May 29 2025 20:09:13 GMT+0000 (Coordinated Universal Time),Thu May 29 2025 23:37:11 GMT+0000 (Coordinated Universal Time),Thu May 29 2025 23:38:18 GMT+0000 (Coordinated Universal Time),Sunset Park (off-leash dog park),Leash Free,"<p>Sunset Park is a fantastic leash-free zone for dogs located in Vancouver, BC. This park spans about 2973 square meters and features grass surfaces ideal for running and play. Sunset Park operates 6 AM to 10 PM, where the environment offers wide-open green space, is primarily sun-exposed, and is close to limited facilities. Do not forget that it does not include water access, which is ideal for dogs on warmer days.</p>",300 E 53rd Avenue Vancouver BC,,,Vancouver,BC,,Yes,,Grass,,No,No,No,No,,,No,6 AM to 10 PM,,,,,,"<p>Sunset Park is a well-loved off-leash dog park in Vancouver. This park features a grass surface and an open space for dogs to roam freely. It provides no water access, minimal shade, and limited seating, making it a great destination for local dog owners to relax and let their pets socialize.</p>",https://cdn.prod.website-files.com/683758b09dd1e3ac2e4e980a/6838bf905e0c4fbbb9bdd02a_dog-park-pathway-with-dog-and-trees.png,,,
Swift Current Off-Leash Dog Park,swift-current-off-leash-dog-park,683758b0a3f8a696dfc417b0,683758b09dd1e3ac2e4e9809,6871cbbe8031626972fa596e,false,false,Sat Jul 12 2025 02:43:10 GMT+0000 (Coordinated Universal Time),Sat Jul 12 2025 02:47:34 GMT+0000 (Coordinated Universal Time),Sat Jul 12 2025 03:27:49 GMT+0000 (Coordinated Universal Time),Swift Current Off-Leash Dog Park | Swift Current Dog Park,Park,<p>Swift Current Off-Leash Dog Park is a large fenced community-supported off-leash space east of Highway 4 at the end of Hillcrest Drive.</p>,Hillcrest Dr & Hwy 4,50.2844,-107.81,Swift Current,Saskatchewan,S9H 3X6,Yes,No,Open grass and prairie-style ground surfaces,Large fenced area,Unknown - verify on arrival,Unknown - verify on arrival,Minimal - verify on arrival,Expected at entrance or main access - verify on arrival,Unknown - verify on arrival,Yes - verify access near Hillcrest Drive entrance,Unknown - verify on arrival,Year-round access noted by city; verify posted hours on arrival,Check posted rules and city updates,https://www.swiftcurrent.ca/i-want-to/find/off-leash-dog-park,https://www.google.com/maps/search/?api=1&query=Swift+Current+Off-Leash+Dog+Park+Hillcrest+Drive+Highway+4+Swift+Current+SK,"off-leash,fenced,community-supported,swift-current","<p>Primary source: https://www.swiftcurrent.ca/i-want-to/find/off-leash-dog-park. Supporting sources: https://www.swiftcurrent.ca/divisions/planning-growth-development/permits-and-licences/animal-licences/frequently-asked-questions-for-dog-owners, https://www.swiftcurrent.ca/divisions/planning-growth-development/permits-and-licences/animal-licences/animal-pest-control, https://www.swiftcurrent.ca/divisions/planning-growth-development/permits-and-licences/animal-licences, and https://www.swiftcurrent.ca/Home/Components/News/News/2260/. Reviewed on July 30, 2026.</p>","<p>Swift Current Off-Leash Dog Park is a large fenced park on the <strong>east side of Highway 4 at the end of Hillcrest Drive</strong>, where dogs can roam, run, and play in a dedicated off-leash space.</p>",,2026-07-30,Swift Current Off-Leash Dog Park | Swift Current Dog Park | LeashFree.ca,"Source-backed guide to Swift Current Off-Leash Dog Park, including the official location east of Highway 4 at the end of Hillcrest Drive, fenced open space, volunteer-supported development, and current city dog-owner rules."
Taradale Off-Leash Area,taradale-off-leash-area,683758b0a3f8a696dfc417b0,683758b09dd1e3ac2e4e9809,683b175df5908465c85c2145,false,false,Sat May 31 2025 14:51:09 GMT+0000 (Coordinated Universal Time),Sat May 31 2025 14:51:09 GMT+0000 (Coordinated Universal Time),Sun Jun 01 2025 00:16:54 GMT+0000 (Coordinated Universal Time),Taradale Off-Leash Area (NE Calgary),Leash Free,<p>This neighborhood off-leash park offers open grassy fields with a few trees and mounds. It is located along Taradale Drive NE and is a popular space for local residents and their dogs.</p>,250 Taradale Dr NE,,,Calgary,Alberta,T3J 4R6,No,No,Grass,Approx. 2.5 acres,No,No,,Yes,,Street parking nearby,No,5:00 AM to 11:00 PM,,https://www.calgary.ca/parks/off-leash-locations.html,"https://www.google.com/maps/place/250+Taradale+Dr+NE,+Calgary,+AB+T3J+4R6","off-leash, NE Calgary, Taradale, open space",<p>Popular community off-leash space with natural features and local access.</p>,"<p>Located in the Taradale neighborhood, this off-leash park provides a relaxed and accessible area for dogs to play off leash.</p>",,,,
Taylor Park,taylor-park-burnaby,683758b0a3f8a696dfc417b0,683758b09dd1e3ac2e4e9809,6871b849e08c7aa6b561ec74,false,false,Sat Jul 12 2025 01:20:09 GMT+0000 (Coordinated Universal Time),Sat Jul 12 2025 01:20:32 GMT+0000 (Coordinated Universal Time),Sat Jul 12 2025 01:27:16 GMT+0000 (Coordinated Universal Time),Taylor Park Dog Off-Leash Area | Burnaby,Leash Free,<p>Taylor Park is an official fenced Burnaby dog off-leash area at 7599 Mission Avenue with year-round access inside a larger community park.</p>,7599 Mission Avenue,49.1992,-122.9629,Burnaby,British Columbia,V3N 5C7,Yes,No,Grass within fenced enclosure,Neighbourhood off-leash enclosure within larger park,Unknown - verify on arrival,Park seating likely - verify on arrival,Some tree cover - verify on arrival,Yes - verify exact placement on arrival,Unknown - verify on arrival,Nearby park access - verify on arrival,Yes - accessible washroom,Dawn to dusk,Year-round access,https://www.burnaby.ca/explore-outdoors/parks/taylor-park,https://www.google.com/maps/search/?api=1&query=7599+Mission+Avenue+Burnaby+BC,"off-leash,burnaby,fenced,year-round,taylor-park","<p>Primary sources: https://www.burnaby.ca/explore-outdoors/dog-off-leash-areas and the City of Burnaby Taylor Park page. Reviewed on August 2, 2026.</p>","<p>Taylor Park is one of Burnaby&apos;s official dog off-leash locations, with a <strong>fenced enclosure</strong> at <strong>7599 Mission Avenue</strong> inside a larger multi-use community park.</p>",,2026-08-02,Taylor Park Dog Off-Leash Area | Burnaby | LeashFree.ca,"Source-backed guide to Taylor Park in Burnaby, including the official fenced year-round dog off-leash enclosure, 7599 Mission Avenue address, and broader park amenities."
Tecumseh Park,tecumseh-dog-park,683758b0a3f8a696dfc417b0,683758b09dd1e3ac2e4e9809,6838bee7e03210dd8f95533a,false,false,Thu May 29 2025 20:09:11 GMT+0000 (Coordinated Universal Time),Thu May 29 2025 23:37:11 GMT+0000 (Coordinated Universal Time),Thu May 29 2025 23:38:18 GMT+0000 (Coordinated Universal Time),Tecumseh Park (off-leash dog park),Leash Free,"<p>Tecumseh Park stands out as one of Vancouver's designated off-leash parks in BC. With an area of approximately 19788 square meters, this park offers a grass environment for pets to explore. Dog owners will appreciate the park’s 5 AM to 10 AM &amp; 5 PM to 10 PM access and how it includes comfortable benches, offers shady spots, and is close to limited facilities. Does not include water access. It’s a great space to let your pup roam and meet other dogs.</p>",1751 E 45th Avenue Vancouver B,,,Vancouver,BC,,No,,Grass,,No,Yes,Yes,No,,,No,5 AM to 10 AM & 5 PM to 10 PM,,,,,,"<p>Tecumseh Park is a well-loved off-leash dog park in Vancouver. This park features a grass surface and an open space for dogs to roam freely. It provides no water access, minimal shade, and limited seating, making it a great destination for local dog owners to relax and let their pets socialize.</p>",https://cdn.prod.website-files.com/683758b09dd1e3ac2e4e980a/6838bf6130c1a241f2ffa462_weimaraners-in-sunny-dog-park-grassy-field.png,,,
Terwillegar Off-Leash Dog Park,terwillegar-off-leash-dog-park,683758b0a3f8a696dfc417b0,683758b09dd1e3ac2e4e9809,6871bb6a77f454c5d994f3fc,false,false,Sat Jul 12 2025 01:33:30 GMT+0000 (Coordinated Universal Time),Sat Jul 12 2025 01:37:56 GMT+0000 (Coordinated Universal Time),Sat Jul 12 2025 03:27:49 GMT+0000 (Coordinated Universal Time),Terwillegar Off-Leash Dog Park | Edmonton Dog Park,Park,"<p>Terwillegar Off-Leash Dog Park is a large natural river-valley off-leash area in Edmonton with trails, footbridge access, and open terrain beside the North Saskatchewan River.</p>",10 Rabbit Hill Road,53.4794,-113.5929,Edmonton,Alberta,T6R 2V7,No,No,"Natural grass, dirt, and multi-use river valley trails",Very large natural off-leash area,River access present; potable dog water not confirmed,Unknown - verify on arrival,Yes - tree cover along parts of the trail system,Yes - verify exact placement on arrival,Unknown - verify on arrival,Yes,Portable toilet,5am-11pm,Check posted city notices and trail conditions,https://www.edmonton.ca/activities_parks_recreation/parks_rivervalley/terwillegar-park,https://www.google.com/maps/search/?api=1&query=10+Rabbit+Hill+Road+Edmonton+AB,"off-leash,river-valley,trails,footbridge,edmonton","<p>Primary sources: https://www.edmonton.ca/activities_parks_recreation/parks_rivervalley/terwillegar-park, https://www.edmonton.ca/activities_parks_recreation/parks_rivervalley/off-leash-sites, and https://www.edmonton.ca/activities_parks_recreation/parks_rivervalley/terwillegar-park-footbridge. Supporting source: https://www.edmonton.ca/residential_neighbourhoods/pets_wildlife/pet-licences-for-residents. Reviewed on July 30, 2026.</p>","<p>Terwillegar Off-Leash Dog Park is Edmonton&apos;s largest river-valley off-leash destination, with expansive natural terrain on the <strong>south bank of the North Saskatchewan River</strong> at <strong>10 Rabbit Hill Road</strong>.</p>",,2026-07-30,Terwillegar Off-Leash Dog Park | Edmonton Dog Park | LeashFree.ca,"Source-backed guide to Terwillegar Off-Leash Dog Park in Edmonton, including the official Rabbit Hill Road location, river valley trails, footbridge access, hours, amenities, and current off-leash rules."
The Aud Neighbourhood Dog Park,the-aud-neighbourhood-dog-park,683758b0a3f8a696dfc417b0,683758b09dd1e3ac2e4e9809,68560f78aa3ef47030c9a540,false,false,Sat Jun 21 2025 01:48:40 GMT+0000 (Coordinated Universal Time),Sat Jun 21 2025 01:51:14 GMT+0000 (Coordinated Universal Time),Sat Jun 21 2025 01:54:30 GMT+0000 (Coordinated Universal Time),The Aud Neighbourhood Dog Park (Leash-Free Dog Area),Leash Free,"<p>Located beside The Aud, this dog park provides a practical fenced area for local dog owners. It offers a secure setting with waste stations and parking nearby.</p>",400 East Avenue,43.449687235298995,-80.46487105444282,Kitchener,Ontario,,Yes,No,Grass,Small,No,Yes,Limited,Yes,Yes,Yes,No,6am - 11pm,None,https://www.kitchener.ca/en/things-to-do/dog-parks.aspx,"https://www.google.com/maps/place/The+Aud+Neighbourhood+Leash+Free+Dog+Park/@43.4490427,-80.4668693,18z/data=!4m6!3m5!1s0x882bf500986bea6f:0x336ea1791b743c7a!8m2!3d43.4495715!4d-80.4648892!16s%2Fg%2F11gmwz1g9z!5m1!1e1?entry=ttu&g_ep=EgoyMDI1MDYxNy4wIKXMDSoASAFQAw%3D%3D","off-leash, fenced, urban access",<p>Convenient for nearby residents and visitors to The Aud.</p>,<p>The Aud Neighbourhood Dog Park is a handy option for leash-free fun located right next to Kitchener’s iconic auditorium.</p>,,,,
Thompson Street Parkette,thompson-street-parkette,683758b0a3f8a696dfc417b0,683758b09dd1e3ac2e4e9809,684343e1d6f637062419e0e5,false,false,Fri Jun 06 2025 19:39:13 GMT+0000 (Coordinated Universal Time),Fri Jun 06 2025 19:42:54 GMT+0000 (Coordinated Universal Time),Sat Jun 14 2025 00:09:21 GMT+0000 (Coordinated Universal Time),Thompson Street Parkette (Leash-Free Dog Area),Leash Free,"<p>A cozy, residential parkette in Toronto’s Leslieville area, Thompson Street Parkette offers a small fenced space for off-leash dog activity. This community-maintained spot provides waste bins and basic seating, making it ideal for brief outings.</p>",51 Thompson Street,43.65933288471122,-79.35052197545544,Toronto,Ontario,M4M 1L6,Yes,No,Dirt and gravel,Approx. 0.1 acres,No,Yes,Minimal,Yes,Yes,Street parking,No,7:00 AM – 9:00 PM,None,https://www.toronto.ca/explore-enjoy/parks-recreation/places-spaces/parks-and-recreation-facilities/location/?id=1472,"https://www.google.com/maps/place/Thompson+Street+Parkette,+120+Broadview+Ave,+Toronto,+ON+M4M+2E9/@43.6593993,-79.3509002,20z/data=!4m6!3m5!1s0x89d4cb6c3fa09057:0xf0f3f7840b7f3d7e!8m2!3d43.6593149!4d-79.350516!16s%2Fg%2F11bvtc6bvv?entry=ttu&g_ep=EgoyMDI1MDYwMy4wIKXMDSoASAFQAw%3D%3D","small, fenced, benches, local","<p>One of the smaller dog parks in the city, mainly for nearby residents.</p>","<p>Thompson Street Parkette offers a modest, fenced-off area in the heart of Leslieville, perfect for short, local off-leash breaks.</p>",,,,
Thomson Memorial Park,thomson-memorial-park,683758b0a3f8a696dfc417b0,683758b09dd1e3ac2e4e9809,684341accaaa9c7e3fc45498,false,false,Fri Jun 06 2025 19:29:48 GMT+0000 (Coordinated Universal Time),Fri Jun 06 2025 19:33:09 GMT+0000 (Coordinated Universal Time),Sat Jun 14 2025 00:09:21 GMT+0000 (Coordinated Universal Time),Thomson Memorial Park (Leash-Free Dog Area),Dogs Allowed,"<p>Thomson Memorial Park is a large Scarborough green space that features a fully fenced off-leash area. The dog park is separated into two sections for large and small breeds, with open grass areas, benches, and nearby trails perfect for a full outing.</p>",1005 Brimley Road South,43.75617828070024,-79.25407276600039,Toronto,Ontario,M1P 3E9,Yes,Yes,Grass,Approx. 0.5 acres,No,,Yes,Yes,Yes,Yes (park lot),Yes,7:00 AM – 9:00 PM,None,https://www.toronto.ca/explore-enjoy/parks-recreation/places-spaces/parks-and-recreation-facilities/location/?id=543,"https://www.google.com/maps/place/Thomson+Memorial+Park+Dogs+Off-Leash+Area/@43.7581969,-79.2564009,17z/data=!4m14!1m7!3m6!1s0x89d4d1c8a00a41e5:0x7bfe04e31df453e2!2sThomson+Memorial+Park!8m2!3d43.7581931!4d-79.253826!16zL20vMDlyaDM5!3m5!1s0x89d4d1c8d193bb45:0x48155a5d535b6a1!8m2!3d43.7559432!4d-79.2541752!16s%2Fg%2F11f3jmc2b6?entry=ttu&g_ep=EgoyMDI1MDYwMy4wIKXMDSoASAFQAw%3D%3D","fenced, large & small dog areas, parking, Scarborough",<p>One of Scarborough’s most popular and well-maintained leash-free zones.</p>,"<p id="""">Thomson Memorial Park in Scarborough offers a spacious, well-equipped leash-free area with separate zones for large and small dogs, making it a top choice for east-end dog owners.</p><p>‍</p>",,,,
Three Mile Bend Recreation Area,three-mile-bend-recreation-area,683758b0a3f8a696dfc417b0,683758b09dd1e3ac2e4e9809,6871be8de1c1fed237a20028,false,false,Sat Jul 12 2025 01:46:53 GMT+0000 (Coordinated Universal Time),Sat Jul 12 2025 02:02:11 GMT+0000 (Coordinated Universal Time),Sat Jul 12 2025 03:27:49 GMT+0000 (Coordinated Universal Time),Three Mile Bend Recreation Area,Leash Free,"<p>Three Mile Bend is a large, scenic off-leash area in Red Deer with ponds, wooded trails, and natural terrain for adventurous dogs.</p>",76 Street & Riverside Dr,52.2807,-113.8261,Red Deer,Alberta,T4N 4G6,No,No,"trail, grass, water",Very Large,Yes,Yes,Yes,Yes,Yes,Yes,Yes (Seasonal),6 am – 11 pm,None,https://www.reddeer.ca/recreation-and-culture/parks-and-trails/parks/three-mile-bend-recreation-area/,"https://maps.google.com/?q=Three+Mile+Bend,+Red+Deer,+AB","leash-free,trails,water,natural",,"<p>Three Mile Bend Recreation Area is a dog-friendly off-leash park in Red Deer known for its trails, water features, and natural landscape.</p>",,,,
Thurlow Dog Park,thurlow-dog-park,683758b0a3f8a696dfc417b0,683758b09dd1e3ac2e4e9809,68657bf13efe20c0b760c858,false,false,Wed Jul 02 2025 18:35:29 GMT+0000 (Coordinated Universal Time),Wed Jul 02 2025 18:40:09 GMT+0000 (Coordinated Universal Time),Wed Jul 02 2025 18:53:15 GMT+0000 (Coordinated Universal Time),Thurlow Dog Park Leash Free Dog Park,Leash Free,<p>Quiet off-leash area in a more rural part of Belleville with open space for dogs to roam.</p>,516 Harmony Rd,44.2070499295161,-77.3943545739134,Belleville,Ontario,K8N5J1,Yes,No,grass,Medium,No,Limited,Minimal,Yes,Yes,Yes,No,Dawn to Dusk,None,,"https://www.google.com/maps/place/Thurlow+Dog+Park/@44.2068538,-77.3969402,17z/data=!3m1!4b1!4m6!3m5!1s0x89d6255b44ab6c83:0x237c7d20fcd91759!8m2!3d44.20685!4d-77.3943653!16s%2Fg%2F11p5ycvngd!5m1!1e1?entry=ttu&g_ep=EgoyMDI1MDYzMC4wIKXMDSoASAFQAw%3D%3D","leash-free,fenced,rural",<p>Close to Quinte Dog Park; more open and less busy.</p>,"<p>Thurlow Dog Park offers a quiet, fenced grassy space in Belleville for relaxed off-leash fun in a rural setting.</p>",,,,
Tom Campbell’s Hill Off-Leash Area,tom-campbells-hill-off-leash-area,683758b0a3f8a696dfc417b0,683758b09dd1e3ac2e4e9809,683b175ca203281d544cc68f,false,false,Sat May 31 2025 14:51:08 GMT+0000 (Coordinated Universal Time),Sat May 31 2025 14:51:08 GMT+0000 (Coordinated Universal Time),Sun Jun 01 2025 00:16:54 GMT+0000 (Coordinated Universal Time),Tom Campbell’s Hill Off-Leash Area (NE Calgary),Leash Free,"<p>Perched atop one of Calgary's most scenic vantage points, Tom Campbell's Hill Off-Leash Dog Park offers breathtaking panoramic views of the downtown skyline and Bow River valley. This historic hilltop park features expansive natural grasslands that preserve the original prairie ecosystem, providing a rare glimpse into Calgary's natural heritage.</p>",25 St. George's Dr NE,,,Calgary,Alberta,T2E 5E4,No,No,"Natural prairie grass, gravel paths",18 hectares (44.5 acres),No,Yes,,Yes,,Dedicated lot off 11 Street NE,No,5:00 AM to 11:00 PM,,https://www.calgary.ca/parks/tom-campbells-hill.html,"https://www.google.com/maps/place/25+St+George's+Dr+NE,+Calgary,+AB+T2E+5E4","off-leash, natural grassland, panoramic views, NE Calgary, hilltop park","<p>The park's elevated position offers stunning city views, and its natural terrain provides varied environments for dogs to explore.</p>","<p>Tom Campbell’s Hill Off-Leash Area is a historic and scenic park in Calgary's northeast, offering expansive natural grasslands and panoramic views of the city skyline, making it a favorite spot for dog owners seeking both exercise and relaxation.</p>",,,,
Totoredaca Dog Park,totoredaca-dog-park,683758b0a3f8a696dfc417b0,683758b09dd1e3ac2e4e9809,6840af14bc5acaa581b816d4,false,false,Wed Jun 04 2025 20:39:48 GMT+0000 (Coordinated Universal Time),Wed Jun 04 2025 20:54:08 GMT+0000 (Coordinated Universal Time),Thu Jun 05 2025 00:31:39 GMT+0000 (Coordinated Universal Time),Totoredaca Dog Park (Leash-Free Dog Park),Leash Free,"<p>Totoredaca Dog Park is one of the largest and most diverse off-leash dog areas in Mississauga. Spanning over 3 acres, this fully fenced park features separate enclosures for large and small dogs, walking trails, shaded spots, and open grassy play zones. Its wide variety of terrain and well-maintained grounds make it a favourite among local dog owners.</p>",2715 Meadowvale Blvd,43.61015474,-79.77502676,Mississauga,Ontario,L5N 6P8,Yes,No,Grass,Unknown,Yes,Yes,Yes,Yes,Unknown,Yes,No,7:00 AM – 9:00 PM,,,"https://www.google.com/maps/place/Totoredaca+Dog+Park/@43.609712,-79.7777304,16z/data=!3m1!4b1!4m6!3m5!1s0x882b6ae54cb77f37:0x11a320f28d41f06a!8m2!3d43.6097081!4d-79.7751555!16s%2Fg%2F1tfry3fr?entry=ttu&g_ep=EgoyMDI1MDYwMi4wIKXMDSoASAFQAw%3D%3D","fenced, large park, small dog area, grass surface, shaded, benches, parking","<p id="""">This park is maintained by Leash-Free Mississauga and requires a membership for use. Membership ensures safety and upkeep.</p>","<p>Totoredaca Dog Park is a spacious and well-maintained leash-free zone in Mississauga, offering a safe and fun environment for both large and small dogs. With nearly four hectares of open space, shaded seating, and dedicated areas for small breeds, it’s a favorite among local dog owners.</p>",https://cdn.prod.website-files.com/683758b09dd1e3ac2e4e980a/6840b268d245de2f3ad3a732_Totoredaca%20Dog%20Park.jpg,,,
Townsend Park,townsend-park-chilliwack,683758b0a3f8a696dfc417b0,683758b09dd1e3ac2e4e9809,68710978b825961cf7ebe776,false,false,Fri Jul 11 2025 12:54:16 GMT+0000 (Coordinated Universal Time),Fri Jul 11 2025 14:10:08 GMT+0000 (Coordinated Universal Time),Fri Jul 11 2025 17:00:43 GMT+0000 (Coordinated Universal Time),Townsend Park | Chilliwack Park Guide,Community park,"<p>Townsend Park is a major Chilliwack community sports park with walking paths and large open lawn space, but it is not listed by the city as an official off-leash dog park.</p>",45130 Wolfe Road,49.1636,-121.9589,Chilliwack,British Columbia,V2P 1V6,Partial,No,"Grass sports fields, paved walking paths, and landscaped park space",Large community park,Unknown - verify on arrival,Yes,Some mature tree cover,Yes - verify exact placement on arrival,No city-confirmed dog dispensers noted,Yes,Park washrooms may be available seasonally - verify on arrival,Verify posted park hours on arrival,Check posted city notices for events and field use,https://www.chilliwack.com/main/page.cfm?id=945,https://www.google.com/maps/search/?api=1&query=45130+Wolfe+Road+Chilliwack+BC,"park-guide,chilliwack,sports-park,townsend-park","<p>Primary sources: https://www.chilliwack.com/main/page.cfm?id=945 and the City of Chilliwack off-leash dog areas page. Reviewed on July 31, 2026.</p>","<p>Townsend Park is one of Chilliwack&apos;s major community parks, with <strong>sports fields</strong>, a <strong>walking path</strong>, and a broad central green that supports events and everyday family recreation.</p>",,2026-07-31,Townsend Park | Chilliwack Park Guide | LeashFree.ca,"Source-backed guide to Townsend Park in Chilliwack, including current city park details, sports and trail amenities, and the fact that it is not listed as an official off-leash dog park."
Trafalgar Sports Park,trafalgar-sports-park,683758b0a3f8a696dfc417b0,683758b09dd1e3ac2e4e9809,684cbf9b568c5d80f5bfceec,false,false,Sat Jun 14 2025 00:17:31 GMT+0000 (Coordinated Universal Time),Sat Jun 14 2025 13:11:01 GMT+0000 (Coordinated Universal Time),Sat Jun 14 2025 20:44:56 GMT+0000 (Coordinated Universal Time),"Trafalgar Sports Park Leash-Free Dog Park in Halton Hills, Ontario",Leash Free,"<p>Trafalgar Sports Park features a designated leash-free area located within the larger multi-use sports complex. The fenced dog park offers open space for dogs to run, socialize, and play off-leash safely.</p>",11494 Trafalgar Rd,43.637460601666895,-79.93447011006359,Halton Hills,Ontario,L7G 4S4,Yes,Unknown,Grass,Approx. 1 acre,No,Yes,Minimal,Yes,Yes,Yes,Yes,7:00 AM – 9:00 PM,None,https://www.haltonhills.ca/en/explore-and-play/leash-free-dog-parks.aspx,"https://www.google.com/maps/place/Trafalgar+Sports+Park+-+Leash+Free+Park/@43.6354338,-79.9378045,16.09z/data=!4m14!1m7!3m6!1s0x882b739c4080a83f:0x5ed60f2ec04f6f09!2sTrafalgar+Sports+Park!8m2!3d43.6331145!4d-79.9384241!16s%2Fg%2F11gl3hctvy!3m5!1s0x882b732c0a3a5417:0x28bccf5b6e257ed5!8m2!3d43.6372163!4d-79.9345027!16s%2Fg%2F11pf7n7855!5m1!1e1?entry=ttu&g_ep=EgoyMDI1MDYxMS4wIKXMDSoASAFQAw%3D%3D","leash-free, fenced, grass, sports complex",<p>Located adjacent to sports fields within Trafalgar Sports Park.</p>,<p>Trafalgar Sports Park includes a fenced leash-free area where Halton Hills dogs can safely run and play off-leash beside the sports fields.</p>,,,,
Transfer Beach Park,transfer-beach-park,683758b0a3f8a696dfc417b0,683758b09dd1e3ac2e4e9809,68715b681608ec952ec0331e,false,false,Fri Jul 11 2025 18:43:52 GMT+0000 (Coordinated Universal Time),Fri Jul 11 2025 23:27:20 GMT+0000 (Coordinated Universal Time),Sat Jul 12 2025 01:27:16 GMT+0000 (Coordinated Universal Time),Transfer Beach Park Leash Free Area,Leash Free,<p>Transfer Beach Park is a popular recreational area in Ladysmith with a designated off-leash dog zone and beachfront access.</p>,Off Transfer Beach Blvd,49.02956135061539,-123.82552548786344,Ladysmith,British Columbia,V9G 1A4,No,No,"grass, sand",Large,Yes,Yes,Yes,Yes,Yes,Yes,Yes,6 am – 11 pm,None,https://www.ladysmith.ca/our-services/parks-recreation/parks/,"https://www.google.com/maps/place/Transfer+Beach/@48.9700978,-124.9104254,9z/data=!4m10!1m2!2m1!1sdog+park+in+Ladysmith,+BC!3m6!1s0x5488ad7c55a14621:0xb92565329c003358!8m2!3d48.9919706!4d-123.808604!15sChlkb2cgcGFyayBpbiBMYWR5c21pdGgsIEJDWhoiGGRvZyBwYXJrIGluIGxhZHlzbWl0aCBiY5IBBHBhcmuaASRDaGREU1VoTk1HOW5TMFZKUTBGblNVUktibEJmVDJ0M1JSQUKqAVkKCS9tLzBidDlschABKgwiCGRvZyBwYXJrKAAyHhABIhqn6kBS0Syns9MylYq97XK75fZI-HdFJMWGxzIcEAIiGGRvZyBwYXJrIGluIGxhZHlzbWl0aCBiY-ABAPoBBQiIAhA0!16s%2Fg%2F11s661y4mm!5m1!1e1?entry=ttu&g_ep=EgoyMDI1MDcwOC4wIKXMDSoASAFQAw%3D%3D","leash-free,beach,scenic,grass",,<p>Transfer Beach Park is a scenic and spacious dog-friendly park in Ladysmith featuring open lawns and beachside off-leash access.</p>,,,,
Trinity Bellwoods Park,trinity-bellwoods-park,683758b0a3f8a696dfc417b0,683758b09dd1e3ac2e4e9809,68434db1135cda04dcae0907,false,false,Fri Jun 06 2025 20:21:05 GMT+0000 (Coordinated Universal Time),Fri Jun 13 2025 19:32:54 GMT+0000 (Coordinated Universal Time),Sat Jun 14 2025 00:09:21 GMT+0000 (Coordinated Universal Time),Trinity Bellwoods Park (Leash-Free Dog Bowl),Leash Free,"<p>Trinity Bellwoods Park features the famous Dog Bowl — a large, sloped, off-leash area that’s become a social hub for dog lovers. With expansive grassy space and full fencing, it accommodates dogs of all sizes.</p>",790 Queen St W,43.64854178203017,-79.41412061783817,Toronto,Ontario,M6J 1G3,Yes,No,Grass,Approx. 2 acres,Yes,Yes,Yes,Yes,Yes,Street parking,Yes,7:00 AM – 11:00 PM,None,https://www.toronto.ca/explore-enjoy/parks-recreation/places-spaces/parks-and-recreation-facilities/location/?id=241,"https://www.google.com/maps/place/Trinity+Bellwoods+Park+Dog+Bowl/@43.648501,-79.4140992,18z/data=!4m14!1m7!3m6!1s0x882b34fb59eedcdb:0x3fb22c8aefb75bb!2sTrinity+Bellwoods+Park!8m2!3d43.6472825!4d-79.4137246!16zL20vMDR3NTd6!3m5!1s0x882b34fb4ad27947:0x44d4128ca446f32e!8m2!3d43.648477!4d-79.4141341!16s%2Fg%2F11bzq2_6zl!5m1!1e1?entry=ttu&g_ep=EgoyMDI1MDYxMS4wIKXMDSoASAFQAw%3D%3D","dog bowl, leash-free, social, downtown, large space",<p>Very popular — can be crowded on weekends.</p>,"<p>Trinity Bellwoods’ Dog Bowl is one of Toronto’s best-known leash-free zones, with spacious grassy slopes and a vibrant dog community.</p>",,,,
Truro-Bible Hill Off-Leash Dog Park,truro-bible-hill-off-leash-dog-park,683758b0a3f8a696dfc417b0,683758b09dd1e3ac2e4e9809,68b8595a8865f6f6e90b1538,false,false,Wed Sep 03 2025 15:06:02 GMT+0000 (Coordinated Universal Time),Wed Sep 03 2025 19:49:10 GMT+0000 (Coordinated Universal Time),Sat Sep 06 2025 19:21:07 GMT+0000 (Coordinated Universal Time),Truro-Bible Hill Off-Leash Dog Park,Leash Free,"<p>Official shared off-leash dog park in Truro and Bible Hill with a fenced layout, small-dog area, and more than one hectare of space.</p>",514 Marshland Drive,45.3704,-63.2785,Truro,NS,,Yes,Yes,"grass, natural",More than 1 hectare,Yes,Unknown,Unknown,Unknown,Unknown,Unknown,Unknown,Open seven days a week,Unknown,https://www.biblehill.ca/truro-bible-hill-off-leash-dog-park,https://www.google.com/maps?q=Truro-Bible+Hill+Off+Leash+Dog+Park+514+Marshland+Drive,"leash-free, fenced, small-dog-area, water","<p>Official municipal sources say the park is located at 514 Marshland Drive, includes a small-dog area, contains more than a hectare of fenced property, and is open seven days a week.</p>",<p>Truro-Bible Hill Off-Leash Dog Park is the shared public off-leash facility published by the Town of Truro and the Village of Bible Hill.</p>,,2026-07-29,Truro-Bible Hill Off-Leash Dog Park | Truro Dog Park | LeashFree.ca,"Source-backed profile for Truro-Bible Hill Off-Leash Dog Park, covering the official 514 Marshland Drive location, small-dog area, more-than-one-hectare fenced layout, published rules, and Town of Truro licensing context."
Upton Farm Off-Leash Area,upton-farm-off-leash-area,683758b0a3f8a696dfc417b0,683758b09dd1e3ac2e4e9809,68b8a29634141d6c74dc2fab,false,false,Wed Sep 03 2025 20:18:30 GMT+0000 (Coordinated Universal Time),Wed Sep 03 2025 20:18:52 GMT+0000 (Coordinated Universal Time),Sat Sep 06 2025 19:21:07 GMT+0000 (Coordinated Universal Time),Upton Farm Off-Leash Dog Park,Leash Free,"<p>Expansive 20-acre woodland off-leash area in the New Glasgow region, providing natural trails and open space for dogs to run and explore.</p>","Upton Farm, New Glasgow Region",45.58,-62.65,New Glasgow,NS,,No,No,"grass, forest trails",Large (20 acres),Unknown,Unknown,Yes,Unknown,Not specified,Yes,No,Dawn - Dusk,,https://www.bringfido.com/attraction/parks/city/new_glasgow_ns_ca/,https://www.google.com/maps?q=Upton+Farm+Dog+Park+NS,"leash-free, trails, wooded, large-area",<p>Natural woodland area used as an off-leash dog park. Not fenced but spacious and widely used.</p>,"<p>Upton Farm Off-Leash Area is a large wooded dog-friendly space in the New Glasgow area, offering trails and open land for dogs to enjoy off-leash freedom.</p>",,,,
Valdez Park,valdez-dog-park,683758b0a3f8a696dfc417b0,683758b09dd1e3ac2e4e9809,6838bee7a95bcfcdc3ea3f5f,false,false,Thu May 29 2025 20:09:11 GMT+0000 (Coordinated Universal Time),Thu May 29 2025 23:37:10 GMT+0000 (Coordinated Universal Time),Thu May 29 2025 23:38:18 GMT+0000 (Coordinated Universal Time),Valdez Park (off-leash dog park),Leash Free,"<p>Valdez Park stands out as one of Vancouver's designated off-leash parks in BC. Covering 7683 square meters, it has a grass base that supports active dog activities. Valdez Park operates 6 AM to 10 AM &amp; 5 PM to 10 PM, where the environment includes comfortable benches, offers shady spots, and is close to limited facilities. Does not include water access. It’s a great space to let your pup roam and meet other dogs.</p>",3210 W 22nd Avenue Vancouver B,,,Vancouver,BC,,,,Grass,,No,Yes,Yes,No,,,No,6 AM to 10 AM & 5 PM to 10 PM,,,,,,"<p>Valdez Park is a well-loved off-leash dog park in Vancouver. This park features a grass surface and an open space for dogs to roam freely. It provides no water access, minimal shade, and limited seating, making it a great destination for local dog owners to relax and let their pets socialize.</p>",https://cdn.prod.website-files.com/683758b09dd1e3ac2e4e980a/6838bf6da378932f0d55bef8_border-collie-in-open-grassy-dog-park.png,,,
Varsity Estates Park,varsity-estates-park,683758b0a3f8a696dfc417b0,683758b09dd1e3ac2e4e9809,683a5575e7fa98fb51a33db8,false,false,Sat May 31 2025 01:03:49 GMT+0000 (Coordinated Universal Time),Sat May 31 2025 01:41:01 GMT+0000 (Coordinated Universal Time),Sat May 31 2025 02:01:43 GMT+0000 (Coordinated Universal Time),Varsity Estates Park (Leash-Free Dog Area),Leash Free,<p>Varsity Estates Park is a community green space in northwest Calgary with a designated off-leash area. Dogs can roam a large open field surrounded by mature trees in a peaceful neighborhood setting.</p>,53 Varsity Estates Terrace NW,,,Calgary,Alberta,T3B 2W8,No,Unknown,Grass,,No,Yes,Yes,Yes,,,No,5:00 AM – 11:00 PM,,https://www.calgary.ca/parks/off-leash-areas.html,https://www.google.com/maps/place/Varsity+Estates+Park/,"off-leash, neighborhood park, grass field, trees",<p>Quiet residential area; not heavily trafficked.</p>,"<p>Varsity Estates Park offers a quiet off-leash escape in northwest Calgary, ideal for dogs that enjoy open grass space and shade from surrounding trees.</p>",https://cdn.prod.website-files.com/683758b09dd1e3ac2e4e980a/683a5e1c8e482b390ba3cfc4_varsity-estates-park-sign.png,,,
Vedder Park,vedder-park,683758b0a3f8a696dfc417b0,683758b09dd1e3ac2e4e9809,68708507f0f3d0089e8711f8,false,false,Fri Jul 11 2025 03:29:11 GMT+0000 (Coordinated Universal Time),Fri Jul 11 2025 03:31:26 GMT+0000 (Coordinated Universal Time),Fri Jul 11 2025 12:18:36 GMT+0000 (Coordinated Universal Time),Vedder Park Leash-Free Dog Park,Leash Free,"<p>Vedder Park in Chilliwack features a designated off-leash trail section along the Vedder River, ideal for dogs who love to run and swim.</p>",45450 Petawawa Rd,49.10989367852835,-121.971370243559,Chilliwack,British Columbia,V2R 3M9,No,No,"gravel, trail, grass",Large,Yes,Yes,Yes,Yes,Yes,Yes,Yes,6 am – 10 pm,None,https://www.chilliwack.com/main/page.cfm?id=945,"https://www.google.com/maps/place/Vedder+Park/@49.1467378,-122.1238055,11z/data=!4m10!1m2!2m1!1sdog+park+near+Chilliwack,+BC!3m6!1s0x54844785d4c5523d:0x137874ed73dcfead!8m2!3d49.098109!4d-121.9680021!15sChxkb2cgcGFyayBuZWFyIENoaWxsaXdhY2ssIEJDWh0iG2RvZyBwYXJrIG5lYXIgY2hpbGxpd2FjayBiY5IBBHBhcmuaASNDaFpEU1VoTk1HOW5TMFZKUTBGblNVUk9NSEpFV1ZWQkVBRaoBXQoJL20vMGJ0OWxyEAEqDCIIZG9nIHBhcmsoADIfEAEiG3AZVBY_W0VnI-9Q0-A-rxV5QLlyoKx07XA8dzIfEAIiG2RvZyBwYXJrIG5lYXIgY2hpbGxpd2FjayBiY-ABAPoBBQiXAhBL!16s%2Fg%2F11h64vhzc8!5m1!1e1?entry=ttu&g_ep=EgoyMDI1MDcwOC4wIKXMDSoASAFQAw%3D%3D","leash-free,river,trails,benches",<p>Dogs allowed off-leash in marked trail zones only.</p>,"<p>Vedder Park is a scenic leash-free trail destination along the Vedder River in Chilliwack, offering plenty of space for dogs to roam and swim.</p>",,,,
Vermont Square Park,vermont-square-park,683758b0a3f8a696dfc417b0,683758b09dd1e3ac2e4e9809,6843493f8b49c32bfaaa73de,false,false,Fri Jun 06 2025 20:02:07 GMT+0000 (Coordinated Universal Time),Fri Jun 13 2025 23:17:27 GMT+0000 (Coordinated Universal Time),Sat Jun 14 2025 00:09:21 GMT+0000 (Coordinated Universal Time),Vermont Square Park (Leash-Free Dog Area),Leash Free,"<p>Located in the Annex, Vermont Square Park offers a compact fenced leash-free area with a gravel surface. It’s surrounded by mature trees and includes benches, making it a local favorite for quick dog play sessions.</p>",819 Palmerston Ave,43.67039044821188,-79.41515440233037,Toronto,Ontario,M6G 2R8,Yes,No,Gravel,Approx. 0.3 acres,No,Yes,Yes,Yes,Yes,Street parking,Yes,7:00 AM – 9:00 PM,None,,"https://www.google.com/maps/place/Vermont+Square+Park/@43.6703993,-79.4150555,18.82z/data=!4m6!3m5!1s0x882b348ff304c331:0xcbb9c0cd2718e225!8m2!3d43.6703353!4d-79.4151768!16s%2Fg%2F1thd79mh!5m1!1e1?entry=ttu&g_ep=EgoyMDI1MDYxMS4wIKXMDSoASAFQAw%3D%3D","leash-free, gravel, shaded, benches","<p>Compact but clean, great for quick visits.</p>","<p>Vermont Square Park is a fenced urban dog area in the Annex with shade, benches, and a gravel surface for safe, contained play.</p>",,,,
Warden Woods,warden-woods,683758b0a3f8a696dfc417b0,683758b09dd1e3ac2e4e9809,6842d51f8c60132ee1c6d7ac,false,false,Fri Jun 06 2025 11:46:39 GMT+0000 (Coordinated Universal Time),Fri Jun 06 2025 11:50:22 GMT+0000 (Coordinated Universal Time),Fri Jun 06 2025 12:03:11 GMT+0000 (Coordinated Universal Time),Warden Woods Park (Leash-Free Trail Area),Leash Free,"<p>Warden Woods Park offers a leash-free trail experience winding through a mature forest alongside Taylor-Massey Creek. Although not fenced, the wide natural trails provide ample space for dogs to roam under supervision. It’s a scenic spot that attracts dog owners who enjoy quiet nature walks with their pets.</p>",125 Pharmacy Ave,43.6985288879667,-79.28481940277058,Toronto,Ontario,M1L 3E7,No,No,Dirt and natural trail,Approx. 3 acres of open trail access,No,No,Yes,Yes,No,Street parking only,Yes,7:00 AM – 9:00 PM,Trails may be muddy or icy depending on the season,https://www.toronto.ca/explore-enjoy/parks-recreation/places-spaces/parks-and-recreation-facilities/location/?id=441,"https://www.google.com/maps/place/Warden+Woods+Off-Leash+Dog+Park/@43.6980867,-79.2873943,16z/data=!3m1!4b1!4m6!3m5!1s0x89d4ce849f5ba2bb:0x8d81ca7ffdd1310d!8m2!3d43.6980829!4d-79.2848194!16s%2Fg%2F1pt_sdnkn?entry=ttu&g_ep=EgoyMDI1MDYwMy4wIKXMDSoASAFQAw%3D%3D","off-leash trail, wooded, shaded, natural terrain, no fencing","<p>Due to the lack of fencing, dogs should have reliable recall; popular among off-leash hiking enthusiasts.</p>","<p>Warden Woods Park features an off-leash trail experience through dense forest and alongside a creek, perfect for dog owners looking for a peaceful nature escape in Toronto's east end.</p>",https://cdn.prod.website-files.com/683758b09dd1e3ac2e4e980a/6842d5f9f643bafba72bb0ff_Warden%20Woods%20Park.jpg,,,
Warman Off-Leash Dog Park,warman-off-leash-dog-park,683758b0a3f8a696dfc417b0,683758b09dd1e3ac2e4e9809,6871cbbee8c17297c0eba519,false,false,Sat Jul 12 2025 02:43:10 GMT+0000 (Coordinated Universal Time),Sat Jul 25 2026 12:00:00 GMT+0000 (Coordinated Universal Time),Sat Jul 25 2026 12:00:00 GMT+0000 (Coordinated Universal Time),Warman Off-Leash Dog Park,Leash Free,"<p>Warman Off-Leash Dog Park is the City of Warman's official municipal off-leash dog park. The city places it on Central Street on the east side of Warman and, on its parks page, more specifically at the Central Street East entrance by the train monument. The same official source set says the park is fully fenced and includes walking paths, doggie bags, disposal stations, and a small beach area with a pond.</p><p>That makes this page materially stronger than the older draft, which leaned on unsourced location detail and hard acreage language without acknowledging that Warman's own pages do not match on size. The off-leash page says the park offers just over 20 acres of open space, while the parks page says it offers just under 12 acres. Because the municipality itself is inconsistent here, this guide avoids claiming an exact acreage and prioritizes the rules and visit details the city clearly does publish.</p><p>Those published rules are practical: the park is for licensed pets only, dogs must have a valid licence tag, wear a collar, and be vaccinated, dogs must be leashed entering and exiting the fenced area, handlers must have a leash with them at all times, waste must be disposed of immediately, and if dogs get into an altercation the dogs must be leashed and both owners and dogs must leave immediately. Warman's pet-licensing page also says city licences currently cost $25 for the lifetime of the animal.</p>","Central Street East entrance into Warman, by the train monument",52.3186,-106.5782,Warman,Saskatchewan,,Yes,Unknown,"Open grass space, walking paths, and pond edge",City pages conflict on acreage; verify locally,"Unknown - pond area is published, drinking water is not",Unknown,Unknown,Yes,Yes,Unknown - verify on arrival,Unknown,"Hours not posted on the official city pages reviewed July 25, 2026","None published on the city pages reviewed July 25, 2026",https://warman.ca/678/Off-Leash-Dog-Park,https://www.google.com/maps/search/?api=1&query=Warman+Off-Leash+Dog+Park+Central+Street+East+Warman+SK,"leash-free, Warman, Saskatchewan, municipal dog park","<p>Primary official park source: https://warman.ca/678/Off-Leash-Dog-Park. Supporting park-system context: https://warman.ca/466/Parks-Playgrounds. Licensing source: https://warman.ca/801/Pet-Licensing-Animal-Services. Warman's own pages conflict on acreage, so this record deliberately avoids a precise size claim until the city reconciles that detail.</p>","<p>Warman Off-Leash Dog Park is Warman's official fenced municipal off-leash space on Central Street at the city's east entrance, with published walking paths, waste stations, and a small pond area.</p>",,Sat Jul 25 2026 12:00:00 GMT+0000 (Coordinated Universal Time),"Warman Off-Leash Dog Park | Warman, Saskatchewan","Source-backed guide to Warman Off-Leash Dog Park, including the city's Central Street location context, fenced status, published amenities, licensing rules, and acreage discrepancy note."
Warner Loat Park,warner-loat-park-burnaby,683758b0a3f8a696dfc417b0,683758b09dd1e3ac2e4e9809,6871b84981428b13e9d80681,false,false,Sat Jul 12 2025 01:20:09 GMT+0000 (Coordinated Universal Time),Sat Jul 12 2025 01:20:32 GMT+0000 (Coordinated Universal Time),Sat Jul 12 2025 01:27:16 GMT+0000 (Coordinated Universal Time),Warner Loat Park Leash-Free Area,Leash Free,"<p>Warner Loat Park in Burnaby offers a large, fully fenced off-leash dog park with open grass, trees, and lake views.</p>",4252 Piper Ave,49.2797,-122.9924,Burnaby,British Columbia,V5A 3B7,Yes,Yes,grass,Large,Yes,Yes,Yes,Yes,Yes,Yes,No,6 am – 10 pm,None,https://www.burnaby.ca,"https://maps.google.com/?q=Warner+Loat+Park,+Burnaby,+BC","leash-free,fenced,lake,shaded",,<p>Warner Loat Park in Burnaby offers a spacious and fully fenced off-leash area for dogs with scenic views of Burnaby Lake.</p>,,,,
Wellington Off-Leash Area,wellington-off-leash-area,683758b0a3f8a696dfc417b0,683758b09dd1e3ac2e4e9809,6871bc5ecfa5d57edbe28ce6,false,false,Sat Jul 12 2025 01:37:34 GMT+0000 (Coordinated Universal Time),Sat Jul 12 2025 01:37:56 GMT+0000 (Coordinated Universal Time),Sat Jul 12 2025 03:27:49 GMT+0000 (Coordinated Universal Time),Wellington Off-Leash Area,Leash Free,<p>Wellington Off-Leash Area is a neighborhood dog park offering an open grassy space and relaxed community setting.</p>,13440 132 St NW,53.5965,-113.5612,Edmonton,Alberta,T5L 1W3,No,No,grass,Medium,No,Limited,Minimal,Yes,Yes,Street parking,No,5 am – 11 pm,None,https://www.edmonton.ca/activities_parks_recreation/parks_dog_off_leash,"https://maps.google.com/?q=Wellington+Off-Leash+Area,+Edmonton,+AB","leash-free,neighbourhood,grass",,<p>Wellington Off-Leash Area in Edmonton is a convenient and quiet space for local dog owners to let their pets roam freely.</p>,,,,
West Hillhurst Off-Leash Area,west-hillhurst-off-leash-area,683758b0a3f8a696dfc417b0,683758b09dd1e3ac2e4e9809,683b175ce9f8fcb34112448c,false,false,Sat May 31 2025 14:51:08 GMT+0000 (Coordinated Universal Time),Sat May 31 2025 14:51:08 GMT+0000 (Coordinated Universal Time),Sun Jun 01 2025 00:16:54 GMT+0000 (Coordinated Universal Time),West Hillhurst Off-Leash Area (NW Calgary),Leash Free,"<p>This fully fenced neighborhood park in West Hillhurst offers flat grassy areas with maintained pathways, providing a safe and urban setting for dogs to play.</p>",1025 19 St NW,,,Calgary,Alberta,T2N 3V6,Yes,No,Grass and Gravel Paths,2.5 acres,No,Yes,,Yes,,Street Parking,No,5:00 AM to 11:00 PM,,https://calgarydogparks.com/parks/west-hillhurst-off-leash-area?utm_source=chatgpt.com,"https://www.google.com/maps/place/1025+19+St+NW,+Calgary,+AB+T2N+3V6","off-leash, fully fenced, NW Calgary, urban park",<p>The park is popular among local residents; please be considerate of others.</p>,<p>West Hillhurst Off-Leash Area offers a secure and accessible environment for dogs to enjoy off-leash play in Calgary's northwest.</p>,,,,
West Zwick's Island Park,west-zwicks-island-park,683758b0a3f8a696dfc417b0,683758b09dd1e3ac2e4e9809,68657bf11f05aa1696edbe2d,false,false,Wed Jul 02 2025 18:35:29 GMT+0000 (Coordinated Universal Time),Wed Jul 02 2025 18:39:36 GMT+0000 (Coordinated Universal Time),Wed Jul 02 2025 18:53:15 GMT+0000 (Coordinated Universal Time),West Zwick's Island Park Leash Free Dog Park,Leash Free,<p>Large open parkland on the waterfront with shared walking trails and pet-friendly amenities.</p>,10 Bay Bridge Rd,44.15355171718745,-77.3889543158557,Belleville,Ontario,K8P3P6,No,No,"grass, paved trails",Large,No,Yes,Yes,Yes,Yes,Yes,Yes (Seasonal),6 am – 11 pm,None,,"https://www.google.com/maps/place/West+Zwick's+Island+Park/@44.1542375,-77.3924137,15.5z/data=!4m14!1m7!3m6!1s0x89d62ff65f7e78bb:0x3a9af01a63249db!2sQuinte+Dog+Park!8m2!3d44.154175!4d-77.387759!16s%2Fg%2F1tfjgjb8!3m5!1s0x89d6254d424a5503:0x2a6066f6f9236305!8m2!3d44.1531091!4d-77.3888888!16s%2Fg%2F1w0j0ldt!5m1!1e1?entry=ttu&g_ep=EgoyMDI1MDYzMC4wIKXMDSoASAFQAw%3D%3D","leash-free,waterfront,trails,open space",<p>Popular mixed-use park; dogs may need to be leashed in some areas.</p>,"<p>West Zwick's Island Park offers pet-friendly trails and open green space in Belleville, ideal for off-leash walks by the bay.</p>",,,,
WestVue Dog Park,westvue-dog-park,683758b0a3f8a696dfc417b0,683758b09dd1e3ac2e4e9809,6871c11f750d80a157d08afb,false,false,Sat Jul 12 2025 01:57:51 GMT+0000 (Coordinated Universal Time),Sat Jul 12 2025 02:02:11 GMT+0000 (Coordinated Universal Time),Sat Jul 12 2025 03:27:49 GMT+0000 (Coordinated Universal Time),WestVue Dog Park,Leash Free,"<p>WestVue Dog Park is a sprawling 40-acre fenced park in Medicine Hat with separate zones for large and small dogs, water, washrooms, and more.</p>",1235 10 Ave SW,50.0287,-110.7134,Medicine Hat,Alberta,T1A 8A7,Yes,Yes,grass,40 acres,Yes,Yes,Partial,Yes,Yes,Yes,Yes,7 am – 11 pm,None,https://www.medicinehat.ca/en/parks-recreation-and-culture/dog-parks.aspx,"https://maps.google.com/?q=WestVue+Dog+Park,+Medicine+Hat,+AB","leash-free,fenced,small-dog-area,large,water",,"<p>WestVue Dog Park in Medicine Hat is a massive 40-acre park with fenced zones for all dog sizes, water access, and amenities including washrooms.</p>",,,,
Westview Park,westview-park-chilliwack,683758b0a3f8a696dfc417b0,683758b09dd1e3ac2e4e9809,6871083c71d01574929d6159,false,false,Fri Jul 11 2025 12:49:00 GMT+0000 (Coordinated Universal Time),Fri Jul 17 2026 00:00:00 GMT+0000 (Coordinated Universal Time),Fri Jul 11 2025 17:00:43 GMT+0000 (Coordinated Universal Time),Westview Park Leash-Free Dog Park,Leash Free,<p>Westview Park in Chilliwack provides a small green space for dogs to enjoy some off-leash time.</p>,Westview Ave,49.178269536587614,-121.96485662487352,Chilliwack,British Columbia,V2P 1M1,No,No,grass,Small,No,No,Minimal,No,No,Street parking,No,6 am – 10 pm,Redirected to Chilliwack city guide pending official confirmation,https://www.chilliwack.com/main/page.cfm?dowhat=amenityView&id=1754&paID=53,"https://www.google.com/maps/place/Westview+Park/@49.1894899,-122.2250953,11z/data=!4m10!1m2!2m1!1sdog+parks+in+Chilliwack+ON!3m6!1s0x54843f6e901d9469:0x93397cb2f151cb46!8m2!3d49.1653195!4d-121.9683564!15sChpkb2cgcGFya3MgaW4gQ2hpbGxpd2FjayBPTlocIhpkb2cgcGFya3MgaW4gY2hpbGxpd2FjayBvbpIBBHBhcmuaASRDaGREU1VoTk1HOW5TMFZKUTBGblNVUlNkVGg2Y1hKUlJSQUKqAV0KCS9tLzBidDlschABKg0iCWRvZyBwYXJrcygAMh8QASIbbz9nDNfpb7ukb9UorWVQq0N4RUsMi162kpIdMh4QAiIaZG9nIHBhcmtzIGluIGNoaWxsaXdhY2sgb27gAQD6AQUI9AEQOQ!16s%2Fg%2F11fxw9g_ld!5m1!1e1?entry=ttu&g_ep=EgoyMDI1MDcwOC4wIKXMDSoASAFQAw%3D%3D","leash-free,neighbourhood",<p>Westview Park is not listed on the City of Chilliwack's current official dog off-leash area page. This route is redirected to the Chilliwack city guide until a municipal source confirms that Westview Park has a designated off-leash area.</p>,<p>This record is retained only as a legacy source row. The live route now redirects to the Chilliwack dog parks city page because the official off-leash list does not currently include Westview Park.</p>,,Fri Jul 17 2026 00:00:00 GMT+0000 (Coordinated Universal Time),Chilliwack Dog Parks | Off-Leash Guide | LeashFree.ca,"Westview Park is not currently confirmed as an official off-leash area by the City of Chilliwack, so this legacy route now redirects to the Chilliwack dog parks city guide."
Westview Park,westview-park-maple-ridge,683758b0a3f8a696dfc417b0,683758b09dd1e3ac2e4e9809,6871b9a0576deb1775bdfd6a,false,false,Sat Jul 12 2025 01:25:52 GMT+0000 (Coordinated Universal Time),Fri Jul 17 2026 00:00:00 GMT+0000 (Coordinated Universal Time),Sat Jul 12 2025 01:27:16 GMT+0000 (Coordinated Universal Time),Westview Park Leash-Free Dog Park,Leash Free,"<p>Westview Park is one of Maple Ridge's official off-leash dog park locations listed on the City's Dogs in Parks page. The same City page states that dogs must stay on leash in municipal parks except in posted off-leash areas, and that owners are responsible for picking up and disposing of dog waste.</p><p>The City's Westview Park project page identifies the park address as 20950 Wicklund Avenue and notes that the playground replacement work was completed in 2021. Maple Ridge's dog park planning notes also specifically mention mulch pathway improvements at Westview, which helps distinguish this page from other parks with the same name in other cities.</p>",20950 Wicklund Avenue,49.2317,-122.6611,Maple Ridge,British Columbia,V2X 1X7,Unknown,Unknown,Grass and gravel paths,Small,Unknown,Unknown,Unknown,Unknown,Unknown,Unknown,Unknown,Unknown - confirm current posted hours on site,Follow posted off-leash signs and leash rules in other park areas,https://www.mapleridge.ca/art-parks-rec/parks-trails/dogs-parks,"https://maps.google.com/?q=Westview+Park,+Maple+Ridge,+BC","leash-free, Maple Ridge, municipal off-leash park, neighbourhood park",<p>Maple Ridge's official dog park page lists Westview Park as an off-leash location and states that dogs must be on leash outside designated off-leash areas. The City's project page for Westview Park gives the park address and confirms completed playground work within the broader park.</p>,<p>Westview Park gives Maple Ridge dog owners a neighbourhood off-leash option that is distinct from the city's larger destination parks. This page is based on the City's current dog park listing plus a separate municipal project page that confirms the park address and broader park context.</p>,,Fri Jul 17 2026 00:00:00 GMT+0000 (Coordinated Universal Time),Westview Park Dog Park Maple Ridge | Off-Leash Guide,"Research-backed guide to Westview Park in Maple Ridge, including official off-leash status, municipal leash rules, address context, and practical visit notes."
Westview Park,westview-park,683758b0a3f8a696dfc417b0,683758b09dd1e3ac2e4e9809,6871c46f3c8cc2c16ecb4cdf,false,false,Sat Jul 12 2025 02:11:59 GMT+0000 (Coordinated Universal Time),Fri Jul 17 2026 00:00:00 GMT+0000 (Coordinated Universal Time),Sat Jul 12 2025 03:27:49 GMT+0000 (Coordinated Universal Time),Westview Park Leash-Free Dog Park,Leash Free,"<p>Westview Park is an official Winnipeg off-leash location at 1 Midland Street, near Midland Street and Saskatchewan Avenue. The City's off-leash locations page says the entire park is off-leash and also notes that the space is shared with other users such as walkers, runners, cyclists, skiers, and snowshoers.</p><p>The same City page says off-leash sites are open from 7 a.m. to 11 p.m. or as posted at the site. Because Westview is a large open hill rather than a fenced run, it is better suited to dogs that can handle a broad multi-use setting and owners who are comfortable managing recall around other park activity.</p>",1 Midland St,49.9053,-97.1826,Winnipeg,Manitoba,R3C 2E6,No,No,Grass and multi-use paths,Large,Unknown,Unknown,Minimal,Unknown,Unknown,Unknown,Unknown,7 am - 11 pm or as posted on site,"Shared multi-use hill used by walkers, runners, cyclists, skiers, and snowshoers",https://legacy.winnipeg.ca/PublicWorks/Parks/off-leash-dog-areas-locations.stm,"https://maps.google.com/?q=Westview+Park,+Winnipeg,+MB","leash-free, Winnipeg, hilltop park, multi-use","<p>The official Winnipeg off-leash page identifies Westview as an entire-park off-leash area rather than a fenced enclosure. It also warns that the space is multi-use, so visitors should expect other recreation users depending on season and time of day.</p>","<p>Westview Park is one of Winnipeg's more distinctive off-leash areas because the whole hill is used as open off-leash space instead of a compact fenced dog run. Local visitors often know it as a place for broad skyline views and flexible walking routes, but the official City guidance emphasizes its shared multi-use nature.</p>",,Fri Jul 17 2026 00:00:00 GMT+0000 (Coordinated Universal Time),Westview Park Dog Park Winnipeg | Off-Leash Guide,"Research-backed guide to Westview Park in Winnipeg, including official off-leash status, full-park access, multi-use considerations, and current City hours."
Weyburn Community Dog Park,weyburn-community-dog-park,683758b0a3f8a696dfc417b0,683758b09dd1e3ac2e4e9809,6871cc6bb458ffe5fd5bab9c,false,false,Sat Jul 12 2025 02:46:03 GMT+0000 (Coordinated Universal Time),Wed Jul 22 2026 12:00:00 GMT+0000 (Coordinated Universal Time),Wed Jul 22 2026 12:00:00 GMT+0000 (Coordinated Universal Time),Weyburn Community Dog Park,Leash Free,"<p>Weyburn Community Dog Park is the City of Weyburn's official off-leash dog park on Aylmer Street along the Tatagwa Trail, across from the Tatagwa View Care Facility. The city says the fenced park is 2.8 acres and includes separate areas for large and small dogs along with a fenced staging area where owners can remove leashes before entering the off-leash sections.</p><p>That makes this a notably stronger source-backed park record than many older listings in the current site. Instead of depending on third-party summaries, Weyburn publishes both the park overview and a separate dog-park rules PDF. The rules say dogs must wear current rabies and licence tags, handlers must carry a leash inside the park, and dogs outside the park boundaries must remain leashed.</p><p>The official rules also prohibit female dogs in heat, sick dogs, dogs under four months old, aggressive dogs, food and drinks, glass containers, and smoking. Owners must clean up dog feces, keep gates closed, and remove aggressive dogs immediately. Combined with the city page's layout details, that gives local visitors a practical, high-confidence guide before they arrive.</p>","Aylmer Street along the Tatagwa Trail, across from the Tatagwa View Care Facility",,,Weyburn,Saskatchewan,,Yes,Yes,Grass,2.8 acres,Unknown,Unknown,Unknown,Unknown,Yes - disposal bags provided,Unknown - verify on arrival,Unknown,Unknown - check posted signage,None published on the city page,https://weyburn.ca/weyburn-community-dog-park/,https://www.google.com/maps/search/?api=1&query=Weyburn+Community+Dog+Park+Aylmer+Street+Tatagwa+Trail+Weyburn+SK,"leash-free, Weyburn, Saskatchewan, municipal dog park",<p>Primary official park source: https://weyburn.ca/weyburn-community-dog-park/. Official rules source: https://weyburn.ca/wp-content/uploads/2016/07/DogParkRulessignage.pdf. Coordinates were left blank because the official city page gives a strong descriptive location but no published latitude/longitude pair.</p>,<p>Weyburn Community Dog Park is the City of Weyburn's official fenced off-leash park. It offers separate large- and small-dog areas plus a fenced staging area for safer entry and exit.</p>,,Wed Jul 22 2026 12:00:00 GMT+0000 (Coordinated Universal Time),"Weyburn Community Dog Park | Weyburn, Saskatchewan","Source-backed guide to Weyburn Community Dog Park in Weyburn, Saskatchewan, including official location details, 2.8-acre layout, separate dog areas, and published rules."
Whitby Off Leash Dog Park South,whitby-park-south,683758b0a3f8a696dfc417b0,683758b09dd1e3ac2e4e9809,687052fb7f3d990db1ccdb5f,false,false,Thu Jul 10 2025 23:55:39 GMT+0000 (Coordinated Universal Time),Thu Jul 10 2025 23:56:39 GMT+0000 (Coordinated Universal Time),Fri Jul 11 2025 12:18:36 GMT+0000 (Coordinated Universal Time),Whitby Off Leash Dog Park South Leash-Free Dog Park,Leash Free,<p>Fenced leash-free dog park in south Whitby offering open space for exercise and socialization.</p>,3750 Garden St,43.86973715934863,-78.95404434048477,Whitby,Ontario,L1R 3L1,Yes,No,grass,Medium,No,Yes,Minimal,Yes,Yes,Yes,No,Dawn to Dusk,None,https://www.whitby.ca/en/play/parks-trails-and-sports-fields.aspx,"https://www.google.com/maps/place/Whitby+Off+Leash+Dog+Park+South/@43.8999254,-79.149395,12z/data=!4m10!1m2!2m1!1sWhitby+Dog+Parks!3m6!1s0x89d4e1df48a6281f:0x5ebe0c06c4c300f9!8m2!3d43.8642106!4d-78.9560977!15sChBXaGl0YnkgRG9nIFBhcmtzWhIiEHdoaXRieSBkb2cgcGFya3OSAQhkb2dfcGFya5oBI0NoWkRTVWhOTUc5blMwVkpRMEZuU1VOaGJISjJSMlIzRUFFqgFTCgkvbS8wYnQ5bHIQASoNIglkb2cgcGFya3MoADIfEAEiGyi32xFiVlFsDVMUZDf_TwirolcgLKNdAjCwDjIUEAIiEHdoaXRieSBkb2cgcGFya3PgAQD6AQQIVRBD!16s%2Fg%2F11b6pb4gbv!5m1!1e1?entry=ttu&g_ep=EgoyMDI1MDcwNy4wIKXMDSoASAFQAw%3D%3D","leash-free,fenced,grass",,<p>Whitby Off Leash Dog Park South is a community favorite with grassy open space where dogs can safely run and play off-leash.</p>,,,,
White Spruce Park,white-spruce-park,683758b0a3f8a696dfc417b0,683758b09dd1e3ac2e4e9809,685a00582217bbe14f267def,false,false,Tue Jun 24 2025 01:33:12 GMT+0000 (Coordinated Universal Time),Tue Jun 24 2025 20:47:04 GMT+0000 (Coordinated Universal Time),Tue Jun 24 2025 21:21:34 GMT+0000 (Coordinated Universal Time),White Spruce Park Leash-Free Dog Park,Leash Free,<p>Large off-leash park with open trails and forested areas for dogs to roam.</p>,10302 Heart Lake Rd,43.72862317620332,-79.78009031568041,Brampton,Ontario,L6Z4X6,No,No,forest/grass/trail,Large,No,Yes,Yes,Yes,Yes,Yes,No,7 am – 10 pm,None,https://www.brampton.ca,"https://www.google.com/maps/place/White+Spruce+Park+Off-Leash+Dog+Area/@43.7280146,-79.7815816,17z/data=!4m15!1m8!3m7!1s0x882b1664013327f5:0x2ba62557e5b5f1cd!2s10302+Heart+Lake+Rd,+Brampton,+ON+L6Z+0H7!3b1!8m2!3d43.7280146!4d-79.7790067!16s%2Fg%2F11l9s8d78p!3m5!1s0x882b17d63d5aba53:0x6ee19bd96b6417dd!8m2!3d43.7284372!4d-79.7801409!16s%2Fg%2F11nw9vnx25!5m1!1e1?entry=ttu&g_ep=EgoyMDI1MDYxNy4wIKXMDSoASAFQAw%3D%3D","leash-free,trails,natural","<p>Unfenced, open trails in natural area.</p>","<p>White Spruce Park is one of Brampton’s largest off-leash areas, offering natural trails and open spaces for dogs to explore freely.</p>",,,,
Wildwood Crescent Playground,wildwood-crescent-playground,683758b0a3f8a696dfc417b0,683758b09dd1e3ac2e4e9809,6842dc73aefd068ad9d8b62b,false,false,Fri Jun 06 2025 12:17:55 GMT+0000 (Coordinated Universal Time),Fri Jun 06 2025 12:20:41 GMT+0000 (Coordinated Universal Time),Fri Jun 06 2025 13:46:10 GMT+0000 (Coordinated Universal Time),Wildwood Crescent Playground (Leash-Free Dog Area),Leash Free,"<p>Wildwood Crescent Playground includes a small, securely fenced leash-free dog area tucked into a quiet residential neighborhood in East Danforth. The surface is woodchips with partial shade and basic amenities like benches and waste bins. Though compact, it’s a convenient and safe place for local dog owners to let their pets enjoy some off-leash time.</p>",110 Wildwood Crescent,43.68108396091556,-79.31311870338467,Toronto,Ontario,M4L 2K9,No,No,Woodchips,Approx. 0.1 acres,No,Yes,Partial,Yes,Yes,Street parking only,No,7:00 AM – 9:00 PM,None,https://www.toronto.ca/explore-enjoy/parks-recreation/places-spaces/parks-and-recreation-facilities/location/?id=288,"https://www.google.com/maps/place/Wildwood+Crescent+Playground/@43.6811916,-79.3130677,19z/data=!4m6!3m5!1s0x89d4cc6d53d4867d:0xd6ada06fc290de56!8m2!3d43.6810418!4d-79.3131301!16s%2Fg%2F11_sx6lbq?entry=ttu&g_ep=EgoyMDI1MDYwMy4wIKXMDSoASAFQAw%3D%3D","fenced, woodchip surface, shaded, local park, benches",<p>Ideal for short visits or local residents; not suited for high-energy large dogs.</p>,"<p>Wildwood Crescent Playground in East Danforth provides a tidy, fenced leash-free zone with essential amenities—perfect for quick outings and casual off-leash play in a cozy neighborhood setting.</p>",https://cdn.prod.website-files.com/683758b09dd1e3ac2e4e980a/6842dd15f643bafba730128c_Wildwood%20Crescent%20Playground%20dogs%20off-leash%20area.jpg,,,
Willingdon Heights Park,willingdon-heights-park-burnaby,683758b0a3f8a696dfc417b0,683758b09dd1e3ac2e4e9809,6871b8493ffaca41fc80b69b,false,false,Sat Jul 12 2025 01:20:09 GMT+0000 (Coordinated Universal Time),Sat Jul 12 2025 01:20:32 GMT+0000 (Coordinated Universal Time),Sat Jul 12 2025 01:27:16 GMT+0000 (Coordinated Universal Time),Willingdon Heights Park | Burnaby Dog Off-Leash Area,Park,<p>Willingdon Heights Park is an official Burnaby dog off-leash site at 1491 Carleton Avenue with a fenced year-round enclosure and current agility-course improvements in progress.</p>,1491 Carleton Avenue,49.2807,-123.0045,Burnaby,British Columbia,V5C 4X9,Yes,No,Grass within fenced enclosure,Neighbourhood fenced off-leash area,Unknown - verify on arrival,Likely in surrounding park areas - verify exact dog-area seating on arrival,Some tree cover - verify on arrival,Expected at site - verify exact placement on arrival,Unknown - verify on arrival,Yes,Yes - community centre washrooms nearby,Dawn to dusk,Year-round access; check posted notices for agility work,https://www.burnaby.ca/explore-outdoors/dog-off-leash-areas,https://www.google.com/maps/search/?api=1&query=1491+Carleton+Avenue+Burnaby+BC,"off-leash,fenced,year-round,burnaby","<p>Primary sources: https://www.burnaby.ca/explore-outdoors/dog-off-leash-areas and https://www.burnaby.ca/recreation-and-arts/recreation-facilities/willingdon-community-centre. Supporting source: https://www.burnaby.ca/recreation-and-arts/events/day-play. Reviewed on July 30, 2026.</p>","<p>Willingdon Heights Park is one of Burnaby&apos;s official dog off-leash areas, with a <strong>fenced enclosure</strong> at <strong>1491 Carleton Avenue</strong> and <strong>year-round access</strong> in a busy neighbourhood park setting.</p>",,2026-07-30,Willingdon Heights Park | Burnaby Dog Off-Leash Area | LeashFree.ca,"Source-backed guide to Willingdon Heights Park in Burnaby, including the official 1491 Carleton Avenue address, fenced year-round off-leash enclosure, and current agility-course construction note."
Wills Brook Dog Park,wills-brook-dog-park,683758b0a3f8a696dfc417b0,683758b09dd1e3ac2e4e9809,6871a659bdd7b3510d58dda3,false,false,Sat Jul 12 2025 00:03:37 GMT+0000 (Coordinated Universal Time),Sat Jul 12 2025 00:16:04 GMT+0000 (Coordinated Universal Time),Sat Jul 12 2025 01:27:16 GMT+0000 (Coordinated Universal Time),Wills Brook Dog Park Leash-Free Area,Leash Free,"<p>Wills Brook Dog Park in South Surrey offers a fenced off-leash area with wood chips, agility equipment, and shaded spots.</p>","2975 160 St, Surrey, BC",49.05879344162896,-122.77913324001163,Surrey,British Columbia,V3Z 0C8,Yes,Yes,wood chips,Medium,Yes,Yes,Partial,Yes,Yes,Yes,No,6 am – 10 pm,None,https://www.surrey.ca/parks-recreation/parks/wills-brook-park,"https://www.google.com/maps/place/Wills+Brook+Park/@49.0557562,-122.8493427,13z/data=!4m10!1m2!2m1!1sdog+park+in+White+Rock,+BC!3m6!1s0x5485c4c179e4abd3:0xdf81939b6f03ebdd!8m2!3d49.0557562!4d-122.7793049!15sChpkb2cgcGFyayBpbiBXaGl0ZSBSb2NrLCBCQ1obIhlkb2cgcGFyayBpbiB3aGl0ZSByb2NrIGJjkgEEcGFya5oBI0NoWkRTVWhOTUc5blMwVkpRMEZuU1VNeE1tUXRkV1YzRUFFqgFbCgkvbS8wYnQ5bHIQASoMIghkb2cgcGFyaygAMh8QASIbpLB1VatFR7g_ucqlsjVwQ1wc774u2jDvvpxkMh0QAiIZZG9nIHBhcmsgaW4gd2hpdGUgcm9jayBiY-ABAPoBBAgAEDY!16s%2Fg%2F11f4_nzbh7!5m1!1e1?entry=ttu&g_ep=EgoyMDI1MDcwOC4wIKXMDSoASAFQAw%3D%3D","leash-free,fenced,agility",<p>Located just outside White Rock in Surrey.</p>,"<p>Wills Brook Dog Park is a well-maintained off-leash area in South Surrey, just minutes from White Rock, featuring agility space and shaded rest areas.</p>",,,,
Wills Brook Park,wills-brook-park,683758b0a3f8a696dfc417b0,683758b09dd1e3ac2e4e9809,6871a6599af7af424eabdf63,false,false,Sat Jul 12 2025 00:03:37 GMT+0000 (Coordinated Universal Time),Sat Jul 12 2025 00:14:25 GMT+0000 (Coordinated Universal Time),Sat Jul 12 2025 01:27:16 GMT+0000 (Coordinated Universal Time),Wills Brook Park Leash-Free Area,Leash Free,<p>Wills Brook Park offers multi-use trails and a small off-leash section for dogs within a tranquil natural setting.</p>,"2955 160 St, Surrey, BC",49.05781433889554,-122.77995407260437,Surrey,British Columbia,V3Z 0C8,Partial,No,"gravel, wood chips",Medium,No,Yes,Yes,Yes,No,Yes,No,6 am – 10 pm,None,https://www.surrey.ca/parks-recreation/parks/wills-brook-park,"https://www.google.com/maps/place/Wills+Brook+Park/@49.0212419,-122.8760844,13z/data=!4m10!1m2!2m1!1sdog+park+in+White+Rock,+BC!3m6!1s0x5485c4c179e4abd3:0xdf81939b6f03ebdd!8m2!3d49.0557562!4d-122.7793049!15sChpkb2cgcGFyayBpbiBXaGl0ZSBSb2NrLCBCQ1obIhlkb2cgcGFyayBpbiB3aGl0ZSByb2NrIGJjkgEEcGFya5oBI0NoWkRTVWhOTUc5blMwVkpRMEZuU1VNeE1tUXRkV1YzRUFFqgFbCgkvbS8wYnQ5bHIQASoMIghkb2cgcGFyaygAMh8QASIbpLB1VatFR7g_ucqlsjVwQ1wc774u2jDvvpxkMh0QAiIZZG9nIHBhcmsgaW4gd2hpdGUgcm9jayBiY-ABAPoBBAgAEDY!16s%2Fg%2F11f4_nzbh7!5m1!1e1?entry=ttu&g_ep=EgoyMDI1MDcwOC4wIKXMDSoASAFQAw%3D%3D","leash-free,trails,natural",,<p>Wills Brook Park features scenic walking paths and an off-leash dog area ideal for pet owners in the White Rock area.</p>,,,,
Withrow Park,withrow-park,683758b0a3f8a696dfc417b0,683758b09dd1e3ac2e4e9809,6842e3d8199b697a7d8fdbc3,false,false,Fri Jun 06 2025 12:49:28 GMT+0000 (Coordinated Universal Time),Fri Jun 06 2025 12:52:32 GMT+0000 (Coordinated Universal Time),Fri Jun 06 2025 13:46:10 GMT+0000 (Coordinated Universal Time),Withrow Park: Unleashed Dog Area,Leash Free,"<p id="""">Withrow Park features a well-used, fully fenced leash-free area situated in the heart of Riverdale. Known for its social vibe, the park provides a spacious woodchip surface, plenty of benches, and shaded areas. It’s a favorite among local dog owners and their pups.</p>",725 Logan Ave,43.674074433418134,-79.34686672975435,Toronto,Ontario,M4K 3B9,Yes,No,Woodchips,Approx. 0.5 acres,No,Yes,Yes,Yes,Yes,Street parking,Yes,7:00 AM – 9:00 PM,None,https://www.toronto.ca/explore-enjoy/parks-recreation/places-spaces/parks-and-recreation-facilities/location/?id=306,"https://www.google.com/maps/place/Withrow+Park:+Unleashed+Dog+Area/@43.6743422,-79.349506,17z/data=!4m14!1m7!3m6!1s0x89d4cb62abc024af:0xb698aae67076ed2f!2sWithrow+Park!8m2!3d43.6743383!4d-79.3469311!16s%2Fm%2F03c4ch4!3m5!1s0x89d4cbba1c81c49b:0xf49ae9b245e2714c!8m2!3d43.6739278!4d-79.3467985!16s%2Fg%2F11t77r41bz?entry=ttu&g_ep=EgoyMDI1MDYwMy4wIKXMDSoASAFQAw%3D%3D","fenced, social, woodchip surface, benches, urban park","<p>Very popular, especially in the evenings; active dog community.</p>","<p id="""">Withrow Park is a favorite downtown Toronto dog park, offering a large fenced area with woodchip ground, shade, and a friendly community vibe perfect for daily visits.</p>",,,,
Woburn Park - North York,woburn-park-north-york,683758b0a3f8a696dfc417b0,683758b09dd1e3ac2e4e9809,6843493f745e7ce8e6b481de,false,false,Fri Jun 06 2025 20:02:07 GMT+0000 (Coordinated Universal Time),Fri Jun 13 2025 23:13:53 GMT+0000 (Coordinated Universal Time),Sat Jun 14 2025 00:09:21 GMT+0000 (Coordinated Universal Time),Woburn Park - North York (Leash-Free Dog Area),Leash Free,"<p>Woburn Park in North York includes a designated leash-free dog area that’s fenced and offers ample space for dogs to roam. The park features benches, grass surface, and trees that provide partial shade for owners and pets.</p>",75 Woburn Ave,43.723884918789494,-79.42957634185487,Toronto,Ontario,M5M 1K4,Yes,No,Grass,Approx. 0.6 acres,No,Yes,Partial,Yes,No,Street parking,No,7:00 AM – 9:00 PM,None,,"https://www.google.com/maps/place/Woburn+Dog+Park/@43.7236648,-79.4290498,18.73z/data=!4m14!1m7!3m6!1s0x882b325431000001:0xd00d4ab1e09fd164!2sWoburn+Park!8m2!3d43.7239018!4d-79.428719!16s%2Fg%2F11cm01h7n6!3m5!1s0x882b3345f394fb05:0x3b0f115822da6c3e!8m2!3d43.7238336!4d-79.4295641!16s%2Fg%2F11flfg9zw8!5m1!1e1?entry=ttu&g_ep=EgoyMDI1MDYxMS4wIKXMDSoASAFQAw%3D%3D","leash-free, fenced, grass, benches",<p>Popular with North York residents for its compact dog area.</p>,"<p>Woburn Park in North York features a secure leash-free area for dogs to run freely, with grass, benches, and partial shade for a pleasant visit.</p>",,,,
Woodsworth Park,woodsworth-park,683758b0a3f8a696dfc417b0,683758b09dd1e3ac2e4e9809,6871c46fc59498b19f39f279,false,false,Sat Jul 12 2025 02:11:59 GMT+0000 (Coordinated Universal Time),Sat Jul 12 2025 02:12:28 GMT+0000 (Coordinated Universal Time),Sat Jul 12 2025 03:27:49 GMT+0000 (Coordinated Universal Time),Woodsworth Park | Winnipeg Off-Leash Area,Leash Free,"<p>Woodsworth Park is an official Winnipeg off-leash area at 1850 Hekla Avenue, located north of the parking lot in a broad open municipal park setting.</p>",1850 Hekla Avenue,49.8884,-97.2083,Winnipeg,Manitoba,R2Y 2S5,No,No,Open grass and natural park terrain,Large open off-leash area,No city-confirmed water source,Unknown - verify on arrival,Limited,Unknown - verify on arrival,Unknown - verify on arrival,Yes,No city-confirmed washrooms noted,7 a.m. to 11 p.m.,Check posted city notices and nearby athletic-field treatment signage,https://legacy.winnipeg.ca/publicworks/parksopenspace/OffLeashAreas/default.stm,https://www.google.com/maps/search/?api=1&query=1850+Hekla+Avenue+Winnipeg+MB,"off-leash,winnipeg,open-area,hekla-avenue","<p>Primary sources: https://legacy.winnipeg.ca/publicworks/parksopenspace/OffLeashAreas/default.stm and https://legacy.winnipeg.ca/cms/animal/other/park.stm. Supporting source: https://legacy.winnipeg.ca/publicworks/insectcontrol/pesticides/2026GroundSquirrels.stm. Reviewed on July 31, 2026.</p>","<p>Woodsworth Park is one of Winnipeg&apos;s official off-leash areas, located at <strong>1850 Hekla Avenue</strong> with the dog area set <strong>north of the parking lot</strong> in a broad open park setting.</p>",,2026-07-31,Woodsworth Park | Winnipeg Off-Leash Area | LeashFree.ca,"Source-backed guide to Woodsworth Park in Winnipeg, including the official 1850 Hekla Avenue off-leash location, access north of the parking lot, city hours, and a current 2026 athletic-field treatment notice nearby."
Woolner Park,woolner-park,683758b0a3f8a696dfc417b0,683758b09dd1e3ac2e4e9809,684cb802e8110c4cb0a13ede,false,false,Fri Jun 13 2025 23:45:06 GMT+0000 (Coordinated Universal Time),Sat Jun 14 2025 00:00:07 GMT+0000 (Coordinated Universal Time),Sat Jun 14 2025 00:09:21 GMT+0000 (Coordinated Universal Time),"Woolner Park Dog Park in Toronto, Ontario",Dogs Allowed,"<p>Woolner Park is a community green space in York that allows dogs on-leash. The park offers open grass, walking paths, and shade, ideal for leisurely strolls with your dog.</p>",20 Woolner Ave,43.671580633450915,-79.4918272993062,Toronto,Ontario,M6N 1Y2,No,No,Grass and paved paths,Approx. 1.5 acres,No,Yes,Yes,Yes,No,Street parking,No,7:00 AM – 9:00 PM,None,https://www.toronto.ca/explore-enjoy/parks-recreation/places-spaces/parks-and-recreation-facilities/location/?id=1448,"https://www.google.com/maps/place/Woolner+Dog+Park/@43.6712153,-79.4931158,18.82z/data=!4m14!1m7!3m6!1s0x882b36bf1820a3cf:0xfe2289fac6bf3446!2s20+Woolner+Ave,+York,+ON+M6N+1Y3!3b1!8m2!3d43.6723951!4d-79.4900189!3m5!1s0x882b36bf73ffffff:0x6032bbdddf4332aa!8m2!3d43.6715331!4d-79.4918312!16s%2Fg%2F11cnmvcbck!5m1!1e1?entry=ttu&g_ep=EgoyMDI1MDYxMS4wIKXMDSoASAFQAw%3D%3D","on-leash, community park, shaded, benches","<p>Quiet, neighborhood-focused green space.</p>",<p>Woolner Park is a peaceful community park offering grassy space and shaded paths for on-leash dog walks in York.</p>,,,,
Wychwood Barns Park,wychwood-barns-park,683758b0a3f8a696dfc417b0,683758b09dd1e3ac2e4e9809,68434ad2d8b44e0547dfad4e,false,false,Fri Jun 06 2025 20:08:50 GMT+0000 (Coordinated Universal Time),Fri Jun 13 2025 23:09:07 GMT+0000 (Coordinated Universal Time),Sat Jun 14 2025 00:09:21 GMT+0000 (Coordinated Universal Time),Wychwood Barns Park (Dogs Allowed Area),Dogs Allowed,"<p>Wychwood Barns Park is a vibrant community park in Toronto’s Hillcrest Village. While there is no designated off-leash area, the park is pet-friendly with shaded seating, open grass, and walking trails.</p>",601 Christie St,43.679369852366754,-79.42429139516008,Toronto,Ontario,M6G 4C7,No,No,Grass and paved walkways,Approx. 1.5 acres,Yes,Yes,Yes,Yes,No,Street parking,Yes,7:00 AM – 9:00 PM,None,,"https://www.google.com/maps/place/Wychwood+Barns+Dog+Park/@43.6798321,-79.423749,19.17z/data=!4m14!1m7!3m6!1s0x882b348043256721:0xf4425c6fa1790f0!2sWychwood+Barns+Park!8m2!3d43.6799278!4d-79.4231972!16s%2Fm%2F080dsrl!3m5!1s0x882b35a112d32799:0x390db7c5c9e88e78!8m2!3d43.6793584!4d-79.4243744!16s%2Fg%2F11jv24z9nz!5m1!1e1?entry=ttu&g_ep=EgoyMDI1MDYxMS4wIKXMDSoASAFQAw%3D%3D","community park, on-leash, shade, urban",<p>Busy during events and farmer’s markets.</p>,"<p>Wychwood Barns Park is a lively green space with shaded paths and open lawns, perfect for leashed dog walks in Hillcrest Village.</p>",,,,
Yellow Point Park,yellow-point-park-ladysmith,683758b0a3f8a696dfc417b0,683758b09dd1e3ac2e4e9809,6871a1949719386a6e4e7d00,false,false,Fri Jul 11 2025 23:43:16 GMT+0000 (Coordinated Universal Time),Fri Jul 11 2025 23:45:48 GMT+0000 (Coordinated Universal Time),Sat Jul 12 2025 01:27:16 GMT+0000 (Coordinated Universal Time),Yellow Point Park | North Oyster Park Rules,Community park,"<p>Yellow Point Park is an RDN community park in North Oyster with trails, meadow space, and picnic use, but it is not an official off-leash dog park.</p>","Yellow Point Road area, North Oyster",49.08946588891419,-123.80914457972497,Ladysmith,British Columbia,V9G 1H3,No,No,"Natural trails, meadow, and parkland",Small community park,No city-confirmed dog water source,Picnic area seating,Yes,Unknown - verify on arrival,No confirmed dog dispensers,Yes - park access parking available,No confirmed washrooms,Verify posted park hours on arrival,Check posted RDN park signage,https://www.rdn.bc.ca/yellow-point-park,https://www.google.com/maps/search/?api=1&query=Yellow+Point+Park+North+Oyster+BC,"park-rules,north-oyster,yellow-point,community-park","<p>Primary source: https://www.rdn.bc.ca/yellow-point-park. Supporting source: https://yellowpointecologicalsociety.wordpress.com/yellow-point-park/. Reviewed on July 31, 2026.</p>","<p>Yellow Point Park is a community park in <strong>North Oyster</strong> managed by the <strong>Regional District of Nanaimo</strong>, with trails, open meadow space, and picnic-oriented day-use character rather than an official off-leash dog-park setup.</p>",,2026-07-31,Yellow Point Park | North Oyster Park Rules | LeashFree.ca,"Source-backed guide to Yellow Point Park in North Oyster, including the current RDN park classification, trail-and-picnic setting, and the fact that it is not an official off-leash dog park."
Yellowquill Provincial Park Off-Leash Dog Area,yellowquill-provincial-park-off-leash-dog-area,683758b0a3f8a696dfc417b0,683758b09dd1e3ac2e4e9809,6871c56c8d2edf24f492477c,false,false,Sat Jul 12 2025 02:16:12 GMT+0000 (Coordinated Universal Time),Sat Jul 12 2025 02:18:15 GMT+0000 (Coordinated Universal Time),Sat Jul 12 2025 03:27:49 GMT+0000 (Coordinated Universal Time),Yellowquill Provincial Park Off-Leash Dog Area Leash-Free Dog Park,Leash Free,<p>Yellowquill Provincial Park in Portage la Prairie features a 2.5-acre fenced dog park where pets can roam freely and safely.</p>,Portage Ave W & 11th St NW,49.9798,-98.2952,Portage la Prairie,Manitoba,R1N 2A3,Yes,No,grass,2.5 acres,No,Limited,Minimal,Yes,Yes,Yes,Unknown,7 am – 11 pm,None,https://www.bringfido.com/attraction/44163,"https://maps.google.com/?q=Yellowquill+Park,+Portage+la+Prairie,+MB","leash-free,fenced,provincial",,"<p>Yellowquill Provincial Park in Portage la Prairie, MB, offers a spacious fenced dog area where pets can enjoy safe off-leash freedom.</p>",,,,
Yonge and York Mills Parkette,yonge-and-york-mills-parkette,683758b0a3f8a696dfc417b0,683758b09dd1e3ac2e4e9809,6843463fc7ca44e9261ab93b,false,false,Fri Jun 06 2025 19:49:19 GMT+0000 (Coordinated Universal Time),Fri Jun 06 2025 19:55:52 GMT+0000 (Coordinated Universal Time),Sat Jun 14 2025 00:09:21 GMT+0000 (Coordinated Universal Time),Yonge and York Mills Parkette (Leash-Free Dog Area),Leash Free,"<p>This compact leash-free zone near the busy Yonge and York Mills intersection provides a surprising bit of dog-friendly green space in a high-traffic urban setting. Fully fenced and lightly shaded, it’s popular among condo dwellers with dogs.</p>",4050 Yonge Street,43.74523207929296,-79.40727524432202,Toronto,Ontario,M2P 2G2,Yes,No,Grass and dirt,Approx. 0.3 acres,No,Yes,Partial,Yes,Yes,Limited street parking,No,7:00 AM – 9:00 PM,None,https://www.toronto.ca/explore-enjoy/parks-recreation/places-spaces/parks-and-recreation-facilities/location/?id=918,"https://www.google.com/maps/place/Yonge+%26+York+Mills+Dog+Park/@43.7441121,-79.4126504,17z/data=!4m15!1m8!3m7!1s0x882b329980075821:0x1502445a73f56be4!2s4200+Yonge+St,+Old+Toronto,+ON+M2P+1N9!3b1!8m2!3d43.748833!4d-79.4084876!16s%2Fg%2F11cnchr5pj!3m5!1s0x882b32973f710825:0x2cda84ec5e76db4d!8m2!3d43.7450981!4d-79.4072944!16s%2Fg%2F11c458_6l7?entry=ttu&g_ep=EgoyMDI1MDYwMy4wIKXMDSoASAFQAw%3D%3D","leash-free, fenced, urban, benches",<p>Ideal for residents living near the York Mills subway station.</p>,"<p>Tucked into a busy Toronto corridor, the Yonge and York Mills Parkette offers a convenient fenced dog park for residents looking for quick off-leash relief.</p>",,,,
Zorra Park,zorra-park,683758b0a3f8a696dfc417b0,683758b09dd1e3ac2e4e9809,684cb802edc9c554336a47e9,false,false,Fri Jun 13 2025 23:45:06 GMT+0000 (Coordinated Universal Time),Fri Jun 13 2025 23:54:12 GMT+0000 (Coordinated Universal Time),Sat Jun 14 2025 00:09:21 GMT+0000 (Coordinated Universal Time),"Zorra Park Leash-Free Dog Park in Etobicoke, Toronto, Ontario",Leash Free,"<p>Zorra Park includes a modest fenced off-leash dog area with gravel surface. Convenient for nearby condo residents, the park features benches, lighting, and waste bins.</p>",15 Zorra St,43.62029299740405,-79.52199561813396,Toronto,Ontario,M8Z 4Z6,Yes,No,Gravel,Approx. 0.3 acres,No,Yes,Minimal,Yes,Yes,Street parking,No,7:00 AM – 9:00 PM,None,https://www.toronto.ca/explore-enjoy/parks-recreation/places-spaces/parks-and-recreation-facilities/location/?id=3826,"https://www.google.com/maps/place/Zorra+Park/@43.6201931,-79.5221419,20.64z/data=!4m6!3m5!1s0x882b3700794152c7:0xc37f2d5d9a56caeb!8m2!3d43.6202745!4d-79.5219937!16s%2Fg%2F11vslp8mr1!5m1!1e1?entry=ttu&g_ep=EgoyMDI1MDYxMS4wIKXMDSoASAFQAw%3D%3D","leash-free, gravel, benches, urban",<p>Small but well-kept urban off-leash area.</p>,"<p>Zorra Park features a compact, fully fenced leash-free zone with benches and gravel surface for quick dog outings in Etobicoke.</p>",,,,
King City Off-Leash Dog Park,king-city-off-leash-dog-park,683758b0a3f8a696dfc417b0,683758b09dd1e3ac2e4e9809,687b0f57c1a24d31b5f9e901,false,false,Sat Jul 18 2026 00:00:00 GMT+0000 (Coordinated Universal Time),Sat Jul 18 2026 00:00:00 GMT+0000 (Coordinated Universal Time),Sat Jul 18 2026 00:00:00 GMT+0000 (Coordinated Universal Time),King City Off-Leash Dog Park,Leash Free,"<p>King City Off-Leash Dog Park is the Township of King’s designated off-leash space for King City. Official township pages describe it as a fenced dog area southwest of King Road and Keele Street, accessed from the north end of Hogan Court and positioned beside a walking trail and stormwater pond.</p><p>Township pet and enforcement pages also make the leash rules explicit: dogs must stay leashed outside designated off-leash areas. That makes this enclosure the key legal off-leash destination for King City dog owners rather than the surrounding trail network.</p>",At the end of Hogan Court,43.923548,-79.530542,King City,Ontario,L7B 0M1,Yes,Unknown,Grass,Unknown,Unknown,Unknown,Unknown,Unknown,Unknown,Unknown - confirm nearby posted parking,Unknown,Unknown - check posted park signage,Dogs must remain leashed outside the designated off-leash area,https://www.king.ca/recreation-living/parks-trails-and-forestry/parks/king-city-leash-dog-park,https://www.google.com/maps/search/?api=1&query=44+Hogan+Court+King+City+ON+L7B+0M1,"leash-free, King City, fenced off-leash area, township park","<p>The Township of King describes this park as one of its two secured, fenced-in off-leash dog areas. The coordinates used here are an access-point approximation based on York Region's address directory entry for 44 Hogan Court, which is the nearby civic address at the north end of the official access path.</p>","<p>King City Off-Leash Dog Park is the official off-leash destination identified by the Township of King for dog owners in King City. The township places it near King Road and Keele Street, with pedestrian access from Hogan Court rather than as an open off-leash trail system.</p>",,Sat Jul 18 2026 00:00:00 GMT+0000 (Coordinated Universal Time),"King City Off-Leash Dog Park | King City, Ontario","Source-backed guide to King City Off-Leash Dog Park in King City, Ontario, including official access details, fenced off-leash status, grass surface, and leash rules outside the enclosure."
Wiggly Field Off-Leash Dog Park,wiggly-field-off-leash-dog-park,683758b0a3f8a696dfc417b0,683758b09dd1e3ac2e4e9809,yorkton-wiggly-field-20260718,false,false,Sat Jul 18 2026 00:00:00 GMT+0000 (Coordinated Universal Time),Sat Jul 18 2026 00:00:00 GMT+0000 (Coordinated Universal Time),Sat Jul 18 2026 00:00:00 GMT+0000 (Coordinated Universal Time),Wiggly Field Off-Leash Dog Park,Leash Free,"<p>Wiggly Field is the City of Yorkton's identified off-leash dog park. The city's animal-services page says Yorkton has one off-leash dog park, Wiggly Field, which makes this park the primary legal off-leash destination to confirm for local residents and travellers with dogs.</p><p>Yorkton's enforcement page supplies the rule framework around that listing: dogs must be leashed and under your control when off your property, and owners must remove dog poop immediately from public or private property that is not their own. In practice, that means Wiggly Field is not just another generic patch of grass. It is the specific municipal exception that lets dogs exercise off leash while the rest of the city's public realm remains under standard leash rules.</p><p>The city's heritage timeline adds historical context by noting that Wiggly Field opened in 2015 on the former site of JayCee Beach. A separate Yorkton recreation page places the Jaycee Beach Ball Complex just off York Road West, which suggests the dog park sits within or beside a broader ballfield and open-space setting. Because the city does not clearly publish a full civic dog-park address on the source pages used here, visitors should verify the exact entrance with posted signage or live map directions before arrival.</p>",,,,Yorkton,Saskatchewan,,"Unknown - visitor reviews suggest fenced, confirm on arrival",Unknown,Grass,Unknown,Unknown,Unknown,Unknown,Unknown,Unknown,Unknown - likely nearby in the broader recreation area,Unknown,Unknown - check posted signage,Dogs must remain leashed outside the designated off-leash park,https://www.yorkton.ca/living-in-yorkton/animal-services/,https://www.google.com/maps/search/?api=1&query=Wiggly+Field+Off-Leash+Dog+Park+Yorkton+SK,"leash-free, Yorkton, municipal dog park, Saskatchewan","<p>Source-backed facts used here come from City of Yorkton pages. The city names Wiggly Field as its one off-leash dog park, states that dogs must be leashed outside designated off-leash areas, and notes that the park opened on the former JayCee Beach site in 2015. The nearby York Road West recreation context is inferred from the city's Jaycee Beach Ball Complex listing, not from a separately published dog-park address page.</p>","<p>Wiggly Field Off-Leash Dog Park is Yorkton's official municipal off-leash destination according to the City of Yorkton. If you want a source-backed place to let your dog run legally off leash in the city, this is the park to verify first.</p>",,Sat Jul 18 2026 00:00:00 GMT+0000 (Coordinated Universal Time),"Wiggly Field Off-Leash Dog Park | Yorkton, Saskatchewan","Source-backed guide to Wiggly Field Off-Leash Dog Park in Yorkton, Saskatchewan, covering official off-leash status, leash rules outside the park, and location context from City of Yorkton sources."
Humboldt Off-Leash Dog Park,humboldt-off-leash-dog-park,683758b0a3f8a696dfc417b0,683758b09dd1e3ac2e4e9809,humboldt-dog-park-20260718,false,false,Sat Jul 18 2026 00:00:00 GMT+0000 (Coordinated Universal Time),Sat Jul 18 2026 00:00:00 GMT+0000 (Coordinated Universal Time),Sat Jul 18 2026 00:00:00 GMT+0000 (Coordinated Universal Time),Humboldt Off-Leash Dog Park,Leash Free,"<p>Humboldt Off-Leash Dog Park serves as the city's local off-leash option in a municipality where official public information is much stronger on licensing and bylaw structure than on dog-park marketing. That makes this page intentionally practical: it focuses on what the City of Humboldt clearly supports rather than pretending the park is more documented than it is.</p><p>The City of Humboldt's permits and licensing page states that dogs over three months old require an annual licence, and the city's bylaw and protective-services pages identify animal control as an active enforcement area. Local city-context references place the off-leash park behind the Humboldt Community Gathering Place, which city event pages identify at 701 6th Avenue. Because the city does not appear to publish a dedicated official dog-park amenity page with exact coordinates, visitors should confirm the entrance and any current rules from posted signage on arrival.</p><p>That may sound cautious, but it is the right standard for content quality. A high-trust park page is better served by accurate municipal context, licensing requirements, and conservative location wording than by fabricated claims about fences, water taps, or separate play zones that are not clearly documented in the official sources reviewed.</p>","Behind Humboldt Community Gathering Place, 701 6th Ave",,,Humboldt,Saskatchewan,S0K 2A0,Unknown - verify on arrival,Unknown,Unknown,Unknown,Unknown,Unknown,Unknown,Unknown,Unknown,Likely nearby at the Community Gathering Place,Unknown,Unknown - check posted signage,Check local signage and conditions before use,https://humboldt.ca/permits-licensing/,https://www.google.com/maps/search/?api=1&query=701+6th+Ave+Humboldt+SK+S0K+2A0,"leash-free, Humboldt, Saskatchewan, municipal dog park","<p>The City of Humboldt pages used for this record do not clearly publish a full dog-park detail page. The location wording here is conservative: local city-context references place the park behind the Humboldt Community Gathering Place, and official city event listings place that building at 701 6th Avenue. Visitors should confirm the exact entrance and current posted rules on site.</p>","<p>Humboldt Off-Leash Dog Park is the city's practical off-leash option for local dog owners. Use it with conservative expectations: confirm signage, bring your own supplies, and make sure your dog's city licensing is current.</p>",,Sat Jul 18 2026 00:00:00 GMT+0000 (Coordinated Universal Time),"Humboldt Off-Leash Dog Park | Humboldt, Saskatchewan","Source-backed guide to Humboldt Off-Leash Dog Park in Humboldt, Saskatchewan, with city licensing context, municipal bylaw references, and conservative location guidance."
Battleford Off-Leash Dog Park,battleford-off-leash-dog-park,683758b0a3f8a696dfc417b0,683758b09dd1e3ac2e4e9809,battleford-dog-park-20260718,false,false,Sat Jul 18 2026 00:00:00 GMT+0000 (Coordinated Universal Time),Sat Jul 18 2026 00:00:00 GMT+0000 (Coordinated Universal Time),Sat Jul 18 2026 00:00:00 GMT+0000 (Coordinated Universal Time),Battleford Off-Leash Dog Park,Leash Free,"<p>Battleford Off-Leash Dog Park is the Town of Battleford's official dog park at the south end of town on 13th Street Industrial. Unlike many lightly documented listings, the town publishes a dedicated page for this park and confirms that it is open year-round.</p><p>The official town page says the park includes two separate spaces: a smaller 0.75 acre area and a larger 2.5 acre area. That gives local dog owners some flexibility depending on comfort level and dog energy, while still keeping the site under one municipal rule set.</p><p>Battleford also publishes detailed dog-park rules. Attendants must carry a leash not more than 1.5 metres long, dangerous or in-season dogs are not permitted, nuisance dogs must be removed immediately, and no toys or food are allowed in the park. The town's broader pet-ownership guidance adds that pets must be licensed, must be on a leash outside the owner's property, and that waste must be removed immediately from other property. Together, those rules make this page a clear, source-backed entry point for safe and lawful off-leash use in Battleford.</p>",13th Street Industrial,,,Battleford,Saskatchewan,S0M 0E0,Yes,Two areas listed; exact small-dog designation not explicitly stated,Grass,0.75 acre smaller area and 2.5 acre larger area,Unknown,Unknown,Unknown,Unknown,Unknown,Likely nearby at the south-end industrial access area,Unknown,Open all year round,None published; check conditions during winter and thaw periods,https://battleford.ca/off-leash-dog-park,https://www.google.com/maps/search/?api=1&query=13th+Street+Industrial+Battleford+SK,"leash-free, Battleford, Saskatchewan, municipal dog park",<p>Battleford publishes one of the stronger official municipal dog-park source pages in this backlog. Exact coordinates were still left blank because the town page gives a clear area description but no latitude/longitude pair.</p>,<p>Battleford Off-Leash Dog Park is the Town of Battleford's official year-round dog park. It offers two play areas and a published rule set that is clear enough for visitors to plan around before they arrive.</p>,,Sat Jul 18 2026 00:00:00 GMT+0000 (Coordinated Universal Time),"Battleford Off-Leash Dog Park | Battleford, Saskatchewan","Source-backed guide to Battleford Off-Leash Dog Park in Battleford, Saskatchewan, including official location context, park size, posted rules, and local pet-licensing requirements."
Martensville Dog Park,martensville-dog-park,683758b0a3f8a696dfc417b0,683758b09dd1e3ac2e4e9809,martensville-dog-park-20260718,false,false,Sat Jul 18 2026 00:00:00 GMT+0000 (Coordinated Universal Time),Sat Jul 18 2026 00:00:00 GMT+0000 (Coordinated Universal Time),Sat Jul 18 2026 00:00:00 GMT+0000 (Coordinated Universal Time),Martensville Dog Park,Leash Free,"<p>Martensville Dog Park is the City's official off-leash park within its parks and recreation system. The strongest official fact supporting this record is the city's pet-licensing guidance, which states that pets must be licensed before visiting the Martensville Dog Park.</p><p>That same municipal guidance says once-weaned dogs and cats must have a valid license and wear a visible license tag. In practical terms, Martensville treats the dog park as a real regulated civic amenity rather than just an informal open space. The city's recreation section also lists an Off-Leash Dog Park directly in its park system.</p><p>For location context, the city says its yard waste site is along 10th Avenue South, south of the off-leash dog park. That places the dog park in the 10th Avenue South area without overstating an exact address or amenities list that the reviewed municipal pages do not clearly publish. Visitors should use that area context, then confirm the specific entrance, posted park rules, and current site conditions on arrival.</p>",10th Avenue South area,,,Martensville,Saskatchewan,,Unknown - verify on arrival,Unknown,Unknown,Unknown,Unknown,Unknown,Unknown,Unknown,Unknown,Unknown - likely nearby in the 10th Avenue South area,Unknown,Unknown - check posted signage,Check posted signage and local conditions before use,https://www.martensville.ca/services-for-residents/pet-licensing-animal-services/,https://www.google.com/maps/search/?api=1&query=10th+Avenue+South+Martensville+SK+dog+park,"leash-free, Martensville, Saskatchewan, municipal dog park",<p>The park's official status is supported by City of Martensville recreation and pet-licensing pages. The location wording is intentionally conservative because the reviewed city sources place the dog park in the 10th Avenue South area but do not clearly publish a full civic address or coordinate pair.</p>,"<p>Martensville Dog Park is the city's official off-leash destination for local dog owners. Before visiting, make sure your pet is licensed, carries visible ID, and that you are ready to follow any posted park-specific rules on site.</p>",,Sat Jul 18 2026 00:00:00 GMT+0000 (Coordinated Universal Time),"Martensville Dog Park | Martensville, Saskatchewan","Source-backed guide to Martensville Dog Park in Martensville, Saskatchewan, with licensing requirements, municipal location context, and conservative planning notes."
Lloydminster Off-Leash Dog Park,lloydminster-off-leash-dog-park,683758b0a3f8a696dfc417b0,683758b09dd1e3ac2e4e9809,lloydminster-off-leash-dog-park-20260718,false,false,Sat Jul 18 2026 00:00:00 GMT+0000 (Coordinated Universal Time),Sat Jul 18 2026 00:00:00 GMT+0000 (Coordinated Universal Time),Sat Jul 18 2026 00:00:00 GMT+0000 (Coordinated Universal Time),Lloydminster Off-Leash Dog Park,Leash Free,"<p>Lloydminster Off-Leash Dog Park is the city's main fenced dog-park site. The City of Lloydminster says this green space is fully fenced, includes doggie bags, picnic tables, and waste bins, and is located at 41 Street and 47 Avenue. The same city page says the park is nearly three acres and available for daily use by dog owners.</p><p>The posted municipal rules sign adds more practical detail for on-site use. It tells handlers to carry a leash at all times, leash dogs while entering and exiting, keep dogs within sight, clean up waste, fill holes, and remove a dog immediately if it becomes aggressive. The sign also restricts dog and human food or treats, glass containers, and unsupervised child use.</p><p>One point needs to be handled carefully: the older rules sign still references licensing, but the city's current animal-services page says pet owners no longer need to purchase a licence after the January 11, 2021 domestic animal bylaw update. The current bylaw still requires dogs and cats over six months to wear identification tags with owner contact information when they are off the owner's property. For a high-trust listing, the safest approach is to use the city's current animal-services page and bylaw for identification requirements while still relying on the posted sign for behaviour and handler rules inside the fenced park.</p>",41 Street and 47 Avenue,,,Lloydminster,Saskatchewan,,Yes,Unknown,Grass,Nearly three acres,Unknown - bring your own water,Picnic tables,Unknown,Yes,Yes,Unknown - verify on arrival,Unknown,Available for use daily,Check posted signage and local conditions before use,https://www.lloydminster.ca/home-property-utilities/animal-services/,https://www.google.com/maps/search/?api=1&query=41+Street+and+47+Avenue+Lloydminster+AB+SK,"leash-free, fenced, Lloydminster, Saskatchewan, Alberta border, municipal dog park","<p>Official city sources support the fenced status, near-three-acre size, and listed amenities. Behaviour rules are additionally supported by the city's posted off-leash rules PDF.</p>","<p>Lloydminster Off-Leash Dog Park is the city's fenced municipal dog-park option. Bring water, carry a leash for gates and transitions, and follow the posted behaviour rules once inside.</p>",,Sat Jul 18 2026 00:00:00 GMT+0000 (Coordinated Universal Time),Lloydminster Off-Leash Dog Park | Lloydminster,"Source-backed guide to Lloydminster Off-Leash Dog Park at 41 Street and 47 Avenue, including fencing, amenities, and posted city rules."
R.H. Brekko Lake Off-Leash Area,r-h-brekko-lake-off-leash-area,683758b0a3f8a696dfc417b0,683758b09dd1e3ac2e4e9809,r-h-brekko-lake-off-leash-area-20260718,false,false,Sat Jul 18 2026 00:00:00 GMT+0000 (Coordinated Universal Time),Sat Jul 18 2026 00:00:00 GMT+0000 (Coordinated Universal Time),Sat Jul 18 2026 00:00:00 GMT+0000 (Coordinated Universal Time),R.H. Brekko Lake Off-Leash Area,Leash Free,"<p>R.H. Brekko Lake is Lloydminster's second official off-leash option. The City of Lloydminster lists it on the animal-services page at 51 Avenue and 62 Street and describes it as an unfenced off-leash park available to the public.</p><p>The city's wording matters here because it also says well-trained dogs are able to play there without endangering themselves or disturbing the surrounding area. That is effectively a signal that this site is better suited to dogs with reliable recall and steady public-space manners than to dogs that still need a hard boundary to stay engaged with their handler.</p><p>Unlike the fenced municipal dog park at 41 Street and 47 Avenue, the reviewed city source set does not publish a detailed amenity list for R.H. Brekko Lake. A stronger listing should therefore stay conservative: identify it as an official unfenced off-leash area, give the city-published intersection, and remind visitors that current animal-control expectations still apply in public. Under the current domestic animal bylaw, dogs and cats over six months need identification tags with owner contact information when off property, owners must keep animals under control, and waste must be removed immediately.</p>",51 Avenue and 62 Street,,,Lloydminster,Saskatchewan,,No,No,Unknown,Unknown,Unknown - bring your own water,Unknown,Unknown,Unknown,Unknown,Unknown - verify on arrival,Unknown,Unknown - check posted signage,Use only with strong recall and current site awareness,https://www.lloydminster.ca/home-property-utilities/animal-services/,https://www.google.com/maps/search/?api=1&query=51+Avenue+and+62+Street+Lloydminster+AB+SK,"leash-free, unfenced, Lloydminster, Saskatchewan, Alberta border, lake area",<p>The city describes R.H. Brekko Lake as unfenced and suitable for well-trained dogs. Amenity details were intentionally left conservative because the reviewed city sources do not clearly publish a fuller feature list.</p>,<p>R.H. Brekko Lake gives Lloydminster dog owners an official unfenced off-leash option. It is better suited to dogs with reliable recall and calm public-space behaviour.</p>,,Sat Jul 18 2026 00:00:00 GMT+0000 (Coordinated Universal Time),R.H. Brekko Lake Off-Leash Area | Lloydminster,"Source-backed guide to R.H. Brekko Lake Off-Leash Area in Lloydminster, including the city-published location and unfenced-use context."
Meadow Lake Off-Leash Dog Park,meadow-lake-off-leash-dog-park,683758b0a3f8a696dfc417b0,683758b09dd1e3ac2e4e9809,meadow-lake-off-leash-dog-park-20260718,false,false,Sat Jul 18 2026 00:00:00 GMT+0000 (Coordinated Universal Time),Sat Jul 18 2026 00:00:00 GMT+0000 (Coordinated Universal Time),Sat Jul 18 2026 00:00:00 GMT+0000 (Coordinated Universal Time),Meadow Lake Off-Leash Dog Park,Leash Free,"<p>Meadow Lake Off-Leash Dog Park is a conservative listing built from the strongest reviewed source trail rather than from unsupported amenity claims. The City of Meadow Lake clearly publishes dog-licensing requirements, animal-control context, and the location of its municipal compost site on 9th Avenue East. A separate historical community source from the Meadow Lake & District Humane Society says the City donated land on the far east side near the compost site for the off-leash dog park project, and later referred to that effort as having resulted in an off-leash dog park for the City of Meadow Lake.</p><p>That means the off-leash park can be treated as a real local destination, but not one with a clearly published current city amenity sheet in the source set reviewed here. For that reason, this record avoids claiming exact fencing, water, benches, hours, or washroom details without direct current publication. Instead, it gives the strongest available area context and directs visitors to verify site signage and current conditions on arrival.</p><p>The city also gives practical animal-control context that matters before any off-leash visit. Dogs whose primary residence is within Meadow Lake city limits must be licensed annually, and the city warns that poorly controlled dogs can increase conflict with urban wildlife such as coyotes. In practice, that makes recall, leash transitions, and responsible waste handling part of trip planning even when the off-leash area itself is lightly documented online.</p>",Far east side near the municipal compost site on 9th Avenue East,,,Meadow Lake,Saskatchewan,,Unknown - verify on arrival,Unknown,Unknown,Unknown,Unknown,Unknown,Unknown,Unknown,Unknown,Unknown - verify on arrival,Unknown,Unknown - check posted signage,Check posted signage and site conditions before use,https://mldhs.wordpress.com/2013/12/,https://www.google.com/maps/search/?api=1&query=9th+Avenue+East+Meadow+Lake+SK+compost+site,"leash-free, Meadow Lake, Saskatchewan, community dog park","<p>This listing is intentionally conservative. Current official city sources clearly support dog licensing, animal-control context, and the municipal compost-site location on 9th Avenue East. Historical Meadow Lake & District Humane Society updates support the off-leash park project and east-side area context.</p>","<p>Meadow Lake Off-Leash Dog Park appears to serve as the city's community off-leash space, but current online source material is stronger on licensing and area context than on detailed amenity claims. Arrive prepared and verify current signage on site.</p>",,Sat Jul 18 2026 00:00:00 GMT+0000 (Coordinated Universal Time),"Meadow Lake Off-Leash Dog Park | Meadow Lake, Saskatchewan","Conservative, source-backed guide to Meadow Lake Off-Leash Dog Park with dog-licensing requirements and east-side location context near the municipal compost site."
Parc Allen Dog Exercise Area,parc-allen-dog-exercise-area,683758b0a3f8a696dfc417b0,683758b09dd1e3ac2e4e9809,parc-allen-dog-exercise-area-20260719,false,false,Sun Jul 19 2026 00:00:00 GMT+0000 (Coordinated Universal Time),Sun Jul 19 2026 00:00:00 GMT+0000 (Coordinated Universal Time),Sun Jul 19 2026 00:00:00 GMT+0000 (Coordinated Universal Time),Parc Allen Dog Exercise Area,Leash Free,"<p>Parc Allen is one of Gatineau's current official aires d'exercices canins. The City's dog-parks page lists it under the Aylmer sector, which makes it a confirmed municipal dog-exercise destination rather than a user-submitted guess.</p><p>The reviewed municipal source set is stronger on status and rules than on amenities. Gatineau's current dog guidance says dogs using exercise areas must have a valid licence, wear their city tag, and be vaccinated. Owners must also respect the code of conduct and other users, while city-wide animal rules require immediate waste pickup and controlled handling in public.</p><p>Because the current city dog-parks page does not clearly publish a fuller feature sheet for Parc Allen, this listing stays conservative about fencing, seating, water, and parking. The value of the page is that it tells visitors Parc Allen is a current official exercise area and places it within Gatineau's published dog-rule framework.</p>",Parc Allen,,,Gatineau,Quebec,,Unknown - verify on arrival,Unknown,Unknown,Unknown,Unknown,Unknown,Unknown,Unknown,Unknown,Unknown - verify on arrival,Unknown,Unknown - check posted signage,Check posted signage and local conditions before use,https://www.gatineau.ca/portail/default.aspx?p=guichet_municipal%2Fanimaux%2Fchiens%2Fchiens_dans_parcs,https://www.google.com/maps/search/?api=1&query=Parc+Allen+Gatineau+QC,"leash-free, Gatineau, Quebec, dog exercise area, Aylmer",<p>Parc Allen is explicitly listed by the Ville de Gatineau as a current aire d'exercices canins. Amenity details were intentionally left conservative because the reviewed city page confirms status more clearly than park features.</p>,<p>Parc Allen is an official Gatineau dog exercise area in the Aylmer sector. Bring your own essentials and verify on-site rules and layout when you arrive.</p>,,Sun Jul 19 2026 00:00:00 GMT+0000 (Coordinated Universal Time),Parc Allen Dog Exercise Area | Gatineau,"Source-backed guide to Parc Allen Dog Exercise Area in Gatineau, Quebec, including current city status and dog-rule requirements."
Parc de la Technologie Off-Leash Area,parc-de-la-technologie-off-leash-area,683758b0a3f8a696dfc417b0,683758b09dd1e3ac2e4e9809,parc-de-la-technologie-off-leash-area-20260719,false,false,Sun Jul 19 2026 00:00:00 GMT+0000 (Coordinated Universal Time),Sun Jul 19 2026 00:00:00 GMT+0000 (Coordinated Universal Time),Sun Jul 19 2026 00:00:00 GMT+0000 (Coordinated Universal Time),Parc de la Technologie Off-Leash Area,Leash Free,"<p>Parc de la Technologie is one of Gatineau's current official locations where dogs are allowed off leash. The City lists it directly under the Hull sector on the current chiens dans les parcs page, which gives this record stronger support than a generic ""dog park in Gatineau"" summary.</p><p>As with several Gatineau dog listings, the current city source is clearer about permission and rules than about park furniture. Dogs using city dog spaces must have a valid licence, wear their city tag, and be vaccinated. Owners must control their dogs, respect other users, and immediately pick up waste.</p><p>That means the strongest use of this page is practical planning: confirm that Parc de la Technologie is a current off-leash location, understand the city-wide handling rules that still apply outside the designated space, and avoid assuming site-specific features that the municipal page does not clearly publish.</p>",Parc de la Technologie,,,Gatineau,Quebec,,Unknown - verify on arrival,Unknown,Unknown,Unknown,Unknown,Unknown,Unknown,Unknown,Unknown,Unknown - verify on arrival,Unknown,Unknown - check posted signage,Check posted signage and local conditions before use,https://www.gatineau.ca/portail/default.aspx?p=guichet_municipal%2Fanimaux%2Fchiens%2Fchiens_dans_parcs,https://www.google.com/maps/search/?api=1&query=Parc+de+la+Technologie+Gatineau+QC,"leash-free, Gatineau, Quebec, off-leash area, Hull",<p>The Ville de Gatineau explicitly lists Parc de la Technologie as a current place where dogs are allowed off leash. This record remains conservative about detailed amenities because the reviewed city page does not clearly publish them.</p>,<p>Parc de la Technologie is one of Gatineau's official off-leash dog locations. Use the city's posted rules and verify current park signage on arrival.</p>,,Sun Jul 19 2026 00:00:00 GMT+0000 (Coordinated Universal Time),Parc de la Technologie Off-Leash Area | Gatineau,"Source-backed guide to Parc de la Technologie Off-Leash Area in Gatineau, Quebec, including current city status and dog-rule requirements."
Lac-Beauchamp North Off-Leash Area,lac-beauchamp-north-off-leash-area,683758b0a3f8a696dfc417b0,683758b09dd1e3ac2e4e9809,lac-beauchamp-north-off-leash-area-20260719,false,false,Sun Jul 19 2026 00:00:00 GMT+0000 (Coordinated Universal Time),Sun Jul 19 2026 00:00:00 GMT+0000 (Coordinated Universal Time),Sun Jul 19 2026 00:00:00 GMT+0000 (Coordinated Universal Time),Lac-Beauchamp North Off-Leash Area,Leash Free,"<p>The north off-leash area at Parc du Lac-Beauchamp is the most location-specific dog listing currently published by the Ville de Gatineau. The City's current dog-parks page says dogs are allowed off leash only in the fenced north portion of Lac-Beauchamp, reached by the path opposite 757 boulevard Saint-René Est, north of the railway line crossing the park.</p><p>That precision matters because the broader Lac-Beauchamp recreation park is much larger than the off-leash zone itself. The main park page confirms the park address as 741 boulevard Maloney Est and describes it as a major outdoor site with free access and parking, but dog owners should not interpret that as blanket off-leash permission across the full property. The official dog page is explicit that off-leash use is limited to the fenced north section accessed from the Saint-René Est side.</p><p>Gatineau's current dog rules still apply. Dogs using the off-leash area must have a valid licence, wear their city tag, and be vaccinated. Outside the designated dog space, handlers should return to the City's standard leash and control rules.</p>",Opposite 757 boulevard Saint-René Est,,,Gatineau,Quebec,,Yes,Unknown,Unknown,Unknown,Unknown,Unknown,Unknown,Unknown,Unknown,Yes - broader park access and parking are free,Unknown,Unknown - check posted signage,Use only in the fenced north portion identified by the City,https://www.gatineau.ca/portail/default.aspx?p=guichet_municipal%2Fanimaux%2Fchiens%2Fchiens_dans_parcs,https://www.google.com/maps/search/?api=1&query=757+boulevard+Saint-Rene+Est+Gatineau+QC,"leash-free, Gatineau, Quebec, Lac-Beauchamp, fenced off-leash area",<p>The official dog page says off-leash access is limited to the fenced north portion of Lac-Beauchamp entered from the Saint-René Est side. The broader Lac-Beauchamp park page was used only for general park context and main address.</p>,<p>Lac-Beauchamp North Off-Leash Area is Gatineau's most clearly defined official off-leash location. Use the Saint-René Est access described by the City and do not assume the entire park is off leash.</p>,,Sun Jul 19 2026 00:00:00 GMT+0000 (Coordinated Universal Time),Lac-Beauchamp North Off-Leash Area | Gatineau,"Source-backed guide to the fenced north off-leash area at Lac-Beauchamp in Gatineau, including the official access point opposite 757 boulevard Saint-René Est."
Parc canin des Rossignols,parc-canin-des-rossignols,683758b0a3f8a696dfc417b0,683758b09dd1e3ac2e4e9809,parc-canin-des-rossignols-20260720,false,false,Mon Jul 20 2026 00:00:00 GMT+0000 (Coordinated Universal Time),Mon Jul 20 2026 00:00:00 GMT+0000 (Coordinated Universal Time),Mon Jul 20 2026 00:00:00 GMT+0000 (Coordinated Universal Time),Parc canin des Rossignols,Leash Free,"<p>Parc canin des Rossignols is one of Laval's current official dog parks in the Sainte-Rose sector. The city's current interactive page publishes the exact address at 5596, boulevard des Rossignols and lists the dog space as open year-round from 7 h to 22 h.</p><p>This park page is also one of the stronger Laval records because the city publishes a small amenities section for it. Laval lists both a picnic area and a water fountain at this location, which gives dog owners more reason to choose it over a generic unnamed park entry.</p><p>The city's standard access and use rules still apply. Dogs must wear a valid city tag, stay on leash until they are inside the dog space, and be supervised throughout the visit. Handlers must keep gates closed, clean up waste immediately, and avoid bringing a sick, aggressive, or in-heat dog into the enclosure.</p>","5596, boulevard des Rossignols",,,Laval,Quebec,,"Unknown - access rules reference gates, verify layout on arrival",Unknown,Unknown,Unknown,Yes - water fountain listed by the City,Unknown,Unknown,Yes - waste disposal at the entrance is referenced in the rules,Unknown,Unknown - verify on arrival,Unknown,"Open year-round, 7 h to 22 h",Open year-round; check posted conditions on arrival,https://www.laval.ca/carte-interactive/parc-canin-des-rossignols/,https://www.google.com/maps/search/?api=1&query=5596+boulevard+des+Rossignols+Laval+QC,"leash-free, Laval, Quebec, Sainte-Rose, official dog park","<p>Laval's official park page for Parc canin des Rossignols publishes stronger detail than many city dog-park records, including the exact address, year-round 7 h to 22 h schedule, and listed commodities of a picnic area and water fountain.</p>","<p>Parc canin des Rossignols is one of Laval's current official dog parks, with a published Sainte-Rose address and standard city dog-park hours of 7 h to 22 h year-round.</p>",,Mon Jul 20 2026 00:00:00 GMT+0000 (Coordinated Universal Time),Parc canin des Rossignols | Laval,"Source-backed guide to Parc canin des Rossignols in Laval, Quebec, including the official address, published hours, and city dog-park rules."
Parc canin Lava,parc-canin-lava,683758b0a3f8a696dfc417b0,683758b09dd1e3ac2e4e9809,parc-canin-lava-20260720,false,false,Mon Jul 20 2026 00:00:00 GMT+0000 (Coordinated Universal Time),Mon Jul 20 2026 00:00:00 GMT+0000 (Coordinated Universal Time),Mon Jul 20 2026 00:00:00 GMT+0000 (Coordinated Universal Time),Parc canin Lava,Leash Free,"<p>Parc canin Lava is one of Laval's current official dog parks in the Duvernay sector. Laval's current park page gives the exact address as 7890 Avenue Marcel-Villeneuve and lists the dog park as open year-round from 7 h to 22 h.</p><p>The strongest value of this record is clarity rather than exaggerated amenity claims. The city's page confirms the location, standard hours, and the full set of current access and use rules, which is more useful than generic promises about play features that are not clearly published.</p><p>Those rules matter for real visits. Dogs must wear a valid city tag, children under 12 must be accompanied by an adult, and dogs have to remain on leash until they are inside the dog space. Laval also requires handlers to remain with the dog, close gates, pick up waste immediately, and avoid feeding dogs inside the enclosure.</p>",7890 Avenue Marcel-Villeneuve,,,Laval,Quebec,,"Unknown - access rules reference gates, verify layout on arrival",Unknown,Unknown,Unknown,Unknown,Unknown,Unknown,Yes - waste disposal at the entrance is referenced in the rules,Unknown,Unknown - verify on arrival,Unknown,"Open year-round, 7 h to 22 h",Open year-round; check posted conditions on arrival,https://www.laval.ca/carte-interactive/parc-canin-lava/,https://www.google.com/maps/search/?api=1&query=7890+Avenue+Marcel-Villeneuve+Laval+QC,"leash-free, Laval, Quebec, Duvernay, official dog park","<p>The official city page for Parc canin Lava confirms the exact Duvernay address, year-round 7 h to 22 h hours, and the standard Laval dog-park rules used across the network.</p>",<p>Parc canin Lava is an official Laval dog park in Duvernay with a published address and year-round city park hours of 7 h to 22 h.</p>,,Mon Jul 20 2026 00:00:00 GMT+0000 (Coordinated Universal Time),Parc canin Lava | Laval,"Source-backed guide to Parc canin Lava in Laval, Quebec, including the official address, year-round hours, and current city dog-park rules."
"Parc Laval-Ouest, site Saint-Antoine Dog Exercise Area",parc-laval-ouest-site-saint-antoine-dog-exercise-area,683758b0a3f8a696dfc417b0,683758b09dd1e3ac2e4e9809,parc-laval-ouest-site-saint-antoine-dog-exercise-area-20260720,false,false,Mon Jul 20 2026 00:00:00 GMT+0000 (Coordinated Universal Time),Mon Jul 20 2026 00:00:00 GMT+0000 (Coordinated Universal Time),Mon Jul 20 2026 00:00:00 GMT+0000 (Coordinated Universal Time),"Parc Laval-Ouest, site Saint-Antoine Dog Exercise Area",Leash Free,"<p>The dog space at Parc Laval-Ouest, site Saint-Antoine is one of Laval's current official aires d'exercice pour chiens. The city's interactive page gives the address as 3150, chemin Saint-Antoine in Laval-Ouest and lists the dog area as open year-round from 7 h to 22 h.</p><p>This location is useful because Laval identifies it as a dog exercise area within a larger multi-use park site rather than as a stand-alone dog park. That makes it a good example of how Laval's network includes both dedicated parcs canins and dog exercise spaces integrated into broader recreation properties.</p><p>The same standard city rules apply here. Dogs must wear a valid Laval tag, stay on leash until they are inside the exercise area, and be supervised throughout the visit. Handlers must keep gates closed, clean up waste immediately, and avoid bringing dogs that are sick, aggressive, or in heat.</p>","3150, chemin Saint-Antoine",,,Laval,Quebec,H7R 1H8,"Unknown - access rules reference gates, verify layout on arrival",Unknown,Unknown,Unknown,Unknown,Unknown,Unknown,Yes - waste disposal at the entrance is referenced in the rules,Unknown,Unknown - verify on arrival,Unknown,"Open year-round, 7 h to 22 h",Open year-round; check posted conditions on arrival,https://www.laval.ca/carte-interactive/parc-laval-ouest-site-saint-antoine/,https://www.google.com/maps/search/?api=1&query=3150+chemin+Saint-Antoine+Laval+QC,"leash-free, Laval, Quebec, Laval-Ouest, dog exercise area","<p>The official city page identifies this site as an aire d'exercice pour chiens within the broader Parc Laval-Ouest, site Saint-Antoine property. The dog-space hours are published separately from other park facilities.</p>","<p>The dog exercise area at Parc Laval-Ouest, site Saint-Antoine is one of Laval's current official dog spaces, with a published Laval-Ouest address and standard 7 h to 22 h year-round hours.</p>",,Mon Jul 20 2026 00:00:00 GMT+0000 (Coordinated Universal Time),"Parc Laval-Ouest, site Saint-Antoine Dog Exercise Area | Laval","Source-backed guide to the dog exercise area at Parc Laval-Ouest, site Saint-Antoine in Laval, Quebec, including the official address, hours, and city rules."
Estevan Off-Leash Dog Park,estevan-off-leash-dog-park,683758b0a3f8a696dfc417b0,683758b09dd1e3ac2e4e9809,estevan-off-leash-dog-park-20260721,false,false,Tue Jul 21 2026 00:00:00 GMT+0000 (Coordinated Universal Time),Tue Jul 21 2026 00:00:00 GMT+0000 (Coordinated Universal Time),Tue Jul 21 2026 00:00:00 GMT+0000 (Coordinated Universal Time),Estevan Off-Leash Dog Park,Leash Free,"<p>Estevan Off-Leash Dog Park is a conservative park record built from the strongest official municipal clues currently available, not from unsupported feature claims. The City of Estevan's Selfie Spot page explicitly tells visitors to walk down from the 4th Avenue Walking Path into the valley to the off-leash dog park, which confirms the park's existence within the city's valley recreation network.</p><p>The reviewed source set is stronger on context than on a formal park fact sheet. The Pleasantdale Valley Walking Path page gives exact valley access points at Wellock Road and Souris Avenue North on the north side and off King Street between Cundall Drive and Hillcrest Drive on the south side, while the city tourism page separately points to the 4th Avenue South walking-path route as the way down to the off-leash dog park. Because the city does not clearly publish one dedicated dog-park address page in the source set reviewed here, the safest approach is to describe the park as a valley off-leash destination and tell visitors to verify the final entrance on arrival.</p><p>Estevan's licensing page supplies the rule framework around that visit. The City says pet owners are responsible under the Animal Control Bylaw and that unlicensed animals can result in a fine. For a high-trust listing, it is better to rely on those published municipal duties and conservative location wording than to invent precise fencing, water, or bench details that the city does not clearly publish on the reviewed pages.</p>",Valley walking-path area below 4th Avenue South,,,Estevan,Saskatchewan,,Unknown - verify on arrival,Unknown,Unknown,Unknown,Unknown,Unknown,Unknown,Unknown,Unknown,Unknown - verify from nearby valley access,Unknown,Unknown - check posted signage,Check path and valley conditions before use,https://estevan.ca/selfie-spot/,https://www.google.com/maps/search/?api=1&query=4th+Avenue+South+Walking+Path+Estevan+SK,"leash-free, Estevan, Saskatchewan, valley dog park","<p>The strongest official park-specific support is the City of Estevan Selfie Spot page, which directs visitors down from the 4th Avenue Walking Path to the off-leash dog park. Nearby valley access context comes from the City's Pleasantdale Valley Walking Path page. Exact amenities and final entrance details were intentionally left conservative.</p>","<p>Estevan Off-Leash Dog Park is the city's valley off-leash destination referenced by current municipal recreation content. Use the walking-path network to orient yourself, then confirm the final entrance on arrival.</p>",,Tue Jul 21 2026 00:00:00 GMT+0000 (Coordinated Universal Time),"Estevan Off-Leash Dog Park | Estevan, Saskatchewan","Source-backed guide to Estevan Off-Leash Dog Park, including official valley location context and current municipal licensing requirements."
Amherst Off-Leash Dog Park,amherst-off-leash-dog-park,683758b0a3f8a696dfc417b0,683758b09dd1e3ac2e4e9809,amherst-dog-park-20260722,false,false,Wed Jul 22 2026 00:00:00 GMT+0000 (Coordinated Universal Time),Wed Jul 22 2026 12:00:00 GMT+0000 (Coordinated Universal Time),Wed Jul 22 2026 12:00:00 GMT+0000 (Coordinated Universal Time),Amherst Off-Leash Dog Park,Leash Free,"<p>Amherst Off-Leash Dog Park is the Town of Amherst's published off-leash dog park at Dickey Park, 132 East Pleasant Street. The town's Parks & Playgrounds page describes it as a one-acre fenced-in green space for dogs to run and play all year round.</p><p>That same official source is useful because it also places the dog park inside a broader Dickey Park recreation setting rather than leaving owners to guess where it sits. The town says Dickey Park includes a lighted walking track, a large greenspace, a play structure, a splash pad, and change rooms and washrooms.</p><p>Amherst's published park guidance is concise, but it does include one explicit cleanliness instruction: visitors are asked to pick up after their pet and not litter. For the rest, this page stays conservative and points owners back to posted signage at Dickey Park for any day-specific restrictions or operating details not listed online.</p>",132 East Pleasant Street,,,Amherst,Nova Scotia,,Yes,Unknown,Grass,One acre,Unknown,Unknown,Unknown,Unknown,Unknown,Unknown,Yes,Open all year round,None published on the town page,https://www.amherst.ca/parks-playgrounds.html,https://www.google.com/maps/search/?api=1&query=132+East+Pleasant+Street+Amherst+NS,"leash-free, Amherst, Nova Scotia, Dickey Park, municipal dog park","<p>The official Town of Amherst parks page gives strong location support and core use details for this park. It does not publish a fuller amenity breakdown for the dog park itself, so unknown fields were left conservative rather than guessed.</p>",<p>Amherst Off-Leash Dog Park is the Town of Amherst's official fenced dog park at Dickey Park. It gives local owners a clear year-round off-leash option tied to a named municipal recreation site.</p>,,Wed Jul 22 2026 12:00:00 GMT+0000 (Coordinated Universal Time),"Amherst Off-Leash Dog Park | Amherst, Nova Scotia","Source-backed guide to Amherst Off-Leash Dog Park in Amherst, Nova Scotia, including its official Dickey Park location, fenced one-acre layout, and year-round access."
Stouffville Leash Free Dog Park,stouffville-leash-free-dog-park,683758b0a3f8a696dfc417b0,683758b09dd1e3ac2e4e9809,stouffville-dog-park-20260725,false,false,Sat Jul 25 2026 12:00:00 GMT+0000 (Coordinated Universal Time),Sat Jul 25 2026 12:00:00 GMT+0000 (Coordinated Universal Time),Sat Jul 25 2026 12:00:00 GMT+0000 (Coordinated Universal Time),Stouffville Leash Free Dog Park,Leash Free,"<p>Stouffville Leash Free Dog Park is the Town of Whitchurch-Stouffville's designated municipal dog park. The town's official dog-park page places it at 350 Rougeview Avenue and describes it as a permanent fenced-in facility that provides a safe, off-leash environment for dogs, large and small, to interact, socialize, and play.</p><p>That official description is enough to correct the older local content, which incorrectly tied Stouffville's dog-park coverage to Memorial Park and left the actual municipal site underrepresented. The strongest town-published facts are the Rougeview Avenue location, the fenced off-leash status, and the explicit large-and-small-dog wording. The reviewed town pages do not clearly publish a fuller amenity sheet, so this record stays conservative instead of guessing at washrooms, water, or posted hours.</p><p>The broader operating context comes from the town's dog-licence, parks, and wildlife pages. Dog licences must be bought or renewed annually because they expire at the end of the year, and the town says owners without a dog licence may face a fine of up to $600. Outside designated leash-free areas, dogs in town parks must remain leashed, and owners are expected to pick up after them. That makes Rougeview Avenue the town's clearer off-leash destination, while regular park rules still control the rest of the system.</p>",350 Rougeview Avenue,,,Stouffville,Ontario,,Yes,Town says the park is for large and small dogs; separate zones are not clearly confirmed,Unknown,Unknown,Unknown - bring your own water,Unknown,Unknown,Unknown,Unknown,Unknown - verify on arrival,Unknown,Unknown - verify posted hours on arrival,Check posted local conditions and winter pathway cautions,https://www.townofws.ca/live/animal-services/dog-park/,https://www.google.com/maps/search/?api=1&query=350+Rougeview+Avenue+Stouffville+ON,"leash-free, Stouffville, Ontario, municipal dog park","<p>Primary official sources reviewed July 25, 2026: https://www.townofws.ca/live/animal-services/dog-park/, https://www.townofws.ca/live/animal-services/dog-licences/, https://www.townofws.ca/play/parks-and-open-spaces/, https://www.townofws.ca/live/animal-services/, and https://www.townofws.ca/live/animal-services/wildlife/. This record corrects older local copy that pointed Stouffville dog-park users to Memorial Park instead of the official Rougeview Avenue leash-free park.</p>",<p>Stouffville Leash Free Dog Park is the Town of Whitchurch-Stouffville's fenced municipal off-leash site at 350 Rougeview Avenue.</p>,,Sat Jul 25 2026 12:00:00 GMT+0000 (Coordinated Universal Time),"Stouffville Leash Free Dog Park | Stouffville, Ontario","Source-backed guide to Stouffville Leash Free Dog Park at 350 Rougeview Avenue, including the town's fenced off-leash description and current dog-licensing rules."
